section	offset	size	unit	scope	name	demangled
.text	0x00000000	0xB0	t_esp/db_light.cpp	global	SetToolLight__Fi	SetToolLight
.text	0x000000B0	0x224	t_esp/db_light.cpp	global	__10cLightTool	cLightTool::cLightTool
.text	0x000002D4	0x70	t_esp/db_light.cpp	global	_._10cLightTool	cLightTool::~cLightTool
.text	0x00000344	0x7A4	t_esp/db_light.cpp	global	move__10cLightTool	cLightTool::move
.text	0x00000AE8	0xC	t_esp/db_light.cpp	global	dblCk__10cLightToolUl	cLightTool::dblCk
.text	0x00000AF4	0x78	t_esp/db_light.cpp	global	editEnable__10cLightTool	cLightTool::editEnable
.text	0x00000B6C	0x158	t_esp/db_light.cpp	global	updateLit__10cLightTool	cLightTool::updateLit
.text	0x00000CC4	0x158	t_esp/db_light.cpp	local	menu__Fv	menu
.text	0x00000E1C	0x40	t_esp/db_light.cpp	local	edit__Fv	edit
.text	0x00000E5C	0x188	t_esp/db_light.cpp	local	edit_menu__Fv	edit_menu
.text	0x00000FE4	0x2DC	t_esp/db_light.cpp	local	edit_cutsel__Fv	edit_cutsel
.text	0x000012C0	0x364	t_esp/db_light.cpp	local	edit_cutsel_main__Fv	edit_cutsel_main
.text	0x00001624	0x2F0	t_esp/db_light.cpp	local	edit_cutsel_sub__Fv	edit_cutsel_sub
.text	0x00001914	0x8C	t_esp/db_light.cpp	global	lightCopyCut__Fi	lightCopyCut
.text	0x000019A0	0x94	t_esp/db_light.cpp	global	lightPasteCut__Fi	lightPasteCut
.text	0x00001A34	0x84	t_esp/db_light.cpp	global	lightPasteAmbient__Fi	lightPasteAmbient
.text	0x00001AB8	0xA8	t_esp/db_light.cpp	global	lightPasteFog__Fi	lightPasteFog
.text	0x00001B60	0xA8	t_esp/db_light.cpp	global	lightPasteMFog__Fi	lightPasteMFog
.text	0x00001C08	0x8	t_esp/db_light.cpp	global	lightPasteShadow__Fi	lightPasteShadow
.text	0x00001C10	0x8C	t_esp/db_light.cpp	global	lightPasteFocus__Fi	lightPasteFocus
.text	0x00001C9C	0x84	t_esp/db_light.cpp	global	lightPasteBlur__Fi	lightPasteBlur
.text	0x00001D20	0xA8	t_esp/db_light.cpp	global	lightPasteTune__Fi	lightPasteTune
.text	0x00001DC8	0xE8	t_esp/db_light.cpp	global	lightPasteScale__Fi	lightPasteScale
.text	0x00001EB0	0x100	t_esp/db_light.cpp	global	lightPasteCutAll__Fi	lightPasteCutAll
.text	0x00001FB0	0xE0	t_esp/db_light.cpp	global	lightPasteCutAll2__Fi	lightPasteCutAll2
.text	0x00002090	0x58	t_esp/db_light.cpp	global	copyCut__FP9cLightEnv	copyCut
.text	0x000020E8	0x44	t_esp/db_light.cpp	local	edit_light__Fv	edit_light
.text	0x0000212C	0x334	t_esp/db_light.cpp	local	edit_light_select__Fv	edit_light_select
.text	0x00002460	0x5A4	t_esp/db_light.cpp	local	edit_light_select_sub__Fv	edit_light_select_sub
.text	0x00002A04	0x22C	t_esp/db_light.cpp	global	lightCopyWork__FP6cLightT0	lightCopyWork
.text	0x00002C30	0x490	t_esp/db_light.cpp	global	lightCutWork__Fi	lightCutWork
.text	0x000030C0	0x488	t_esp/db_light.cpp	global	lightInsertWork__Fi	lightInsertWork
.text	0x00003548	0x9C	t_esp/db_light.cpp	local	edit_light_no__Fv	edit_light_no
.text	0x000035E4	0x178	t_esp/db_light.cpp	local	edit_light_id__Fv	edit_light_id
.text	0x0000375C	0xD4	t_esp/db_light.cpp	local	edit_light_id_normal__Fv	edit_light_id_normal
.text	0x00003830	0x1F0	t_esp/db_light.cpp	local	edit_light_id_flick__Fv	edit_light_id_flick
.text	0x00003A20	0x294	t_esp/db_light.cpp	local	edit_light_id_wave__Fv	edit_light_id_wave
.text	0x00003CB4	0x334	t_esp/db_light.cpp	local	edit_light_id_round__Fv	edit_light_id_round
.text	0x00003FE8	0x590	t_esp/db_light.cpp	local	edit_light_id_shadow__Fv	edit_light_id_shadow
.text	0x00004578	0x3B0	t_esp/db_light.cpp	local	edit_light_id_path__Fv	edit_light_id_path
.text	0x00004928	0x278	t_esp/db_light.cpp	local	edit_light_id_fade__Fv	edit_light_id_fade
.text	0x00004BA0	0x334	t_esp/db_light.cpp	local	edit_light_id_shine__Fv	edit_light_id_shine
.text	0x00004ED4	0x4	t_esp/db_light.cpp	local	edit_light_id_spotlock__Fv	edit_light_id_spotlock
.text	0x00004ED8	0x3BC	t_esp/db_light.cpp	local	edit_light_eid__Fv	edit_light_eid
.text	0x00005294	0x770	t_esp/db_light.cpp	local	edit_light_parent__Fv	edit_light_parent
.text	0x00005A04	0xC0	t_esp/db_light.cpp	global	posTranslate__FP6cLightUcUl	posTranslate
.text	0x00005AC4	0x2BC	t_esp/db_light.cpp	local	edit_light_pos__Fv	edit_light_pos
.text	0x00005D80	0x390	t_esp/db_light.cpp	local	edit_light_radius__Fv	edit_light_radius
.text	0x00006110	0xB0	t_esp/db_light.cpp	local	edit_light_color__Fv	edit_light_color
.text	0x000061C0	0x1EC	t_esp/db_light.cpp	local	edit_light_intensity__Fv	edit_light_intensity
.text	0x000063AC	0xD4	t_esp/db_light.cpp	local	edit_light_type__Fv	edit_light_type
.text	0x00006480	0xC0	t_esp/db_light.cpp	global	edit_light_type_shadow__Fv	edit_light_type_shadow
.text	0x00006540	0x154	t_esp/db_light.cpp	global	shadow_select_type__Fv	shadow_select_type
.text	0x00006694	0x704	t_esp/db_light.cpp	local	edit_light_type_shadow_fit__Fv	edit_light_type_shadow_fit
.text	0x00006D98	0x704	t_esp/db_light.cpp	local	edit_light_type_shadow_parallel__Fv	edit_light_type_shadow_parallel
.text	0x0000749C	0x418	t_esp/db_light.cpp	local	edit_light_type_shadow_fix__Fv	edit_light_type_shadow_fix
.text	0x000078B4	0x140	t_esp/db_light.cpp	local	edit_light_kind__Fv	edit_light_kind
.text	0x000079F4	0x268	t_esp/db_light.cpp	local	edit_light_attr__Fv	edit_light_attr
.text	0x00007C5C	0x130	t_esp/db_light.cpp	local	edit_light_priority__Fv	edit_light_priority
.text	0x00007D8C	0x174	t_esp/db_light.cpp	global	select_type__Fv	select_type
.text	0x00007F00	0x238	t_esp/db_light.cpp	local	edit_light_type_constant__Fv	edit_light_type_constant
.text	0x00008138	0x1EC	t_esp/db_light.cpp	local	edit_light_type_quad__Fv	edit_light_type_quad
.text	0x00008324	0x4F4	t_esp/db_light.cpp	local	edit_light_type_spotlight__Fv	edit_light_type_spotlight
.text	0x00008818	0x714	t_esp/db_light.cpp	local	edit_light_type_direct__Fv	edit_light_type_direct
.text	0x00008F2C	0x1EC	t_esp/db_light.cpp	local	edit_light_type_localamb__Fv	edit_light_type_localamb
.text	0x00009118	0x40	t_esp/db_light.cpp	global	func_attn__FP6cLightf	func_attn
.text	0x00009158	0x554	t_esp/db_light.cpp	global	draw_light_graph__FP6cLight	draw_light_graph
.text	0x000096AC	0x534	t_esp/db_light.cpp	local	edit_light_type_parallel__Fv	edit_light_type_parallel
.text	0x00009BE0	0x4	t_esp/db_light.cpp	local	edit_light_prop_sub__Fv	edit_light_prop_sub
.text	0x00009BE4	0x48C	t_esp/db_light.cpp	local	edit_ambient__Fv	edit_ambient
.text	0x0000A070	0x64	t_esp/db_light.cpp	local	edit_fog__Fv	edit_fog
.text	0x0000A0D4	0x64	t_esp/db_light.cpp	local	edit_mirror_fog__Fv	edit_mirror_fog
.text	0x0000A138	0x424	t_esp/db_light.cpp	global	edit_fog_common__FP8LightFog	edit_fog_common
.text	0x0000A55C	0x2FC	t_esp/db_light.cpp	local	edit_focus__Fv	edit_focus
.text	0x0000A858	0x2F8	t_esp/db_light.cpp	global	draw_tone_curve__Fv	draw_tone_curve
.text	0x0000AB50	0x6C4	t_esp/db_light.cpp	local	edit_blur__Fv	edit_blur
.text	0x0000B214	0x40C	t_esp/db_light.cpp	local	edit_mipmap__Fv	edit_mipmap
.text	0x0000B620	0x4C0	t_esp/db_light.cpp	local	edit_tune__Fv	edit_tune
.text	0x0000BAE0	0x28C	t_esp/db_light.cpp	local	edit_scale__Fv	edit_scale
.text	0x0000BD6C	0x198	t_esp/db_light.cpp	local	edit_param__Fv	edit_param
.text	0x0000BF04	0x5C8	t_esp/db_light.cpp	local	edit_wind__Fv	edit_wind
.text	0x0000C4CC	0x18C	t_esp/db_light.cpp	local	path__Fv	path
.text	0x0000C658	0xF20	t_esp/db_light.cpp	local	load__Fv	load
.text	0x0000D578	0xE44	t_esp/db_light.cpp	local	save__Fv	save
.text	0x0000E3BC	0x898	t_esp/db_light.cpp	local	option__Fv	option
.text	0x0000EC54	0x1C8	t_esp/db_light.cpp	local	quit__Fv	quit
.text	0x0000EE1C	0x5CC	t_esp/db_light.cpp	global	printEditTable__Fv	printEditTable
.text	0x0000F3E8	0x54	t_esp/db_light.cpp	global	printCursor__10cLightToolii	cLightTool::printCursor
.text	0x0000F43C	0x1E0	t_esp/db_light.cpp	global	DrawTile__FiiiiP7GXColor	DrawTile
.text	0x0000F61C	0x18	t_esp/db_light.cpp	global	clearWork__10cLightTool	cLightTool::clearWork
.text	0x0000F634	0x1C	t_esp/db_light.cpp	global	clearSubMenu__10cLightTool	cLightTool::clearSubMenu
.text	0x0000F650	0x3C	t_esp/db_light.cpp	global	setLogMode__10cLightTooli	cLightTool::setLogMode
.text	0x0000F68C	0x30	t_esp/db_light.cpp	global	__6cDbLit	cDbLit::cDbLit
.text	0x0000F6BC	0xA0	t_esp/db_light.cpp	global	size__6cDbLit	cDbLit::size
.text	0x0000F75C	0x10	t_esp/db_light.cpp	global	getCut__6cDbLitUs	cDbLit::getCut
.text	0x0000F76C	0x8C	t_esp/db_light.cpp	global	LitLoadWork__FP6cDbLiti	LitLoadWork
.text	0x0000F7F8	0x134	t_esp/db_light.cpp	global	LitSaveWork__FP6cDbLiti	LitSaveWork
.text	0x0000F92C	0xA8	t_esp/db_light.cpp	global	fileLoad__6cDbLitPCc	cDbLit::fileLoad
.text	0x0000F9D4	0x138	t_esp/db_light.cpp	global	init__6cDbLitP4cLit	cDbLit::init
.text	0x0000FB0C	0x58	t_esp/db_light.cpp	global	preEventSave__6cDbLit	cDbLit::preEventSave
.text	0x0000FB64	0x90	t_esp/db_light.cpp	global	fileSave__6cDbLitPCc	cDbLit::fileSave
.text	0x0000FBF4	0x1B0	t_esp/db_light.cpp	global	createLit__6cDbLitP4cLit	cDbLit::createLit
.text	0x0000FDA4	0x9A0	t_esp/db_light.cpp	global	editColor__FiiP7GXColor	editColor
.text	0x00010744	0x8C	t_esp/db_light.cpp	global	strFogType__Fi	strFogType
.text	0x000107D0	0x70	t_esp/db_light.cpp	global	fogTypeNext__Fi	fogTypeNext
.text	0x00010840	0x70	t_esp/db_light.cpp	global	fogTypeBack__Fi	fogTypeBack
.text	0x000108B0	0xF0	t_esp/db_light.cpp	global	initLightWork__FP6cLight	initLightWork
.text	0x000109A0	0x84	t_esp/db_light.cpp	global	clear_move_free__Fv	clear_move_free
.text	0x00010A24	0x68	t_esp/db_light.cpp	global	clear_type_free__Fv	clear_type_free
.text	0x00010A8C	0x8C	t_esp/db_light.cpp	global	getCutNo__Fv	getCutNo
.text	0x00010B18	0x184	t_esp/db_light.cpp	global	drawLightInfo_SpotShadow__FP6cLightUl	drawLightInfo_SpotShadow
.text	0x00010C9C	0x17C	t_esp/db_light.cpp	global	drawLightInfo__FP6cLightUl	drawLightInfo
.text	0x00010E18	0x518	t_esp/db_light.cpp	global	pathSelect__FiiUcUci	pathSelect
.text	0x00011330	0x428	t_esp/db_light.cpp	global	pathEdit__FiiUcUci	pathEdit
.text	0x00011758	0x2A0	t_esp/db_light.cpp	global	drawPath__FiiP14cLightPathDataUcUl	drawPath
.text	0x000119F8	0x21C	t_esp/db_light.cpp	global	lightAnalysis__10cLightTool	cLightTool::lightAnalysis
.text	0x00011C14	0x168	t_esp/db_light.cpp	global	__12cLitPathTool	cLitPathTool::cLitPathTool
.text	0x00011D7C	0x28	t_esp/db_light.cpp	global	_._12cLitPathTool	cLitPathTool::~cLitPathTool
.text	0x00011DA4	0xD4	t_esp/db_light.cpp	global	expand__12cLitPathToolP16cLightPathHeader	cLitPathTool::expand
.text	0x00011E78	0xBC	t_esp/db_light.cpp	global	createPath__12cLitPathToolP16cLightPathHeader	cLitPathTool::createPath
.text	0x00011F34	0xBC	t_esp/db_light.cpp	global	countActiveWork__t8cManager1Z6cLight	cManager<cLight>::countActiveWork
.text	0x00011FF0	0x158	t_esp/db_light.cpp	global	create__t8cManager1Z6cLighti	cManager<cLight>::create
.text	0x00012148	0x138	t_esp/db_light.cpp	global	create__t8cManager1Z6cLightiUl	cManager<cLight>::create
.text	0x00012280	0x14	t_esp/db_light.cpp	global	init__t9cVarRange1ZUcRCUcT1	cVarRange<unsigned char>::init
.text	0x00012294	0x34	t_esp/db_light.cpp	global	limitUpper__t8cVarLoop1ZUci	cVarLoop<unsigned char>::limitUpper
.text	0x000122C8	0x34	t_esp/db_light.cpp	global	limitLower__t8cVarLoop1ZUci	cVarLoop<unsigned char>::limitLower
.text	0x000122FC	0x68	t_esp/db_light.cpp	global	__t8cVarLoop1ZUcRCUcN21	cVarLoop<unsigned char>::cVarLoop
.text	0x00012364	0x14	t_esp/db_light.cpp	global	__eq__t9cVarRange1ZUci	cVarRange<unsigned char>::operator==
.text	0x00012378	0x50	t_esp/db_light.cpp	global	__mm__t9cVarRange1ZUci	cVarRange<unsigned char>::operator--
.text	0x000123C8	0x50	t_esp/db_light.cpp	global	__pp__t9cVarRange1ZUci	cVarRange<unsigned char>::operator++
.text	0x00012418	0x8	t_esp/db_light.cpp	global	__opi__t9cVarRange1ZUc	cVarRange<unsigned char>::operator int
.text	0x00012420	0x80	t_esp/db_light.cpp	global	destroyAll__t8cManager1Z6cLight	cManager<cLight>::destroyAll
.text	0x000124A0	0x48	t_esp/db_light.cpp	global	_._5cUnit	cUnit::~cUnit
.text	0x000124E8	0x4	t_esp/db_light.cpp	global	beginEvent__5cUnitUl	cUnit::beginEvent
.text	0x000124EC	0x4	t_esp/db_light.cpp	global	endEvent__5cUnitUl	cUnit::endEvent
.text	0x000124F0	0x4	t_esp/db_light.cpp	global	__dl__5cUnitPvUi	cUnit::operator delete
.text	0x000124F4	0x18	t_esp/db_mod.cpp	global	dbModSetViewFlag	dbModSetViewFlag
.text	0x0001250C	0x168	t_esp/db_mod.cpp	global	init_dbEm__FP5DB_EMii	init_dbEm
.text	0x00012674	0x4	t_esp/db_mod.cpp	global	dbmodFilePath	dbmodFilePath
.text	0x00012678	0x144	t_esp/db_mod.cpp	global	dbModelInit	dbModelInit
.text	0x000127BC	0x100	t_esp/db_mod.cpp	global	dbModelQuit	dbModelQuit
.text	0x000128BC	0x64	t_esp/db_mod.cpp	global	dbmodGetLabel	dbmodGetLabel
.text	0x00012920	0x344	t_esp/db_mod.cpp	global	dbmodGetSet	dbmodGetSet
.text	0x00012C64	0x48	t_esp/db_mod.cpp	global	init__14DB_MODEL_FILES	DB_MODEL_FILES::init
.text	0x00012CAC	0xC8	t_esp/db_mod.cpp	global	set__14DB_MODEL_FILESUcPc	DB_MODEL_FILES::set
.text	0x00012D74	0xE0	t_esp/db_mod.cpp	global	append__14DB_MODEL_FILESPc	DB_MODEL_FILES::append
.text	0x00012E54	0x15C	t_esp/db_mod.cpp	global	read__14DB_MODEL_FILESPPv	DB_MODEL_FILES::read
.text	0x00012FB0	0x98	t_esp/db_mod.cpp	global	set__14DB_MODEL_FILESUcPPv	DB_MODEL_FILES::set
.text	0x00013048	0x84	t_esp/db_mod.cpp	global	append__14DB_MODEL_FILESPv	DB_MODEL_FILES::append
.text	0x000130CC	0x78C	t_esp/db_mod.cpp	global	dbmodGetFilenames	dbmodGetFilenames
.text	0x00013858	0x73C	t_esp/db_mod.cpp	global	dbModel	dbModel
.text	0x00013F94	0x348	t_esp/db_mod.cpp	local	dbmod_no__Fv	dbmod_no
.text	0x000142DC	0x918	t_esp/db_mod.cpp	local	dbmod_model__Fv	dbmod_model
.text	0x00014BF4	0x648	t_esp/db_mod.cpp	global	dbmodDispModelName	dbmodDispModelName
.text	0x0001523C	0x848	t_esp/db_mod.cpp	local	dbmod_motion__Fv	dbmod_motion
.text	0x00015A84	0x11DC	t_esp/db_mod.cpp	local	dbmod_locate__Fv	dbmod_locate
.text	0x00016C60	0x2AC	t_esp/db_mod.cpp	local	dbmod_trans__Fv	dbmod_trans
.text	0x00016F0C	0x1C0	t_esp/db_mod.cpp	local	dbmod_loop__Fv	dbmod_loop
.text	0x000170CC	0x1B0	t_esp/db_mod.cpp	local	dbmod_play__Fv	dbmod_play
.text	0x0001727C	0x1C0	t_esp/db_mod.cpp	local	dbmod_flip__Fv	dbmod_flip
.text	0x0001743C	0x5D8	t_esp/db_mod.cpp	local	dbmod_blend__Fv	dbmod_blend
.text	0x00017A14	0x2C	t_esp/db_mod.cpp	local	dbmod_except__Fv	dbmod_except
.text	0x00017A40	0x4C4	t_esp/db_mod.cpp	local	dbmod_light__Fv	dbmod_light
.text	0x00017F04	0x590	t_esp/db_mod.cpp	local	dbmod_option__Fv	dbmod_option
.text	0x00018494	0x2D4	t_esp/db_mod.cpp	local	dbmod_scale__Fv	dbmod_scale
.text	0x00018768	0x4E0	t_esp/db_mod.cpp	global	drawOrientation	drawOrientation
.text	0x00018C48	0x638	t_esp/db_mod.cpp	local	dbmod_p_info__Fv	dbmod_p_info
.text	0x00019280	0x1C	t_esp/db_mod.cpp	local	dbmod_null__Fv	dbmod_null
.text	0x0001929C	0x334	t_esp/db_mod.cpp	global	dbmodInfoDisp	dbmodInfoDisp
.text	0x000195D0	0x1AC	t_esp/db_mod.cpp	global	dbModMotionSet	dbModMotionSet
.text	0x0001977C	0xA4	t_esp/db_mod.cpp	global	dbModPlayMode	dbModPlayMode
.text	0x00019820	0xA54	t_esp/db_mod.cpp	global	dbModMotionMove	dbModMotionMove
.text	0x0001A274	0x78	t_esp/db_mod.cpp	global	mottblInit	mottblInit
.text	0x0001A2EC	0x64	t_esp/db_mod.cpp	global	mottblGetLine	mottblGetLine
.text	0x0001A350	0x8C	t_esp/db_mod.cpp	global	mottblNextLine	mottblNextLine
.text	0x0001A3DC	0x180	t_esp/db_mod.cpp	global	mottblUnitCount	mottblUnitCount
.text	0x0001A55C	0x1CC	t_esp/db_mod.cpp	global	mottblUnitNum	mottblUnitNum
.text	0x0001A728	0x1BC	t_esp/db_mod.cpp	global	mottblUnitPtr	mottblUnitPtr
.text	0x0001A8E4	0x48	t_esp/db_mod.cpp	global	dbmodSkipPath	dbmodSkipPath
.text	0x0001A92C	0x128	t_esp/db_mod.cpp	global	dbmodSetLight	dbmodSetLight
.text	0x0001AA54	0x130	t_esp/db_mod.cpp	global	setLight__5DB_EM	DB_EM::setLight
.text	0x0001AB84	0xCC	t_esp/db_mod.cpp	global	loadModelSet__5DB_EMP14DB_MODEL_FILEST1	DB_EM::loadModelSet
.text	0x0001AC50	0x1B0	t_esp/db_mod.cpp	global	loadModel__5DB_EM	DB_EM::loadModel
.text	0x0001AE00	0x9C	t_esp/db_mod.cpp	global	model_usage	model_usage
.text	0x0001AE9C	0x15C	t_esp/db_mod.cpp	global	motion_usage	motion_usage
.text	0x0001AFF8	0xDC	t_esp/db_mod.cpp	global	blend_usage	blend_usage
.text	0x0001B0D4	0x2F0	t_esp/db_mod.cpp	global	position_usage	position_usage
.text	0x0001B3C4	0x13C	t_esp/db_mod.cpp	global	rotation_usage	rotation_usage
.text	0x0001B500	0xDC	t_esp/db_mod.cpp	global	scale_usage	scale_usage
.text	0x0001B5DC	0x78	t_esp/db_mod.cpp	global	loadMotionSet__5DB_EMP14DB_MODEL_FILES	DB_EM::loadMotionSet
.text	0x0001B654	0x23C	t_esp/db_mod.cpp	global	loadMotion__5DB_EM	DB_EM::loadMotion
.text	0x0001B890	0xE8	t_esp/db_mod.cpp	global	IKreport__5DB_EM	DB_EM::IKreport
.text	0x0001B978	0xC	t_esp/db_mod.cpp	global	dbModBinName	dbModBinName
.text	0x0001B984	0xC4	t_esp/db_mod.cpp	global	GetSlctSetNo	GetSlctSetNo
.text	0x0001BA48	0xFC	t_esp/db_mod.cpp	global	LoadModelSetName	LoadModelSetName
.text	0x0001BB44	0x88	t_esp/db_mod.cpp	global	SetTransMode	SetTransMode
.text	0x0001BBCC	0x40	t_esp/db_mod.cpp	global	SetLoopFlag	SetLoopFlag
.text	0x0001BC0C	0x40	t_esp/db_mod.cpp	global	SetXFlipFlag	SetXFlipFlag
.text	0x0001BC4C	0x28	t_esp/db_mod.cpp	global	dbModGetEmPtr	dbModGetEmPtr
.text	0x0001BC74	0x64	t_esp/db_mod.cpp	global	setParent__5DB_EMScsP3VecT3	DB_EM::setParent
.text	0x0001BCD8	0x44	t_esp/db_mod.cpp	global	dbModelParentChild	dbModelParentChild
.text	0x0001BD1C	0x110	t_esp/db_mod.cpp	global	dbModelLoad	dbModelLoad
.text	0x0001BE2C	0x2C	t_esp/db_mod.cpp	global	dbModelIsAlive	dbModelIsAlive
.text	0x0001BE58	0x2C	t_esp/db_mod.cpp	global	dbModelSetPos0	dbModelSetPos0
.text	0x0001BE84	0x2C	t_esp/db_mod.cpp	global	dbModelSetAng0	dbModelSetAng0
.text	0x0001BEB0	0x74	t_esp/db_mod.cpp	global	dbModelSetCamera	dbModelSetCamera
.text	0x0001BF24	0x3B8	t_esp/db_mod.cpp	global	fn_t_esp_1BF24	.
.text	0x0001C2DC	0xBC	t_esp/db_mod.cpp	global	countActiveWork__t8cManager1Z3cEm	cManager<cEm>::countActiveWork
.text	0x0001C398	0x158	t_esp/db_mod.cpp	global	create__t8cManager1Z3cEmi	cManager<cEm>::create
.text	0x0001C4F0	0xC4	t_esp/db_mod.cpp	global	__static_initialization_and_destruction_0	__static_initialization_and_destruction_0
.text	0x0001C5B4	0x2C	t_esp/db_mod.cpp	local	global_constructors_keyed_to_dbModSetViewFlag	global constructors keyed to dbModSetViewFlag
.text	0x0001C5E0	0x8C	t_esp/db_port.cpp	global	GetActiveModel	GetActiveModel
.text	0x0001C66C	0x6C	t_esp/db_port.cpp	global	MakeCol	MakeCol
.text	0x0001C6D8	0x18C	t_esp/db_port.cpp	global	DB_DrawBox__Fffffffff	DB_DrawBox
.text	0x0001C864	0x6C	t_esp/db_port.cpp	global	DB_DrawBoxFill__Fffffffff	DB_DrawBoxFill
.text	0x0001C8D0	0x20	t_esp/db_port.cpp	global	DB_DrawString__FffPCcffff	DB_DrawString
.text	0x0001C8F0	0x1EC	t_esp/db_port.cpp	global	DB_GetKeybordData	DB_GetKeybordData
.text	0x0001CADC	0x4	t_esp/db_port.cpp	global	DB_GetMouseData	DB_GetMouseData
.text	0x0001CAE0	0x4C	t_esp/db_port.cpp	global	Sp_char_ck	Sp_char_ck
.text	0x0001CB2C	0x1AC	t_esp/db_port.cpp	global	font_draw	font_draw
.text	0x0001CCD8	0x1FC	t_esp/db_port.cpp	global	EprintfDrawing	EprintfDrawing
.text	0x0001CED4	0xF8	t_esp/db_port.cpp	global	SeqSet	SeqSet
.text	0x0001CFCC	0x4	t_esp/db_port.cpp	global	DB_EventCamLoad	DB_EventCamLoad
.text	0x0001CFD0	0x60	t_esp/db_port.cpp	global	DB_EventCamStart	DB_EventCamStart
.text	0x0001D030	0x70	t_esp/db_port.cpp	global	DB_RoomCamStart	DB_RoomCamStart
.text	0x0001D0A0	0x30	t_esp/db_port.cpp	global	LoadModelInit	LoadModelInit
.text	0x0001D0D0	0x284	t_esp/db_port.cpp	global	LoadModEff	LoadModEff
.text	0x0001D354	0x54	t_esp/db_port.cpp	global	LoadModel	LoadModel
.text	0x0001D3A8	0x44	t_esp/db_port.cpp	global	DB_IsEmLoad	DB_IsEmLoad
.text	0x0001D3EC	0xC	t_esp/db_port.cpp	global	DB_IsWorkPush	DB_IsWorkPush
.text	0x0001D3F8	0xD0	t_esp/db_port.cpp	global	DB_WorkPush	DB_WorkPush
.text	0x0001D4C8	0xE0	t_esp/db_port.cpp	global	DB_WorkPop	DB_WorkPop
.text	0x0001D5A8	0x154	t_esp/db_port.cpp	global	DbModCarSet	DbModCarSet
.text	0x0001D6FC	0x1FC8	t_esp/db_port.cpp	global	EspToolInit__FRbRUcT1	EspToolInit
.text	0x0001F6C4	0x8C	t_esp/db_port.cpp	global	EspToolExitEstSet	EspToolExitEstSet
.text	0x0001F750	0x1A8	t_esp/db_port.cpp	global	EspToolExit	EspToolExit
.text	0x0001F8F8	0x2C	t_esp/db_port.cpp	global	DB_isGetComeEventTool	DB_isGetComeEventTool
.text	0x0001F924	0x44	t_esp/db_port.cpp	global	DB_SetBgColor	DB_SetBgColor
.text	0x0001F968	0x38	t_esp/db_port.cpp	global	DB_DrawGrid	DB_DrawGrid
.text	0x0001F9A0	0x48	t_esp/db_port.cpp	global	DB_DrawMod_sk	DB_DrawMod_sk
.text	0x0001F9E8	0xC	t_esp/db_port.cpp	global	DB_SetFog	DB_SetFog
.text	0x0001F9F4	0xC	t_esp/db_port.cpp	global	DB_SetCinesco	DB_SetCinesco
.text	0x0001FA00	0xC	t_esp/db_port.cpp	global	DB_SetMotionCam	DB_SetMotionCam
.text	0x0001FA0C	0x2C8	t_esp/db_port.cpp	global	EspToolUpdate	EspToolUpdate
.text	0x0001FCD4	0x104	t_esp/db_port.cpp	global	DB_DrawCursor2D	DB_DrawCursor2D
.text	0x0001FDD8	0xB8	t_esp/db_port.cpp	global	DB_GetCursorPos	DB_GetCursorPos
.text	0x0001FE90	0x50	t_esp/db_port.cpp	global	DB_DrawCursor3D	DB_DrawCursor3D
.text	0x0001FEE0	0x1E4	t_esp/db_port.cpp	global	DB_DrawCross3D	DB_DrawCross3D
.text	0x000200C4	0x240	t_esp/db_port.cpp	global	DB_VecNullPartsPos	DB_VecNullPartsPos
.text	0x00020304	0x1DC	t_esp/db_port.cpp	global	DB_VecMulEmPartsMat	DB_VecMulEmPartsMat
.text	0x000204E0	0xA8	t_esp/db_port.cpp	global	SaveData	SaveData
.text	0x00020588	0xB4	t_esp/db_port.cpp	global	LoadData	LoadData
.text	0x0002063C	0x4C	t_esp/db_port.cpp	global	LightToolStart	LightToolStart
.text	0x00020688	0x28	t_esp/db_port.cpp	global	LightToolExec	LightToolExec
.text	0x000206B0	0x34	t_esp/db_port.cpp	global	LightToolEnd	LightToolEnd
.text	0x000206E4	0x60	t_esp/db_port.cpp	global	EspToolCameraMode	EspToolCameraMode
.text	0x00020744	0x10	t_esp/db_port.cpp	global	DB_GetStageNo	DB_GetStageNo
.text	0x00020754	0x10	t_esp/db_port.cpp	global	DB_GetRoomNo	DB_GetRoomNo
.text	0x00020764	0x138	t_esp/db_port.cpp	global	DB_GetCamFrontPos	DB_GetCamFrontPos
.text	0x0002089C	0x20	t_esp/db_port.cpp	global	DB_Sleep	DB_Sleep
.text	0x000208BC	0x390	t_esp/db_port.cpp	global	sp_ctrl01_trans	sp_ctrl01_trans
.text	0x00020C4C	0x50	t_esp/db_port.cpp	global	sp_sphere	sp_sphere
.text	0x00020C9C	0x2C0	t_esp/db_port.cpp	global	sp_3dgrid_trans	sp_3dgrid_trans
.text	0x00020F5C	0x1DC	t_esp/db_port.cpp	global	sp_path_trans	sp_path_trans
.text	0x00021138	0x294	t_esp/db_port.cpp	global	sp_path_trans2	sp_path_trans2
.text	0x000213CC	0x184	t_esp/db_port.cpp	global	sp_nobigenkai_trans	sp_nobigenkai_trans
.text	0x00021550	0x198	t_esp/db_port.cpp	global	sp_PosRand_trans_1a	sp_PosRand_trans_1a
.text	0x000216E8	0x2B8	t_esp/db_port.cpp	global	sp_PosRand_trans	sp_PosRand_trans
.text	0x000219A0	0x504	t_esp/db_port.cpp	global	sp_tex_trans	sp_tex_trans
.text	0x00021EA4	0x20	t_esp/db_port.cpp	global	DB_EffDelete	DB_EffDelete
.text	0x00021EC4	0xD8	t_esp/db_port.cpp	global	DB_DispProc	DB_DispProc
.text	0x00021F9C	0x110	t_esp/db_port.cpp	global	comment_check	comment_check
.text	0x000220AC	0xA0	t_esp/db_port.cpp	global	space_skip	space_skip
.text	0x0002214C	0x70	t_esp/db_port.cpp	global	num_get	num_get
.text	0x000221BC	0x76C	t_esp/db_port.cpp	global	DB_ConfigLoad	DB_ConfigLoad
.text	0x00022928	0x88	t_esp/db_port.cpp	global	symbol_check	symbol_check
.text	0x000229B0	0x4C	t_esp/db_port.cpp	global	CoreEstSet	CoreEstSet
.text	0x000229FC	0x340	t_esp/db_port.cpp	global	drawTexture2	drawTexture2
.text	0x00022D3C	0x3B8	t_esp/db_port.cpp	global	fn_t_esp_22D3C	.
.text	0x000230F4	0x50	t_esp/db_widget.cpp	global	ChkHitRect__7DB_RECTP8DB_POINT	DB_RECT::ChkHitRect
.text	0x00023144	0x1C8	t_esp/db_widget.cpp	global	__12DB_PRIMITIVE	DB_PRIMITIVE::DB_PRIMITIVE
.text	0x0002330C	0x34	t_esp/db_widget.cpp	global	_._12DB_PRIMITIVE	DB_PRIMITIVE::~DB_PRIMITIVE
.text	0x00023340	0x8	t_esp/db_widget.cpp	global	SetOnHitCallback__12DB_PRIMITIVEPFP12DB_PRIMITIVE_v	DB_PRIMITIVE::SetOnHitCallback
.text	0x00023348	0x30	t_esp/db_widget.cpp	global	CallOnHitCallback__12DB_PRIMITIVE	DB_PRIMITIVE::CallOnHitCallback
.text	0x00023378	0x8	t_esp/db_widget.cpp	global	SetUpdateCallback__12DB_PRIMITIVEPFP12DB_PRIMITIVE_v	DB_PRIMITIVE::SetUpdateCallback
.text	0x00023380	0x30	t_esp/db_widget.cpp	global	CallUpdateCallback__12DB_PRIMITIVE	DB_PRIMITIVE::CallUpdateCallback
.text	0x000233B0	0x8	t_esp/db_widget.cpp	global	SetDrawCallback__12DB_PRIMITIVEPFP12DB_PRIMITIVE_v	DB_PRIMITIVE::SetDrawCallback
.text	0x000233B8	0x30	t_esp/db_widget.cpp	global	CallDrawCallback__12DB_PRIMITIVE	DB_PRIMITIVE::CallDrawCallback
.text	0x000233E8	0x58	t_esp/db_widget.cpp	global	SetSize__12DB_PRIMITIVEff	DB_PRIMITIVE::SetSize
.text	0x00023440	0x58	t_esp/db_widget.cpp	global	SetBase__12DB_PRIMITIVEff	DB_PRIMITIVE::SetBase
.text	0x00023498	0x48	t_esp/db_widget.cpp	global	AddChild__12DB_PRIMITIVEP12DB_PRIMITIVE	DB_PRIMITIVE::AddChild
.text	0x000234E0	0x50	t_esp/db_widget.cpp	global	AddBrother__12DB_PRIMITIVEP12DB_PRIMITIVE	DB_PRIMITIVE::AddBrother
.text	0x00023530	0x4	t_esp/db_widget.cpp	global	Update__12DB_PRIMITIVE	DB_PRIMITIVE::Update
.text	0x00023534	0xB4	t_esp/db_widget.cpp	global	DrawRequest__12DB_PRIMITIVE	DB_PRIMITIVE::DrawRequest
.text	0x000235E8	0xAC	t_esp/db_widget.cpp	global	Draw__12DB_PRIMITIVE	DB_PRIMITIVE::Draw
.text	0x00023694	0x130	t_esp/db_widget.cpp	global	ChkClick__12DB_PRIMITIVEP8DB_POINTi	DB_PRIMITIVE::ChkClick
.text	0x000237C4	0xF0	t_esp/db_widget.cpp	global	ChkDoubleClick__12DB_PRIMITIVEP8DB_POINTi	DB_PRIMITIVE::ChkDoubleClick
.text	0x000238B4	0xC4	t_esp/db_widget.cpp	global	ChkMouseUp__12DB_PRIMITIVEP8DB_POINTi	DB_PRIMITIVE::ChkMouseUp
.text	0x00023978	0xE8	t_esp/db_widget.cpp	global	ChkMouseOn__12DB_PRIMITIVEP8DB_POINT	DB_PRIMITIVE::ChkMouseOn
.text	0x00023A60	0x60	t_esp/db_widget.cpp	global	ChkMouseDrag__12DB_PRIMITIVEP8DB_POINTi	DB_PRIMITIVE::ChkMouseDrag
.text	0x00023AC0	0x4	t_esp/db_widget.cpp	global	OnClick__12DB_PRIMITIVEP8DB_POINTi	DB_PRIMITIVE::OnClick
.text	0x00023AC4	0x4	t_esp/db_widget.cpp	global	OnDoubleClick__12DB_PRIMITIVEP8DB_POINTi	DB_PRIMITIVE::OnDoubleClick
.text	0x00023AC8	0x4	t_esp/db_widget.cpp	global	OnMouseUp__12DB_PRIMITIVEP8DB_POINTi	DB_PRIMITIVE::OnMouseUp
.text	0x00023ACC	0x4	t_esp/db_widget.cpp	global	OnMouseDrag__12DB_PRIMITIVEP8DB_POINTi	DB_PRIMITIVE::OnMouseDrag
.text	0x00023AD0	0x4	t_esp/db_widget.cpp	global	OnKeybord__12DB_PRIMITIVEP10DB_KEYBORD	DB_PRIMITIVE::OnKeybord
.text	0x00023AD4	0x4	t_esp/db_widget.cpp	global	OnCalcMsg__12DB_PRIMITIVEi	DB_PRIMITIVE::OnCalcMsg
.text	0x00023AD8	0x4	t_esp/db_widget.cpp	global	OnCalcMsgFloat__12DB_PRIMITIVEf	DB_PRIMITIVE::OnCalcMsgFloat
.text	0x00023ADC	0x78	t_esp/db_widget.cpp	global	__16DB_ACTIVE_SELECT	DB_ACTIVE_SELECT::DB_ACTIVE_SELECT
.text	0x00023B54	0x58	t_esp/db_widget.cpp	global	_._16DB_ACTIVE_SELECT	DB_ACTIVE_SELECT::~DB_ACTIVE_SELECT
.text	0x00023BAC	0x3C	t_esp/db_widget.cpp	global	SetSelX__16DB_ACTIVE_SELECTUl	DB_ACTIVE_SELECT::SetSelX
.text	0x00023BE8	0x40	t_esp/db_widget.cpp	global	SetSelY__16DB_ACTIVE_SELECTUl	DB_ACTIVE_SELECT::SetSelY
.text	0x00023C28	0x15C	t_esp/db_widget.cpp	global	AddPrimitive__16DB_ACTIVE_SELECTP12DB_PRIMITIVEii	DB_ACTIVE_SELECT::AddPrimitive
.text	0x00023D84	0x34	t_esp/db_widget.cpp	global	GetActivePrimitive__16DB_ACTIVE_SELECT	DB_ACTIVE_SELECT::GetActivePrimitive
.text	0x00023DB8	0x84	t_esp/db_widget.cpp	global	SetActivePrimitive__16DB_ACTIVE_SELECTP12DB_PRIMITIVE	DB_ACTIVE_SELECT::SetActivePrimitive
.text	0x00023E3C	0x64	t_esp/db_widget.cpp	global	SetActiveUp__16DB_ACTIVE_SELECT	DB_ACTIVE_SELECT::SetActiveUp
.text	0x00023EA0	0x64	t_esp/db_widget.cpp	global	SetActiveDown__16DB_ACTIVE_SELECT	DB_ACTIVE_SELECT::SetActiveDown
.text	0x00023F04	0x60	t_esp/db_widget.cpp	global	SetActiveLeft__16DB_ACTIVE_SELECT	DB_ACTIVE_SELECT::SetActiveLeft
.text	0x00023F64	0x60	t_esp/db_widget.cpp	global	SetActiveRight__16DB_ACTIVE_SELECT	DB_ACTIVE_SELECT::SetActiveRight
.text	0x00023FC4	0x7C	t_esp/db_widget.cpp	global	SetActiveNext__16DB_ACTIVE_SELECT	DB_ACTIVE_SELECT::SetActiveNext
.text	0x00024040	0x34	t_esp/db_widget.cpp	global	SetActiveDefault__16DB_ACTIVE_SELECT	DB_ACTIVE_SELECT::SetActiveDefault
.text	0x00024074	0x110	t_esp/db_widget.cpp	global	__9DB_WINDOW	DB_WINDOW::DB_WINDOW
.text	0x00024184	0x40	t_esp/db_widget.cpp	global	CallActiveChangeCallback__9DB_WINDOWP12DB_PRIMITIVEP10DB_KEYBORD	DB_WINDOW::CallActiveChangeCallback
.text	0x000241C4	0x8	t_esp/db_widget.cpp	global	SetActiveChangeCallback__9DB_WINDOWPFP9DB_WINDOW_v	DB_WINDOW::SetActiveChangeCallback
.text	0x000241CC	0x8	t_esp/db_widget.cpp	global	SetCloseCallback__9DB_WINDOWPFP9DB_WINDOW_v	DB_WINDOW::SetCloseCallback
.text	0x000241D4	0x4	t_esp/db_widget.cpp	global	OnClick__9DB_WINDOWP8DB_POINTi	DB_WINDOW::OnClick
.text	0x000241D8	0x40	t_esp/db_widget.cpp	global	AddSelectablePrimitive__9DB_WINDOWP12DB_PRIMITIVEii	DB_WINDOW::AddSelectablePrimitive
.text	0x00024218	0x44	t_esp/db_widget.cpp	global	Close__9DB_WINDOW	DB_WINDOW::Close
.text	0x0002425C	0xD0	t_esp/db_widget.cpp	global	Draw__9DB_WINDOW	DB_WINDOW::Draw
.text	0x0002432C	0x38	t_esp/db_widget.cpp	global	OnKeybord__9DB_WINDOWP10DB_KEYBORD	DB_WINDOW::OnKeybord
.text	0x00024364	0x8C	t_esp/db_widget.cpp	global	__15DB_WINDOW_TITLEPCc	DB_WINDOW_TITLE::DB_WINDOW_TITLE
.text	0x000243F0	0xA0	t_esp/db_widget.cpp	global	SetStringColor__15DB_WINDOW_TITLEffff	DB_WINDOW_TITLE::SetStringColor
.text	0x00024490	0x54	t_esp/db_widget.cpp	global	SetString__15DB_WINDOW_TITLEPCc	DB_WINDOW_TITLE::SetString
.text	0x000244E4	0xDC	t_esp/db_widget.cpp	global	Draw__15DB_WINDOW_TITLE	DB_WINDOW_TITLE::Draw
.text	0x000245C0	0x74	t_esp/db_widget.cpp	global	OnMouseDrag__15DB_WINDOW_TITLEP8DB_POINTi	DB_WINDOW_TITLE::OnMouseDrag
.text	0x00024634	0x48	t_esp/db_widget.cpp	global	OnDoubleClick__15DB_WINDOW_TITLEP8DB_POINTi	DB_WINDOW_TITLE::OnDoubleClick
.text	0x0002467C	0xCC	t_esp/db_widget.cpp	global	__15DB_BUTTON_CLOSE	DB_BUTTON_CLOSE::DB_BUTTON_CLOSE
.text	0x00024748	0x4	t_esp/db_widget.cpp	global	Draw__15DB_BUTTON_CLOSE	DB_BUTTON_CLOSE::Draw
.text	0x0002474C	0x48	t_esp/db_widget.cpp	global	OnClick__15DB_BUTTON_CLOSEP8DB_POINTi	DB_BUTTON_CLOSE::OnClick
.text	0x00024794	0xB0	t_esp/db_widget.cpp	global	__9DB_STRINGUlPCc	DB_STRING::DB_STRING
.text	0x00024844	0x54	t_esp/db_widget.cpp	global	_._9DB_STRING	DB_STRING::~DB_STRING
.text	0x00024898	0xA0	t_esp/db_widget.cpp	global	SetColor__9DB_STRINGffff	DB_STRING::SetColor
.text	0x00024938	0xA4	t_esp/db_widget.cpp	global	SetString__9DB_STRINGPCc	DB_STRING::SetString
.text	0x000249DC	0x194	t_esp/db_widget.cpp	global	Draw__9DB_STRING	DB_STRING::Draw
.text	0x00024B70	0x70	t_esp/db_widget.cpp	global	__9DB_BUTTON	DB_BUTTON::DB_BUTTON
.text	0x00024BE0	0x8	t_esp/db_widget.cpp	global	SetCallback__9DB_BUTTONPFP12DB_PRIMITIVE_v	DB_BUTTON::SetCallback
.text	0x00024BE8	0x30	t_esp/db_widget.cpp	global	OnClick__9DB_BUTTONP8DB_POINTi	DB_BUTTON::OnClick
.text	0x00024C18	0x3C	t_esp/db_widget.cpp	global	OnKeybord__9DB_BUTTONP10DB_KEYBORD	DB_BUTTON::OnKeybord
.text	0x00024C54	0xFC	t_esp/db_widget.cpp	global	__10DB_NUMERIC	DB_NUMERIC::DB_NUMERIC
.text	0x00024D50	0x2C	t_esp/db_widget.cpp	global	SetNumFlg__10DB_NUMERICUl	DB_NUMERIC::SetNumFlg
.text	0x00024D7C	0x13C	t_esp/db_widget.cpp	global	GetNumFloat__10DB_NUMERIC	DB_NUMERIC::GetNumFloat
.text	0x00024EB8	0x138	t_esp/db_widget.cpp	global	SetNumFloat__10DB_NUMERICf	DB_NUMERIC::SetNumFloat
.text	0x00024FF0	0x38	t_esp/db_widget.cpp	global	SetDefault__10DB_NUMERICf	DB_NUMERIC::SetDefault
.text	0x00025028	0x14	t_esp/db_widget.cpp	global	SetKeta__10DB_NUMERICUl	DB_NUMERIC::SetKeta
.text	0x0002503C	0x8	t_esp/db_widget.cpp	global	SetKetaFloat__10DB_NUMERICi	DB_NUMERIC::SetKetaFloat
.text	0x00025044	0x30	t_esp/db_widget.cpp	global	SetNumPointer__10DB_NUMERICPSc	DB_NUMERIC::SetNumPointer
.text	0x00025074	0x30	t_esp/db_widget.cpp	global	SetNumPointer__10DB_NUMERICPUc	DB_NUMERIC::SetNumPointer
.text	0x000250A4	0x30	t_esp/db_widget.cpp	global	SetNumPointer__10DB_NUMERICPs	DB_NUMERIC::SetNumPointer
.text	0x000250D4	0x30	t_esp/db_widget.cpp	global	SetNumPointer__10DB_NUMERICPUs	DB_NUMERIC::SetNumPointer
.text	0x00025104	0x30	t_esp/db_widget.cpp	global	SetNumPointer__10DB_NUMERICPl	DB_NUMERIC::SetNumPointer
.text	0x00025134	0x30	t_esp/db_widget.cpp	global	SetNumPointer__10DB_NUMERICPUl	DB_NUMERIC::SetNumPointer
.text	0x00025164	0x38	t_esp/db_widget.cpp	global	SetNumPointer__10DB_NUMERICPf	DB_NUMERIC::SetNumPointer
.text	0x0002519C	0x54	t_esp/db_widget.cpp	global	ClearToDefault__10DB_NUMERIC	DB_NUMERIC::ClearToDefault
.text	0x000251F0	0x34	t_esp/db_widget.cpp	global	OnDoubleClick__10DB_NUMERICP8DB_POINTi	DB_NUMERIC::OnDoubleClick
.text	0x00025224	0x2A4	t_esp/db_widget.cpp	global	SetStringInt__10DB_NUMERIC	DB_NUMERIC::SetStringInt
.text	0x000254C8	0x3B0	t_esp/db_widget.cpp	global	SetStringFloat__10DB_NUMERIC	DB_NUMERIC::SetStringFloat
.text	0x00025878	0x214	t_esp/db_widget.cpp	global	Update__10DB_NUMERIC	DB_NUMERIC::Update
.text	0x00025A8C	0x190	t_esp/db_widget.cpp	global	OnCalcMsg__10DB_NUMERICi	DB_NUMERIC::OnCalcMsg
.text	0x00025C1C	0x5C	t_esp/db_widget.cpp	global	OnCalcMsgFloat__10DB_NUMERICf	DB_NUMERIC::OnCalcMsgFloat
.text	0x00025C78	0x18C	t_esp/db_widget.cpp	global	OnKeybord__10DB_NUMERICP10DB_KEYBORD	DB_NUMERIC::OnKeybord
.text	0x00025E04	0x4C	t_esp/db_widget.cpp	global	__11DB_NUMERIC2	DB_NUMERIC2::DB_NUMERIC2
.text	0x00025E50	0x8	t_esp/db_widget.cpp	global	SetNumPointer2__11DB_NUMERIC2PSc	DB_NUMERIC2::SetNumPointer2
.text	0x00025E58	0x8	t_esp/db_widget.cpp	global	SetNumPointer2__11DB_NUMERIC2PUc	DB_NUMERIC2::SetNumPointer2
.text	0x00025E60	0x8	t_esp/db_widget.cpp	global	SetNumPointer2__11DB_NUMERIC2Ps	DB_NUMERIC2::SetNumPointer2
.text	0x00025E68	0x8	t_esp/db_widget.cpp	global	SetNumPointer2__11DB_NUMERIC2PUs	DB_NUMERIC2::SetNumPointer2
.text	0x00025E70	0x8	t_esp/db_widget.cpp	global	SetNumPointer2__11DB_NUMERIC2Pl	DB_NUMERIC2::SetNumPointer2
.text	0x00025E78	0x8	t_esp/db_widget.cpp	global	SetNumPointer2__11DB_NUMERIC2Pf	DB_NUMERIC2::SetNumPointer2
.text	0x00025E80	0xA8	t_esp/db_widget.cpp	global	SetNumFloat2__11DB_NUMERIC2f	DB_NUMERIC2::SetNumFloat2
.text	0x00025F28	0x13C	t_esp/db_widget.cpp	global	GetNumFloat2__11DB_NUMERIC2	DB_NUMERIC2::GetNumFloat2
.text	0x00026064	0x21C	t_esp/db_widget.cpp	global	OnCalcMsg__11DB_NUMERIC2i	DB_NUMERIC2::OnCalcMsg
.text	0x00026280	0x80	t_esp/db_widget.cpp	global	OnCalcMsgFloat__11DB_NUMERIC2f	DB_NUMERIC2::OnCalcMsgFloat
.text	0x00026300	0xA4	t_esp/db_widget.cpp	global	UpdateHoldNum__11DB_SLIDEBAR	DB_SLIDEBAR::UpdateHoldNum
.text	0x000263A4	0x130	t_esp/db_widget.cpp	global	Update__11DB_SLIDEBAR	DB_SLIDEBAR::Update
.text	0x000264D4	0x74	t_esp/db_widget.cpp	global	OnMouseDrag__11DB_SLIDEBARP8DB_POINTi	DB_SLIDEBAR::OnMouseDrag
.text	0x00026548	0x1D4	t_esp/db_widget.cpp	global	Draw__11DB_SLIDEBAR	DB_SLIDEBAR::Draw
.text	0x0002671C	0x3B8	t_esp/db_widget.cpp	global	fn_t_esp_2671C	.
.text	0x00026AD4	0x44	t_esp/db_widget.cpp	global	_._9DB_WINDOW	DB_WINDOW::~DB_WINDOW
.text	0x00026B18	0x20	t_esp/db_widget.cpp	global	_._15DB_WINDOW_TITLE	DB_WINDOW_TITLE::~DB_WINDOW_TITLE
.text	0x00026B38	0x20	t_esp/db_widget.cpp	global	_._15DB_BUTTON_CLOSE	DB_BUTTON_CLOSE::~DB_BUTTON_CLOSE
.text	0x00026B58	0x20	t_esp/db_widget.cpp	global	_._9DB_BUTTON	DB_BUTTON::~DB_BUTTON
.text	0x00026B78	0x20	t_esp/db_widget.cpp	global	_._10DB_NUMERIC	DB_NUMERIC::~DB_NUMERIC
.text	0x00026B98	0x20	t_esp/db_widget.cpp	global	_._11DB_NUMERIC2	DB_NUMERIC2::~DB_NUMERIC2
.text	0x00026BB8	0x20	t_esp/db_widget.cpp	global	_._11DB_SLIDEBAR	DB_SLIDEBAR::~DB_SLIDEBAR
.text	0x00026BD8	0x9C	t_esp/db_window.cpp	global	__8DB_MOUSE	DB_MOUSE::DB_MOUSE
.text	0x00026C74	0x64	t_esp/db_window.cpp	global	__10DB_KEYBORD	DB_KEYBORD::DB_KEYBORD
.text	0x00026CD8	0x584	t_esp/db_window.cpp	global	Update__10DB_KEYBORD	DB_KEYBORD::Update
.text	0x0002725C	0xD0	t_esp/db_window.cpp	global	ClearAllKey__10DB_KEYBORD	DB_KEYBORD::ClearAllKey
.text	0x0002732C	0x94	t_esp/db_window.cpp	global	__13DB_PRIM_ARRAY	DB_PRIM_ARRAY::DB_PRIM_ARRAY
.text	0x000273C0	0x84	t_esp/db_window.cpp	global	_._13DB_PRIM_ARRAY	DB_PRIM_ARRAY::~DB_PRIM_ARRAY
.text	0x00027444	0xB0	t_esp/db_window.cpp	global	ChkMouseButton__13DB_PRIM_ARRAYP12DB_PRIMITIVEG8DB_MOUSEi	DB_PRIM_ARRAY::ChkMouseButton
.text	0x000274F4	0x54	t_esp/db_window.cpp	global	RegistPrimitive__13DB_PRIM_ARRAYP12DB_PRIMITIVE	DB_PRIM_ARRAY::RegistPrimitive
.text	0x00027548	0x38	t_esp/db_window.cpp	global	DeletePrimitive__13DB_PRIM_ARRAYP12DB_PRIMITIVE	DB_PRIM_ARRAY::DeletePrimitive
.text	0x00027580	0x54	t_esp/db_window.cpp	global	RegistWindow__13DB_PRIM_ARRAYP9DB_WINDOW	DB_PRIM_ARRAY::RegistWindow
.text	0x000275D4	0x98	t_esp/db_window.cpp	global	MakeWindowPrimitive__13DB_PRIM_ARRAY	DB_PRIM_ARRAY::MakeWindowPrimitive
.text	0x0002766C	0x80	t_esp/db_window.cpp	global	MakeWindowTitlePrimitive__13DB_PRIM_ARRAY	DB_PRIM_ARRAY::MakeWindowTitlePrimitive
.text	0x000276EC	0x78	t_esp/db_window.cpp	global	MakeButtonClosePrimitive__13DB_PRIM_ARRAY	DB_PRIM_ARRAY::MakeButtonClosePrimitive
.text	0x00027764	0x84	t_esp/db_window.cpp	global	MakeStringPrimitive__13DB_PRIM_ARRAY	DB_PRIM_ARRAY::MakeStringPrimitive
.text	0x000277E8	0x78	t_esp/db_window.cpp	global	MakeButtonPrimitive__13DB_PRIM_ARRAY	DB_PRIM_ARRAY::MakeButtonPrimitive
.text	0x00027860	0x78	t_esp/db_window.cpp	global	MakeNumericPrimitive__13DB_PRIM_ARRAY	DB_PRIM_ARRAY::MakeNumericPrimitive
.text	0x000278D8	0x78	t_esp/db_window.cpp	global	MakeNumeric2Primitive__13DB_PRIM_ARRAY	DB_PRIM_ARRAY::MakeNumeric2Primitive
.text	0x00027950	0x134	t_esp/db_window.cpp	global	CreateNormalWindow__13DB_PRIM_ARRAYPCcP8DB_POINTPfT3PUl	DB_PRIM_ARRAY::CreateNormalWindow
.text	0x00027A84	0x68	t_esp/db_window.cpp	global	CreateString__13DB_PRIM_ARRAYP12DB_PRIMITIVEPCcP8DB_POINT	DB_PRIM_ARRAY::CreateString
.text	0x00027AEC	0x88	t_esp/db_window.cpp	global	CreateNumeric__13DB_PRIM_ARRAYP9DB_WINDOWPScP8DB_POINTPiiUl	DB_PRIM_ARRAY::CreateNumeric
.text	0x00027B74	0x88	t_esp/db_window.cpp	global	CreateNumeric__13DB_PRIM_ARRAYP9DB_WINDOWPUcP8DB_POINTPiiUl	DB_PRIM_ARRAY::CreateNumeric
.text	0x00027BFC	0x88	t_esp/db_window.cpp	global	CreateNumeric__13DB_PRIM_ARRAYP9DB_WINDOWPUsP8DB_POINTPiiUl	DB_PRIM_ARRAY::CreateNumeric
.text	0x00027C84	0x88	t_esp/db_window.cpp	global	CreateNumeric__13DB_PRIM_ARRAYP9DB_WINDOWPlP8DB_POINTPiiUl	DB_PRIM_ARRAY::CreateNumeric
.text	0x00027D0C	0x88	t_esp/db_window.cpp	global	CreateNumeric__13DB_PRIM_ARRAYP9DB_WINDOWPUlP8DB_POINTPiiUl	DB_PRIM_ARRAY::CreateNumeric
.text	0x00027D94	0x88	t_esp/db_window.cpp	global	CreateNumeric__13DB_PRIM_ARRAYP9DB_WINDOWPfP8DB_POINTPiiUl	DB_PRIM_ARRAY::CreateNumeric
.text	0x00027E1C	0x98	t_esp/db_window.cpp	global	CreateNumeric2__13DB_PRIM_ARRAYP9DB_WINDOWPScT2P8DB_POINTPiiUl	DB_PRIM_ARRAY::CreateNumeric2
.text	0x00027EB4	0x98	t_esp/db_window.cpp	global	CreateNumeric2__13DB_PRIM_ARRAYP9DB_WINDOWPUcT2P8DB_POINTPiiUl	DB_PRIM_ARRAY::CreateNumeric2
.text	0x00027F4C	0x98	t_esp/db_window.cpp	global	CreateNumeric2__13DB_PRIM_ARRAYP9DB_WINDOWPsT2P8DB_POINTPiiUl	DB_PRIM_ARRAY::CreateNumeric2
.text	0x00027FE4	0x98	t_esp/db_window.cpp	global	CreateNumeric2__13DB_PRIM_ARRAYP9DB_WINDOWPUsT2P8DB_POINTPiiUl	DB_PRIM_ARRAY::CreateNumeric2
.text	0x0002807C	0x98	t_esp/db_window.cpp	global	CreateNumeric2__13DB_PRIM_ARRAYP9DB_WINDOWPlT2P8DB_POINTPiiUl	DB_PRIM_ARRAY::CreateNumeric2
.text	0x00028114	0x98	t_esp/db_window.cpp	global	CreateNumeric2__13DB_PRIM_ARRAYP9DB_WINDOWPfT2P8DB_POINTPiiUl	DB_PRIM_ARRAY::CreateNumeric2
.text	0x000281AC	0x88	t_esp/db_window.cpp	global	CreateButton__13DB_PRIM_ARRAYP9DB_WINDOWPCcP8DB_POINTPFP12DB_PRIMITIVE_vPii	DB_PRIM_ARRAY::CreateButton
.text	0x00028234	0x64	t_esp/db_window.cpp	global	BringWindow__13DB_PRIM_ARRAYP9DB_WINDOW	DB_PRIM_ARRAY::BringWindow
.text	0x00028298	0x50	t_esp/db_window.cpp	global	PullPrimitivePtr__13DB_PRIM_ARRAY	DB_PRIM_ARRAY::PullPrimitivePtr
.text	0x000282E8	0x50	t_esp/db_window.cpp	global	PullWindowPtr__13DB_PRIM_ARRAY	DB_PRIM_ARRAY::PullWindowPtr
.text	0x00028338	0x40	t_esp/db_window.cpp	global	ClearAllActive__13DB_PRIM_ARRAY	DB_PRIM_ARRAY::ClearAllActive
.text	0x00028378	0x208	t_esp/db_window.cpp	global	ButtonUpdate__13DB_PRIM_ARRAYP8DB_MOUSE	DB_PRIM_ARRAY::ButtonUpdate
.text	0x00028580	0xC0	t_esp/db_window.cpp	global	SelectUpdate__13DB_PRIM_ARRAYP8DB_MOUSE	DB_PRIM_ARRAY::SelectUpdate
.text	0x00028640	0x180	t_esp/db_window.cpp	global	ActivePrimitiveUpdate__13DB_PRIM_ARRAY	DB_PRIM_ARRAY::ActivePrimitiveUpdate
.text	0x000287C0	0x1AC	t_esp/db_window.cpp	global	ActiveChangeKeybordNormal__13DB_PRIM_ARRAYP10DB_KEYBORD	DB_PRIM_ARRAY::ActiveChangeKeybordNormal
.text	0x0002896C	0x414	t_esp/db_window.cpp	global	ActiveChangeKeybordMiniWin__13DB_PRIM_ARRAYP10DB_KEYBORD	DB_PRIM_ARRAY::ActiveChangeKeybordMiniWin
.text	0x00028D80	0xAC	t_esp/db_window.cpp	global	ActiveChangeKeybord__13DB_PRIM_ARRAYP10DB_KEYBORD	DB_PRIM_ARRAY::ActiveChangeKeybord
.text	0x00028E2C	0x124	t_esp/db_window.cpp	global	Update__13DB_PRIM_ARRAYP8DB_MOUSEP10DB_KEYBORD	DB_PRIM_ARRAY::Update
.text	0x00028F50	0x58	t_esp/db_window.cpp	global	Draw__13DB_PRIM_ARRAY	DB_PRIM_ARRAY::Draw
.text	0x00028FA8	0x3B8	t_esp/db_window.cpp	global	fn_t_esp_28FA8	.
.text	0x00029360	0x24	t_esp/t_esp.cpp	global	__builtin_new	__builtin_new
.text	0x00029384	0x24	t_esp/t_esp.cpp	global	__builtin_vec_new	__builtin_vec_new
.text	0x000293A8	0x20	t_esp/t_esp.cpp	global	__builtin_delete	__builtin_delete
.text	0x000293C8	0x20	t_esp/t_esp.cpp	global	__builtin_vec_delete	__builtin_vec_delete
.text	0x000293E8	0x40	t_esp/t_esp.cpp	local	MenuEditCallback__15t_esp_namespaceP12DB_PRIMITIVE	t_esp_namespace::MenuEditCallback
.text	0x00029428	0x10	t_esp/t_esp.cpp	local	MenuModelCallback__15t_esp_namespaceP12DB_PRIMITIVE	t_esp_namespace::MenuModelCallback
.text	0x00029438	0x60	t_esp/t_esp.cpp	local	MenuLoadCallback__15t_esp_namespaceP12DB_PRIMITIVE	t_esp_namespace::MenuLoadCallback
.text	0x00029498	0x60	t_esp/t_esp.cpp	local	MenuSaveCallback__15t_esp_namespaceP12DB_PRIMITIVE	t_esp_namespace::MenuSaveCallback
.text	0x000294F8	0x40	t_esp/t_esp.cpp	local	MenuOptionCallback__15t_esp_namespaceP12DB_PRIMITIVE	t_esp_namespace::MenuOptionCallback
.text	0x00029538	0x10	t_esp/t_esp.cpp	local	MenuLightCallback__15t_esp_namespaceP12DB_PRIMITIVE	t_esp_namespace::MenuLightCallback
.text	0x00029548	0x40	t_esp/t_esp.cpp	local	MenuDataSetCallback__15t_esp_namespaceP12DB_PRIMITIVE	t_esp_namespace::MenuDataSetCallback
.text	0x00029588	0x6C	t_esp/t_esp.cpp	local	MenuExitCallback__15t_esp_namespaceP12DB_PRIMITIVE	t_esp_namespace::MenuExitCallback
.text	0x000295F4	0x64	t_esp/t_esp.cpp	local	MenuUpdateCallback__15t_esp_namespaceP12DB_PRIMITIVE	t_esp_namespace::MenuUpdateCallback
.text	0x00029658	0x10	t_esp/t_esp.cpp	local	ExitOkCallback__15t_esp_namespaceP12DB_PRIMITIVE	t_esp_namespace::ExitOkCallback
.text	0x00029668	0x40	t_esp/t_esp.cpp	local	ExitCancelCallback__15t_esp_namespaceP12DB_PRIMITIVE	t_esp_namespace::ExitCancelCallback
.text	0x000296A8	0x18	t_esp/t_esp.cpp	local	ExitClose_callback__15t_esp_namespaceP9DB_WINDOW	t_esp_namespace::ExitClose_callback
.text	0x000296C0	0x100	t_esp/t_esp.cpp	global	EditActiveNextWindow__15t_esp_namespaceP9DB_WINDOW	t_esp_namespace::EditActiveNextWindow
.text	0x000297C0	0xF4	t_esp/t_esp.cpp	global	EditActivePrevWindow__15t_esp_namespaceP9DB_WINDOW	t_esp_namespace::EditActivePrevWindow
.text	0x000298B4	0x4BC	t_esp/t_esp.cpp	local	EditActiveChange_callback__15t_esp_namespaceP9DB_WINDOWP12DB_PRIMITIVEP10DB_KEYBORD	t_esp_namespace::EditActiveChange_callback
.text	0x00029D70	0x80	t_esp/t_esp.cpp	global	OpenEditWindow__15t_esp_namespacePQ215t_esp_namespace11TOOL_WINDOW	t_esp_namespace::OpenEditWindow
.text	0x00029DF0	0x2C	t_esp/t_esp.cpp	local	EditPageNextCallback__15t_esp_namespaceP12DB_PRIMITIVE	t_esp_namespace::EditPageNextCallback
.text	0x00029E1C	0x2C	t_esp/t_esp.cpp	local	EditPagePrevCallback__15t_esp_namespaceP12DB_PRIMITIVE	t_esp_namespace::EditPagePrevCallback
.text	0x00029E48	0xAC	t_esp/t_esp.cpp	local	OnNo_Callback__15t_esp_namespaceP12DB_PRIMITIVE	t_esp_namespace::OnNo_Callback
.text	0x00029EF4	0x28	t_esp/t_esp.cpp	local	OnTime_Callback__15t_esp_namespaceP12DB_PRIMITIVE	t_esp_namespace::OnTime_Callback
.text	0x00029F1C	0x28	t_esp/t_esp.cpp	local	OnId_Callback__15t_esp_namespaceP12DB_PRIMITIVE	t_esp_namespace::OnId_Callback
.text	0x00029F44	0x54	t_esp/t_esp.cpp	local	OnParent_Callback__15t_esp_namespaceP12DB_PRIMITIVE	t_esp_namespace::OnParent_Callback
.text	0x00029F98	0x28	t_esp/t_esp.cpp	local	OnPos_Callback__15t_esp_namespaceP12DB_PRIMITIVE	t_esp_namespace::OnPos_Callback
.text	0x00029FC0	0x28	t_esp/t_esp.cpp	local	OnSize_Callback__15t_esp_namespaceP12DB_PRIMITIVE	t_esp_namespace::OnSize_Callback
.text	0x00029FE8	0x28	t_esp/t_esp.cpp	local	OnSpeed_Callback__15t_esp_namespaceP12DB_PRIMITIVE	t_esp_namespace::OnSpeed_Callback
.text	0x0002A010	0x18	t_esp/t_esp.cpp	local	EditClose_callback__15t_esp_namespaceP9DB_WINDOW	t_esp_namespace::EditClose_callback
.text	0x0002A028	0x28	t_esp/t_esp.cpp	local	OnColor_Callback__15t_esp_namespaceP12DB_PRIMITIVE	t_esp_namespace::OnColor_Callback
.text	0x0002A050	0x28	t_esp/t_esp.cpp	local	OnBlend_Callback__15t_esp_namespaceP12DB_PRIMITIVE	t_esp_namespace::OnBlend_Callback
.text	0x0002A078	0x28	t_esp/t_esp.cpp	local	OnToolFlg_Callback__15t_esp_namespaceP12DB_PRIMITIVE	t_esp_namespace::OnToolFlg_Callback
.text	0x0002A0A0	0x28	t_esp/t_esp.cpp	local	OnLifeMax_Callback__15t_esp_namespaceP12DB_PRIMITIVE	t_esp_namespace::OnLifeMax_Callback
.text	0x0002A0C8	0x28	t_esp/t_esp.cpp	local	OnReleaseTime_Callback__15t_esp_namespaceP12DB_PRIMITIVE	t_esp_namespace::OnReleaseTime_Callback
.text	0x0002A0F0	0x28	t_esp/t_esp.cpp	local	OnAnmRate_Callback__15t_esp_namespaceP12DB_PRIMITIVE	t_esp_namespace::OnAnmRate_Callback
.text	0x0002A118	0x28	t_esp/t_esp.cpp	local	OnAng_Callback__15t_esp_namespaceP12DB_PRIMITIVE	t_esp_namespace::OnAng_Callback
.text	0x0002A140	0x28	t_esp/t_esp.cpp	local	OnVec0_Callback__15t_esp_namespaceP12DB_PRIMITIVE	t_esp_namespace::OnVec0_Callback
.text	0x0002A168	0x28	t_esp/t_esp.cpp	local	OnVec1_Callback__15t_esp_namespaceP12DB_PRIMITIVE	t_esp_namespace::OnVec1_Callback
.text	0x0002A190	0x28	t_esp/t_esp.cpp	local	OnVec2_Callback__15t_esp_namespaceP12DB_PRIMITIVE	t_esp_namespace::OnVec2_Callback
.text	0x0002A1B8	0x28	t_esp/t_esp.cpp	local	OnWork0_Callback__15t_esp_namespaceP12DB_PRIMITIVE	t_esp_namespace::OnWork0_Callback
.text	0x0002A1E0	0x28	t_esp/t_esp.cpp	local	OnWork1_Callback__15t_esp_namespaceP12DB_PRIMITIVE	t_esp_namespace::OnWork1_Callback
.text	0x0002A208	0x28	t_esp/t_esp.cpp	local	OnWork2_Callback__15t_esp_namespaceP12DB_PRIMITIVE	t_esp_namespace::OnWork2_Callback
.text	0x0002A230	0x28	t_esp/t_esp.cpp	local	OnWork3_Callback__15t_esp_namespaceP12DB_PRIMITIVE	t_esp_namespace::OnWork3_Callback
.text	0x0002A258	0x28	t_esp/t_esp.cpp	local	OnWork4_Callback__15t_esp_namespaceP12DB_PRIMITIVE	t_esp_namespace::OnWork4_Callback
.text	0x0002A280	0x28	t_esp/t_esp.cpp	local	OnWork5_Callback__15t_esp_namespaceP12DB_PRIMITIVE	t_esp_namespace::OnWork5_Callback
.text	0x0002A2A8	0x28	t_esp/t_esp.cpp	local	OnWork6_Callback__15t_esp_namespaceP12DB_PRIMITIVE	t_esp_namespace::OnWork6_Callback
.text	0x0002A2D0	0x28	t_esp/t_esp.cpp	local	OnWorkSp0_Callback__15t_esp_namespaceP12DB_PRIMITIVE	t_esp_namespace::OnWorkSp0_Callback
.text	0x0002A2F8	0x28	t_esp/t_esp.cpp	local	OnWorkSp1_Callback__15t_esp_namespaceP12DB_PRIMITIVE	t_esp_namespace::OnWorkSp1_Callback
.text	0x0002A320	0x28	t_esp/t_esp.cpp	local	OnWorkSp2_Callback__15t_esp_namespaceP12DB_PRIMITIVE	t_esp_namespace::OnWorkSp2_Callback
.text	0x0002A348	0x28	t_esp/t_esp.cpp	local	OnWorkSp3_Callback__15t_esp_namespaceP12DB_PRIMITIVE	t_esp_namespace::OnWorkSp3_Callback
.text	0x0002A370	0xBC	t_esp/t_esp.cpp	local	ModelNameUpdateCallback__15t_esp_namespaceP12DB_PRIMITIVE	t_esp_namespace::ModelNameUpdateCallback
.text	0x0002A42C	0xC8	t_esp/t_esp.cpp	local	ModelTypeUpdateCallback__15t_esp_namespaceP12DB_PRIMITIVE	t_esp_namespace::ModelTypeUpdateCallback
.text	0x0002A4F4	0x34	t_esp/t_esp.cpp	local	ModelLoadCallback__15t_esp_namespaceP12DB_PRIMITIVE	t_esp_namespace::ModelLoadCallback
.text	0x0002A528	0x18	t_esp/t_esp.cpp	local	ModelClose_callback__15t_esp_namespaceP9DB_WINDOW	t_esp_namespace::ModelClose_callback
.text	0x0002A540	0x14	t_esp/t_esp.cpp	global	GetSelectFileMenu__15t_esp_namespacePQ215t_esp_namespace11TOOL_WINDOW	t_esp_namespace::GetSelectFileMenu
.text	0x0002A554	0x5C	t_esp/t_esp.cpp	local	LoadLoadEmCallback__15t_esp_namespaceP12DB_PRIMITIVE	t_esp_namespace::LoadLoadEmCallback
.text	0x0002A5B0	0x5C	t_esp/t_esp.cpp	local	LoadLoadRoomCallback__15t_esp_namespaceP12DB_PRIMITIVE	t_esp_namespace::LoadLoadRoomCallback
.text	0x0002A60C	0x5C	t_esp/t_esp.cpp	local	LoadLoadSstCallback__15t_esp_namespaceP12DB_PRIMITIVE	t_esp_namespace::LoadLoadSstCallback
.text	0x0002A668	0x5C	t_esp/t_esp.cpp	local	LoadLoadEventCallback__15t_esp_namespaceP12DB_PRIMITIVE	t_esp_namespace::LoadLoadEventCallback
.text	0x0002A6C4	0x144	t_esp/t_esp.cpp	local	SetDirCallback__15t_esp_namespaceP12DB_PRIMITIVE	t_esp_namespace::SetDirCallback
.text	0x0002A808	0x30	t_esp/t_esp.cpp	local	LoadClose_callback__15t_esp_namespaceP9DB_WINDOW	t_esp_namespace::LoadClose_callback
.text	0x0002A838	0x70	t_esp/t_esp.cpp	local	LoadLoadCallback__15t_esp_namespaceP12DB_PRIMITIVE	t_esp_namespace::LoadLoadCallback
.text	0x0002A8A8	0x18	t_esp/t_esp.cpp	local	LoadNowClose_callback__15t_esp_namespaceP9DB_WINDOW	t_esp_namespace::LoadNowClose_callback
.text	0x0002A8C0	0x134	t_esp/t_esp.cpp	local	LoadEmNameUpdateCallback__15t_esp_namespaceP12DB_PRIMITIVE	t_esp_namespace::LoadEmNameUpdateCallback
.text	0x0002A9F4	0x248	t_esp/t_esp.cpp	local	LoadEmTypeUpdateCallback__15t_esp_namespaceP12DB_PRIMITIVE	t_esp_namespace::LoadEmTypeUpdateCallback
.text	0x0002AC3C	0x12C	t_esp/t_esp.cpp	local	LoadRoomNameUpdateCallback__15t_esp_namespaceP12DB_PRIMITIVE	t_esp_namespace::LoadRoomNameUpdateCallback
.text	0x0002AD68	0x12C	t_esp/t_esp.cpp	local	LoadSstNameUpdateCallback__15t_esp_namespaceP12DB_PRIMITIVE	t_esp_namespace::LoadSstNameUpdateCallback
.text	0x0002AE94	0x13C	t_esp/t_esp.cpp	local	LoadEventNameUpdateCallback__15t_esp_namespaceP12DB_PRIMITIVE	t_esp_namespace::LoadEventNameUpdateCallback
.text	0x0002AFD0	0x84	t_esp/t_esp.cpp	local	LoadCheckNameUpdateCallback__15t_esp_namespaceP12DB_PRIMITIVE	t_esp_namespace::LoadCheckNameUpdateCallback
.text	0x0002B054	0x80	t_esp/t_esp.cpp	local	LoadCheckOkCallback__15t_esp_namespaceP12DB_PRIMITIVE	t_esp_namespace::LoadCheckOkCallback
.text	0x0002B0D4	0x40	t_esp/t_esp.cpp	local	LoadCheckCancelCallback__15t_esp_namespaceP12DB_PRIMITIVE	t_esp_namespace::LoadCheckCancelCallback
.text	0x0002B114	0x18	t_esp/t_esp.cpp	local	LoadCheckClose_callback__15t_esp_namespaceP9DB_WINDOW	t_esp_namespace::LoadCheckClose_callback
.text	0x0002B12C	0x5C	t_esp/t_esp.cpp	local	SaveSaveEmCallback__15t_esp_namespaceP12DB_PRIMITIVE	t_esp_namespace::SaveSaveEmCallback
.text	0x0002B188	0x5C	t_esp/t_esp.cpp	local	SaveSaveRoomCallback__15t_esp_namespaceP12DB_PRIMITIVE	t_esp_namespace::SaveSaveRoomCallback
.text	0x0002B1E4	0x5C	t_esp/t_esp.cpp	local	SaveSaveSstCallback__15t_esp_namespaceP12DB_PRIMITIVE	t_esp_namespace::SaveSaveSstCallback
.text	0x0002B240	0x5C	t_esp/t_esp.cpp	local	SaveSaveEventCallback__15t_esp_namespaceP12DB_PRIMITIVE	t_esp_namespace::SaveSaveEventCallback
.text	0x0002B29C	0x30	t_esp/t_esp.cpp	local	SaveClose_callback__15t_esp_namespaceP9DB_WINDOW	t_esp_namespace::SaveClose_callback
.text	0x0002B2CC	0x70	t_esp/t_esp.cpp	local	SaveSaveCallback__15t_esp_namespaceP12DB_PRIMITIVE	t_esp_namespace::SaveSaveCallback
.text	0x0002B33C	0x18	t_esp/t_esp.cpp	local	SaveNowClose_callback__15t_esp_namespaceP9DB_WINDOW	t_esp_namespace::SaveNowClose_callback
.text	0x0002B354	0x110	t_esp/t_esp.cpp	local	SaveEmNameUpdateCallback__15t_esp_namespaceP12DB_PRIMITIVE	t_esp_namespace::SaveEmNameUpdateCallback
.text	0x0002B464	0x254	t_esp/t_esp.cpp	local	SaveEmTypeUpdateCallback__15t_esp_namespaceP12DB_PRIMITIVE	t_esp_namespace::SaveEmTypeUpdateCallback
.text	0x0002B6B8	0xCC	t_esp/t_esp.cpp	local	SaveEmFileNoUpdateCallback__15t_esp_namespaceP12DB_PRIMITIVE	t_esp_namespace::SaveEmFileNoUpdateCallback
.text	0x0002B784	0x108	t_esp/t_esp.cpp	local	SaveRoomNameUpdateCallback__15t_esp_namespaceP12DB_PRIMITIVE	t_esp_namespace::SaveRoomNameUpdateCallback
.text	0x0002B88C	0xCC	t_esp/t_esp.cpp	local	SaveRoomFileNoUpdateCallback__15t_esp_namespaceP12DB_PRIMITIVE	t_esp_namespace::SaveRoomFileNoUpdateCallback
.text	0x0002B958	0x108	t_esp/t_esp.cpp	local	SaveSstNameUpdateCallback__15t_esp_namespaceP12DB_PRIMITIVE	t_esp_namespace::SaveSstNameUpdateCallback
.text	0x0002BA60	0xCC	t_esp/t_esp.cpp	local	SaveSstFileNoUpdateCallback__15t_esp_namespaceP12DB_PRIMITIVE	t_esp_namespace::SaveSstFileNoUpdateCallback
.text	0x0002BB2C	0x118	t_esp/t_esp.cpp	local	SaveEventNameUpdateCallback__15t_esp_namespaceP12DB_PRIMITIVE	t_esp_namespace::SaveEventNameUpdateCallback
.text	0x0002BC44	0xCC	t_esp/t_esp.cpp	local	SaveEventFileNoUpdateCallback__15t_esp_namespaceP12DB_PRIMITIVE	t_esp_namespace::SaveEventFileNoUpdateCallback
.text	0x0002BD10	0xCC	t_esp/t_esp.cpp	local	SaveEventSNoUpdateCallback__15t_esp_namespaceP12DB_PRIMITIVE	t_esp_namespace::SaveEventSNoUpdateCallback
.text	0x0002BDDC	0x84	t_esp/t_esp.cpp	local	SaveCheckNameUpdateCallback__15t_esp_namespaceP12DB_PRIMITIVE	t_esp_namespace::SaveCheckNameUpdateCallback
.text	0x0002BE60	0x7C	t_esp/t_esp.cpp	local	SaveCheckOkCallback__15t_esp_namespaceP12DB_PRIMITIVE	t_esp_namespace::SaveCheckOkCallback
.text	0x0002BEDC	0x40	t_esp/t_esp.cpp	local	SaveCheckCancelCallback__15t_esp_namespaceP12DB_PRIMITIVE	t_esp_namespace::SaveCheckCancelCallback
.text	0x0002BF1C	0x18	t_esp/t_esp.cpp	local	SaveCheckClose_callback__15t_esp_namespaceP9DB_WINDOW	t_esp_namespace::SaveCheckClose_callback
.text	0x0002BF34	0x48	t_esp/t_esp.cpp	local	OptionGridUpdateCallback__15t_esp_namespaceP12DB_PRIMITIVE	t_esp_namespace::OptionGridUpdateCallback
.text	0x0002BF7C	0x28	t_esp/t_esp.cpp	local	OptionGridHitCallback__15t_esp_namespaceP12DB_PRIMITIVE	t_esp_namespace::OptionGridHitCallback
.text	0x0002BFA4	0x48	t_esp/t_esp.cpp	local	OptionWorkUpdateCallback__15t_esp_namespaceP12DB_PRIMITIVE	t_esp_namespace::OptionWorkUpdateCallback
.text	0x0002BFEC	0x28	t_esp/t_esp.cpp	local	OptionWorkHitCallback__15t_esp_namespaceP12DB_PRIMITIVE	t_esp_namespace::OptionWorkHitCallback
.text	0x0002C014	0x48	t_esp/t_esp.cpp	local	OptionWorkEmUpdateCallback__15t_esp_namespaceP12DB_PRIMITIVE	t_esp_namespace::OptionWorkEmUpdateCallback
.text	0x0002C05C	0x28	t_esp/t_esp.cpp	local	OptionWorkEmHitCallback__15t_esp_namespaceP12DB_PRIMITIVE	t_esp_namespace::OptionWorkEmHitCallback
.text	0x0002C084	0x48	t_esp/t_esp.cpp	local	OptionMod_skUpdateCallback__15t_esp_namespaceP12DB_PRIMITIVE	t_esp_namespace::OptionMod_skUpdateCallback
.text	0x0002C0CC	0x28	t_esp/t_esp.cpp	local	OptionMod_skHitCallback__15t_esp_namespaceP12DB_PRIMITIVE	t_esp_namespace::OptionMod_skHitCallback
.text	0x0002C0F4	0x48	t_esp/t_esp.cpp	local	OptionFogUpdateCallback__15t_esp_namespaceP12DB_PRIMITIVE	t_esp_namespace::OptionFogUpdateCallback
.text	0x0002C13C	0x48	t_esp/t_esp.cpp	local	OptionFogHitCallback__15t_esp_namespaceP12DB_PRIMITIVE	t_esp_namespace::OptionFogHitCallback
.text	0x0002C184	0x48	t_esp/t_esp.cpp	local	OptionEvCamUpdateCallback__15t_esp_namespaceP12DB_PRIMITIVE	t_esp_namespace::OptionEvCamUpdateCallback
.text	0x0002C1CC	0x28	t_esp/t_esp.cpp	local	OptionEvCamHitCallback__15t_esp_namespaceP12DB_PRIMITIVE	t_esp_namespace::OptionEvCamHitCallback
.text	0x0002C1F4	0x48	t_esp/t_esp.cpp	local	OptionCinescoUpdateCallback__15t_esp_namespaceP12DB_PRIMITIVE	t_esp_namespace::OptionCinescoUpdateCallback
.text	0x0002C23C	0x48	t_esp/t_esp.cpp	local	OptionCinescoHitCallback__15t_esp_namespaceP12DB_PRIMITIVE	t_esp_namespace::OptionCinescoHitCallback
.text	0x0002C284	0x48	t_esp/t_esp.cpp	local	OptionMotionCamUpdateCallback__15t_esp_namespaceP12DB_PRIMITIVE	t_esp_namespace::OptionMotionCamUpdateCallback
.text	0x0002C2CC	0x48	t_esp/t_esp.cpp	local	OptionMotionCamHitCallback__15t_esp_namespaceP12DB_PRIMITIVE	t_esp_namespace::OptionMotionCamHitCallback
.text	0x0002C314	0x18	t_esp/t_esp.cpp	local	OptionClose_callback__15t_esp_namespaceP9DB_WINDOW	t_esp_namespace::OptionClose_callback
.text	0x0002C32C	0x58	t_esp/t_esp.cpp	local	DataSetLoadCallback__15t_esp_namespaceP12DB_PRIMITIVE	t_esp_namespace::DataSetLoadCallback
.text	0x0002C384	0x18	t_esp/t_esp.cpp	local	DataSetClose_callback__15t_esp_namespaceP9DB_WINDOW	t_esp_namespace::DataSetClose_callback
.text	0x0002C39C	0x18	t_esp/t_esp.cpp	local	ControlClose_callback__15t_esp_namespaceP9DB_WINDOW	t_esp_namespace::ControlClose_callback
.text	0x0002C3B4	0x74	t_esp/t_esp.cpp	local	IdEspgenIdCallback__15t_esp_namespaceP12DB_PRIMITIVE	t_esp_namespace::IdEspgenIdCallback
.text	0x0002C428	0x94	t_esp/t_esp.cpp	local	IdEspgenLifeCallback__15t_esp_namespaceP12DB_PRIMITIVE	t_esp_namespace::IdEspgenLifeCallback
.text	0x0002C4BC	0x8C	t_esp/t_esp.cpp	local	IdEspgenInterCallback__15t_esp_namespaceP12DB_PRIMITIVE	t_esp_namespace::IdEspgenInterCallback
.text	0x0002C548	0x8C	t_esp/t_esp.cpp	local	IdEspgenNumCallback__15t_esp_namespaceP12DB_PRIMITIVE	t_esp_namespace::IdEspgenNumCallback
.text	0x0002C5D4	0x8C	t_esp/t_esp.cpp	local	IdEspgenFlgCallback__15t_esp_namespaceP12DB_PRIMITIVE	t_esp_namespace::IdEspgenFlgCallback
.text	0x0002C660	0x98	t_esp/t_esp.cpp	local	IdEspgenD_Callback__15t_esp_namespaceP12DB_PRIMITIVE	t_esp_namespace::IdEspgenD_Callback
.text	0x0002C6F8	0x98	t_esp/t_esp.cpp	local	IdEspgenInt_Callback__15t_esp_namespaceP12DB_PRIMITIVE	t_esp_namespace::IdEspgenInt_Callback
.text	0x0002C790	0x2C	t_esp/t_esp.cpp	local	IdPathSetCallback__15t_esp_namespaceP12DB_PRIMITIVE	t_esp_namespace::IdPathSetCallback
.text	0x0002C7BC	0x18	t_esp/t_esp.cpp	local	PathClose_callback__15t_esp_namespaceP9DB_WINDOW	t_esp_namespace::PathClose_callback
.text	0x0002C7D4	0x4EC	t_esp/t_esp.cpp	local	PosActiveChange_callback__15t_esp_namespaceP9DB_WINDOWP12DB_PRIMITIVEP10DB_KEYBORD	t_esp_namespace::PosActiveChange_callback
.text	0x0002CCC0	0x5C0	t_esp/t_esp.cpp	local	PosStickPosUpdateCallback__15t_esp_namespaceP12DB_PRIMITIVE	t_esp_namespace::PosStickPosUpdateCallback
.text	0x0002D280	0x254	t_esp/t_esp.cpp	local	PosStickRPosUpdateCallback__15t_esp_namespaceP12DB_PRIMITIVE	t_esp_namespace::PosStickRPosUpdateCallback
.text	0x0002D4D4	0x14	t_esp/t_esp.cpp	local	SizeSetsameCallback__15t_esp_namespaceP12DB_PRIMITIVE	t_esp_namespace::SizeSetsameCallback
.text	0x0002D4E8	0x370	t_esp/t_esp.cpp	local	SizeWpHUpdate_callback__15t_esp_namespaceP12DB_PRIMITIVE	t_esp_namespace::SizeWpHUpdate_callback
.text	0x0002D858	0xA8	t_esp/t_esp.cpp	local	ColorDraw_callback__15t_esp_namespaceP12DB_PRIMITIVE	t_esp_namespace::ColorDraw_callback
.text	0x0002D900	0x30	t_esp/t_esp.cpp	local	ColorSimTypeCallback__15t_esp_namespaceP12DB_PRIMITIVE	t_esp_namespace::ColorSimTypeCallback
.text	0x0002D930	0x3C	t_esp/t_esp.cpp	local	ColorSimTypeUpdateCallback__15t_esp_namespaceP12DB_PRIMITIVE	t_esp_namespace::ColorSimTypeUpdateCallback
.text	0x0002D96C	0x18	t_esp/t_esp.cpp	local	ColorMaskUseCallback__15t_esp_namespaceP12DB_PRIMITIVE	t_esp_namespace::ColorMaskUseCallback
.text	0x0002D984	0x4C	t_esp/t_esp.cpp	local	ColorMaskUseUpdateCallback__15t_esp_namespaceP12DB_PRIMITIVE	t_esp_namespace::ColorMaskUseUpdateCallback
.text	0x0002D9D0	0x18	t_esp/t_esp.cpp	local	ShimmerLightCallback__15t_esp_namespaceP12DB_PRIMITIVE	t_esp_namespace::ShimmerLightCallback
.text	0x0002D9E8	0x4C	t_esp/t_esp.cpp	local	ShimmerLightUpdateCallback__15t_esp_namespaceP12DB_PRIMITIVE	t_esp_namespace::ShimmerLightUpdateCallback
.text	0x0002DA34	0x18	t_esp/t_esp.cpp	local	Flg3DCallback__15t_esp_namespaceP12DB_PRIMITIVE	t_esp_namespace::Flg3DCallback
.text	0x0002DA4C	0x18	t_esp/t_esp.cpp	local	FlgFlipXCallback__15t_esp_namespaceP12DB_PRIMITIVE	t_esp_namespace::FlgFlipXCallback
.text	0x0002DA64	0x18	t_esp/t_esp.cpp	local	FlgFlipYCallback__15t_esp_namespaceP12DB_PRIMITIVE	t_esp_namespace::FlgFlipYCallback
.text	0x0002DA7C	0x18	t_esp/t_esp.cpp	local	FlgFlipRXPosCallback__15t_esp_namespaceP12DB_PRIMITIVE	t_esp_namespace::FlgFlipRXPosCallback
.text	0x0002DA94	0x18	t_esp/t_esp.cpp	local	FlgFlipRYPosCallback__15t_esp_namespaceP12DB_PRIMITIVE	t_esp_namespace::FlgFlipRYPosCallback
.text	0x0002DAAC	0x18	t_esp/t_esp.cpp	local	FlgNullPosCallback__15t_esp_namespaceP12DB_PRIMITIVE	t_esp_namespace::FlgNullPosCallback
.text	0x0002DAC4	0x18	t_esp/t_esp.cpp	local	FlgLightCallback__15t_esp_namespaceP12DB_PRIMITIVE	t_esp_namespace::FlgLightCallback
.text	0x0002DADC	0x18	t_esp/t_esp.cpp	local	FlgColorx4Callback__15t_esp_namespaceP12DB_PRIMITIVE	t_esp_namespace::FlgColorx4Callback
.text	0x0002DAF4	0x18	t_esp/t_esp.cpp	local	FlgAlphax4Callback__15t_esp_namespaceP12DB_PRIMITIVE	t_esp_namespace::FlgAlphax4Callback
.text	0x0002DB0C	0x18	t_esp/t_esp.cpp	local	FlgFpNoDispCallback__15t_esp_namespaceP12DB_PRIMITIVE	t_esp_namespace::FlgFpNoDispCallback
.text	0x0002DB24	0x18	t_esp/t_esp.cpp	local	FlgFpDispCallback__15t_esp_namespaceP12DB_PRIMITIVE	t_esp_namespace::FlgFpDispCallback
.text	0x0002DB3C	0x18	t_esp/t_esp.cpp	local	FlgOtPrevCallback__15t_esp_namespaceP12DB_PRIMITIVE	t_esp_namespace::FlgOtPrevCallback
.text	0x0002DB54	0x18	t_esp/t_esp.cpp	local	FlgOtNextCallback__15t_esp_namespaceP12DB_PRIMITIVE	t_esp_namespace::FlgOtNextCallback
.text	0x0002DB6C	0x18	t_esp/t_esp.cpp	local	FlgOtFirstCallback__15t_esp_namespaceP12DB_PRIMITIVE	t_esp_namespace::FlgOtFirstCallback
.text	0x0002DB84	0x18	t_esp/t_esp.cpp	local	FlgNegaCallback__15t_esp_namespaceP12DB_PRIMITIVE	t_esp_namespace::FlgNegaCallback
.text	0x0002DB9C	0x18	t_esp/t_esp.cpp	local	FlgAlphaDrawCallback__15t_esp_namespaceP12DB_PRIMITIVE	t_esp_namespace::FlgAlphaDrawCallback
.text	0x0002DBB4	0x18	t_esp/t_esp.cpp	local	FlgAlphaDraw2Callback__15t_esp_namespaceP12DB_PRIMITIVE	t_esp_namespace::FlgAlphaDraw2Callback
.text	0x0002DBCC	0x18	t_esp/t_esp.cpp	local	FlgTexRenderCallback__15t_esp_namespaceP12DB_PRIMITIVE	t_esp_namespace::FlgTexRenderCallback
.text	0x0002DBE4	0x18	t_esp/t_esp.cpp	local	FlgLowPriorityCallback__15t_esp_namespaceP12DB_PRIMITIVE	t_esp_namespace::FlgLowPriorityCallback
.text	0x0002DBFC	0x18	t_esp/t_esp.cpp	local	Flg25DCallback__15t_esp_namespaceP12DB_PRIMITIVE	t_esp_namespace::Flg25DCallback
.text	0x0002DC14	0x18	t_esp/t_esp.cpp	local	FlgAlphaClipCallback__15t_esp_namespaceP12DB_PRIMITIVE	t_esp_namespace::FlgAlphaClipCallback
.text	0x0002DC2C	0x18	t_esp/t_esp.cpp	local	FlgZDrawCallback__15t_esp_namespaceP12DB_PRIMITIVE	t_esp_namespace::FlgZDrawCallback
.text	0x0002DC44	0x68	t_esp/t_esp.cpp	local	Flg3DUpdateCallback__15t_esp_namespaceP12DB_PRIMITIVE	t_esp_namespace::Flg3DUpdateCallback
.text	0x0002DCAC	0x68	t_esp/t_esp.cpp	local	FlgFlipXUpdateCallback__15t_esp_namespaceP12DB_PRIMITIVE	t_esp_namespace::FlgFlipXUpdateCallback
.text	0x0002DD14	0x68	t_esp/t_esp.cpp	local	FlgFlipYUpdateCallback__15t_esp_namespaceP12DB_PRIMITIVE	t_esp_namespace::FlgFlipYUpdateCallback
.text	0x0002DD7C	0x68	t_esp/t_esp.cpp	local	FlgFlipRXUpdateCallback__15t_esp_namespaceP12DB_PRIMITIVE	t_esp_namespace::FlgFlipRXUpdateCallback
.text	0x0002DDE4	0x68	t_esp/t_esp.cpp	local	FlgFlipRYUpdateCallback__15t_esp_namespaceP12DB_PRIMITIVE	t_esp_namespace::FlgFlipRYUpdateCallback
.text	0x0002DE4C	0x68	t_esp/t_esp.cpp	local	FlgNullPosUpdateCallback__15t_esp_namespaceP12DB_PRIMITIVE	t_esp_namespace::FlgNullPosUpdateCallback
.text	0x0002DEB4	0x68	t_esp/t_esp.cpp	local	FlgLightUpdateCallback__15t_esp_namespaceP12DB_PRIMITIVE	t_esp_namespace::FlgLightUpdateCallback
.text	0x0002DF1C	0x68	t_esp/t_esp.cpp	local	FlgColorx4UpdateCallback__15t_esp_namespaceP12DB_PRIMITIVE	t_esp_namespace::FlgColorx4UpdateCallback
.text	0x0002DF84	0x68	t_esp/t_esp.cpp	local	FlgAlphax4UpdateCallback__15t_esp_namespaceP12DB_PRIMITIVE	t_esp_namespace::FlgAlphax4UpdateCallback
.text	0x0002DFEC	0x68	t_esp/t_esp.cpp	local	FlgFpNoDispUpdateCallback__15t_esp_namespaceP12DB_PRIMITIVE	t_esp_namespace::FlgFpNoDispUpdateCallback
.text	0x0002E054	0x68	t_esp/t_esp.cpp	local	FlgFpDispUpdateCallback__15t_esp_namespaceP12DB_PRIMITIVE	t_esp_namespace::FlgFpDispUpdateCallback
.text	0x0002E0BC	0x68	t_esp/t_esp.cpp	local	FlgOtPrevUpdateCallback__15t_esp_namespaceP12DB_PRIMITIVE	t_esp_namespace::FlgOtPrevUpdateCallback
.text	0x0002E124	0x68	t_esp/t_esp.cpp	local	FlgOtNextUpdateCallback__15t_esp_namespaceP12DB_PRIMITIVE	t_esp_namespace::FlgOtNextUpdateCallback
.text	0x0002E18C	0x68	t_esp/t_esp.cpp	local	FlgOtFirstUpdateCallback__15t_esp_namespaceP12DB_PRIMITIVE	t_esp_namespace::FlgOtFirstUpdateCallback
.text	0x0002E1F4	0x68	t_esp/t_esp.cpp	local	FlgNegaUpdateCallback__15t_esp_namespaceP12DB_PRIMITIVE	t_esp_namespace::FlgNegaUpdateCallback
.text	0x0002E25C	0x68	t_esp/t_esp.cpp	local	FlgAlphaDrawUpdateCallback__15t_esp_namespaceP12DB_PRIMITIVE	t_esp_namespace::FlgAlphaDrawUpdateCallback
.text	0x0002E2C4	0x68	t_esp/t_esp.cpp	local	FlgAlphaDraw2UpdateCallback__15t_esp_namespaceP12DB_PRIMITIVE	t_esp_namespace::FlgAlphaDraw2UpdateCallback
.text	0x0002E32C	0x68	t_esp/t_esp.cpp	local	FlgTexRenderUpdateCallback__15t_esp_namespaceP12DB_PRIMITIVE	t_esp_namespace::FlgTexRenderUpdateCallback
.text	0x0002E394	0x68	t_esp/t_esp.cpp	local	FlgLowPriorityUpdateCallback__15t_esp_namespaceP12DB_PRIMITIVE	t_esp_namespace::FlgLowPriorityUpdateCallback
.text	0x0002E3FC	0x68	t_esp/t_esp.cpp	local	Flg25DUpdateCallback__15t_esp_namespaceP12DB_PRIMITIVE	t_esp_namespace::Flg25DUpdateCallback
.text	0x0002E464	0x68	t_esp/t_esp.cpp	local	FlgAlphaClipUpdateCallback__15t_esp_namespaceP12DB_PRIMITIVE	t_esp_namespace::FlgAlphaClipUpdateCallback
.text	0x0002E4CC	0x68	t_esp/t_esp.cpp	local	FlgZDrawUpdateCallback__15t_esp_namespaceP12DB_PRIMITIVE	t_esp_namespace::FlgZDrawUpdateCallback
.text	0x0002E534	0x44	t_esp/t_esp.cpp	local	SubCutCallback__15t_esp_namespaceP12DB_PRIMITIVE	t_esp_namespace::SubCutCallback
.text	0x0002E578	0x48	t_esp/t_esp.cpp	local	SubCopyCallback__15t_esp_namespaceP12DB_PRIMITIVE	t_esp_namespace::SubCopyCallback
.text	0x0002E5C0	0x44	t_esp/t_esp.cpp	local	SubPasteCallback__15t_esp_namespaceP12DB_PRIMITIVE	t_esp_namespace::SubPasteCallback
.text	0x0002E604	0x44	t_esp/t_esp.cpp	local	SubPartPasteCallback__15t_esp_namespaceP12DB_PRIMITIVE	t_esp_namespace::SubPartPasteCallback
.text	0x0002E648	0x40	t_esp/t_esp.cpp	local	SubBasePosCallback__15t_esp_namespaceP12DB_PRIMITIVE	t_esp_namespace::SubBasePosCallback
.text	0x0002E688	0x68	t_esp/t_esp.cpp	local	BasePosPosUpdate_callback__15t_esp_namespaceP12DB_PRIMITIVE	t_esp_namespace::BasePosPosUpdate_callback
.text	0x0002E6F0	0x160	t_esp/t_esp.cpp	global	SetEditTblColor__15t_esp_namespaceiUcP8TOOL_SEQ	t_esp_namespace::SetEditTblColor
.text	0x0002E850	0x84	t_esp/t_esp.cpp	global	ClearSeqData__15t_esp_namespaceP8TOOL_SEQ	t_esp_namespace::ClearSeqData
.text	0x0002E8D4	0x9C	t_esp/t_esp.cpp	global	InitSeqTbl__15t_esp_namespacev	t_esp_namespace::InitSeqTbl
.text	0x0002E970	0xA20C	t_esp/t_esp.cpp	global	InitTool__15t_esp_namespacev	t_esp_namespace::InitTool
.text	0x00038B7C	0x44	t_esp/t_esp.cpp	global	ClearSeqFlgNum__15t_esp_namespacev	t_esp_namespace::ClearSeqFlgNum
.text	0x00038BC0	0x5C	t_esp/t_esp.cpp	global	ReCountSeqFlgNum__15t_esp_namespacev	t_esp_namespace::ReCountSeqFlgNum
.text	0x00038C1C	0xCC	t_esp/t_esp.cpp	global	DeleteSeqData__15t_esp_namespaceP8TOOL_SEQUl	t_esp_namespace::DeleteSeqData
.text	0x00038CE8	0x140	t_esp/t_esp.cpp	global	InsertSeqData__15t_esp_namespaceP8TOOL_SEQUlT1	t_esp_namespace::InsertSeqData
.text	0x00038E28	0x488	t_esp/t_esp.cpp	global	PartPasteSeqData__15t_esp_namespaceP8TOOL_SEQUlT1	t_esp_namespace::PartPasteSeqData
.text	0x000392B0	0x14C	t_esp/t_esp.cpp	global	CopySelectData__15t_esp_namespacei	t_esp_namespace::CopySelectData
.text	0x000393FC	0xB4	t_esp/t_esp.cpp	global	DeleteSelectData__15t_esp_namespacev	t_esp_namespace::DeleteSelectData
.text	0x000394B0	0x38	t_esp/t_esp.cpp	global	CutSelectData__15t_esp_namespacev	t_esp_namespace::CutSelectData
.text	0x000394E8	0xB4	t_esp/t_esp.cpp	global	PasteSelectData__15t_esp_namespacev	t_esp_namespace::PasteSelectData
.text	0x0003959C	0x178	t_esp/t_esp.cpp	global	PartPasteSelectData__15t_esp_namespacev	t_esp_namespace::PartPasteSelectData
.text	0x00039714	0x11C	t_esp/t_esp.cpp	global	MakeExecSeqData__15t_esp_namespaceP10EspSeqDataP8TOOL_SEQUlUl	t_esp_namespace::MakeExecSeqData
.text	0x00039830	0x12C	t_esp/t_esp.cpp	global	MakeSaveSeqData__15t_esp_namespaceP10EspSeqDataP8TOOL_SEQUlUl	t_esp_namespace::MakeSaveSeqData
.text	0x0003995C	0x100	t_esp/t_esp.cpp	global	MakeLoadSeqData__15t_esp_namespaceP10EspSeqDataP8TOOL_SEQUlUl	t_esp_namespace::MakeLoadSeqData
.text	0x00039A5C	0x1CB0	t_esp/t_esp.cpp	global	MakeImmSeq__15t_esp_namespaceP8TOOL_SEQN21	t_esp_namespace::MakeImmSeq
.text	0x0003B70C	0x17D4	t_esp/t_esp.cpp	global	AddSeq__15t_esp_namespaceP8TOOL_SEQN21	t_esp_namespace::AddSeq
.text	0x0003CEE0	0xD0	t_esp/t_esp.cpp	global	AddEditData__15t_esp_namespacev	t_esp_namespace::AddEditData
.text	0x0003CFB0	0x3F4	t_esp/t_esp.cpp	global	EspToolMain__15t_esp_namespacev	t_esp_namespace::EspToolMain
.text	0x0003D3A4	0x54	t_esp/t_esp.cpp	global	EspToolTrans__15t_esp_namespacev	t_esp_namespace::EspToolTrans
.text	0x0003D3F8	0x17C	t_esp/t_esp.cpp	global	DrawPosCursor__15t_esp_namespacev	t_esp_namespace::DrawPosCursor
.text	0x0003D574	0x8B8	t_esp/t_esp.cpp	global	ToolEspMain__15t_esp_namespacev	t_esp_namespace::ToolEspMain
.text	0x0003DE2C	0x20	t_esp/t_esp.cpp	global	ToolEsp__Fv	ToolEsp
.text	0x0003DE4C	0x3B8	t_esp/t_esp.cpp	global	fn_t_esp_3DE4C	.
.text	0x0003E204	0x788	t_esp/t_esp.cpp	global	__Q215t_esp_namespace9ID_WINDOWP13DB_PRIM_ARRAY	t_esp_namespace::ID_WINDOW::ID_WINDOW
.text	0x0003E98C	0x1B4	t_esp/t_util.cpp	global	TutilInitDefault__Fv	TutilInitDefault
.text	0x0003EB40	0x144	t_esp/t_util.cpp	global	TutilQuitDefault__Fv	TutilQuitDefault
.text	0x0003EC84	0x3B8	t_esp/t_util.cpp	global	fn_t_esp_3EC84	.
.text	0x0003F03C	0x64	t_esp/tools.cpp	global	_prolog	_prolog
.text	0x0003F0A0	0x1CC	t_esp/tools.cpp	global	ToolsTask__Fv	ToolsTask
.text	0x0003F26C	0x60	t_esp/tools.cpp	global	_epilog	_epilog
.text	0x0003F2CC	0x58	t_esp/tools.cpp	global	_unresolved	_unresolved
.text	0x0003F324	0xE0	t_esp/tools.cpp	global	ToolArrayPush__Fi	ToolArrayPush
.text	0x0003F404	0xBC	t_esp/tools.cpp	global	ToolWorkPop__Fi	ToolWorkPop
.text	0x0003F4C0	0x44	t_esp/tools.cpp	global	ToolEmArraySet__Fi	ToolEmArraySet
.text	0x0003F504	0x3B8	t_esp/tools.cpp	global	fn_t_esp_3F504	.
.text	0x0003F8BC	0x78	t_esp/tools.cpp	global	arrayPush__t8cManager1Z6cPartsi	cManager<cParts>::arrayPush
.text	0x0003F934	0x78	t_esp/tools.cpp	global	arrayPush__t8cManager1Z3cEmi	cManager<cEm>::arrayPush
.text	0x0003F9AC	0x78	t_esp/tools.cpp	global	arrayPush__t8cManager1Z4cObji	cManager<cObj>::arrayPush
.text	0x0003FA24	0x78	t_esp/tools.cpp	global	arrayPush__t8cManager1Z5cCtrli	cManager<cCtrl>::arrayPush
.text	0x0003FA9C	0x78	t_esp/tools.cpp	global	arrayPush__t8cManager1Z5Eventi	cManager<Event>::arrayPush
.text	0x0003FB14	0x78	t_esp/tools.cpp	global	arrayPush__t8cManager1Z6cLighti	cManager<cLight>::arrayPush
.text	0x0003FB8C	0x6C	t_esp/tools.cpp	global	arrayPop__t8cManager1Z6cParts	cManager<cParts>::arrayPop
.text	0x0003FBF8	0x6C	t_esp/tools.cpp	global	arrayPop__t8cManager1Z3cEm	cManager<cEm>::arrayPop
.text	0x0003FC64	0x6C	t_esp/tools.cpp	global	arrayPop__t8cManager1Z4cObj	cManager<cObj>::arrayPop
.text	0x0003FCD0	0x6C	t_esp/tools.cpp	global	arrayPop__t8cManager1Z5cCtrl	cManager<cCtrl>::arrayPop
.text	0x0003FD3C	0x6C	t_esp/tools.cpp	global	arrayPop__t8cManager1Z5Event	cManager<Event>::arrayPop
.text	0x0003FDA8	0x6C	t_esp/tools.cpp	local	arrayPop__t8cManager1Z6cLight	cManager<cLight>::arrayPop
.rodata	0x0000006C	0x18	t_esp/db_light.cpp	local	lbl_t_esp_rodata_6C	lbl_t_esp_rodata_6C
.rodata	0x00000084	0x8	t_esp/db_light.cpp	local	lbl_t_esp_rodata_84	lbl_t_esp_rodata_84
.rodata	0x0000008C	0x8	t_esp/db_light.cpp	local	lbl_t_esp_rodata_8C	lbl_t_esp_rodata_8C
.rodata	0x00000094	0x8	t_esp/db_light.cpp	local	lbl_t_esp_rodata_94	lbl_t_esp_rodata_94
.rodata	0x0000009C	0xC	t_esp/db_light.cpp	local	lbl_t_esp_rodata_9C	lbl_t_esp_rodata_9C
.rodata	0x000000A8	0x8	t_esp/db_light.cpp	local	lbl_t_esp_rodata_A8	lbl_t_esp_rodata_A8
.rodata	0x000000B0	0x8	t_esp/db_light.cpp	local	lbl_t_esp_rodata_B0	lbl_t_esp_rodata_B0
.rodata	0x000000B8	0x8	t_esp/db_light.cpp	local	lbl_t_esp_rodata_B8	lbl_t_esp_rodata_B8
.rodata	0x000000C0	0x8	t_esp/db_light.cpp	local	lbl_t_esp_rodata_C0	lbl_t_esp_rodata_C0
.rodata	0x000000C8	0xC	t_esp/db_light.cpp	local	lbl_t_esp_rodata_C8	lbl_t_esp_rodata_C8
.rodata	0x000000D4	0x8	t_esp/db_light.cpp	local	lbl_t_esp_rodata_D4	lbl_t_esp_rodata_D4
.rodata	0x000000DC	0xC	t_esp/db_light.cpp	local	lbl_t_esp_rodata_DC	lbl_t_esp_rodata_DC
.rodata	0x000000E8	0x8	t_esp/db_light.cpp	local	lbl_t_esp_rodata_E8	lbl_t_esp_rodata_E8
.rodata	0x000000F0	0xC	t_esp/db_light.cpp	local	lbl_t_esp_rodata_F0	lbl_t_esp_rodata_F0
.rodata	0x000000FC	0xC	t_esp/db_light.cpp	local	lbl_t_esp_rodata_FC	lbl_t_esp_rodata_FC
.rodata	0x00000108	0x8	t_esp/db_light.cpp	local	lbl_t_esp_rodata_108	lbl_t_esp_rodata_108
.rodata	0x00000110	0xC	t_esp/db_light.cpp	local	lbl_t_esp_rodata_110	lbl_t_esp_rodata_110
.rodata	0x0000011C	0xC	t_esp/db_light.cpp	local	lbl_t_esp_rodata_11C	lbl_t_esp_rodata_11C
.rodata	0x00000128	0x10	t_esp/db_light.cpp	local	lbl_t_esp_rodata_128	lbl_t_esp_rodata_128
.rodata	0x00000138	0x4	t_esp/db_light.cpp	local	lbl_t_esp_rodata_138	lbl_t_esp_rodata_138
.rodata	0x0000013C	0x8	t_esp/db_light.cpp	local	lbl_t_esp_rodata_13C	lbl_t_esp_rodata_13C
.rodata	0x00000144	0x8	t_esp/db_light.cpp	local	lbl_t_esp_rodata_144	lbl_t_esp_rodata_144
.rodata	0x0000014C	0x8	t_esp/db_light.cpp	local	lbl_t_esp_rodata_14C	lbl_t_esp_rodata_14C
.rodata	0x00000154	0x8	t_esp/db_light.cpp	local	lbl_t_esp_rodata_154	lbl_t_esp_rodata_154
.rodata	0x0000015C	0x8	t_esp/db_light.cpp	local	lbl_t_esp_rodata_15C	lbl_t_esp_rodata_15C
.rodata	0x00000164	0x8	t_esp/db_light.cpp	local	lbl_t_esp_rodata_164	lbl_t_esp_rodata_164
.rodata	0x0000016C	0x8	t_esp/db_light.cpp	local	lbl_t_esp_rodata_16C	lbl_t_esp_rodata_16C
.rodata	0x00000174	0x8	t_esp/db_light.cpp	local	lbl_t_esp_rodata_174	lbl_t_esp_rodata_174
.rodata	0x0000017C	0x8	t_esp/db_light.cpp	local	lbl_t_esp_rodata_17C	lbl_t_esp_rodata_17C
.rodata	0x00000184	0x8	t_esp/db_light.cpp	local	lbl_t_esp_rodata_184	lbl_t_esp_rodata_184
.rodata	0x0000018C	0x4	t_esp/db_light.cpp	local	lbl_t_esp_rodata_18C	lbl_t_esp_rodata_18C
.rodata	0x00000190	0x4	t_esp/db_light.cpp	local	lbl_t_esp_rodata_190	lbl_t_esp_rodata_190
.rodata	0x00000194	0x4	t_esp/db_light.cpp	local	lbl_t_esp_rodata_194	lbl_t_esp_rodata_194
.rodata	0x00000198	0x4	t_esp/db_light.cpp	local	lbl_t_esp_rodata_198	lbl_t_esp_rodata_198
.rodata	0x0000019C	0x4	t_esp/db_light.cpp	local	lbl_t_esp_rodata_19C	lbl_t_esp_rodata_19C
.rodata	0x000001A0	0x4	t_esp/db_light.cpp	local	lbl_t_esp_rodata_1A0	lbl_t_esp_rodata_1A0
.rodata	0x000001A4	0xC	t_esp/db_light.cpp	local	lbl_t_esp_rodata_1A4	lbl_t_esp_rodata_1A4
.rodata	0x000001B0	0xC	t_esp/db_light.cpp	local	lbl_t_esp_rodata_1B0	lbl_t_esp_rodata_1B0
.rodata	0x000001BC	0xC	t_esp/db_light.cpp	local	lbl_t_esp_rodata_1BC	lbl_t_esp_rodata_1BC
.rodata	0x000001C8	0x8	t_esp/db_light.cpp	local	lbl_t_esp_rodata_1C8	lbl_t_esp_rodata_1C8
.rodata	0x000001D0	0x8	t_esp/db_light.cpp	local	lbl_t_esp_rodata_1D0	lbl_t_esp_rodata_1D0
.rodata	0x000001D8	0x8	t_esp/db_light.cpp	local	lbl_t_esp_rodata_1D8	lbl_t_esp_rodata_1D8
.rodata	0x000001E0	0xC	t_esp/db_light.cpp	local	lbl_t_esp_rodata_1E0	lbl_t_esp_rodata_1E0
.rodata	0x000001EC	0x4	t_esp/db_light.cpp	local	lbl_t_esp_rodata_1EC	lbl_t_esp_rodata_1EC
.rodata	0x000001F0	0x4	t_esp/db_light.cpp	local	lbl_t_esp_rodata_1F0	lbl_t_esp_rodata_1F0
.rodata	0x000001F4	0x4	t_esp/db_light.cpp	local	lbl_t_esp_rodata_1F4	lbl_t_esp_rodata_1F4
.rodata	0x000001F8	0x4	t_esp/db_light.cpp	local	lbl_t_esp_rodata_1F8	lbl_t_esp_rodata_1F8
.rodata	0x000001FC	0x4	t_esp/db_light.cpp	local	lbl_t_esp_rodata_1FC	lbl_t_esp_rodata_1FC
.rodata	0x00000200	0x4	t_esp/db_light.cpp	local	lbl_t_esp_rodata_200	lbl_t_esp_rodata_200
.rodata	0x00000204	0x28	t_esp/db_light.cpp	local	lbl_t_esp_rodata_204	lbl_t_esp_rodata_204
.rodata	0x0000022C	0x2C	t_esp/db_light.cpp	local	lbl_t_esp_rodata_22C	lbl_t_esp_rodata_22C
.rodata	0x00000258	0x30	t_esp/db_light.cpp	local	lbl_t_esp_rodata_258	lbl_t_esp_rodata_258
.rodata	0x00000288	0x30	t_esp/db_light.cpp	local	lbl_t_esp_rodata_288	lbl_t_esp_rodata_288
.rodata	0x000002B8	0x1C	t_esp/db_light.cpp	local	lbl_t_esp_rodata_2B8	lbl_t_esp_rodata_2B8
.rodata	0x000002D4	0x2C	t_esp/db_light.cpp	local	lbl_t_esp_rodata_2D4	lbl_t_esp_rodata_2D4
.rodata	0x00000300	0x24	t_esp/db_light.cpp	local	lbl_t_esp_rodata_300	lbl_t_esp_rodata_300
.rodata	0x00000324	0x24	t_esp/db_light.cpp	local	lbl_t_esp_rodata_324	lbl_t_esp_rodata_324
.rodata	0x00000348	0x1C	t_esp/db_light.cpp	local	lbl_t_esp_rodata_348	lbl_t_esp_rodata_348
.rodata	0x00000364	0x4	t_esp/db_light.cpp	local	lbl_t_esp_rodata_364	lbl_t_esp_rodata_364
.rodata	0x00000368	0x4	t_esp/db_light.cpp	local	lbl_t_esp_rodata_368	lbl_t_esp_rodata_368
.rodata	0x0000036C	0xC	t_esp/db_light.cpp	local	lbl_t_esp_rodata_36C	lbl_t_esp_rodata_36C
.rodata	0x00000378	0x10	t_esp/db_light.cpp	local	lbl_t_esp_rodata_378	lbl_t_esp_rodata_378
.rodata	0x00000388	0xC	t_esp/db_light.cpp	local	lbl_t_esp_rodata_388	lbl_t_esp_rodata_388
.rodata	0x00000394	0x10	t_esp/db_light.cpp	local	lbl_t_esp_rodata_394	lbl_t_esp_rodata_394
.rodata	0x000003A4	0xC	t_esp/db_light.cpp	local	lbl_t_esp_rodata_3A4	lbl_t_esp_rodata_3A4
.rodata	0x000003B0	0xC	t_esp/db_light.cpp	local	lbl_t_esp_rodata_3B0	lbl_t_esp_rodata_3B0
.rodata	0x000003BC	0xC	t_esp/db_light.cpp	local	lbl_t_esp_rodata_3BC	lbl_t_esp_rodata_3BC
.rodata	0x000003C8	0xC	t_esp/db_light.cpp	local	lbl_t_esp_rodata_3C8	lbl_t_esp_rodata_3C8
.rodata	0x000003D4	0x8	t_esp/db_light.cpp	local	lbl_t_esp_rodata_3D4	lbl_t_esp_rodata_3D4
.rodata	0x000003DC	0x8	t_esp/db_light.cpp	local	lbl_t_esp_rodata_3DC	lbl_t_esp_rodata_3DC
.rodata	0x000003E4	0x8	t_esp/db_light.cpp	local	lbl_t_esp_rodata_3E4	lbl_t_esp_rodata_3E4
.rodata	0x000003EC	0x4	t_esp/db_light.cpp	local	lbl_t_esp_rodata_3EC	lbl_t_esp_rodata_3EC
.rodata	0x000003F0	0x28	t_esp/db_light.cpp	local	lbl_t_esp_rodata_3F0	lbl_t_esp_rodata_3F0
.rodata	0x00000418	0x1C	t_esp/db_light.cpp	local	lbl_t_esp_rodata_418	lbl_t_esp_rodata_418
.rodata	0x00000434	0x2C	t_esp/db_light.cpp	local	lbl_t_esp_rodata_434	lbl_t_esp_rodata_434
.rodata	0x00000460	0x8	t_esp/db_light.cpp	local	lbl_t_esp_rodata_460	lbl_t_esp_rodata_460
.rodata	0x00000468	0x8	t_esp/db_light.cpp	local	lbl_t_esp_rodata_468	lbl_t_esp_rodata_468
.rodata	0x00000470	0x8	t_esp/db_light.cpp	local	lbl_t_esp_rodata_470	lbl_t_esp_rodata_470
.rodata	0x00000478	0x8	t_esp/db_light.cpp	local	lbl_t_esp_rodata_478	lbl_t_esp_rodata_478
.rodata	0x00000480	0x8	t_esp/db_light.cpp	local	lbl_t_esp_rodata_480	lbl_t_esp_rodata_480
.rodata	0x00000488	0x8	t_esp/db_light.cpp	local	lbl_t_esp_rodata_488	lbl_t_esp_rodata_488
.rodata	0x00000490	0xC	t_esp/db_light.cpp	local	lbl_t_esp_rodata_490	lbl_t_esp_rodata_490
.rodata	0x0000049C	0x8	t_esp/db_light.cpp	local	lbl_t_esp_rodata_49C	lbl_t_esp_rodata_49C
.rodata	0x000004A4	0x4	t_esp/db_light.cpp	local	lbl_t_esp_rodata_4A4	lbl_t_esp_rodata_4A4
.rodata	0x000004A8	0xC	t_esp/db_light.cpp	local	lbl_t_esp_rodata_4A8	lbl_t_esp_rodata_4A8
.rodata	0x000004B4	0x8	t_esp/db_light.cpp	local	lbl_t_esp_rodata_4B4	lbl_t_esp_rodata_4B4
.rodata	0x000004BC	0x8	t_esp/db_light.cpp	local	lbl_t_esp_rodata_4BC	lbl_t_esp_rodata_4BC
.rodata	0x000004C4	0x8	t_esp/db_light.cpp	local	lbl_t_esp_rodata_4C4	lbl_t_esp_rodata_4C4
.rodata	0x000004CC	0xC	t_esp/db_light.cpp	local	lbl_t_esp_rodata_4CC	lbl_t_esp_rodata_4CC
.rodata	0x000004D8	0xC	t_esp/db_light.cpp	local	lbl_t_esp_rodata_4D8	lbl_t_esp_rodata_4D8
.rodata	0x000004E4	0xC	t_esp/db_light.cpp	local	lbl_t_esp_rodata_4E4	lbl_t_esp_rodata_4E4
.rodata	0x000004F0	0x8	t_esp/db_light.cpp	local	lbl_t_esp_rodata_4F0	lbl_t_esp_rodata_4F0
.rodata	0x000004F8	0xC	t_esp/db_light.cpp	local	lbl_t_esp_rodata_4F8	lbl_t_esp_rodata_4F8
.rodata	0x00000504	0x4	t_esp/db_light.cpp	local	lbl_t_esp_rodata_504	lbl_t_esp_rodata_504
.rodata	0x00000508	0xC	t_esp/db_light.cpp	local	lbl_t_esp_rodata_508	lbl_t_esp_rodata_508
.rodata	0x00000514	0x30	t_esp/db_light.cpp	local	lbl_t_esp_rodata_514	lbl_t_esp_rodata_514
.rodata	0x00000544	0x8	t_esp/db_light.cpp	local	lbl_t_esp_rodata_544	lbl_t_esp_rodata_544
.rodata	0x0000054C	0x24	t_esp/db_light.cpp	local	lbl_t_esp_rodata_54C	lbl_t_esp_rodata_54C
.rodata	0x00000570	0x4	t_esp/db_light.cpp	local	lbl_t_esp_rodata_570	lbl_t_esp_rodata_570
.rodata	0x00000574	0x24	t_esp/db_light.cpp	local	cutsel_col.441	cutsel_col.441
.rodata	0x00000598	0x4	t_esp/db_light.cpp	local	lbl_t_esp_rodata_598	lbl_t_esp_rodata_598
.rodata	0x0000059C	0x8	t_esp/db_light.cpp	local	lbl_t_esp_rodata_59C	lbl_t_esp_rodata_59C
.rodata	0x000005A4	0x8	t_esp/db_light.cpp	local	lbl_t_esp_rodata_5A4	lbl_t_esp_rodata_5A4
.rodata	0x000005AC	0x8	t_esp/db_light.cpp	local	lbl_t_esp_rodata_5AC	lbl_t_esp_rodata_5AC
.rodata	0x000005B4	0x14	t_esp/db_light.cpp	local	lbl_t_esp_rodata_5B4	lbl_t_esp_rodata_5B4
.rodata	0x000005C8	0x10	t_esp/db_light.cpp	local	lbl_t_esp_rodata_5C8	lbl_t_esp_rodata_5C8
.rodata	0x000005D8	0xC	t_esp/db_light.cpp	local	lbl_t_esp_rodata_5D8	lbl_t_esp_rodata_5D8
.rodata	0x000005E4	0x8	t_esp/db_light.cpp	local	lbl_t_esp_rodata_5E4	lbl_t_esp_rodata_5E4
.rodata	0x000005EC	0x8	t_esp/db_light.cpp	local	lbl_t_esp_rodata_5EC	lbl_t_esp_rodata_5EC
.rodata	0x000005F4	0x8	t_esp/db_light.cpp	local	lbl_t_esp_rodata_5F4	lbl_t_esp_rodata_5F4
.rodata	0x000005FC	0xC	t_esp/db_light.cpp	local	lbl_t_esp_rodata_5FC	lbl_t_esp_rodata_5FC
.rodata	0x00000608	0x28	t_esp/db_light.cpp	local	lbl_t_esp_rodata_608	lbl_t_esp_rodata_608
.rodata	0x00000630	0x30	t_esp/db_light.cpp	local	lbl_t_esp_rodata_630	lbl_t_esp_rodata_630
.rodata	0x00000660	0x28	t_esp/db_light.cpp	local	lbl_t_esp_rodata_660	lbl_t_esp_rodata_660
.rodata	0x00000688	0x24	t_esp/db_light.cpp	local	lbl_t_esp_rodata_688	lbl_t_esp_rodata_688
.rodata	0x000006AC	0x1C	t_esp/db_light.cpp	local	lbl_t_esp_rodata_6AC	lbl_t_esp_rodata_6AC
.rodata	0x000006C8	0x10	t_esp/db_light.cpp	local	lbl_t_esp_rodata_6C8	lbl_t_esp_rodata_6C8
.rodata	0x000006D8	0x8	t_esp/db_light.cpp	local	lbl_t_esp_rodata_6D8	lbl_t_esp_rodata_6D8
.rodata	0x000006E0	0xC	t_esp/db_light.cpp	local	lbl_t_esp_rodata_6E0	lbl_t_esp_rodata_6E0
.rodata	0x000006EC	0x18	t_esp/db_light.cpp	local	lbl_t_esp_rodata_6EC	lbl_t_esp_rodata_6EC
.rodata	0x00000704	0x10	t_esp/db_light.cpp	local	lbl_t_esp_rodata_704	lbl_t_esp_rodata_704
.rodata	0x00000714	0x10	t_esp/db_light.cpp	local	lbl_t_esp_rodata_714	lbl_t_esp_rodata_714
.rodata	0x00000724	0x10	t_esp/db_light.cpp	local	lbl_t_esp_rodata_724	lbl_t_esp_rodata_724
.rodata	0x00000734	0x4	t_esp/db_light.cpp	local	lbl_t_esp_rodata_734	lbl_t_esp_rodata_734
.rodata	0x00000738	0x4	t_esp/db_light.cpp	local	lbl_t_esp_rodata_738	lbl_t_esp_rodata_738
.rodata	0x0000073C	0x4	t_esp/db_light.cpp	local	lbl_t_esp_rodata_73C	lbl_t_esp_rodata_73C
.rodata	0x00000740	0xC	t_esp/db_light.cpp	local	lbl_t_esp_rodata_740	lbl_t_esp_rodata_740
.rodata	0x0000074C	0xC	t_esp/db_light.cpp	local	lbl_t_esp_rodata_74C	lbl_t_esp_rodata_74C
.rodata	0x00000758	0xC	t_esp/db_light.cpp	local	lbl_t_esp_rodata_758	lbl_t_esp_rodata_758
.rodata	0x00000764	0x14	t_esp/db_light.cpp	local	lbl_t_esp_rodata_764	lbl_t_esp_rodata_764
.rodata	0x00000778	0x4	t_esp/db_light.cpp	local	lbl_t_esp_rodata_778	lbl_t_esp_rodata_778
.rodata	0x0000077C	0x4	t_esp/db_light.cpp	local	lbl_t_esp_rodata_77C	lbl_t_esp_rodata_77C
.rodata	0x00000780	0x4	t_esp/db_light.cpp	local	lbl_t_esp_rodata_780	lbl_t_esp_rodata_780
.rodata	0x00000784	0x4	t_esp/db_light.cpp	local	lbl_t_esp_rodata_784	lbl_t_esp_rodata_784
.rodata	0x00000788	0x8	t_esp/db_light.cpp	local	lbl_t_esp_rodata_788	lbl_t_esp_rodata_788
.rodata	0x00000790	0xC	t_esp/db_light.cpp	local	lbl_t_esp_rodata_790	lbl_t_esp_rodata_790
.rodata	0x0000079C	0x8	t_esp/db_light.cpp	local	lbl_t_esp_rodata_79C	lbl_t_esp_rodata_79C
.rodata	0x000007A4	0xC	t_esp/db_light.cpp	local	lbl_t_esp_rodata_7A4	lbl_t_esp_rodata_7A4
.rodata	0x000007B0	0x8	t_esp/db_light.cpp	local	lbl_t_esp_rodata_7B0	lbl_t_esp_rodata_7B0
.rodata	0x000007B8	0x4	t_esp/db_light.cpp	local	lbl_t_esp_rodata_7B8	lbl_t_esp_rodata_7B8
.rodata	0x000007BC	0xC	t_esp/db_light.cpp	local	lbl_t_esp_rodata_7BC	lbl_t_esp_rodata_7BC
.rodata	0x000007C8	0xC	t_esp/db_light.cpp	local	lbl_t_esp_rodata_7C8	lbl_t_esp_rodata_7C8
.rodata	0x000007D4	0xC	t_esp/db_light.cpp	local	lbl_t_esp_rodata_7D4	lbl_t_esp_rodata_7D4
.rodata	0x000007E0	0xC	t_esp/db_light.cpp	local	lbl_t_esp_rodata_7E0	lbl_t_esp_rodata_7E0
.rodata	0x000007EC	0xC	t_esp/db_light.cpp	local	lbl_t_esp_rodata_7EC	lbl_t_esp_rodata_7EC
.rodata	0x000007F8	0x10	t_esp/db_light.cpp	local	lbl_t_esp_rodata_7F8	lbl_t_esp_rodata_7F8
.rodata	0x00000808	0xC	t_esp/db_light.cpp	local	lbl_t_esp_rodata_808	lbl_t_esp_rodata_808
.rodata	0x00000814	0x10	t_esp/db_light.cpp	local	lbl_t_esp_rodata_814	lbl_t_esp_rodata_814
.rodata	0x00000824	0xC	t_esp/db_light.cpp	local	lbl_t_esp_rodata_824	lbl_t_esp_rodata_824
.rodata	0x00000830	0x14	t_esp/db_light.cpp	local	lbl_t_esp_rodata_830	lbl_t_esp_rodata_830
.rodata	0x00000844	0xC	t_esp/db_light.cpp	local	lbl_t_esp_rodata_844	lbl_t_esp_rodata_844
.rodata	0x00000850	0xC	t_esp/db_light.cpp	local	lbl_t_esp_rodata_850	lbl_t_esp_rodata_850
.rodata	0x0000085C	0xC	t_esp/db_light.cpp	local	lbl_t_esp_rodata_85C	lbl_t_esp_rodata_85C
.rodata	0x00000868	0x8	t_esp/db_light.cpp	local	lbl_t_esp_rodata_868	lbl_t_esp_rodata_868
.rodata	0x00000870	0x10	t_esp/db_light.cpp	local	lbl_t_esp_rodata_870	lbl_t_esp_rodata_870
.rodata	0x00000880	0xC	t_esp/db_light.cpp	local	lbl_t_esp_rodata_880	lbl_t_esp_rodata_880
.rodata	0x0000088C	0xC	t_esp/db_light.cpp	local	lbl_t_esp_rodata_88C	lbl_t_esp_rodata_88C
.rodata	0x00000898	0x8	t_esp/db_light.cpp	local	lbl_t_esp_rodata_898	lbl_t_esp_rodata_898
.rodata	0x000008A0	0x4	t_esp/db_light.cpp	local	lbl_t_esp_rodata_8A0	lbl_t_esp_rodata_8A0
.rodata	0x000008A4	0x4	t_esp/db_light.cpp	local	lbl_t_esp_rodata_8A4	lbl_t_esp_rodata_8A4
.rodata	0x000008A8	0x4	t_esp/db_light.cpp	local	lbl_t_esp_rodata_8A8	lbl_t_esp_rodata_8A8
.rodata	0x000008AC	0x10	t_esp/db_light.cpp	local	lbl_t_esp_rodata_8AC	lbl_t_esp_rodata_8AC
.rodata	0x000008BC	0x10	t_esp/db_light.cpp	local	lbl_t_esp_rodata_8BC	lbl_t_esp_rodata_8BC
.rodata	0x000008CC	0x10	t_esp/db_light.cpp	local	lbl_t_esp_rodata_8CC	lbl_t_esp_rodata_8CC
.rodata	0x000008DC	0x4	t_esp/db_light.cpp	local	lbl_t_esp_rodata_8DC	lbl_t_esp_rodata_8DC
.rodata	0x000008E0	0x4	t_esp/db_light.cpp	local	lbl_t_esp_rodata_8E0	lbl_t_esp_rodata_8E0
.rodata	0x000008E4	0x4	t_esp/db_light.cpp	local	lbl_t_esp_rodata_8E4	lbl_t_esp_rodata_8E4
.rodata	0x000008E8	0x4	t_esp/db_light.cpp	local	lbl_t_esp_rodata_8E8	lbl_t_esp_rodata_8E8
.rodata	0x000008EC	0xC	t_esp/db_light.cpp	local	lbl_t_esp_rodata_8EC	lbl_t_esp_rodata_8EC
.rodata	0x000008F8	0x8	t_esp/db_light.cpp	local	lbl_t_esp_rodata_8F8	lbl_t_esp_rodata_8F8
.rodata	0x00000900	0x8	t_esp/db_light.cpp	local	lbl_t_esp_rodata_900	lbl_t_esp_rodata_900
.rodata	0x00000908	0x8	t_esp/db_light.cpp	local	lbl_t_esp_rodata_908	lbl_t_esp_rodata_908
.rodata	0x00000910	0x8	t_esp/db_light.cpp	local	lbl_t_esp_rodata_910	lbl_t_esp_rodata_910
.rodata	0x00000918	0x8	t_esp/db_light.cpp	local	lbl_t_esp_rodata_918	lbl_t_esp_rodata_918
.rodata	0x00000920	0x10	t_esp/db_light.cpp	local	lbl_t_esp_rodata_920	lbl_t_esp_rodata_920
.rodata	0x00000930	0x18	t_esp/db_light.cpp	local	lbl_t_esp_rodata_930	lbl_t_esp_rodata_930
.rodata	0x00000948	0x8	t_esp/db_light.cpp	local	lbl_t_esp_rodata_948	lbl_t_esp_rodata_948
.rodata	0x00000950	0xC	t_esp/db_light.cpp	local	lbl_t_esp_rodata_950	lbl_t_esp_rodata_950
.rodata	0x0000095C	0x8	t_esp/db_light.cpp	local	lbl_t_esp_rodata_95C	lbl_t_esp_rodata_95C
.rodata	0x00000964	0x10	t_esp/db_light.cpp	local	lbl_t_esp_rodata_964	lbl_t_esp_rodata_964
.rodata	0x00000974	0xC	t_esp/db_light.cpp	local	lbl_t_esp_rodata_974	lbl_t_esp_rodata_974
.rodata	0x00000980	0xC	t_esp/db_light.cpp	local	lbl_t_esp_rodata_980	lbl_t_esp_rodata_980
.rodata	0x0000098C	0xC	t_esp/db_light.cpp	local	lbl_t_esp_rodata_98C	lbl_t_esp_rodata_98C
.rodata	0x00000998	0x18	t_esp/db_light.cpp	local	lbl_t_esp_rodata_998	lbl_t_esp_rodata_998
.rodata	0x000009B0	0x1C	t_esp/db_light.cpp	local	lbl_t_esp_rodata_9B0	lbl_t_esp_rodata_9B0
.rodata	0x000009CC	0x8	t_esp/db_light.cpp	local	lbl_t_esp_rodata_9CC	lbl_t_esp_rodata_9CC
.rodata	0x000009D4	0xC	t_esp/db_light.cpp	local	lbl_t_esp_rodata_9D4	lbl_t_esp_rodata_9D4
.rodata	0x000009E0	0x10	t_esp/db_light.cpp	local	lbl_t_esp_rodata_9E0	lbl_t_esp_rodata_9E0
.rodata	0x000009F0	0x8	t_esp/db_light.cpp	local	lbl_t_esp_rodata_9F0	lbl_t_esp_rodata_9F0
.rodata	0x000009F8	0x4	t_esp/db_light.cpp	local	lbl_t_esp_rodata_9F8	lbl_t_esp_rodata_9F8
.rodata	0x000009FC	0x4	t_esp/db_light.cpp	local	lbl_t_esp_rodata_9FC	lbl_t_esp_rodata_9FC
.rodata	0x00000A00	0x14	t_esp/db_light.cpp	local	lbl_t_esp_rodata_A00	lbl_t_esp_rodata_A00
.rodata	0x00000A14	0x4	t_esp/db_light.cpp	local	lbl_t_esp_rodata_A14	lbl_t_esp_rodata_A14
.rodata	0x00000A18	0x4	t_esp/db_light.cpp	local	lbl_t_esp_rodata_A18	lbl_t_esp_rodata_A18
.rodata	0x00000A1C	0x4	t_esp/db_light.cpp	local	lbl_t_esp_rodata_A1C	lbl_t_esp_rodata_A1C
.rodata	0x00000A20	0x14	t_esp/db_light.cpp	local	lbl_t_esp_rodata_A20	lbl_t_esp_rodata_A20
.rodata	0x00000A34	0x10	t_esp/db_light.cpp	local	lbl_t_esp_rodata_A34	lbl_t_esp_rodata_A34
.rodata	0x00000A44	0x10	t_esp/db_light.cpp	local	lbl_t_esp_rodata_A44	lbl_t_esp_rodata_A44
.rodata	0x00000A54	0xC	t_esp/db_light.cpp	local	lbl_t_esp_rodata_A54	lbl_t_esp_rodata_A54
.rodata	0x00000A60	0x10	t_esp/db_light.cpp	local	lbl_t_esp_rodata_A60	lbl_t_esp_rodata_A60
.rodata	0x00000A70	0x4	t_esp/db_light.cpp	local	lbl_t_esp_rodata_A70	lbl_t_esp_rodata_A70
.rodata	0x00000A74	0x4	t_esp/db_light.cpp	local	lbl_t_esp_rodata_A74	lbl_t_esp_rodata_A74
.rodata	0x00000A78	0x4	t_esp/db_light.cpp	local	lbl_t_esp_rodata_A78	lbl_t_esp_rodata_A78
.rodata	0x00000A7C	0x4	t_esp/db_light.cpp	local	lbl_t_esp_rodata_A7C	lbl_t_esp_rodata_A7C
.rodata	0x00000A80	0x8	t_esp/db_light.cpp	local	lbl_t_esp_rodata_A80	lbl_t_esp_rodata_A80
.rodata	0x00000A88	0x8	t_esp/db_light.cpp	local	lbl_t_esp_rodata_A88	lbl_t_esp_rodata_A88
.rodata	0x00000A90	0xC	t_esp/db_light.cpp	local	lbl_t_esp_rodata_A90	lbl_t_esp_rodata_A90
.rodata	0x00000A9C	0x10	t_esp/db_light.cpp	local	lbl_t_esp_rodata_A9C	lbl_t_esp_rodata_A9C
.rodata	0x00000AAC	0x4	t_esp/db_light.cpp	local	lbl_t_esp_rodata_AAC	lbl_t_esp_rodata_AAC
.rodata	0x00000AB0	0x4	t_esp/db_light.cpp	local	lbl_t_esp_rodata_AB0	lbl_t_esp_rodata_AB0
.rodata	0x00000AB4	0x4	t_esp/db_light.cpp	local	lbl_t_esp_rodata_AB4	lbl_t_esp_rodata_AB4
.rodata	0x00000AB8	0x4	t_esp/db_light.cpp	local	lbl_t_esp_rodata_AB8	lbl_t_esp_rodata_AB8
.rodata	0x00000ABC	0x10	t_esp/db_light.cpp	local	lbl_t_esp_rodata_ABC	lbl_t_esp_rodata_ABC
.rodata	0x00000ACC	0x10	t_esp/db_light.cpp	local	lbl_t_esp_rodata_ACC	lbl_t_esp_rodata_ACC
.rodata	0x00000ADC	0x14	t_esp/db_light.cpp	local	lbl_t_esp_rodata_ADC	lbl_t_esp_rodata_ADC
.rodata	0x00000AF0	0x14	t_esp/db_light.cpp	local	lbl_t_esp_rodata_AF0	lbl_t_esp_rodata_AF0
.rodata	0x00000B04	0x18	t_esp/db_light.cpp	local	lbl_t_esp_rodata_B04	lbl_t_esp_rodata_B04
.rodata	0x00000B1C	0xC	t_esp/db_light.cpp	local	lbl_t_esp_rodata_B1C	lbl_t_esp_rodata_B1C
.rodata	0x00000B28	0xC	t_esp/db_light.cpp	local	lbl_t_esp_rodata_B28	lbl_t_esp_rodata_B28
.rodata	0x00000B34	0x10	t_esp/db_light.cpp	local	lbl_t_esp_rodata_B34	lbl_t_esp_rodata_B34
.rodata	0x00000B44	0x10	t_esp/db_light.cpp	local	lbl_t_esp_rodata_B44	lbl_t_esp_rodata_B44
.rodata	0x00000B54	0x10	t_esp/db_light.cpp	local	lbl_t_esp_rodata_B54	lbl_t_esp_rodata_B54
.rodata	0x00000B64	0x1C	t_esp/db_light.cpp	local	lbl_t_esp_rodata_B64	lbl_t_esp_rodata_B64
.rodata	0x00000B80	0x4	t_esp/db_light.cpp	local	lbl_t_esp_rodata_B80	lbl_t_esp_rodata_B80
.rodata	0x00000B84	0x4	t_esp/db_light.cpp	local	lbl_t_esp_rodata_B84	lbl_t_esp_rodata_B84
.rodata	0x00000B88	0x4	t_esp/db_light.cpp	local	lbl_t_esp_rodata_B88	lbl_t_esp_rodata_B88
.rodata	0x00000B8C	0xC	t_esp/db_light.cpp	local	lbl_t_esp_rodata_B8C	lbl_t_esp_rodata_B8C
.rodata	0x00000B98	0xC	t_esp/db_light.cpp	local	lbl_t_esp_rodata_B98	lbl_t_esp_rodata_B98
.rodata	0x00000BA4	0x10	t_esp/db_light.cpp	local	lbl_t_esp_rodata_BA4	lbl_t_esp_rodata_BA4
.rodata	0x00000BB4	0x10	t_esp/db_light.cpp	local	lbl_t_esp_rodata_BB4	lbl_t_esp_rodata_BB4
.rodata	0x00000BC4	0x4	t_esp/db_light.cpp	local	lbl_t_esp_rodata_BC4	lbl_t_esp_rodata_BC4
.rodata	0x00000BC8	0x4	t_esp/db_light.cpp	local	lbl_t_esp_rodata_BC8	lbl_t_esp_rodata_BC8
.rodata	0x00000BCC	0xC	t_esp/db_light.cpp	local	lbl_t_esp_rodata_BCC	lbl_t_esp_rodata_BCC
.rodata	0x00000BD8	0x4	t_esp/db_light.cpp	local	lbl_t_esp_rodata_BD8	lbl_t_esp_rodata_BD8
.rodata	0x00000BDC	0x4	t_esp/db_light.cpp	local	lbl_t_esp_rodata_BDC	lbl_t_esp_rodata_BDC
.rodata	0x00000BE0	0xC	t_esp/db_light.cpp	local	lbl_t_esp_rodata_BE0	lbl_t_esp_rodata_BE0
.rodata	0x00000BEC	0xC	t_esp/db_light.cpp	local	lbl_t_esp_rodata_BEC	lbl_t_esp_rodata_BEC
.rodata	0x00000BF8	0x8	t_esp/db_light.cpp	local	lbl_t_esp_rodata_BF8	lbl_t_esp_rodata_BF8
.rodata	0x00000C00	0xC	t_esp/db_light.cpp	local	lbl_t_esp_rodata_C00	lbl_t_esp_rodata_C00
.rodata	0x00000C0C	0x8	t_esp/db_light.cpp	local	lbl_t_esp_rodata_C0C	lbl_t_esp_rodata_C0C
.rodata	0x00000C14	0xC	t_esp/db_light.cpp	local	lbl_t_esp_rodata_C14	lbl_t_esp_rodata_C14
.rodata	0x00000C20	0xC	t_esp/db_light.cpp	local	lbl_t_esp_rodata_C20	lbl_t_esp_rodata_C20
.rodata	0x00000C2C	0x4	t_esp/db_light.cpp	local	lbl_t_esp_rodata_C2C	lbl_t_esp_rodata_C2C
.rodata	0x00000C30	0x4	t_esp/db_light.cpp	local	lbl_t_esp_rodata_C30	lbl_t_esp_rodata_C30
.rodata	0x00000C34	0x4	t_esp/db_light.cpp	local	lbl_t_esp_rodata_C34	lbl_t_esp_rodata_C34
.rodata	0x00000C38	0x4	t_esp/db_light.cpp	local	lbl_t_esp_rodata_C38	lbl_t_esp_rodata_C38
.rodata	0x00000C3C	0x4	t_esp/db_light.cpp	local	lbl_t_esp_rodata_C3C	lbl_t_esp_rodata_C3C
.rodata	0x00000C40	0x10	t_esp/db_light.cpp	local	lbl_t_esp_rodata_C40	lbl_t_esp_rodata_C40
.rodata	0x00000C50	0x4	t_esp/db_light.cpp	local	lbl_t_esp_rodata_C50	lbl_t_esp_rodata_C50
.rodata	0x00000C54	0x4	t_esp/db_light.cpp	local	lbl_t_esp_rodata_C54	lbl_t_esp_rodata_C54
.rodata	0x00000C58	0x4	t_esp/db_light.cpp	local	lbl_t_esp_rodata_C58	lbl_t_esp_rodata_C58
.rodata	0x00000C5C	0x18	t_esp/db_light.cpp	local	lbl_t_esp_rodata_C5C	lbl_t_esp_rodata_C5C
.rodata	0x00000C74	0xC	t_esp/db_light.cpp	local	lbl_t_esp_rodata_C74	lbl_t_esp_rodata_C74
.rodata	0x00000C80	0x18	t_esp/db_light.cpp	local	lbl_t_esp_rodata_C80	lbl_t_esp_rodata_C80
.rodata	0x00000C98	0x4	t_esp/db_light.cpp	local	lbl_t_esp_rodata_C98	lbl_t_esp_rodata_C98
.rodata	0x00000C9C	0x4	t_esp/db_light.cpp	local	lbl_t_esp_rodata_C9C	lbl_t_esp_rodata_C9C
.rodata	0x00000CA0	0x4	t_esp/db_light.cpp	local	lbl_t_esp_rodata_CA0	lbl_t_esp_rodata_CA0
.rodata	0x00000CA4	0x4	t_esp/db_light.cpp	local	lbl_t_esp_rodata_CA4	lbl_t_esp_rodata_CA4
.rodata	0x00000CA8	0x4	t_esp/db_light.cpp	local	lbl_t_esp_rodata_CA8	lbl_t_esp_rodata_CA8
.rodata	0x00000CAC	0x4	t_esp/db_light.cpp	local	lbl_t_esp_rodata_CAC	lbl_t_esp_rodata_CAC
.rodata	0x00000CB0	0x4	t_esp/db_light.cpp	local	lbl_t_esp_rodata_CB0	lbl_t_esp_rodata_CB0
.rodata	0x00000CB4	0x4	t_esp/db_light.cpp	local	lbl_t_esp_rodata_CB4	lbl_t_esp_rodata_CB4
.rodata	0x00000CB8	0x4	t_esp/db_light.cpp	local	lbl_t_esp_rodata_CB8	lbl_t_esp_rodata_CB8
.rodata	0x00000CBC	0xC	t_esp/db_light.cpp	local	lbl_t_esp_rodata_CBC	lbl_t_esp_rodata_CBC
.rodata	0x00000CC8	0xC	t_esp/db_light.cpp	local	lbl_t_esp_rodata_CC8	lbl_t_esp_rodata_CC8
.rodata	0x00000CD4	0xC	t_esp/db_light.cpp	local	lbl_t_esp_rodata_CD4	lbl_t_esp_rodata_CD4
.rodata	0x00000CE0	0xC	t_esp/db_light.cpp	local	lbl_t_esp_rodata_CE0	lbl_t_esp_rodata_CE0
.rodata	0x00000CEC	0xC	t_esp/db_light.cpp	local	lbl_t_esp_rodata_CEC	lbl_t_esp_rodata_CEC
.rodata	0x00000CF8	0xC	t_esp/db_light.cpp	local	lbl_t_esp_rodata_CF8	lbl_t_esp_rodata_CF8
.rodata	0x00000D04	0x8	t_esp/db_light.cpp	local	lbl_t_esp_rodata_D04	lbl_t_esp_rodata_D04
.rodata	0x00000D0C	0x4	t_esp/db_light.cpp	local	lbl_t_esp_rodata_D0C	lbl_t_esp_rodata_D0C
.rodata	0x00000D10	0x4	t_esp/db_light.cpp	local	lbl_t_esp_rodata_D10	lbl_t_esp_rodata_D10
.rodata	0x00000D14	0x4	t_esp/db_light.cpp	local	lbl_t_esp_rodata_D14	lbl_t_esp_rodata_D14
.rodata	0x00000D18	0x4	t_esp/db_light.cpp	local	lbl_t_esp_rodata_D18	lbl_t_esp_rodata_D18
.rodata	0x00000D1C	0x4	t_esp/db_light.cpp	local	lbl_t_esp_rodata_D1C	lbl_t_esp_rodata_D1C
.rodata	0x00000D20	0x4	t_esp/db_light.cpp	local	lbl_t_esp_rodata_D20	lbl_t_esp_rodata_D20
.rodata	0x00000D24	0x4	t_esp/db_light.cpp	local	lbl_t_esp_rodata_D24	lbl_t_esp_rodata_D24
.rodata	0x00000D28	0x4	t_esp/db_light.cpp	local	lbl_t_esp_rodata_D28	lbl_t_esp_rodata_D28
.rodata	0x00000D2C	0x4	t_esp/db_light.cpp	local	lbl_t_esp_rodata_D2C	lbl_t_esp_rodata_D2C
.rodata	0x00000D30	0x8	t_esp/db_light.cpp	local	lbl_t_esp_rodata_D30	lbl_t_esp_rodata_D30
.rodata	0x00000D38	0x8	t_esp/db_light.cpp	local	lbl_t_esp_rodata_D38	lbl_t_esp_rodata_D38
.rodata	0x00000D40	0x4	t_esp/db_light.cpp	local	lbl_t_esp_rodata_D40	lbl_t_esp_rodata_D40
.rodata	0x00000D44	0x4	t_esp/db_light.cpp	local	lbl_t_esp_rodata_D44	lbl_t_esp_rodata_D44
.rodata	0x00000D48	0x8	t_esp/db_light.cpp	local	lbl_t_esp_rodata_D48	lbl_t_esp_rodata_D48
.rodata	0x00000D50	0x4	t_esp/db_light.cpp	local	lbl_t_esp_rodata_D50	lbl_t_esp_rodata_D50
.rodata	0x00000D54	0x4	t_esp/db_light.cpp	local	lbl_t_esp_rodata_D54	lbl_t_esp_rodata_D54
.rodata	0x00000D58	0x4	t_esp/db_light.cpp	local	lbl_t_esp_rodata_D58	lbl_t_esp_rodata_D58
.rodata	0x00000D5C	0x4	t_esp/db_light.cpp	local	lbl_t_esp_rodata_D5C	lbl_t_esp_rodata_D5C
.rodata	0x00000D60	0xC	t_esp/db_light.cpp	local	lbl_t_esp_rodata_D60	lbl_t_esp_rodata_D60
.rodata	0x00000D6C	0xC	t_esp/db_light.cpp	local	lbl_t_esp_rodata_D6C	lbl_t_esp_rodata_D6C
.rodata	0x00000D78	0xC	t_esp/db_light.cpp	local	lbl_t_esp_rodata_D78	lbl_t_esp_rodata_D78
.rodata	0x00000D84	0x4	t_esp/db_light.cpp	local	lbl_t_esp_rodata_D84	lbl_t_esp_rodata_D84
.rodata	0x00000D88	0x4	t_esp/db_light.cpp	local	lbl_t_esp_rodata_D88	lbl_t_esp_rodata_D88
.rodata	0x00000D8C	0x4	t_esp/db_light.cpp	local	lbl_t_esp_rodata_D8C	lbl_t_esp_rodata_D8C
.rodata	0x00000D90	0x4	t_esp/db_light.cpp	local	lbl_t_esp_rodata_D90	lbl_t_esp_rodata_D90
.rodata	0x00000D94	0x4	t_esp/db_light.cpp	local	lbl_t_esp_rodata_D94	lbl_t_esp_rodata_D94
.rodata	0x00000D98	0x4	t_esp/db_light.cpp	local	lbl_t_esp_rodata_D98	lbl_t_esp_rodata_D98
.rodata	0x00000D9C	0x4	t_esp/db_light.cpp	local	lbl_t_esp_rodata_D9C	lbl_t_esp_rodata_D9C
.rodata	0x00000DA0	0x4	t_esp/db_light.cpp	local	lbl_t_esp_rodata_DA0	lbl_t_esp_rodata_DA0
.rodata	0x00000DA4	0x8	t_esp/db_light.cpp	local	lbl_t_esp_rodata_DA4	lbl_t_esp_rodata_DA4
.rodata	0x00000DAC	0xC	t_esp/db_light.cpp	local	lbl_t_esp_rodata_DAC	lbl_t_esp_rodata_DAC
.rodata	0x00000DB8	0x10	t_esp/db_light.cpp	local	lbl_t_esp_rodata_DB8	lbl_t_esp_rodata_DB8
.rodata	0x00000DC8	0x10	t_esp/db_light.cpp	local	lbl_t_esp_rodata_DC8	lbl_t_esp_rodata_DC8
.rodata	0x00000DD8	0x8	t_esp/db_light.cpp	local	lbl_t_esp_rodata_DD8	lbl_t_esp_rodata_DD8
.rodata	0x00000DE0	0x10	t_esp/db_light.cpp	local	lbl_t_esp_rodata_DE0	lbl_t_esp_rodata_DE0
.rodata	0x00000DF0	0x4	t_esp/db_light.cpp	local	lbl_t_esp_rodata_DF0	lbl_t_esp_rodata_DF0
.rodata	0x00000DF4	0x4	t_esp/db_light.cpp	local	lbl_t_esp_rodata_DF4	lbl_t_esp_rodata_DF4
.rodata	0x00000DF8	0x4	t_esp/db_light.cpp	local	lbl_t_esp_rodata_DF8	lbl_t_esp_rodata_DF8
.rodata	0x00000DFC	0x4	t_esp/db_light.cpp	local	lbl_t_esp_rodata_DFC	lbl_t_esp_rodata_DFC
.rodata	0x00000E00	0x4	t_esp/db_light.cpp	local	lbl_t_esp_rodata_E00	lbl_t_esp_rodata_E00
.rodata	0x00000E04	0x8	t_esp/db_light.cpp	local	lbl_t_esp_rodata_E04	lbl_t_esp_rodata_E04
.rodata	0x00000E0C	0x4	t_esp/db_light.cpp	local	lbl_t_esp_rodata_E0C	lbl_t_esp_rodata_E0C
.rodata	0x00000E10	0x10	t_esp/db_light.cpp	local	lbl_t_esp_rodata_E10	lbl_t_esp_rodata_E10
.rodata	0x00000E20	0x10	t_esp/db_light.cpp	local	lbl_t_esp_rodata_E20	lbl_t_esp_rodata_E20
.rodata	0x00000E30	0xC	t_esp/db_light.cpp	local	lbl_t_esp_rodata_E30	lbl_t_esp_rodata_E30
.rodata	0x00000E3C	0xC	t_esp/db_light.cpp	local	lbl_t_esp_rodata_E3C	lbl_t_esp_rodata_E3C
.rodata	0x00000E48	0xC	t_esp/db_light.cpp	local	lbl_t_esp_rodata_E48	lbl_t_esp_rodata_E48
.rodata	0x00000E54	0x4	t_esp/db_light.cpp	local	lbl_t_esp_rodata_E54	lbl_t_esp_rodata_E54
.rodata	0x00000E58	0x4	t_esp/db_light.cpp	local	lbl_t_esp_rodata_E58	lbl_t_esp_rodata_E58
.rodata	0x00000E5C	0x4	t_esp/db_light.cpp	local	lbl_t_esp_rodata_E5C	lbl_t_esp_rodata_E5C
.rodata	0x00000E60	0x4	t_esp/db_light.cpp	local	lbl_t_esp_rodata_E60	lbl_t_esp_rodata_E60
.rodata	0x00000E64	0x4	t_esp/db_light.cpp	local	lbl_t_esp_rodata_E64	lbl_t_esp_rodata_E64
.rodata	0x00000E68	0x8	t_esp/db_light.cpp	local	lbl_t_esp_rodata_E68	lbl_t_esp_rodata_E68
.rodata	0x00000E70	0x8	t_esp/db_light.cpp	local	lbl_t_esp_rodata_E70	lbl_t_esp_rodata_E70
.rodata	0x00000E78	0x4	t_esp/db_light.cpp	local	lbl_t_esp_rodata_E78	lbl_t_esp_rodata_E78
.rodata	0x00000E7C	0x4	t_esp/db_light.cpp	local	lbl_t_esp_rodata_E7C	lbl_t_esp_rodata_E7C
.rodata	0x00000E80	0x8	t_esp/db_light.cpp	local	lbl_t_esp_rodata_E80	lbl_t_esp_rodata_E80
.rodata	0x00000E88	0x4	t_esp/db_light.cpp	local	lbl_t_esp_rodata_E88	lbl_t_esp_rodata_E88
.rodata	0x00000E8C	0xC	t_esp/db_light.cpp	local	lbl_t_esp_rodata_E8C	lbl_t_esp_rodata_E8C
.rodata	0x00000E98	0x10	t_esp/db_light.cpp	local	lbl_t_esp_rodata_E98	lbl_t_esp_rodata_E98
.rodata	0x00000EA8	0xC	t_esp/db_light.cpp	local	lbl_t_esp_rodata_EA8	lbl_t_esp_rodata_EA8
.rodata	0x00000EB4	0xC	t_esp/db_light.cpp	local	lbl_t_esp_rodata_EB4	lbl_t_esp_rodata_EB4
.rodata	0x00000EC0	0xC	t_esp/db_light.cpp	local	lbl_t_esp_rodata_EC0	lbl_t_esp_rodata_EC0
.rodata	0x00000ECC	0xC	t_esp/db_light.cpp	local	lbl_t_esp_rodata_ECC	lbl_t_esp_rodata_ECC
.rodata	0x00000ED8	0xC	t_esp/db_light.cpp	local	lbl_t_esp_rodata_ED8	lbl_t_esp_rodata_ED8
.rodata	0x00000EE4	0xC	t_esp/db_light.cpp	local	lbl_t_esp_rodata_EE4	lbl_t_esp_rodata_EE4
.rodata	0x00000EF0	0xC	t_esp/db_light.cpp	local	lbl_t_esp_rodata_EF0	lbl_t_esp_rodata_EF0
.rodata	0x00000EFC	0xC	t_esp/db_light.cpp	local	lbl_t_esp_rodata_EFC	lbl_t_esp_rodata_EFC
.rodata	0x00000F08	0x4	t_esp/db_light.cpp	local	lbl_t_esp_rodata_F08	lbl_t_esp_rodata_F08
.rodata	0x00000F0C	0x4	t_esp/db_light.cpp	local	lbl_t_esp_rodata_F0C	lbl_t_esp_rodata_F0C
.rodata	0x00000F10	0x4	t_esp/db_light.cpp	local	lbl_t_esp_rodata_F10	lbl_t_esp_rodata_F10
.rodata	0x00000F14	0x4	t_esp/db_light.cpp	local	lbl_t_esp_rodata_F14	lbl_t_esp_rodata_F14
.rodata	0x00000F18	0x4	t_esp/db_light.cpp	local	lbl_t_esp_rodata_F18	lbl_t_esp_rodata_F18
.rodata	0x00000F1C	0x4	t_esp/db_light.cpp	local	lbl_t_esp_rodata_F1C	lbl_t_esp_rodata_F1C
.rodata	0x00000F20	0xC	t_esp/db_light.cpp	local	lbl_t_esp_rodata_F20	lbl_t_esp_rodata_F20
.rodata	0x00000F2C	0xC	t_esp/db_light.cpp	local	lbl_t_esp_rodata_F2C	lbl_t_esp_rodata_F2C
.rodata	0x00000F38	0x10	t_esp/db_light.cpp	local	lbl_t_esp_rodata_F38	lbl_t_esp_rodata_F38
.rodata	0x00000F48	0xC	t_esp/db_light.cpp	local	lbl_t_esp_rodata_F48	lbl_t_esp_rodata_F48
.rodata	0x00000F54	0x4	t_esp/db_light.cpp	local	lbl_t_esp_rodata_F54	lbl_t_esp_rodata_F54
.rodata	0x00000F58	0x4	t_esp/db_light.cpp	local	lbl_t_esp_rodata_F58	lbl_t_esp_rodata_F58
.rodata	0x00000F5C	0x4	t_esp/db_light.cpp	local	lbl_t_esp_rodata_F5C	lbl_t_esp_rodata_F5C
.rodata	0x00000F60	0x4	t_esp/db_light.cpp	local	lbl_t_esp_rodata_F60	lbl_t_esp_rodata_F60
.rodata	0x00000F64	0x4	t_esp/db_light.cpp	local	lbl_t_esp_rodata_F64	lbl_t_esp_rodata_F64
.rodata	0x00000F68	0x4	t_esp/db_light.cpp	local	lbl_t_esp_rodata_F68	lbl_t_esp_rodata_F68
.rodata	0x00000F6C	0x8	t_esp/db_light.cpp	local	lbl_t_esp_rodata_F6C	lbl_t_esp_rodata_F6C
.rodata	0x00000F74	0x4	t_esp/db_light.cpp	local	lbl_t_esp_rodata_F74	lbl_t_esp_rodata_F74
.rodata	0x00000F78	0x8	t_esp/db_light.cpp	local	lbl_t_esp_rodata_F78	lbl_t_esp_rodata_F78
.rodata	0x00000F80	0x8	t_esp/db_light.cpp	local	lbl_t_esp_rodata_F80	lbl_t_esp_rodata_F80
.rodata	0x00000F88	0x4	t_esp/db_light.cpp	local	lbl_t_esp_rodata_F88	lbl_t_esp_rodata_F88
.rodata	0x00000F8C	0x4	t_esp/db_light.cpp	local	lbl_t_esp_rodata_F8C	lbl_t_esp_rodata_F8C
.rodata	0x00000F90	0x4	t_esp/db_light.cpp	local	lbl_t_esp_rodata_F90	lbl_t_esp_rodata_F90
.rodata	0x00000F94	0x4	t_esp/db_light.cpp	local	lbl_t_esp_rodata_F94	lbl_t_esp_rodata_F94
.rodata	0x00000F98	0x4	t_esp/db_light.cpp	local	lbl_t_esp_rodata_F98	lbl_t_esp_rodata_F98
.rodata	0x00000F9C	0x4	t_esp/db_light.cpp	local	lbl_t_esp_rodata_F9C	lbl_t_esp_rodata_F9C
.rodata	0x00000FA0	0x4	t_esp/db_light.cpp	local	lbl_t_esp_rodata_FA0	lbl_t_esp_rodata_FA0
.rodata	0x00000FA4	0x4	t_esp/db_light.cpp	local	lbl_t_esp_rodata_FA4	lbl_t_esp_rodata_FA4
.rodata	0x00000FA8	0x4	t_esp/db_light.cpp	local	lbl_t_esp_rodata_FA8	lbl_t_esp_rodata_FA8
.rodata	0x00000FAC	0x14	t_esp/db_light.cpp	local	lbl_t_esp_rodata_FAC	lbl_t_esp_rodata_FAC
.rodata	0x00000FC0	0x14	t_esp/db_light.cpp	local	lbl_t_esp_rodata_FC0	lbl_t_esp_rodata_FC0
.rodata	0x00000FD4	0xC	t_esp/db_light.cpp	local	lbl_t_esp_rodata_FD4	lbl_t_esp_rodata_FD4
.rodata	0x00000FE0	0x10	t_esp/db_light.cpp	local	lbl_t_esp_rodata_FE0	lbl_t_esp_rodata_FE0
.rodata	0x00000FF0	0x10	t_esp/db_light.cpp	local	lbl_t_esp_rodata_FF0	lbl_t_esp_rodata_FF0
.rodata	0x00001000	0x10	t_esp/db_light.cpp	local	lbl_t_esp_rodata_1000	lbl_t_esp_rodata_1000
.rodata	0x00001010	0x10	t_esp/db_light.cpp	local	lbl_t_esp_rodata_1010	lbl_t_esp_rodata_1010
.rodata	0x00001020	0x8	t_esp/db_light.cpp	local	lbl_t_esp_rodata_1020	lbl_t_esp_rodata_1020
.rodata	0x00001028	0x8	t_esp/db_light.cpp	local	lbl_t_esp_rodata_1028	lbl_t_esp_rodata_1028
.rodata	0x00001030	0x4	t_esp/db_light.cpp	local	lbl_t_esp_rodata_1030	lbl_t_esp_rodata_1030
.rodata	0x00001034	0x4	t_esp/db_light.cpp	local	lbl_t_esp_rodata_1034	lbl_t_esp_rodata_1034
.rodata	0x00001038	0x4	t_esp/db_light.cpp	local	lbl_t_esp_rodata_1038	lbl_t_esp_rodata_1038
.rodata	0x0000103C	0x4	t_esp/db_light.cpp	local	lbl_t_esp_rodata_103C	lbl_t_esp_rodata_103C
.rodata	0x00001040	0x4	t_esp/db_light.cpp	local	lbl_t_esp_rodata_1040	lbl_t_esp_rodata_1040
.rodata	0x00001044	0x4	t_esp/db_light.cpp	local	lbl_t_esp_rodata_1044	lbl_t_esp_rodata_1044
.rodata	0x00001048	0x4	t_esp/db_light.cpp	local	lbl_t_esp_rodata_1048	lbl_t_esp_rodata_1048
.rodata	0x0000104C	0x4	t_esp/db_light.cpp	local	lbl_t_esp_rodata_104C	lbl_t_esp_rodata_104C
.rodata	0x00001050	0x4	t_esp/db_light.cpp	local	lbl_t_esp_rodata_1050	lbl_t_esp_rodata_1050
.rodata	0x00001054	0xC	t_esp/db_light.cpp	local	lbl_t_esp_rodata_1054	lbl_t_esp_rodata_1054
.rodata	0x00001060	0x8	t_esp/db_light.cpp	local	lbl_t_esp_rodata_1060	lbl_t_esp_rodata_1060
.rodata	0x00001068	0xC	t_esp/db_light.cpp	local	lbl_t_esp_rodata_1068	lbl_t_esp_rodata_1068
.rodata	0x00001074	0xC	t_esp/db_light.cpp	local	lbl_t_esp_rodata_1074	lbl_t_esp_rodata_1074
.rodata	0x00001080	0x8	t_esp/db_light.cpp	local	lbl_t_esp_rodata_1080	lbl_t_esp_rodata_1080
.rodata	0x00001088	0x8	t_esp/db_light.cpp	local	lbl_t_esp_rodata_1088	lbl_t_esp_rodata_1088
.rodata	0x00001090	0x10	t_esp/db_light.cpp	local	lbl_t_esp_rodata_1090	lbl_t_esp_rodata_1090
.rodata	0x000010A0	0xC	t_esp/db_light.cpp	local	lbl_t_esp_rodata_10A0	lbl_t_esp_rodata_10A0
.rodata	0x000010AC	0x10	t_esp/db_light.cpp	local	lbl_t_esp_rodata_10AC	lbl_t_esp_rodata_10AC
.rodata	0x000010BC	0x18	t_esp/db_light.cpp	local	lbl_t_esp_rodata_10BC	lbl_t_esp_rodata_10BC
.rodata	0x000010D4	0x10	t_esp/db_light.cpp	local	lbl_t_esp_rodata_10D4	lbl_t_esp_rodata_10D4
.rodata	0x000010E4	0x14	t_esp/db_light.cpp	local	lbl_t_esp_rodata_10E4	lbl_t_esp_rodata_10E4
.rodata	0x000010F8	0x14	t_esp/db_light.cpp	local	lbl_t_esp_rodata_10F8	lbl_t_esp_rodata_10F8
.rodata	0x0000110C	0x14	t_esp/db_light.cpp	local	lbl_t_esp_rodata_110C	lbl_t_esp_rodata_110C
.rodata	0x00001120	0x14	t_esp/db_light.cpp	local	lbl_t_esp_rodata_1120	lbl_t_esp_rodata_1120
.rodata	0x00001134	0x14	t_esp/db_light.cpp	local	lbl_t_esp_rodata_1134	lbl_t_esp_rodata_1134
.rodata	0x00001148	0xC	t_esp/db_light.cpp	local	lbl_t_esp_rodata_1148	lbl_t_esp_rodata_1148
.rodata	0x00001154	0x18	t_esp/db_light.cpp	local	lbl_t_esp_rodata_1154	lbl_t_esp_rodata_1154
.rodata	0x0000116C	0x14	t_esp/db_light.cpp	local	lbl_t_esp_rodata_116C	lbl_t_esp_rodata_116C
.rodata	0x00001180	0x14	t_esp/db_light.cpp	local	lbl_t_esp_rodata_1180	lbl_t_esp_rodata_1180
.rodata	0x00001194	0x18	t_esp/db_light.cpp	local	lbl_t_esp_rodata_1194	lbl_t_esp_rodata_1194
.rodata	0x000011AC	0x18	t_esp/db_light.cpp	local	lbl_t_esp_rodata_11AC	lbl_t_esp_rodata_11AC
.rodata	0x000011C4	0x18	t_esp/db_light.cpp	local	lbl_t_esp_rodata_11C4	lbl_t_esp_rodata_11C4
.rodata	0x000011DC	0x14	t_esp/db_light.cpp	local	lbl_t_esp_rodata_11DC	lbl_t_esp_rodata_11DC
.rodata	0x000011F0	0x8	t_esp/db_light.cpp	local	lbl_t_esp_rodata_11F0	lbl_t_esp_rodata_11F0
.rodata	0x000011F8	0x4	t_esp/db_light.cpp	local	lbl_t_esp_rodata_11F8	lbl_t_esp_rodata_11F8
.rodata	0x000011FC	0x4	t_esp/db_light.cpp	local	lbl_t_esp_rodata_11FC	lbl_t_esp_rodata_11FC
.rodata	0x00001200	0x4	t_esp/db_light.cpp	local	lbl_t_esp_rodata_1200	lbl_t_esp_rodata_1200
.rodata	0x00001204	0x4	t_esp/db_light.cpp	local	lbl_t_esp_rodata_1204	lbl_t_esp_rodata_1204
.rodata	0x00001208	0x4	t_esp/db_light.cpp	local	lbl_t_esp_rodata_1208	lbl_t_esp_rodata_1208
.rodata	0x0000120C	0x4	t_esp/db_light.cpp	local	lbl_t_esp_rodata_120C	lbl_t_esp_rodata_120C
.rodata	0x00001210	0x4	t_esp/db_light.cpp	local	lbl_t_esp_rodata_1210	lbl_t_esp_rodata_1210
.rodata	0x00001214	0x8	t_esp/db_light.cpp	local	lbl_t_esp_rodata_1214	lbl_t_esp_rodata_1214
.rodata	0x0000121C	0x4	t_esp/db_light.cpp	local	lbl_t_esp_rodata_121C	lbl_t_esp_rodata_121C
.rodata	0x00001220	0x4	t_esp/db_light.cpp	local	lbl_t_esp_rodata_1220	lbl_t_esp_rodata_1220
.rodata	0x00001224	0x3C	t_esp/db_light.cpp	local	lbl_t_esp_rodata_1224	lbl_t_esp_rodata_1224
.rodata	0x00001260	0x3C	t_esp/db_light.cpp	local	lbl_t_esp_rodata_1260	lbl_t_esp_rodata_1260
.rodata	0x0000129C	0x4	t_esp/db_light.cpp	local	lbl_t_esp_rodata_129C	lbl_t_esp_rodata_129C
.rodata	0x000012A0	0x4	t_esp/db_light.cpp	local	lbl_t_esp_rodata_12A0	lbl_t_esp_rodata_12A0
.rodata	0x000012A4	0x4	t_esp/db_light.cpp	local	lbl_t_esp_rodata_12A4	lbl_t_esp_rodata_12A4
.rodata	0x000012A8	0x4	t_esp/db_light.cpp	local	lbl_t_esp_rodata_12A8	lbl_t_esp_rodata_12A8
.rodata	0x000012AC	0x4	t_esp/db_light.cpp	local	lbl_t_esp_rodata_12AC	lbl_t_esp_rodata_12AC
.rodata	0x000012B0	0x14	t_esp/db_light.cpp	local	lbl_t_esp_rodata_12B0	lbl_t_esp_rodata_12B0
.rodata	0x000012C4	0x4	t_esp/db_light.cpp	local	lbl_t_esp_rodata_12C4	lbl_t_esp_rodata_12C4
.rodata	0x000012C8	0x4	t_esp/db_light.cpp	local	lbl_t_esp_rodata_12C8	lbl_t_esp_rodata_12C8
.rodata	0x000012CC	0x8	t_esp/db_light.cpp	local	lbl_t_esp_rodata_12CC	lbl_t_esp_rodata_12CC
.rodata	0x000012D4	0x8	t_esp/db_light.cpp	local	lbl_t_esp_rodata_12D4	lbl_t_esp_rodata_12D4
.rodata	0x000012DC	0x8	t_esp/db_light.cpp	local	lbl_t_esp_rodata_12DC	lbl_t_esp_rodata_12DC
.rodata	0x000012E4	0x4	t_esp/db_light.cpp	local	lbl_t_esp_rodata_12E4	lbl_t_esp_rodata_12E4
.rodata	0x000012E8	0x8	t_esp/db_light.cpp	local	lbl_t_esp_rodata_12E8	lbl_t_esp_rodata_12E8
.rodata	0x000012F0	0xC	t_esp/db_light.cpp	local	lbl_t_esp_rodata_12F0	lbl_t_esp_rodata_12F0
.rodata	0x000012FC	0x4	t_esp/db_light.cpp	local	lbl_t_esp_rodata_12FC	lbl_t_esp_rodata_12FC
.rodata	0x00001300	0x4	t_esp/db_light.cpp	local	lbl_t_esp_rodata_1300	lbl_t_esp_rodata_1300
.rodata	0x00001304	0x4	t_esp/db_light.cpp	local	lbl_t_esp_rodata_1304	lbl_t_esp_rodata_1304
.rodata	0x00001308	0x4	t_esp/db_light.cpp	local	lbl_t_esp_rodata_1308	lbl_t_esp_rodata_1308
.rodata	0x0000130C	0x4	t_esp/db_light.cpp	local	lbl_t_esp_rodata_130C	lbl_t_esp_rodata_130C
.rodata	0x00001310	0x4	t_esp/db_light.cpp	local	lbl_t_esp_rodata_1310	lbl_t_esp_rodata_1310
.rodata	0x00001314	0x4	t_esp/db_light.cpp	local	lbl_t_esp_rodata_1314	lbl_t_esp_rodata_1314
.rodata	0x00001318	0x28	t_esp/db_light.cpp	local	lbl_t_esp_rodata_1318	lbl_t_esp_rodata_1318
.rodata	0x00001340	0x1C	t_esp/db_light.cpp	local	lbl_t_esp_rodata_1340	lbl_t_esp_rodata_1340
.rodata	0x0000135C	0x28	t_esp/db_light.cpp	local	lbl_t_esp_rodata_135C	lbl_t_esp_rodata_135C
.rodata	0x00001384	0x8	t_esp/db_light.cpp	local	lbl_t_esp_rodata_1384	lbl_t_esp_rodata_1384
.rodata	0x0000138C	0x8	t_esp/db_light.cpp	local	lbl_t_esp_rodata_138C	lbl_t_esp_rodata_138C
.rodata	0x00001394	0x8	t_esp/db_light.cpp	local	lbl_t_esp_rodata_1394	lbl_t_esp_rodata_1394
.rodata	0x0000139C	0x8	t_esp/db_light.cpp	local	lbl_t_esp_rodata_139C	lbl_t_esp_rodata_139C
.rodata	0x000013A4	0x8	t_esp/db_light.cpp	local	lbl_t_esp_rodata_13A4	lbl_t_esp_rodata_13A4
.rodata	0x000013AC	0x8	t_esp/db_light.cpp	local	lbl_t_esp_rodata_13AC	lbl_t_esp_rodata_13AC
.rodata	0x000013B4	0x4	t_esp/db_light.cpp	local	lbl_t_esp_rodata_13B4	lbl_t_esp_rodata_13B4
.rodata	0x000013B8	0x4	t_esp/db_light.cpp	local	lbl_t_esp_rodata_13B8	lbl_t_esp_rodata_13B8
.rodata	0x000013BC	0x4	t_esp/db_light.cpp	local	lbl_t_esp_rodata_13BC	lbl_t_esp_rodata_13BC
.rodata	0x000013C0	0x4	t_esp/db_light.cpp	local	lbl_t_esp_rodata_13C0	lbl_t_esp_rodata_13C0
.rodata	0x000013C4	0x4	t_esp/db_light.cpp	local	lbl_t_esp_rodata_13C4	lbl_t_esp_rodata_13C4
.rodata	0x000013C8	0x4	t_esp/db_light.cpp	local	lbl_t_esp_rodata_13C8	lbl_t_esp_rodata_13C8
.rodata	0x000013CC	0x4	t_esp/db_light.cpp	local	lbl_t_esp_rodata_13CC	lbl_t_esp_rodata_13CC
.rodata	0x000013D0	0x4	t_esp/db_light.cpp	local	lbl_t_esp_rodata_13D0	lbl_t_esp_rodata_13D0
.rodata	0x000013D4	0x8	t_esp/db_light.cpp	local	lbl_t_esp_rodata_13D4	lbl_t_esp_rodata_13D4
.rodata	0x000013DC	0x4	t_esp/db_light.cpp	local	lbl_t_esp_rodata_13DC	lbl_t_esp_rodata_13DC
.rodata	0x000013E0	0x8	t_esp/db_light.cpp	local	lbl_t_esp_rodata_13E0	lbl_t_esp_rodata_13E0
.rodata	0x000013E8	0x8	t_esp/db_light.cpp	local	lbl_t_esp_rodata_13E8	lbl_t_esp_rodata_13E8
.rodata	0x000013F0	0xC	t_esp/db_light.cpp	local	lbl_t_esp_rodata_13F0	lbl_t_esp_rodata_13F0
.rodata	0x000013FC	0x8	t_esp/db_light.cpp	local	lbl_t_esp_rodata_13FC	lbl_t_esp_rodata_13FC
.rodata	0x00001404	0x4	t_esp/db_light.cpp	local	lbl_t_esp_rodata_1404	lbl_t_esp_rodata_1404
.rodata	0x00001408	0x4	t_esp/db_light.cpp	local	lbl_t_esp_rodata_1408	lbl_t_esp_rodata_1408
.rodata	0x0000140C	0x4	t_esp/db_light.cpp	local	lbl_t_esp_rodata_140C	lbl_t_esp_rodata_140C
.rodata	0x00001410	0xC	t_esp/db_light.cpp	local	lbl_t_esp_rodata_1410	lbl_t_esp_rodata_1410
.rodata	0x0000141C	0x4	t_esp/db_light.cpp	local	lbl_t_esp_rodata_141C	lbl_t_esp_rodata_141C
.rodata	0x00001420	0x4	t_esp/db_light.cpp	local	lbl_t_esp_rodata_1420	lbl_t_esp_rodata_1420
.rodata	0x00001424	0x4	t_esp/db_light.cpp	local	lbl_t_esp_rodata_1424	lbl_t_esp_rodata_1424
.rodata	0x00001428	0x4	t_esp/db_light.cpp	local	lbl_t_esp_rodata_1428	lbl_t_esp_rodata_1428
.rodata	0x0000142C	0x4	t_esp/db_light.cpp	local	lbl_t_esp_rodata_142C	lbl_t_esp_rodata_142C
.rodata	0x00001430	0x8	t_esp/db_light.cpp	local	lbl_t_esp_rodata_1430	lbl_t_esp_rodata_1430
.rodata	0x00001438	0x8	t_esp/db_light.cpp	local	lbl_t_esp_rodata_1438	lbl_t_esp_rodata_1438
.rodata	0x00001440	0x4	t_esp/db_light.cpp	local	lbl_t_esp_rodata_1440	lbl_t_esp_rodata_1440
.rodata	0x00001444	0x18	t_esp/db_light.cpp	local	lbl_t_esp_rodata_1444	lbl_t_esp_rodata_1444
.rodata	0x0000145C	0x8	t_esp/db_light.cpp	local	lbl_t_esp_rodata_145C	lbl_t_esp_rodata_145C
.rodata	0x00001464	0x8	t_esp/db_light.cpp	local	lbl_t_esp_rodata_1464	lbl_t_esp_rodata_1464
.rodata	0x0000146C	0xC	t_esp/db_light.cpp	local	lbl_t_esp_rodata_146C	lbl_t_esp_rodata_146C
.rodata	0x00001478	0x8	t_esp/db_light.cpp	local	lbl_t_esp_rodata_1478	lbl_t_esp_rodata_1478
.rodata	0x00001480	0x4	t_esp/db_light.cpp	local	lbl_t_esp_rodata_1480	lbl_t_esp_rodata_1480
.rodata	0x00001484	0x14	t_esp/db_light.cpp	local	lbl_t_esp_rodata_1484	lbl_t_esp_rodata_1484
.rodata	0x00001498	0x4	t_esp/db_light.cpp	local	lbl_t_esp_rodata_1498	lbl_t_esp_rodata_1498
.rodata	0x0000149C	0x4	t_esp/db_light.cpp	local	lbl_t_esp_rodata_149C	lbl_t_esp_rodata_149C
.rodata	0x000014A0	0x4	t_esp/db_light.cpp	local	lbl_t_esp_rodata_14A0	lbl_t_esp_rodata_14A0
.rodata	0x000014A4	0x4	t_esp/db_light.cpp	local	lbl_t_esp_rodata_14A4	lbl_t_esp_rodata_14A4
.rodata	0x000014A8	0x4	t_esp/db_light.cpp	local	lbl_t_esp_rodata_14A8	lbl_t_esp_rodata_14A8
.rodata	0x000014AC	0x4	t_esp/db_light.cpp	local	lbl_t_esp_rodata_14AC	lbl_t_esp_rodata_14AC
.rodata	0x000014B0	0x8	t_esp/db_light.cpp	local	lbl_t_esp_rodata_14B0	lbl_t_esp_rodata_14B0
.rodata	0x000014B8	0x8	t_esp/db_light.cpp	local	lbl_t_esp_rodata_14B8	lbl_t_esp_rodata_14B8
.rodata	0x000014C0	0x8	t_esp/db_light.cpp	local	lbl_t_esp_rodata_14C0	lbl_t_esp_rodata_14C0
.rodata	0x000014C8	0x8	t_esp/db_light.cpp	local	lbl_t_esp_rodata_14C8	lbl_t_esp_rodata_14C8
.rodata	0x000014D0	0x8	t_esp/db_light.cpp	local	lbl_t_esp_rodata_14D0	lbl_t_esp_rodata_14D0
.rodata	0x000014D8	0x4	t_esp/db_light.cpp	local	lbl_t_esp_rodata_14D8	lbl_t_esp_rodata_14D8
.rodata	0x000014DC	0x4	t_esp/db_light.cpp	local	lbl_t_esp_rodata_14DC	lbl_t_esp_rodata_14DC
.rodata	0x000014E0	0x4	t_esp/db_light.cpp	local	lbl_t_esp_rodata_14E0	lbl_t_esp_rodata_14E0
.rodata	0x000014E4	0x4	t_esp/db_light.cpp	local	lbl_t_esp_rodata_14E4	lbl_t_esp_rodata_14E4
.rodata	0x000014E8	0x8	t_esp/db_light.cpp	local	lbl_t_esp_rodata_14E8	lbl_t_esp_rodata_14E8
.rodata	0x000014F0	0x8	t_esp/db_light.cpp	local	lbl_t_esp_rodata_14F0	lbl_t_esp_rodata_14F0
.rodata	0x000014F8	0x24	t_esp/db_light.cpp	local	lbl_t_esp_rodata_14F8	lbl_t_esp_rodata_14F8
.rodata	0x0000151C	0x28	t_esp/db_light.cpp	local	lbl_t_esp_rodata_151C	lbl_t_esp_rodata_151C
.rodata	0x00001544	0x28	t_esp/db_light.cpp	local	lbl_t_esp_rodata_1544	lbl_t_esp_rodata_1544
.rodata	0x0000156C	0x38	t_esp/db_light.cpp	local	lbl_t_esp_rodata_156C	lbl_t_esp_rodata_156C
.rodata	0x000015A4	0x28	t_esp/db_light.cpp	local	lbl_t_esp_rodata_15A4	lbl_t_esp_rodata_15A4
.rodata	0x000015CC	0x1C	t_esp/db_light.cpp	local	lbl_t_esp_rodata_15CC	lbl_t_esp_rodata_15CC
.rodata	0x000015E8	0x20	t_esp/db_light.cpp	global	_vt.t8cVarLoop1ZUc	_vt.t8cVarLoop1ZUc
.rodata	0x00001608	0x28	t_esp/db_light.cpp	global	_vt.5cUnit	_vt.5cUnit
.rodata	0x00001630	0x4	t_esp/db_light.cpp	local	blackTemplate	blackTemplate
.rodata	0x00001634	0xC	t_esp/db_light.cpp	local	yAxis	yAxis
.rodata	0x00001658	0x8	t_esp/db_mod.cpp	local	lbl_t_esp_rodata_1658	lbl_t_esp_rodata_1658
.rodata	0x00001660	0x8	t_esp/db_mod.cpp	local	lbl_t_esp_rodata_1660	lbl_t_esp_rodata_1660
.rodata	0x00001668	0x8	t_esp/db_mod.cpp	local	lbl_t_esp_rodata_1668	lbl_t_esp_rodata_1668
.rodata	0x00001670	0x8	t_esp/db_mod.cpp	local	lbl_t_esp_rodata_1670	lbl_t_esp_rodata_1670
.rodata	0x00001678	0x8	t_esp/db_mod.cpp	local	lbl_t_esp_rodata_1678	lbl_t_esp_rodata_1678
.rodata	0x00001680	0x8	t_esp/db_mod.cpp	local	lbl_t_esp_rodata_1680	lbl_t_esp_rodata_1680
.rodata	0x00001688	0x8	t_esp/db_mod.cpp	local	lbl_t_esp_rodata_1688	lbl_t_esp_rodata_1688
.rodata	0x00001690	0x8	t_esp/db_mod.cpp	local	lbl_t_esp_rodata_1690	lbl_t_esp_rodata_1690
.rodata	0x00001698	0x8	t_esp/db_mod.cpp	local	lbl_t_esp_rodata_1698	lbl_t_esp_rodata_1698
.rodata	0x000016A0	0x8	t_esp/db_mod.cpp	local	lbl_t_esp_rodata_16A0	lbl_t_esp_rodata_16A0
.rodata	0x000016A8	0x8	t_esp/db_mod.cpp	local	lbl_t_esp_rodata_16A8	lbl_t_esp_rodata_16A8
.rodata	0x000016B0	0x8	t_esp/db_mod.cpp	local	lbl_t_esp_rodata_16B0	lbl_t_esp_rodata_16B0
.rodata	0x000016B8	0x8	t_esp/db_mod.cpp	local	lbl_t_esp_rodata_16B8	lbl_t_esp_rodata_16B8
.rodata	0x000016C0	0x18	t_esp/db_mod.cpp	local	lbl_t_esp_rodata_16C0	lbl_t_esp_rodata_16C0
.rodata	0x000016D8	0x4	t_esp/db_mod.cpp	local	lbl_t_esp_rodata_16D8	lbl_t_esp_rodata_16D8
.rodata	0x000016DC	0x14	t_esp/db_mod.cpp	local	lbl_t_esp_rodata_16DC	lbl_t_esp_rodata_16DC
.rodata	0x000016F0	0x4	t_esp/db_mod.cpp	local	lbl_t_esp_rodata_16F0	lbl_t_esp_rodata_16F0
.rodata	0x000016F4	0x4	t_esp/db_mod.cpp	local	lbl_t_esp_rodata_16F4	lbl_t_esp_rodata_16F4
.rodata	0x000016F8	0xC	t_esp/db_mod.cpp	local	lbl_t_esp_rodata_16F8	lbl_t_esp_rodata_16F8
.rodata	0x00001704	0x8	t_esp/db_mod.cpp	local	lbl_t_esp_rodata_1704	lbl_t_esp_rodata_1704
.rodata	0x0000170C	0x8	t_esp/db_mod.cpp	local	lbl_t_esp_rodata_170C	lbl_t_esp_rodata_170C
.rodata	0x00001714	0x34	t_esp/db_mod.cpp	local	lbl_t_esp_rodata_1714	lbl_t_esp_rodata_1714
.rodata	0x00001748	0x38	t_esp/db_mod.cpp	local	lbl_t_esp_rodata_1748	lbl_t_esp_rodata_1748
.rodata	0x00001780	0x38	t_esp/db_mod.cpp	local	lbl_t_esp_rodata_1780	lbl_t_esp_rodata_1780
.rodata	0x000017B8	0x18	t_esp/db_mod.cpp	local	lbl_t_esp_rodata_17B8	lbl_t_esp_rodata_17B8
.rodata	0x000017D0	0x4	t_esp/db_mod.cpp	local	lbl_t_esp_rodata_17D0	lbl_t_esp_rodata_17D0
.rodata	0x000017D4	0x4	t_esp/db_mod.cpp	local	lbl_t_esp_rodata_17D4	lbl_t_esp_rodata_17D4
.rodata	0x000017D8	0x4	t_esp/db_mod.cpp	local	lbl_t_esp_rodata_17D8	lbl_t_esp_rodata_17D8
.rodata	0x000017DC	0x4	t_esp/db_mod.cpp	local	lbl_t_esp_rodata_17DC	lbl_t_esp_rodata_17DC
.rodata	0x000017E0	0xC	t_esp/db_mod.cpp	local	lbl_t_esp_rodata_17E0	lbl_t_esp_rodata_17E0
.rodata	0x000017EC	0xC	t_esp/db_mod.cpp	local	lbl_t_esp_rodata_17EC	lbl_t_esp_rodata_17EC
.rodata	0x000017F8	0x8	t_esp/db_mod.cpp	local	lbl_t_esp_rodata_17F8	lbl_t_esp_rodata_17F8
.rodata	0x00001800	0x4	t_esp/db_mod.cpp	local	lbl_t_esp_rodata_1800	lbl_t_esp_rodata_1800
.rodata	0x00001804	0x8	t_esp/db_mod.cpp	local	lbl_t_esp_rodata_1804	lbl_t_esp_rodata_1804
.rodata	0x0000180C	0x4	t_esp/db_mod.cpp	local	lbl_t_esp_rodata_180C	lbl_t_esp_rodata_180C
.rodata	0x00001810	0x10	t_esp/db_mod.cpp	local	lbl_t_esp_rodata_1810	lbl_t_esp_rodata_1810
.rodata	0x00001820	0x8	t_esp/db_mod.cpp	local	lbl_t_esp_rodata_1820	lbl_t_esp_rodata_1820
.rodata	0x00001828	0x8	t_esp/db_mod.cpp	local	lbl_t_esp_rodata_1828	lbl_t_esp_rodata_1828
.rodata	0x00001830	0x8	t_esp/db_mod.cpp	local	lbl_t_esp_rodata_1830	lbl_t_esp_rodata_1830
.rodata	0x00001838	0x8	t_esp/db_mod.cpp	local	lbl_t_esp_rodata_1838	lbl_t_esp_rodata_1838
.rodata	0x00001840	0xC	t_esp/db_mod.cpp	local	lbl_t_esp_rodata_1840	lbl_t_esp_rodata_1840
.rodata	0x0000184C	0x18	t_esp/db_mod.cpp	local	lbl_t_esp_rodata_184C	lbl_t_esp_rodata_184C
.rodata	0x00001864	0x14	t_esp/db_mod.cpp	local	lbl_t_esp_rodata_1864	lbl_t_esp_rodata_1864
.rodata	0x00001878	0x8	t_esp/db_mod.cpp	local	lbl_t_esp_rodata_1878	lbl_t_esp_rodata_1878
.rodata	0x00001880	0x4	t_esp/db_mod.cpp	local	lbl_t_esp_rodata_1880	lbl_t_esp_rodata_1880
.rodata	0x00001884	0x4	t_esp/db_mod.cpp	local	lbl_t_esp_rodata_1884	lbl_t_esp_rodata_1884
.rodata	0x00001888	0x4	t_esp/db_mod.cpp	local	lbl_t_esp_rodata_1888	lbl_t_esp_rodata_1888
.rodata	0x0000188C	0x4	t_esp/db_mod.cpp	local	lbl_t_esp_rodata_188C	lbl_t_esp_rodata_188C
.rodata	0x00001890	0x4	t_esp/db_mod.cpp	local	lbl_t_esp_rodata_1890	lbl_t_esp_rodata_1890
.rodata	0x00001894	0x4	t_esp/db_mod.cpp	local	lbl_t_esp_rodata_1894	lbl_t_esp_rodata_1894
.rodata	0x00001898	0x4	t_esp/db_mod.cpp	local	lbl_t_esp_rodata_1898	lbl_t_esp_rodata_1898
.rodata	0x0000189C	0x4	t_esp/db_mod.cpp	local	lbl_t_esp_rodata_189C	lbl_t_esp_rodata_189C
.rodata	0x000018A0	0x4	t_esp/db_mod.cpp	local	lbl_t_esp_rodata_18A0	lbl_t_esp_rodata_18A0
.rodata	0x000018A4	0x4	t_esp/db_mod.cpp	local	lbl_t_esp_rodata_18A4	lbl_t_esp_rodata_18A4
.rodata	0x000018A8	0x4	t_esp/db_mod.cpp	local	lbl_t_esp_rodata_18A8	lbl_t_esp_rodata_18A8
.rodata	0x000018AC	0x8	t_esp/db_mod.cpp	local	lbl_t_esp_rodata_18AC	lbl_t_esp_rodata_18AC
.rodata	0x000018B4	0x8	t_esp/db_mod.cpp	local	lbl_t_esp_rodata_18B4	lbl_t_esp_rodata_18B4
.rodata	0x000018BC	0x8	t_esp/db_mod.cpp	local	lbl_t_esp_rodata_18BC	lbl_t_esp_rodata_18BC
.rodata	0x000018C4	0x4	t_esp/db_mod.cpp	local	lbl_t_esp_rodata_18C4	lbl_t_esp_rodata_18C4
.rodata	0x000018C8	0x4	t_esp/db_mod.cpp	local	lbl_t_esp_rodata_18C8	lbl_t_esp_rodata_18C8
.rodata	0x000018CC	0x4	t_esp/db_mod.cpp	local	lbl_t_esp_rodata_18CC	lbl_t_esp_rodata_18CC
.rodata	0x000018D0	0x4	t_esp/db_mod.cpp	local	lbl_t_esp_rodata_18D0	lbl_t_esp_rodata_18D0
.rodata	0x000018D4	0x4	t_esp/db_mod.cpp	local	lbl_t_esp_rodata_18D4	lbl_t_esp_rodata_18D4
.rodata	0x000018D8	0x4	t_esp/db_mod.cpp	local	lbl_t_esp_rodata_18D8	lbl_t_esp_rodata_18D8
.rodata	0x000018DC	0x4	t_esp/db_mod.cpp	local	lbl_t_esp_rodata_18DC	lbl_t_esp_rodata_18DC
.rodata	0x000018E0	0x4	t_esp/db_mod.cpp	local	lbl_t_esp_rodata_18E0	lbl_t_esp_rodata_18E0
.rodata	0x000018E4	0x14	t_esp/db_mod.cpp	local	lbl_t_esp_rodata_18E4	lbl_t_esp_rodata_18E4
.rodata	0x000018F8	0x8	t_esp/db_mod.cpp	local	lbl_t_esp_rodata_18F8	lbl_t_esp_rodata_18F8
.rodata	0x00001900	0x14	t_esp/db_mod.cpp	local	lbl_t_esp_rodata_1900	lbl_t_esp_rodata_1900
.rodata	0x00001914	0x4	t_esp/db_mod.cpp	local	lbl_t_esp_rodata_1914	lbl_t_esp_rodata_1914
.rodata	0x00001918	0x4	t_esp/db_mod.cpp	local	lbl_t_esp_rodata_1918	lbl_t_esp_rodata_1918
.rodata	0x0000191C	0xC	t_esp/db_mod.cpp	local	lbl_t_esp_rodata_191C	lbl_t_esp_rodata_191C
.rodata	0x00001928	0xC	t_esp/db_mod.cpp	local	lbl_t_esp_rodata_1928	lbl_t_esp_rodata_1928
.rodata	0x00001934	0xC	t_esp/db_mod.cpp	local	lbl_t_esp_rodata_1934	lbl_t_esp_rodata_1934
.rodata	0x00001940	0xC	t_esp/db_mod.cpp	local	lbl_t_esp_rodata_1940	lbl_t_esp_rodata_1940
.rodata	0x0000194C	0x14	t_esp/db_mod.cpp	local	lbl_t_esp_rodata_194C	lbl_t_esp_rodata_194C
.rodata	0x00001960	0x4	t_esp/db_mod.cpp	local	lbl_t_esp_rodata_1960	lbl_t_esp_rodata_1960
.rodata	0x00001964	0x18	t_esp/db_mod.cpp	local	lbl_t_esp_rodata_1964	lbl_t_esp_rodata_1964
.rodata	0x0000197C	0xC	t_esp/db_mod.cpp	local	lbl_t_esp_rodata_197C	lbl_t_esp_rodata_197C
.rodata	0x00001988	0xC	t_esp/db_mod.cpp	local	lbl_t_esp_rodata_1988	lbl_t_esp_rodata_1988
.rodata	0x00001994	0xC	t_esp/db_mod.cpp	local	lbl_t_esp_rodata_1994	lbl_t_esp_rodata_1994
.rodata	0x000019A0	0xC	t_esp/db_mod.cpp	local	lbl_t_esp_rodata_19A0	lbl_t_esp_rodata_19A0
.rodata	0x000019AC	0xC	t_esp/db_mod.cpp	local	lbl_t_esp_rodata_19AC	lbl_t_esp_rodata_19AC
.rodata	0x000019B8	0x14	t_esp/db_mod.cpp	local	lbl_t_esp_rodata_19B8	lbl_t_esp_rodata_19B8
.rodata	0x000019CC	0x4	t_esp/db_mod.cpp	local	lbl_t_esp_rodata_19CC	lbl_t_esp_rodata_19CC
.rodata	0x000019D0	0x8	t_esp/db_mod.cpp	local	lbl_t_esp_rodata_19D0	lbl_t_esp_rodata_19D0
.rodata	0x000019D8	0x8	t_esp/db_mod.cpp	local	lbl_t_esp_rodata_19D8	lbl_t_esp_rodata_19D8
.rodata	0x000019E0	0x8	t_esp/db_mod.cpp	local	lbl_t_esp_rodata_19E0	lbl_t_esp_rodata_19E0
.rodata	0x000019E8	0x4	t_esp/db_mod.cpp	local	lbl_t_esp_rodata_19E8	lbl_t_esp_rodata_19E8
.rodata	0x000019EC	0x4	t_esp/db_mod.cpp	local	lbl_t_esp_rodata_19EC	lbl_t_esp_rodata_19EC
.rodata	0x000019F0	0x4	t_esp/db_mod.cpp	local	lbl_t_esp_rodata_19F0	lbl_t_esp_rodata_19F0
.rodata	0x000019F4	0x4	t_esp/db_mod.cpp	local	lbl_t_esp_rodata_19F4	lbl_t_esp_rodata_19F4
.rodata	0x000019F8	0x4	t_esp/db_mod.cpp	local	lbl_t_esp_rodata_19F8	lbl_t_esp_rodata_19F8
.rodata	0x000019FC	0x4	t_esp/db_mod.cpp	local	lbl_t_esp_rodata_19FC	lbl_t_esp_rodata_19FC
.rodata	0x00001A00	0x4	t_esp/db_mod.cpp	local	lbl_t_esp_rodata_1A00	lbl_t_esp_rodata_1A00
.rodata	0x00001A04	0x4	t_esp/db_mod.cpp	local	lbl_t_esp_rodata_1A04	lbl_t_esp_rodata_1A04
.rodata	0x00001A08	0x4	t_esp/db_mod.cpp	local	lbl_t_esp_rodata_1A08	lbl_t_esp_rodata_1A08
.rodata	0x00001A0C	0x4	t_esp/db_mod.cpp	local	lbl_t_esp_rodata_1A0C	lbl_t_esp_rodata_1A0C
.rodata	0x00001A10	0x4	t_esp/db_mod.cpp	local	lbl_t_esp_rodata_1A10	lbl_t_esp_rodata_1A10
.rodata	0x00001A14	0x4	t_esp/db_mod.cpp	local	lbl_t_esp_rodata_1A14	lbl_t_esp_rodata_1A14
.rodata	0x00001A18	0x4	t_esp/db_mod.cpp	local	lbl_t_esp_rodata_1A18	lbl_t_esp_rodata_1A18
.rodata	0x00001A1C	0x14	t_esp/db_mod.cpp	local	lbl_t_esp_rodata_1A1C	lbl_t_esp_rodata_1A1C
.rodata	0x00001A30	0x4	t_esp/db_mod.cpp	local	lbl_t_esp_rodata_1A30	lbl_t_esp_rodata_1A30
.rodata	0x00001A34	0x14	t_esp/db_mod.cpp	local	lbl_t_esp_rodata_1A34	lbl_t_esp_rodata_1A34
.rodata	0x00001A48	0x8	t_esp/db_mod.cpp	local	lbl_t_esp_rodata_1A48	lbl_t_esp_rodata_1A48
.rodata	0x00001A50	0x8	t_esp/db_mod.cpp	local	lbl_t_esp_rodata_1A50	lbl_t_esp_rodata_1A50
.rodata	0x00001A58	0x14	t_esp/db_mod.cpp	local	lbl_t_esp_rodata_1A58	lbl_t_esp_rodata_1A58
.rodata	0x00001A6C	0x10	t_esp/db_mod.cpp	local	lbl_t_esp_rodata_1A6C	lbl_t_esp_rodata_1A6C
.rodata	0x00001A7C	0x10	t_esp/db_mod.cpp	local	lbl_t_esp_rodata_1A7C	lbl_t_esp_rodata_1A7C
.rodata	0x00001A8C	0x10	t_esp/db_mod.cpp	local	lbl_t_esp_rodata_1A8C	lbl_t_esp_rodata_1A8C
.rodata	0x00001A9C	0x14	t_esp/db_mod.cpp	local	lbl_t_esp_rodata_1A9C	lbl_t_esp_rodata_1A9C
.rodata	0x00001AB0	0xC	t_esp/db_mod.cpp	local	lbl_t_esp_rodata_1AB0	lbl_t_esp_rodata_1AB0
.rodata	0x00001ABC	0x10	t_esp/db_mod.cpp	local	lbl_t_esp_rodata_1ABC	lbl_t_esp_rodata_1ABC
.rodata	0x00001ACC	0x8	t_esp/db_mod.cpp	local	lbl_t_esp_rodata_1ACC	lbl_t_esp_rodata_1ACC
.rodata	0x00001AD4	0x14	t_esp/db_mod.cpp	local	lbl_t_esp_rodata_1AD4	lbl_t_esp_rodata_1AD4
.rodata	0x00001AE8	0x14	t_esp/db_mod.cpp	local	lbl_t_esp_rodata_1AE8	lbl_t_esp_rodata_1AE8
.rodata	0x00001AFC	0x14	t_esp/db_mod.cpp	local	lbl_t_esp_rodata_1AFC	lbl_t_esp_rodata_1AFC
.rodata	0x00001B10	0x4	t_esp/db_mod.cpp	local	lbl_t_esp_rodata_1B10	lbl_t_esp_rodata_1B10
.rodata	0x00001B14	0x4	t_esp/db_mod.cpp	local	lbl_t_esp_rodata_1B14	lbl_t_esp_rodata_1B14
.rodata	0x00001B18	0x4	t_esp/db_mod.cpp	local	lbl_t_esp_rodata_1B18	lbl_t_esp_rodata_1B18
.rodata	0x00001B1C	0x4	t_esp/db_mod.cpp	local	lbl_t_esp_rodata_1B1C	lbl_t_esp_rodata_1B1C
.rodata	0x00001B20	0x4	t_esp/db_mod.cpp	local	lbl_t_esp_rodata_1B20	lbl_t_esp_rodata_1B20
.rodata	0x00001B24	0x8	t_esp/db_mod.cpp	local	lbl_t_esp_rodata_1B24	lbl_t_esp_rodata_1B24
.rodata	0x00001B2C	0x8	t_esp/db_mod.cpp	local	lbl_t_esp_rodata_1B2C	lbl_t_esp_rodata_1B2C
.rodata	0x00001B34	0x10	t_esp/db_mod.cpp	local	lbl_t_esp_rodata_1B34	lbl_t_esp_rodata_1B34
.rodata	0x00001B44	0x20	t_esp/db_mod.cpp	local	lbl_t_esp_rodata_1B44	lbl_t_esp_rodata_1B44
.rodata	0x00001B64	0x20	t_esp/db_mod.cpp	local	lbl_t_esp_rodata_1B64	lbl_t_esp_rodata_1B64
.rodata	0x00001B84	0x20	t_esp/db_mod.cpp	local	lbl_t_esp_rodata_1B84	lbl_t_esp_rodata_1B84
.rodata	0x00001BA4	0x20	t_esp/db_mod.cpp	local	lbl_t_esp_rodata_1BA4	lbl_t_esp_rodata_1BA4
.rodata	0x00001BC4	0x20	t_esp/db_mod.cpp	local	lbl_t_esp_rodata_1BC4	lbl_t_esp_rodata_1BC4
.rodata	0x00001BE4	0x20	t_esp/db_mod.cpp	local	lbl_t_esp_rodata_1BE4	lbl_t_esp_rodata_1BE4
.rodata	0x00001C04	0x20	t_esp/db_mod.cpp	local	lbl_t_esp_rodata_1C04	lbl_t_esp_rodata_1C04
.rodata	0x00001C24	0xC	t_esp/db_mod.cpp	local	lbl_t_esp_rodata_1C24	lbl_t_esp_rodata_1C24
.rodata	0x00001C30	0xC	t_esp/db_mod.cpp	local	lbl_t_esp_rodata_1C30	lbl_t_esp_rodata_1C30
.rodata	0x00001C3C	0xC	t_esp/db_mod.cpp	local	lbl_t_esp_rodata_1C3C	lbl_t_esp_rodata_1C3C
.rodata	0x00001C48	0xC	t_esp/db_mod.cpp	local	lbl_t_esp_rodata_1C48	lbl_t_esp_rodata_1C48
.rodata	0x00001C54	0xC	t_esp/db_mod.cpp	local	lbl_t_esp_rodata_1C54	lbl_t_esp_rodata_1C54
.rodata	0x00001C60	0x14	t_esp/db_mod.cpp	local	lbl_t_esp_rodata_1C60	lbl_t_esp_rodata_1C60
.rodata	0x00001C74	0x14	t_esp/db_mod.cpp	local	lbl_t_esp_rodata_1C74	lbl_t_esp_rodata_1C74
.rodata	0x00001C88	0x14	t_esp/db_mod.cpp	local	lbl_t_esp_rodata_1C88	lbl_t_esp_rodata_1C88
.rodata	0x00001C9C	0x14	t_esp/db_mod.cpp	local	lbl_t_esp_rodata_1C9C	lbl_t_esp_rodata_1C9C
.rodata	0x00001CB0	0x14	t_esp/db_mod.cpp	local	lbl_t_esp_rodata_1CB0	lbl_t_esp_rodata_1CB0
.rodata	0x00001CC4	0x14	t_esp/db_mod.cpp	local	lbl_t_esp_rodata_1CC4	lbl_t_esp_rodata_1CC4
.rodata	0x00001CD8	0xC	t_esp/db_mod.cpp	local	lbl_t_esp_rodata_1CD8	lbl_t_esp_rodata_1CD8
.rodata	0x00001CE4	0xC	t_esp/db_mod.cpp	local	lbl_t_esp_rodata_1CE4	lbl_t_esp_rodata_1CE4
.rodata	0x00001CF0	0x8	t_esp/db_mod.cpp	local	lbl_t_esp_rodata_1CF0	lbl_t_esp_rodata_1CF0
.rodata	0x00001CF8	0x10	t_esp/db_mod.cpp	local	lbl_t_esp_rodata_1CF8	lbl_t_esp_rodata_1CF8
.rodata	0x00001D08	0x4	t_esp/db_mod.cpp	local	lbl_t_esp_rodata_1D08	lbl_t_esp_rodata_1D08
.rodata	0x00001D0C	0x4	t_esp/db_mod.cpp	local	lbl_t_esp_rodata_1D0C	lbl_t_esp_rodata_1D0C
.rodata	0x00001D10	0x4	t_esp/db_mod.cpp	local	lbl_t_esp_rodata_1D10	lbl_t_esp_rodata_1D10
.rodata	0x00001D14	0x4	t_esp/db_mod.cpp	local	lbl_t_esp_rodata_1D14	lbl_t_esp_rodata_1D14
.rodata	0x00001D18	0x4	t_esp/db_mod.cpp	local	lbl_t_esp_rodata_1D18	lbl_t_esp_rodata_1D18
.rodata	0x00001D1C	0x4	t_esp/db_mod.cpp	local	lbl_t_esp_rodata_1D1C	lbl_t_esp_rodata_1D1C
.rodata	0x00001D20	0x4	t_esp/db_mod.cpp	local	lbl_t_esp_rodata_1D20	lbl_t_esp_rodata_1D20
.rodata	0x00001D24	0x8	t_esp/db_mod.cpp	local	lbl_t_esp_rodata_1D24	lbl_t_esp_rodata_1D24
.rodata	0x00001D2C	0x8	t_esp/db_mod.cpp	local	lbl_t_esp_rodata_1D2C	lbl_t_esp_rodata_1D2C
.rodata	0x00001D34	0x8	t_esp/db_mod.cpp	local	lbl_t_esp_rodata_1D34	lbl_t_esp_rodata_1D34
.rodata	0x00001D3C	0x8	t_esp/db_mod.cpp	local	lbl_t_esp_rodata_1D3C	lbl_t_esp_rodata_1D3C
.rodata	0x00001D44	0x8	t_esp/db_mod.cpp	local	lbl_t_esp_rodata_1D44	lbl_t_esp_rodata_1D44
.rodata	0x00001D4C	0x8	t_esp/db_mod.cpp	local	lbl_t_esp_rodata_1D4C	lbl_t_esp_rodata_1D4C
.rodata	0x00001D54	0x8	t_esp/db_mod.cpp	local	lbl_t_esp_rodata_1D54	lbl_t_esp_rodata_1D54
.rodata	0x00001D5C	0x8	t_esp/db_mod.cpp	local	lbl_t_esp_rodata_1D5C	lbl_t_esp_rodata_1D5C
.rodata	0x00001D64	0x8	t_esp/db_mod.cpp	local	lbl_t_esp_rodata_1D64	lbl_t_esp_rodata_1D64
.rodata	0x00001D6C	0x14	t_esp/db_mod.cpp	local	lbl_t_esp_rodata_1D6C	lbl_t_esp_rodata_1D6C
.rodata	0x00001D80	0x8	t_esp/db_mod.cpp	local	lbl_t_esp_rodata_1D80	lbl_t_esp_rodata_1D80
.rodata	0x00001D88	0xC	t_esp/db_mod.cpp	local	lbl_t_esp_rodata_1D88	lbl_t_esp_rodata_1D88
.rodata	0x00001D94	0x10	t_esp/db_mod.cpp	local	lbl_t_esp_rodata_1D94	lbl_t_esp_rodata_1D94
.rodata	0x00001DA4	0x10	t_esp/db_mod.cpp	local	lbl_t_esp_rodata_1DA4	lbl_t_esp_rodata_1DA4
.rodata	0x00001DB4	0x10	t_esp/db_mod.cpp	local	lbl_t_esp_rodata_1DB4	lbl_t_esp_rodata_1DB4
.rodata	0x00001DC4	0x8	t_esp/db_mod.cpp	local	lbl_t_esp_rodata_1DC4	lbl_t_esp_rodata_1DC4
.rodata	0x00001DCC	0x10	t_esp/db_mod.cpp	local	lbl_t_esp_rodata_1DCC	lbl_t_esp_rodata_1DCC
.rodata	0x00001DDC	0x8	t_esp/db_mod.cpp	local	lbl_t_esp_rodata_1DDC	lbl_t_esp_rodata_1DDC
.rodata	0x00001DE4	0x8	t_esp/db_mod.cpp	local	lbl_t_esp_rodata_1DE4	lbl_t_esp_rodata_1DE4
.rodata	0x00001DEC	0x8	t_esp/db_mod.cpp	local	lbl_t_esp_rodata_1DEC	lbl_t_esp_rodata_1DEC
.rodata	0x00001DF4	0x8	t_esp/db_mod.cpp	local	lbl_t_esp_rodata_1DF4	lbl_t_esp_rodata_1DF4
.rodata	0x00001DFC	0x8	t_esp/db_mod.cpp	local	lbl_t_esp_rodata_1DFC	lbl_t_esp_rodata_1DFC
.rodata	0x00001E04	0x8	t_esp/db_mod.cpp	local	lbl_t_esp_rodata_1E04	lbl_t_esp_rodata_1E04
.rodata	0x00001E0C	0x4	t_esp/db_mod.cpp	local	lbl_t_esp_rodata_1E0C	lbl_t_esp_rodata_1E0C
.rodata	0x00001E10	0x8	t_esp/db_mod.cpp	local	lbl_t_esp_rodata_1E10	lbl_t_esp_rodata_1E10
.rodata	0x00001E18	0x4	t_esp/db_mod.cpp	local	lbl_t_esp_rodata_1E18	lbl_t_esp_rodata_1E18
.rodata	0x00001E1C	0x4	t_esp/db_mod.cpp	local	lbl_t_esp_rodata_1E1C	lbl_t_esp_rodata_1E1C
.rodata	0x00001E20	0x4	t_esp/db_mod.cpp	local	lbl_t_esp_rodata_1E20	lbl_t_esp_rodata_1E20
.rodata	0x00001E24	0x4	t_esp/db_mod.cpp	local	lbl_t_esp_rodata_1E24	lbl_t_esp_rodata_1E24
.rodata	0x00001E28	0x8	t_esp/db_mod.cpp	local	lbl_t_esp_rodata_1E28	lbl_t_esp_rodata_1E28
.rodata	0x00001E30	0x8	t_esp/db_mod.cpp	local	lbl_t_esp_rodata_1E30	lbl_t_esp_rodata_1E30
.rodata	0x00001E38	0x8	t_esp/db_mod.cpp	local	lbl_t_esp_rodata_1E38	lbl_t_esp_rodata_1E38
.rodata	0x00001E40	0x8	t_esp/db_mod.cpp	local	lbl_t_esp_rodata_1E40	lbl_t_esp_rodata_1E40
.rodata	0x00001E48	0x8	t_esp/db_mod.cpp	local	lbl_t_esp_rodata_1E48	lbl_t_esp_rodata_1E48
.rodata	0x00001E50	0x4	t_esp/db_mod.cpp	local	lbl_t_esp_rodata_1E50	lbl_t_esp_rodata_1E50
.rodata	0x00001E54	0x18	t_esp/db_mod.cpp	local	lbl_t_esp_rodata_1E54	lbl_t_esp_rodata_1E54
.rodata	0x00001E6C	0x18	t_esp/db_mod.cpp	local	lbl_t_esp_rodata_1E6C	lbl_t_esp_rodata_1E6C
.rodata	0x00001E84	0xC	t_esp/db_mod.cpp	local	center.361	center.361
.rodata	0x00001E90	0xC	t_esp/db_mod.cpp	local	size.362	size.362
.rodata	0x00001E9C	0x1C	t_esp/db_mod.cpp	local	lbl_t_esp_rodata_1E9C	lbl_t_esp_rodata_1E9C
.rodata	0x00001EB8	0x18	t_esp/db_mod.cpp	local	lbl_t_esp_rodata_1EB8	lbl_t_esp_rodata_1EB8
.rodata	0x00001ED0	0x18	t_esp/db_mod.cpp	local	lbl_t_esp_rodata_1ED0	lbl_t_esp_rodata_1ED0
.rodata	0x00001EE8	0x18	t_esp/db_mod.cpp	local	lbl_t_esp_rodata_1EE8	lbl_t_esp_rodata_1EE8
.rodata	0x00001F00	0x18	t_esp/db_mod.cpp	local	lbl_t_esp_rodata_1F00	lbl_t_esp_rodata_1F00
.rodata	0x00001F18	0x18	t_esp/db_mod.cpp	local	lbl_t_esp_rodata_1F18	lbl_t_esp_rodata_1F18
.rodata	0x00001F30	0x18	t_esp/db_mod.cpp	local	lbl_t_esp_rodata_1F30	lbl_t_esp_rodata_1F30
.rodata	0x00001F48	0x18	t_esp/db_mod.cpp	local	lbl_t_esp_rodata_1F48	lbl_t_esp_rodata_1F48
.rodata	0x00001F60	0x18	t_esp/db_mod.cpp	local	lbl_t_esp_rodata_1F60	lbl_t_esp_rodata_1F60
.rodata	0x00001F78	0x18	t_esp/db_mod.cpp	local	lbl_t_esp_rodata_1F78	lbl_t_esp_rodata_1F78
.rodata	0x00001F90	0x18	t_esp/db_mod.cpp	local	lbl_t_esp_rodata_1F90	lbl_t_esp_rodata_1F90
.rodata	0x00001FA8	0x18	t_esp/db_mod.cpp	local	lbl_t_esp_rodata_1FA8	lbl_t_esp_rodata_1FA8
.rodata	0x00001FC0	0x18	t_esp/db_mod.cpp	local	lbl_t_esp_rodata_1FC0	lbl_t_esp_rodata_1FC0
.rodata	0x00001FD8	0x18	t_esp/db_mod.cpp	local	lbl_t_esp_rodata_1FD8	lbl_t_esp_rodata_1FD8
.rodata	0x00001FF0	0x18	t_esp/db_mod.cpp	local	lbl_t_esp_rodata_1FF0	lbl_t_esp_rodata_1FF0
.rodata	0x00002008	0x18	t_esp/db_mod.cpp	local	lbl_t_esp_rodata_2008	lbl_t_esp_rodata_2008
.rodata	0x00002020	0x18	t_esp/db_mod.cpp	local	lbl_t_esp_rodata_2020	lbl_t_esp_rodata_2020
.rodata	0x00002038	0x18	t_esp/db_mod.cpp	local	lbl_t_esp_rodata_2038	lbl_t_esp_rodata_2038
.rodata	0x00002050	0x18	t_esp/db_mod.cpp	local	lbl_t_esp_rodata_2050	lbl_t_esp_rodata_2050
.rodata	0x00002068	0x18	t_esp/db_mod.cpp	local	lbl_t_esp_rodata_2068	lbl_t_esp_rodata_2068
.rodata	0x00002080	0x14	t_esp/db_mod.cpp	local	lbl_t_esp_rodata_2080	lbl_t_esp_rodata_2080
.rodata	0x00002094	0x14	t_esp/db_mod.cpp	local	lbl_t_esp_rodata_2094	lbl_t_esp_rodata_2094
.rodata	0x000020A8	0x14	t_esp/db_mod.cpp	local	lbl_t_esp_rodata_20A8	lbl_t_esp_rodata_20A8
.rodata	0x000020BC	0x14	t_esp/db_mod.cpp	local	lbl_t_esp_rodata_20BC	lbl_t_esp_rodata_20BC
.rodata	0x000020D0	0x14	t_esp/db_mod.cpp	local	lbl_t_esp_rodata_20D0	lbl_t_esp_rodata_20D0
.rodata	0x000020E4	0x14	t_esp/db_mod.cpp	local	lbl_t_esp_rodata_20E4	lbl_t_esp_rodata_20E4
.rodata	0x000020F8	0x14	t_esp/db_mod.cpp	local	lbl_t_esp_rodata_20F8	lbl_t_esp_rodata_20F8
.rodata	0x0000210C	0x14	t_esp/db_mod.cpp	local	lbl_t_esp_rodata_210C	lbl_t_esp_rodata_210C
.rodata	0x00002120	0x14	t_esp/db_mod.cpp	local	lbl_t_esp_rodata_2120	lbl_t_esp_rodata_2120
.rodata	0x00002134	0x14	t_esp/db_mod.cpp	local	lbl_t_esp_rodata_2134	lbl_t_esp_rodata_2134
.rodata	0x00002148	0x14	t_esp/db_mod.cpp	local	lbl_t_esp_rodata_2148	lbl_t_esp_rodata_2148
.rodata	0x0000215C	0x14	t_esp/db_mod.cpp	local	lbl_t_esp_rodata_215C	lbl_t_esp_rodata_215C
.rodata	0x00002170	0x14	t_esp/db_mod.cpp	local	lbl_t_esp_rodata_2170	lbl_t_esp_rodata_2170
.rodata	0x00002184	0x14	t_esp/db_mod.cpp	local	lbl_t_esp_rodata_2184	lbl_t_esp_rodata_2184
.rodata	0x00002198	0x14	t_esp/db_mod.cpp	local	lbl_t_esp_rodata_2198	lbl_t_esp_rodata_2198
.rodata	0x000021AC	0x14	t_esp/db_mod.cpp	local	lbl_t_esp_rodata_21AC	lbl_t_esp_rodata_21AC
.rodata	0x000021C0	0x14	t_esp/db_mod.cpp	local	lbl_t_esp_rodata_21C0	lbl_t_esp_rodata_21C0
.rodata	0x000021D4	0x14	t_esp/db_mod.cpp	local	lbl_t_esp_rodata_21D4	lbl_t_esp_rodata_21D4
.rodata	0x000021E8	0x14	t_esp/db_mod.cpp	local	lbl_t_esp_rodata_21E8	lbl_t_esp_rodata_21E8
.rodata	0x000021FC	0x14	t_esp/db_mod.cpp	local	lbl_t_esp_rodata_21FC	lbl_t_esp_rodata_21FC
.rodata	0x00002210	0x18	t_esp/db_mod.cpp	local	lbl_t_esp_rodata_2210	lbl_t_esp_rodata_2210
.rodata	0x00002228	0x18	t_esp/db_mod.cpp	local	lbl_t_esp_rodata_2228	lbl_t_esp_rodata_2228
.rodata	0x00002240	0x18	t_esp/db_mod.cpp	local	lbl_t_esp_rodata_2240	lbl_t_esp_rodata_2240
.rodata	0x00002258	0x18	t_esp/db_mod.cpp	local	lbl_t_esp_rodata_2258	lbl_t_esp_rodata_2258
.rodata	0x00002270	0x4	t_esp/db_mod.cpp	local	lbl_t_esp_rodata_2270	lbl_t_esp_rodata_2270
.rodata	0x00002274	0x8	t_esp/db_mod.cpp	local	lbl_t_esp_rodata_2274	lbl_t_esp_rodata_2274
.rodata	0x0000227C	0x8	t_esp/db_mod.cpp	local	lbl_t_esp_rodata_227C	lbl_t_esp_rodata_227C
.rodata	0x00002284	0x8	t_esp/db_mod.cpp	local	lbl_t_esp_rodata_2284	lbl_t_esp_rodata_2284
.rodata	0x0000228C	0xC	t_esp/db_mod.cpp	local	lbl_t_esp_rodata_228C	lbl_t_esp_rodata_228C
.rodata	0x00002298	0x20	t_esp/db_mod.cpp	local	lbl_t_esp_rodata_2298	lbl_t_esp_rodata_2298
.rodata	0x000022B8	0x24	t_esp/db_mod.cpp	local	lbl_t_esp_rodata_22B8	lbl_t_esp_rodata_22B8
.rodata	0x000022DC	0x24	t_esp/db_mod.cpp	local	lbl_t_esp_rodata_22DC	lbl_t_esp_rodata_22DC
.rodata	0x00002300	0x4	t_esp/db_mod.cpp	local	lbl_t_esp_rodata_2300	lbl_t_esp_rodata_2300
.rodata	0x00002304	0x28	t_esp/db_mod.cpp	local	lbl_t_esp_rodata_2304	lbl_t_esp_rodata_2304
.rodata	0x0000232C	0x28	t_esp/db_mod.cpp	local	lbl_t_esp_rodata_232C	lbl_t_esp_rodata_232C
.rodata	0x00002354	0x38	t_esp/db_mod.cpp	local	lbl_t_esp_rodata_2354	lbl_t_esp_rodata_2354
.rodata	0x0000238C	0x28	t_esp/db_mod.cpp	local	lbl_t_esp_rodata_238C	lbl_t_esp_rodata_238C
.rodata	0x000023B4	0x1C	t_esp/db_mod.cpp	local	lbl_t_esp_rodata_23B4	lbl_t_esp_rodata_23B4
.rodata	0x00002470	0xC	t_esp/db_port.cpp	local	lbl_t_esp_rodata_2470	lbl_t_esp_rodata_2470
.rodata	0x0000247C	0x4	t_esp/db_port.cpp	local	lbl_t_esp_rodata_247C	lbl_t_esp_rodata_247C
.rodata	0x00002480	0x4	t_esp/db_port.cpp	local	lbl_t_esp_rodata_2480	lbl_t_esp_rodata_2480
.rodata	0x00002484	0x4	t_esp/db_port.cpp	local	lbl_t_esp_rodata_2484	lbl_t_esp_rodata_2484
.rodata	0x00002488	0x8	t_esp/db_port.cpp	local	lbl_t_esp_rodata_2488	lbl_t_esp_rodata_2488
.rodata	0x00002490	0x4	t_esp/db_port.cpp	local	lbl_t_esp_rodata_2490	lbl_t_esp_rodata_2490
.rodata	0x00002494	0x4	t_esp/db_port.cpp	local	lbl_t_esp_rodata_2494	lbl_t_esp_rodata_2494
.rodata	0x00002498	0x4	t_esp/db_port.cpp	local	lbl_t_esp_rodata_2498	lbl_t_esp_rodata_2498
.rodata	0x0000249C	0x4	t_esp/db_port.cpp	local	lbl_t_esp_rodata_249C	lbl_t_esp_rodata_249C
.rodata	0x000024A0	0x4	t_esp/db_port.cpp	local	lbl_t_esp_rodata_24A0	lbl_t_esp_rodata_24A0
.rodata	0x000024A4	0x4	t_esp/db_port.cpp	local	lbl_t_esp_rodata_24A4	lbl_t_esp_rodata_24A4
.rodata	0x000024A8	0x8	t_esp/db_port.cpp	local	lbl_t_esp_rodata_24A8	lbl_t_esp_rodata_24A8
.rodata	0x000024B0	0x8	t_esp/db_port.cpp	local	lbl_t_esp_rodata_24B0	lbl_t_esp_rodata_24B0
.rodata	0x000024B8	0x8	t_esp/db_port.cpp	local	lbl_t_esp_rodata_24B8	lbl_t_esp_rodata_24B8
.rodata	0x000024C0	0x8	t_esp/db_port.cpp	local	lbl_t_esp_rodata_24C0	lbl_t_esp_rodata_24C0
.rodata	0x000024C8	0x8	t_esp/db_port.cpp	local	lbl_t_esp_rodata_24C8	lbl_t_esp_rodata_24C8
.rodata	0x000024D0	0x8	t_esp/db_port.cpp	local	lbl_t_esp_rodata_24D0	lbl_t_esp_rodata_24D0
.rodata	0x000024D8	0x8	t_esp/db_port.cpp	local	lbl_t_esp_rodata_24D8	lbl_t_esp_rodata_24D8
.rodata	0x000024E0	0x8	t_esp/db_port.cpp	local	lbl_t_esp_rodata_24E0	lbl_t_esp_rodata_24E0
.rodata	0x000024E8	0x18	t_esp/db_port.cpp	local	lbl_t_esp_rodata_24E8	lbl_t_esp_rodata_24E8
.rodata	0x00002500	0x4	t_esp/db_port.cpp	local	lbl_t_esp_rodata_2500	lbl_t_esp_rodata_2500
.rodata	0x00002504	0x20	t_esp/db_port.cpp	local	lbl_t_esp_rodata_2504	lbl_t_esp_rodata_2504
.rodata	0x00002524	0x10	t_esp/db_port.cpp	local	lbl_t_esp_rodata_2524	lbl_t_esp_rodata_2524
.rodata	0x00002534	0x20	t_esp/db_port.cpp	local	lbl_t_esp_rodata_2534	lbl_t_esp_rodata_2534
.rodata	0x00002554	0x20	t_esp/db_port.cpp	local	lbl_t_esp_rodata_2554	lbl_t_esp_rodata_2554
.rodata	0x00002574	0x20	t_esp/db_port.cpp	local	lbl_t_esp_rodata_2574	lbl_t_esp_rodata_2574
.rodata	0x00002594	0x24	t_esp/db_port.cpp	local	lbl_t_esp_rodata_2594	lbl_t_esp_rodata_2594
.rodata	0x000025B8	0x20	t_esp/db_port.cpp	local	lbl_t_esp_rodata_25B8	lbl_t_esp_rodata_25B8
.rodata	0x000025D8	0x20	t_esp/db_port.cpp	local	lbl_t_esp_rodata_25D8	lbl_t_esp_rodata_25D8
.rodata	0x000025F8	0x2C	t_esp/db_port.cpp	local	lbl_t_esp_rodata_25F8	lbl_t_esp_rodata_25F8
.rodata	0x00002624	0x2C	t_esp/db_port.cpp	local	lbl_t_esp_rodata_2624	lbl_t_esp_rodata_2624
.rodata	0x00002650	0x2C	t_esp/db_port.cpp	local	lbl_t_esp_rodata_2650	lbl_t_esp_rodata_2650
.rodata	0x0000267C	0x2C	t_esp/db_port.cpp	local	lbl_t_esp_rodata_267C	lbl_t_esp_rodata_267C
.rodata	0x000026A8	0x2C	t_esp/db_port.cpp	local	lbl_t_esp_rodata_26A8	lbl_t_esp_rodata_26A8
.rodata	0x000026D4	0x2C	t_esp/db_port.cpp	local	lbl_t_esp_rodata_26D4	lbl_t_esp_rodata_26D4
.rodata	0x00002700	0x2C	t_esp/db_port.cpp	local	lbl_t_esp_rodata_2700	lbl_t_esp_rodata_2700
.rodata	0x0000272C	0x2C	t_esp/db_port.cpp	local	lbl_t_esp_rodata_272C	lbl_t_esp_rodata_272C
.rodata	0x00002758	0x2C	t_esp/db_port.cpp	local	lbl_t_esp_rodata_2758	lbl_t_esp_rodata_2758
.rodata	0x00002784	0x2C	t_esp/db_port.cpp	local	lbl_t_esp_rodata_2784	lbl_t_esp_rodata_2784
.rodata	0x000027B0	0x2C	t_esp/db_port.cpp	local	lbl_t_esp_rodata_27B0	lbl_t_esp_rodata_27B0
.rodata	0x000027DC	0x2C	t_esp/db_port.cpp	local	lbl_t_esp_rodata_27DC	lbl_t_esp_rodata_27DC
.rodata	0x00002808	0x30	t_esp/db_port.cpp	local	lbl_t_esp_rodata_2808	lbl_t_esp_rodata_2808
.rodata	0x00002838	0x30	t_esp/db_port.cpp	local	lbl_t_esp_rodata_2838	lbl_t_esp_rodata_2838
.rodata	0x00002868	0x3C	t_esp/db_port.cpp	local	lbl_t_esp_rodata_2868	lbl_t_esp_rodata_2868
.rodata	0x000028A4	0x4	t_esp/db_port.cpp	local	lbl_t_esp_rodata_28A4	lbl_t_esp_rodata_28A4
.rodata	0x000028A8	0x4	t_esp/db_port.cpp	local	lbl_t_esp_rodata_28A8	lbl_t_esp_rodata_28A8
.rodata	0x000028AC	0xC	t_esp/db_port.cpp	local	lbl_t_esp_rodata_28AC	lbl_t_esp_rodata_28AC
.rodata	0x000028B8	0x4	t_esp/db_port.cpp	local	lbl_t_esp_rodata_28B8	lbl_t_esp_rodata_28B8
.rodata	0x000028BC	0x4	t_esp/db_port.cpp	local	lbl_t_esp_rodata_28BC	lbl_t_esp_rodata_28BC
.rodata	0x000028C0	0x4	t_esp/db_port.cpp	local	lbl_t_esp_rodata_28C0	lbl_t_esp_rodata_28C0
.rodata	0x000028C4	0x4	t_esp/db_port.cpp	local	lbl_t_esp_rodata_28C4	lbl_t_esp_rodata_28C4
.rodata	0x000028C8	0x8	t_esp/db_port.cpp	local	lbl_t_esp_rodata_28C8	lbl_t_esp_rodata_28C8
.rodata	0x000028D0	0x20	t_esp/db_port.cpp	local	lbl_t_esp_rodata_28D0	lbl_t_esp_rodata_28D0
.rodata	0x000028F0	0x4	t_esp/db_port.cpp	local	lbl_t_esp_rodata_28F0	lbl_t_esp_rodata_28F0
.rodata	0x000028F4	0x4	t_esp/db_port.cpp	local	lbl_t_esp_rodata_28F4	lbl_t_esp_rodata_28F4
.rodata	0x000028F8	0x4	t_esp/db_port.cpp	local	lbl_t_esp_rodata_28F8	lbl_t_esp_rodata_28F8
.rodata	0x000028FC	0x14	t_esp/db_port.cpp	local	lbl_t_esp_rodata_28FC	lbl_t_esp_rodata_28FC
.rodata	0x00002910	0x18	t_esp/db_port.cpp	local	lbl_t_esp_rodata_2910	lbl_t_esp_rodata_2910
.rodata	0x00002928	0x24	t_esp/db_port.cpp	local	lbl_t_esp_rodata_2928	lbl_t_esp_rodata_2928
.rodata	0x0000294C	0x10	t_esp/db_port.cpp	local	lbl_t_esp_rodata_294C	lbl_t_esp_rodata_294C
.rodata	0x0000295C	0x14	t_esp/db_port.cpp	local	lbl_t_esp_rodata_295C	lbl_t_esp_rodata_295C
.rodata	0x00002970	0x14	t_esp/db_port.cpp	local	lbl_t_esp_rodata_2970	lbl_t_esp_rodata_2970
.rodata	0x00002984	0x24	t_esp/db_port.cpp	local	lbl_t_esp_rodata_2984	lbl_t_esp_rodata_2984
.rodata	0x000029A8	0x10	t_esp/db_port.cpp	local	lbl_t_esp_rodata_29A8	lbl_t_esp_rodata_29A8
.rodata	0x000029B8	0xC	t_esp/db_port.cpp	local	lbl_t_esp_rodata_29B8	lbl_t_esp_rodata_29B8
.rodata	0x000029C4	0x18	t_esp/db_port.cpp	local	lbl_t_esp_rodata_29C4	lbl_t_esp_rodata_29C4
.rodata	0x000029DC	0x1C	t_esp/db_port.cpp	local	lbl_t_esp_rodata_29DC	lbl_t_esp_rodata_29DC
.rodata	0x000029F8	0x4	t_esp/db_port.cpp	local	lbl_t_esp_rodata_29F8	lbl_t_esp_rodata_29F8
.rodata	0x000029FC	0x4	t_esp/db_port.cpp	local	lbl_t_esp_rodata_29FC	lbl_t_esp_rodata_29FC
.rodata	0x00002A00	0x4	t_esp/db_port.cpp	local	lbl_t_esp_rodata_2A00	lbl_t_esp_rodata_2A00
.rodata	0x00002A04	0x4	t_esp/db_port.cpp	local	lbl_t_esp_rodata_2A04	lbl_t_esp_rodata_2A04
.rodata	0x00002A08	0x4	t_esp/db_port.cpp	local	lbl_t_esp_rodata_2A08	lbl_t_esp_rodata_2A08
.rodata	0x00002A0C	0x4	t_esp/db_port.cpp	local	lbl_t_esp_rodata_2A0C	lbl_t_esp_rodata_2A0C
.rodata	0x00002A10	0x8	t_esp/db_port.cpp	local	lbl_t_esp_rodata_2A10	lbl_t_esp_rodata_2A10
.rodata	0x00002A18	0x4	t_esp/db_port.cpp	local	lbl_t_esp_rodata_2A18	lbl_t_esp_rodata_2A18
.rodata	0x00002A1C	0x4	t_esp/db_port.cpp	local	lbl_t_esp_rodata_2A1C	lbl_t_esp_rodata_2A1C
.rodata	0x00002A20	0x8	t_esp/db_port.cpp	local	lbl_t_esp_rodata_2A20	lbl_t_esp_rodata_2A20
.rodata	0x00002A28	0x8	t_esp/db_port.cpp	local	lbl_t_esp_rodata_2A28	lbl_t_esp_rodata_2A28
.rodata	0x00002A30	0x4	t_esp/db_port.cpp	local	lbl_t_esp_rodata_2A30	lbl_t_esp_rodata_2A30
.rodata	0x00002A34	0x4	t_esp/db_port.cpp	local	lbl_t_esp_rodata_2A34	lbl_t_esp_rodata_2A34
.rodata	0x00002A38	0x4	t_esp/db_port.cpp	local	lbl_t_esp_rodata_2A38	lbl_t_esp_rodata_2A38
.rodata	0x00002A3C	0x4	t_esp/db_port.cpp	local	lbl_t_esp_rodata_2A3C	lbl_t_esp_rodata_2A3C
.rodata	0x00002A40	0x4	t_esp/db_port.cpp	local	lbl_t_esp_rodata_2A40	lbl_t_esp_rodata_2A40
.rodata	0x00002A44	0x4	t_esp/db_port.cpp	local	lbl_t_esp_rodata_2A44	lbl_t_esp_rodata_2A44
.rodata	0x00002A48	0x4	t_esp/db_port.cpp	local	lbl_t_esp_rodata_2A48	lbl_t_esp_rodata_2A48
.rodata	0x00002A4C	0x4	t_esp/db_port.cpp	local	lbl_t_esp_rodata_2A4C	lbl_t_esp_rodata_2A4C
.rodata	0x00002A50	0x4	t_esp/db_port.cpp	local	lbl_t_esp_rodata_2A50	lbl_t_esp_rodata_2A50
.rodata	0x00002A54	0x4	t_esp/db_port.cpp	local	lbl_t_esp_rodata_2A54	lbl_t_esp_rodata_2A54
.rodata	0x00002A58	0xC	t_esp/db_port.cpp	local	lbl_t_esp_rodata_2A58	lbl_t_esp_rodata_2A58
.rodata	0x00002A64	0x4	t_esp/db_port.cpp	local	lbl_t_esp_rodata_2A64	lbl_t_esp_rodata_2A64
.rodata	0x00002A68	0x4	t_esp/db_port.cpp	local	lbl_t_esp_rodata_2A68	lbl_t_esp_rodata_2A68
.rodata	0x00002A6C	0x4	t_esp/db_port.cpp	local	lbl_t_esp_rodata_2A6C	lbl_t_esp_rodata_2A6C
.rodata	0x00002A70	0x4	t_esp/db_port.cpp	local	lbl_t_esp_rodata_2A70	lbl_t_esp_rodata_2A70
.rodata	0x00002A74	0x4	t_esp/db_port.cpp	local	lbl_t_esp_rodata_2A74	lbl_t_esp_rodata_2A74
.rodata	0x00002A78	0x4	t_esp/db_port.cpp	local	lbl_t_esp_rodata_2A78	lbl_t_esp_rodata_2A78
.rodata	0x00002A7C	0x4	t_esp/db_port.cpp	local	lbl_t_esp_rodata_2A7C	lbl_t_esp_rodata_2A7C
.rodata	0x00002A80	0x8	t_esp/db_port.cpp	local	lbl_t_esp_rodata_2A80	lbl_t_esp_rodata_2A80
.rodata	0x00002A88	0x4	t_esp/db_port.cpp	local	lbl_t_esp_rodata_2A88	lbl_t_esp_rodata_2A88
.rodata	0x00002A8C	0x4	t_esp/db_port.cpp	local	lbl_t_esp_rodata_2A8C	lbl_t_esp_rodata_2A8C
.rodata	0x00002A90	0x4	t_esp/db_port.cpp	local	lbl_t_esp_rodata_2A90	lbl_t_esp_rodata_2A90
.rodata	0x00002A94	0x4	t_esp/db_port.cpp	local	lbl_t_esp_rodata_2A94	lbl_t_esp_rodata_2A94
.rodata	0x00002A98	0xC	t_esp/db_port.cpp	local	lbl_t_esp_rodata_2A98	lbl_t_esp_rodata_2A98
.rodata	0x00002AA4	0x4	t_esp/db_port.cpp	local	lbl_t_esp_rodata_2AA4	lbl_t_esp_rodata_2AA4
.rodata	0x00002AA8	0x4	t_esp/db_port.cpp	local	lbl_t_esp_rodata_2AA8	lbl_t_esp_rodata_2AA8
.rodata	0x00002AAC	0x4	t_esp/db_port.cpp	local	lbl_t_esp_rodata_2AAC	lbl_t_esp_rodata_2AAC
.rodata	0x00002AB0	0x4	t_esp/db_port.cpp	local	lbl_t_esp_rodata_2AB0	lbl_t_esp_rodata_2AB0
.rodata	0x00002AB4	0x4	t_esp/db_port.cpp	local	lbl_t_esp_rodata_2AB4	lbl_t_esp_rodata_2AB4
.rodata	0x00002AB8	0x4	t_esp/db_port.cpp	local	lbl_t_esp_rodata_2AB8	lbl_t_esp_rodata_2AB8
.rodata	0x00002ABC	0x1C	t_esp/db_port.cpp	local	lbl_t_esp_rodata_2ABC	lbl_t_esp_rodata_2ABC
.rodata	0x00002AD8	0xC	t_esp/db_port.cpp	local	lbl_t_esp_rodata_2AD8	lbl_t_esp_rodata_2AD8
.rodata	0x00002AE4	0xC	t_esp/db_port.cpp	local	lbl_t_esp_rodata_2AE4	lbl_t_esp_rodata_2AE4
.rodata	0x00002AF0	0x8	t_esp/db_port.cpp	local	lbl_t_esp_rodata_2AF0	lbl_t_esp_rodata_2AF0
.rodata	0x00002AF8	0x4	t_esp/db_port.cpp	local	lbl_t_esp_rodata_2AF8	lbl_t_esp_rodata_2AF8
.rodata	0x00002AFC	0x4	t_esp/db_port.cpp	local	lbl_t_esp_rodata_2AFC	lbl_t_esp_rodata_2AFC
.rodata	0x00002B00	0x4	t_esp/db_port.cpp	local	lbl_t_esp_rodata_2B00	lbl_t_esp_rodata_2B00
.rodata	0x00002B04	0x4	t_esp/db_port.cpp	local	lbl_t_esp_rodata_2B04	lbl_t_esp_rodata_2B04
.rodata	0x00002B08	0x8	t_esp/db_port.cpp	local	lbl_t_esp_rodata_2B08	lbl_t_esp_rodata_2B08
.rodata	0x00002B10	0x8	t_esp/db_port.cpp	local	lbl_t_esp_rodata_2B10	lbl_t_esp_rodata_2B10
.rodata	0x00002B18	0x8	t_esp/db_port.cpp	local	lbl_t_esp_rodata_2B18	lbl_t_esp_rodata_2B18
.rodata	0x00002B20	0x8	t_esp/db_port.cpp	local	lbl_t_esp_rodata_2B20	lbl_t_esp_rodata_2B20
.rodata	0x00002B28	0x8	t_esp/db_port.cpp	local	lbl_t_esp_rodata_2B28	lbl_t_esp_rodata_2B28
.rodata	0x00002B30	0x8	t_esp/db_port.cpp	local	lbl_t_esp_rodata_2B30	lbl_t_esp_rodata_2B30
.rodata	0x00002B38	0x8	t_esp/db_port.cpp	local	lbl_t_esp_rodata_2B38	lbl_t_esp_rodata_2B38
.rodata	0x00002B40	0x8	t_esp/db_port.cpp	local	lbl_t_esp_rodata_2B40	lbl_t_esp_rodata_2B40
.rodata	0x00002B48	0x8	t_esp/db_port.cpp	local	lbl_t_esp_rodata_2B48	lbl_t_esp_rodata_2B48
.rodata	0x00002B50	0x8	t_esp/db_port.cpp	local	lbl_t_esp_rodata_2B50	lbl_t_esp_rodata_2B50
.rodata	0x00002B58	0xC	t_esp/db_port.cpp	local	lbl_t_esp_rodata_2B58	lbl_t_esp_rodata_2B58
.rodata	0x00002B64	0xC	t_esp/db_port.cpp	local	lbl_t_esp_rodata_2B64	lbl_t_esp_rodata_2B64
.rodata	0x00002B70	0xC	t_esp/db_port.cpp	local	lbl_t_esp_rodata_2B70	lbl_t_esp_rodata_2B70
.rodata	0x00002B7C	0xC	t_esp/db_port.cpp	local	lbl_t_esp_rodata_2B7C	lbl_t_esp_rodata_2B7C
.rodata	0x00002B88	0xC	t_esp/db_port.cpp	local	lbl_t_esp_rodata_2B88	lbl_t_esp_rodata_2B88
.rodata	0x00002B94	0xC	t_esp/db_port.cpp	local	lbl_t_esp_rodata_2B94	lbl_t_esp_rodata_2B94
.rodata	0x00002BA0	0x10	t_esp/db_port.cpp	local	lbl_t_esp_rodata_2BA0	lbl_t_esp_rodata_2BA0
.rodata	0x00002BB0	0x8	t_esp/db_port.cpp	local	lbl_t_esp_rodata_2BB0	lbl_t_esp_rodata_2BB0
.rodata	0x00002BB8	0x4	t_esp/db_port.cpp	local	lbl_t_esp_rodata_2BB8	lbl_t_esp_rodata_2BB8
.rodata	0x00002BBC	0x4	t_esp/db_port.cpp	local	lbl_t_esp_rodata_2BBC	lbl_t_esp_rodata_2BBC
.rodata	0x00002BC0	0x8	t_esp/db_port.cpp	local	lbl_t_esp_rodata_2BC0	lbl_t_esp_rodata_2BC0
.rodata	0x00002BC8	0x8	t_esp/db_port.cpp	local	lbl_t_esp_rodata_2BC8	lbl_t_esp_rodata_2BC8
.rodata	0x00002BD0	0x4	t_esp/db_port.cpp	local	lbl_t_esp_rodata_2BD0	lbl_t_esp_rodata_2BD0
.rodata	0x00002BD4	0x4	t_esp/db_port.cpp	local	lbl_t_esp_rodata_2BD4	lbl_t_esp_rodata_2BD4
.rodata	0x00002BD8	0x4	t_esp/db_port.cpp	local	lbl_t_esp_rodata_2BD8	lbl_t_esp_rodata_2BD8
.rodata	0x00002BDC	0x28	t_esp/db_port.cpp	local	lbl_t_esp_rodata_2BDC	lbl_t_esp_rodata_2BDC
.rodata	0x00002C04	0x28	t_esp/db_port.cpp	local	lbl_t_esp_rodata_2C04	lbl_t_esp_rodata_2C04
.rodata	0x00002C2C	0x38	t_esp/db_port.cpp	local	lbl_t_esp_rodata_2C2C	lbl_t_esp_rodata_2C2C
.rodata	0x00002C64	0x28	t_esp/db_port.cpp	local	lbl_t_esp_rodata_2C64	lbl_t_esp_rodata_2C64
.rodata	0x00002C8C	0x1C	t_esp/db_port.cpp	local	lbl_t_esp_rodata_2C8C	lbl_t_esp_rodata_2C8C
.rodata	0x00002D2C	0x4	t_esp/db_widget.cpp	local	lbl_t_esp_rodata_2D2C	lbl_t_esp_rodata_2D2C
.rodata	0x00002D30	0x4	t_esp/db_widget.cpp	local	lbl_t_esp_rodata_2D30	lbl_t_esp_rodata_2D30
.rodata	0x00002D34	0x4	t_esp/db_widget.cpp	local	lbl_t_esp_rodata_2D34	lbl_t_esp_rodata_2D34
.rodata	0x00002D38	0x4	t_esp/db_widget.cpp	local	lbl_t_esp_rodata_2D38	lbl_t_esp_rodata_2D38
.rodata	0x00002D3C	0x4	t_esp/db_widget.cpp	local	lbl_t_esp_rodata_2D3C	lbl_t_esp_rodata_2D3C
.rodata	0x00002D40	0x4	t_esp/db_widget.cpp	local	lbl_t_esp_rodata_2D40	lbl_t_esp_rodata_2D40
.rodata	0x00002D44	0x4	t_esp/db_widget.cpp	local	lbl_t_esp_rodata_2D44	lbl_t_esp_rodata_2D44
.rodata	0x00002D48	0x4	t_esp/db_widget.cpp	local	lbl_t_esp_rodata_2D48	lbl_t_esp_rodata_2D48
.rodata	0x00002D4C	0x4	t_esp/db_widget.cpp	local	lbl_t_esp_rodata_2D4C	lbl_t_esp_rodata_2D4C
.rodata	0x00002D50	0x4	t_esp/db_widget.cpp	local	lbl_t_esp_rodata_2D50	lbl_t_esp_rodata_2D50
.rodata	0x00002D54	0x4	t_esp/db_widget.cpp	local	lbl_t_esp_rodata_2D54	lbl_t_esp_rodata_2D54
.rodata	0x00002D58	0x4	t_esp/db_widget.cpp	local	lbl_t_esp_rodata_2D58	lbl_t_esp_rodata_2D58
.rodata	0x00002D5C	0x4	t_esp/db_widget.cpp	local	lbl_t_esp_rodata_2D5C	lbl_t_esp_rodata_2D5C
.rodata	0x00002D60	0x4	t_esp/db_widget.cpp	local	lbl_t_esp_rodata_2D60	lbl_t_esp_rodata_2D60
.rodata	0x00002D64	0x4	t_esp/db_widget.cpp	local	lbl_t_esp_rodata_2D64	lbl_t_esp_rodata_2D64
.rodata	0x00002D68	0x4	t_esp/db_widget.cpp	local	lbl_t_esp_rodata_2D68	lbl_t_esp_rodata_2D68
.rodata	0x00002D6C	0x4	t_esp/db_widget.cpp	local	lbl_t_esp_rodata_2D6C	lbl_t_esp_rodata_2D6C
.rodata	0x00002D70	0x4	t_esp/db_widget.cpp	local	lbl_t_esp_rodata_2D70	lbl_t_esp_rodata_2D70
.rodata	0x00002D74	0x4	t_esp/db_widget.cpp	local	lbl_t_esp_rodata_2D74	lbl_t_esp_rodata_2D74
.rodata	0x00002D78	0x4	t_esp/db_widget.cpp	local	lbl_t_esp_rodata_2D78	lbl_t_esp_rodata_2D78
.rodata	0x00002D7C	0x4	t_esp/db_widget.cpp	local	lbl_t_esp_rodata_2D7C	lbl_t_esp_rodata_2D7C
.rodata	0x00002D80	0x4	t_esp/db_widget.cpp	local	lbl_t_esp_rodata_2D80	lbl_t_esp_rodata_2D80
.rodata	0x00002D84	0x4	t_esp/db_widget.cpp	local	lbl_t_esp_rodata_2D84	lbl_t_esp_rodata_2D84
.rodata	0x00002D88	0x4	t_esp/db_widget.cpp	local	lbl_t_esp_rodata_2D88	lbl_t_esp_rodata_2D88
.rodata	0x00002D8C	0x4	t_esp/db_widget.cpp	local	lbl_t_esp_rodata_2D8C	lbl_t_esp_rodata_2D8C
.rodata	0x00002D90	0x4	t_esp/db_widget.cpp	local	lbl_t_esp_rodata_2D90	lbl_t_esp_rodata_2D90
.rodata	0x00002D94	0x4	t_esp/db_widget.cpp	local	lbl_t_esp_rodata_2D94	lbl_t_esp_rodata_2D94
.rodata	0x00002D98	0x4	t_esp/db_widget.cpp	local	lbl_t_esp_rodata_2D98	lbl_t_esp_rodata_2D98
.rodata	0x00002D9C	0x4	t_esp/db_widget.cpp	local	lbl_t_esp_rodata_2D9C	lbl_t_esp_rodata_2D9C
.rodata	0x00002DA0	0x4	t_esp/db_widget.cpp	local	lbl_t_esp_rodata_2DA0	lbl_t_esp_rodata_2DA0
.rodata	0x00002DA4	0x4	t_esp/db_widget.cpp	local	lbl_t_esp_rodata_2DA4	lbl_t_esp_rodata_2DA4
.rodata	0x00002DA8	0x4	t_esp/db_widget.cpp	local	lbl_t_esp_rodata_2DA8	lbl_t_esp_rodata_2DA8
.rodata	0x00002DAC	0x4	t_esp/db_widget.cpp	local	lbl_t_esp_rodata_2DAC	lbl_t_esp_rodata_2DAC
.rodata	0x00002DB0	0x4	t_esp/db_widget.cpp	local	lbl_t_esp_rodata_2DB0	lbl_t_esp_rodata_2DB0
.rodata	0x00002DB4	0x4	t_esp/db_widget.cpp	local	lbl_t_esp_rodata_2DB4	lbl_t_esp_rodata_2DB4
.rodata	0x00002DB8	0x4	t_esp/db_widget.cpp	local	lbl_t_esp_rodata_2DB8	lbl_t_esp_rodata_2DB8
.rodata	0x00002DBC	0x4	t_esp/db_widget.cpp	local	lbl_t_esp_rodata_2DBC	lbl_t_esp_rodata_2DBC
.rodata	0x00002DC0	0x4	t_esp/db_widget.cpp	local	lbl_t_esp_rodata_2DC0	lbl_t_esp_rodata_2DC0
.rodata	0x00002DC4	0x4	t_esp/db_widget.cpp	local	lbl_t_esp_rodata_2DC4	lbl_t_esp_rodata_2DC4
.rodata	0x00002DC8	0x8	t_esp/db_widget.cpp	local	lbl_t_esp_rodata_2DC8	lbl_t_esp_rodata_2DC8
.rodata	0x00002DD0	0x8	t_esp/db_widget.cpp	local	lbl_t_esp_rodata_2DD0	lbl_t_esp_rodata_2DD0
.rodata	0x00002DD8	0x4	t_esp/db_widget.cpp	local	lbl_t_esp_rodata_2DD8	lbl_t_esp_rodata_2DD8
.rodata	0x00002DDC	0x4	t_esp/db_widget.cpp	local	lbl_t_esp_rodata_2DDC	lbl_t_esp_rodata_2DDC
.rodata	0x00002DE0	0x4	t_esp/db_widget.cpp	local	lbl_t_esp_rodata_2DE0	lbl_t_esp_rodata_2DE0
.rodata	0x00002DE4	0x4	t_esp/db_widget.cpp	local	lbl_t_esp_rodata_2DE4	lbl_t_esp_rodata_2DE4
.rodata	0x00002DE8	0x4	t_esp/db_widget.cpp	local	lbl_t_esp_rodata_2DE8	lbl_t_esp_rodata_2DE8
.rodata	0x00002DEC	0x4	t_esp/db_widget.cpp	local	lbl_t_esp_rodata_2DEC	lbl_t_esp_rodata_2DEC
.rodata	0x00002DF0	0x4	t_esp/db_widget.cpp	local	lbl_t_esp_rodata_2DF0	lbl_t_esp_rodata_2DF0
.rodata	0x00002DF4	0x4	t_esp/db_widget.cpp	local	lbl_t_esp_rodata_2DF4	lbl_t_esp_rodata_2DF4
.rodata	0x00002DF8	0x4	t_esp/db_widget.cpp	local	lbl_t_esp_rodata_2DF8	lbl_t_esp_rodata_2DF8
.rodata	0x00002DFC	0x4	t_esp/db_widget.cpp	local	lbl_t_esp_rodata_2DFC	lbl_t_esp_rodata_2DFC
.rodata	0x00002E00	0x8	t_esp/db_widget.cpp	local	lbl_t_esp_rodata_2E00	lbl_t_esp_rodata_2E00
.rodata	0x00002E08	0x8	t_esp/db_widget.cpp	local	lbl_t_esp_rodata_2E08	lbl_t_esp_rodata_2E08
.rodata	0x00002E10	0x8	t_esp/db_widget.cpp	local	lbl_t_esp_rodata_2E10	lbl_t_esp_rodata_2E10
.rodata	0x00002E18	0x8	t_esp/db_widget.cpp	local	lbl_t_esp_rodata_2E18	lbl_t_esp_rodata_2E18
.rodata	0x00002E20	0x4	t_esp/db_widget.cpp	local	lbl_t_esp_rodata_2E20	lbl_t_esp_rodata_2E20
.rodata	0x00002E24	0x4	t_esp/db_widget.cpp	local	lbl_t_esp_rodata_2E24	lbl_t_esp_rodata_2E24
.rodata	0x00002E28	0x4	t_esp/db_widget.cpp	local	lbl_t_esp_rodata_2E28	lbl_t_esp_rodata_2E28
.rodata	0x00002E2C	0x4	t_esp/db_widget.cpp	local	lbl_t_esp_rodata_2E2C	lbl_t_esp_rodata_2E2C
.rodata	0x00002E30	0x4	t_esp/db_widget.cpp	local	lbl_t_esp_rodata_2E30	lbl_t_esp_rodata_2E30
.rodata	0x00002E34	0x4	t_esp/db_widget.cpp	local	lbl_t_esp_rodata_2E34	lbl_t_esp_rodata_2E34
.rodata	0x00002E38	0x4	t_esp/db_widget.cpp	local	lbl_t_esp_rodata_2E38	lbl_t_esp_rodata_2E38
.rodata	0x00002E3C	0x4	t_esp/db_widget.cpp	local	lbl_t_esp_rodata_2E3C	lbl_t_esp_rodata_2E3C
.rodata	0x00002E40	0x4	t_esp/db_widget.cpp	local	lbl_t_esp_rodata_2E40	lbl_t_esp_rodata_2E40
.rodata	0x00002E44	0x4	t_esp/db_widget.cpp	local	lbl_t_esp_rodata_2E44	lbl_t_esp_rodata_2E44
.rodata	0x00002E48	0x4	t_esp/db_widget.cpp	local	lbl_t_esp_rodata_2E48	lbl_t_esp_rodata_2E48
.rodata	0x00002E4C	0x4	t_esp/db_widget.cpp	local	lbl_t_esp_rodata_2E4C	lbl_t_esp_rodata_2E4C
.rodata	0x00002E50	0x4	t_esp/db_widget.cpp	local	lbl_t_esp_rodata_2E50	lbl_t_esp_rodata_2E50
.rodata	0x00002E54	0x4	t_esp/db_widget.cpp	local	lbl_t_esp_rodata_2E54	lbl_t_esp_rodata_2E54
.rodata	0x00002E58	0x4	t_esp/db_widget.cpp	local	lbl_t_esp_rodata_2E58	lbl_t_esp_rodata_2E58
.rodata	0x00002E5C	0x4	t_esp/db_widget.cpp	local	lbl_t_esp_rodata_2E5C	lbl_t_esp_rodata_2E5C
.rodata	0x00002E60	0x8	t_esp/db_widget.cpp	local	lbl_t_esp_rodata_2E60	lbl_t_esp_rodata_2E60
.rodata	0x00002E68	0x8	t_esp/db_widget.cpp	local	lbl_t_esp_rodata_2E68	lbl_t_esp_rodata_2E68
.rodata	0x00002E70	0x4	t_esp/db_widget.cpp	local	lbl_t_esp_rodata_2E70	lbl_t_esp_rodata_2E70
.rodata	0x00002E74	0x4	t_esp/db_widget.cpp	local	lbl_t_esp_rodata_2E74	lbl_t_esp_rodata_2E74
.rodata	0x00002E78	0x8	t_esp/db_widget.cpp	local	lbl_t_esp_rodata_2E78	lbl_t_esp_rodata_2E78
.rodata	0x00002E80	0x4	t_esp/db_widget.cpp	local	lbl_t_esp_rodata_2E80	lbl_t_esp_rodata_2E80
.rodata	0x00002E84	0x14	t_esp/db_widget.cpp	local	lbl_t_esp_rodata_2E84	lbl_t_esp_rodata_2E84
.rodata	0x00002E98	0x8	t_esp/db_widget.cpp	local	lbl_t_esp_rodata_2E98	lbl_t_esp_rodata_2E98
.rodata	0x00002EA0	0x4	t_esp/db_widget.cpp	local	lbl_t_esp_rodata_2EA0	lbl_t_esp_rodata_2EA0
.rodata	0x00002EA4	0x4	t_esp/db_widget.cpp	local	lbl_t_esp_rodata_2EA4	lbl_t_esp_rodata_2EA4
.rodata	0x00002EA8	0x8	t_esp/db_widget.cpp	local	lbl_t_esp_rodata_2EA8	lbl_t_esp_rodata_2EA8
.rodata	0x00002EB0	0x4	t_esp/db_widget.cpp	local	lbl_t_esp_rodata_2EB0	lbl_t_esp_rodata_2EB0
.rodata	0x00002EB4	0x4	t_esp/db_widget.cpp	local	lbl_t_esp_rodata_2EB4	lbl_t_esp_rodata_2EB4
.rodata	0x00002EB8	0x4	t_esp/db_widget.cpp	local	lbl_t_esp_rodata_2EB8	lbl_t_esp_rodata_2EB8
.rodata	0x00002EBC	0x4	t_esp/db_widget.cpp	local	lbl_t_esp_rodata_2EBC	lbl_t_esp_rodata_2EBC
.rodata	0x00002EC0	0x4	t_esp/db_widget.cpp	local	lbl_t_esp_rodata_2EC0	lbl_t_esp_rodata_2EC0
.rodata	0x00002EC4	0x4	t_esp/db_widget.cpp	local	lbl_t_esp_rodata_2EC4	lbl_t_esp_rodata_2EC4
.rodata	0x00002EC8	0x4	t_esp/db_widget.cpp	local	lbl_t_esp_rodata_2EC8	lbl_t_esp_rodata_2EC8
.rodata	0x00002ECC	0x4	t_esp/db_widget.cpp	local	lbl_t_esp_rodata_2ECC	lbl_t_esp_rodata_2ECC
.rodata	0x00002ED0	0x8	t_esp/db_widget.cpp	local	lbl_t_esp_rodata_2ED0	lbl_t_esp_rodata_2ED0
.rodata	0x00002ED8	0x8	t_esp/db_widget.cpp	local	lbl_t_esp_rodata_2ED8	lbl_t_esp_rodata_2ED8
.rodata	0x00002EE0	0x8	t_esp/db_widget.cpp	local	lbl_t_esp_rodata_2EE0	lbl_t_esp_rodata_2EE0
.rodata	0x00002EE8	0x8	t_esp/db_widget.cpp	local	lbl_t_esp_rodata_2EE8	lbl_t_esp_rodata_2EE8
.rodata	0x00002EF0	0x8	t_esp/db_widget.cpp	local	lbl_t_esp_rodata_2EF0	lbl_t_esp_rodata_2EF0
.rodata	0x00002EF8	0x8	t_esp/db_widget.cpp	local	lbl_t_esp_rodata_2EF8	lbl_t_esp_rodata_2EF8
.rodata	0x00002F00	0x4	t_esp/db_widget.cpp	local	lbl_t_esp_rodata_2F00	lbl_t_esp_rodata_2F00
.rodata	0x00002F04	0x4	t_esp/db_widget.cpp	local	lbl_t_esp_rodata_2F04	lbl_t_esp_rodata_2F04
.rodata	0x00002F08	0x4	t_esp/db_widget.cpp	local	lbl_t_esp_rodata_2F08	lbl_t_esp_rodata_2F08
.rodata	0x00002F0C	0x4	t_esp/db_widget.cpp	local	lbl_t_esp_rodata_2F0C	lbl_t_esp_rodata_2F0C
.rodata	0x00002F10	0x4	t_esp/db_widget.cpp	local	lbl_t_esp_rodata_2F10	lbl_t_esp_rodata_2F10
.rodata	0x00002F14	0x4	t_esp/db_widget.cpp	local	lbl_t_esp_rodata_2F14	lbl_t_esp_rodata_2F14
.rodata	0x00002F18	0x4	t_esp/db_widget.cpp	local	lbl_t_esp_rodata_2F18	lbl_t_esp_rodata_2F18
.rodata	0x00002F1C	0x4	t_esp/db_widget.cpp	local	lbl_t_esp_rodata_2F1C	lbl_t_esp_rodata_2F1C
.rodata	0x00002F20	0x4	t_esp/db_widget.cpp	local	lbl_t_esp_rodata_2F20	lbl_t_esp_rodata_2F20
.rodata	0x00002F24	0x24	t_esp/db_widget.cpp	local	lbl_t_esp_rodata_2F24	lbl_t_esp_rodata_2F24
.rodata	0x00002F48	0x8	t_esp/db_widget.cpp	local	lbl_t_esp_rodata_2F48	lbl_t_esp_rodata_2F48
.rodata	0x00002F50	0x8	t_esp/db_widget.cpp	local	lbl_t_esp_rodata_2F50	lbl_t_esp_rodata_2F50
.rodata	0x00002F58	0x4	t_esp/db_widget.cpp	local	lbl_t_esp_rodata_2F58	lbl_t_esp_rodata_2F58
.rodata	0x00002F5C	0x4	t_esp/db_widget.cpp	local	lbl_t_esp_rodata_2F5C	lbl_t_esp_rodata_2F5C
.rodata	0x00002F60	0x4	t_esp/db_widget.cpp	local	lbl_t_esp_rodata_2F60	lbl_t_esp_rodata_2F60
.rodata	0x00002F64	0x4	t_esp/db_widget.cpp	local	lbl_t_esp_rodata_2F64	lbl_t_esp_rodata_2F64
.rodata	0x00002F68	0x4	t_esp/db_widget.cpp	local	lbl_t_esp_rodata_2F68	lbl_t_esp_rodata_2F68
.rodata	0x00002F6C	0x4	t_esp/db_widget.cpp	local	lbl_t_esp_rodata_2F6C	lbl_t_esp_rodata_2F6C
.rodata	0x00002F70	0x4	t_esp/db_widget.cpp	local	lbl_t_esp_rodata_2F70	lbl_t_esp_rodata_2F70
.rodata	0x00002F74	0x4	t_esp/db_widget.cpp	local	lbl_t_esp_rodata_2F74	lbl_t_esp_rodata_2F74
.rodata	0x00002F78	0x4	t_esp/db_widget.cpp	local	lbl_t_esp_rodata_2F78	lbl_t_esp_rodata_2F78
.rodata	0x00002F7C	0x4	t_esp/db_widget.cpp	local	lbl_t_esp_rodata_2F7C	lbl_t_esp_rodata_2F7C
.rodata	0x00002F80	0x4	t_esp/db_widget.cpp	local	lbl_t_esp_rodata_2F80	lbl_t_esp_rodata_2F80
.rodata	0x00002F84	0x4	t_esp/db_widget.cpp	local	lbl_t_esp_rodata_2F84	lbl_t_esp_rodata_2F84
.rodata	0x00002F88	0x4	t_esp/db_widget.cpp	local	lbl_t_esp_rodata_2F88	lbl_t_esp_rodata_2F88
.rodata	0x00002F8C	0x4	t_esp/db_widget.cpp	local	lbl_t_esp_rodata_2F8C	lbl_t_esp_rodata_2F8C
.rodata	0x00002F90	0x4	t_esp/db_widget.cpp	local	lbl_t_esp_rodata_2F90	lbl_t_esp_rodata_2F90
.rodata	0x00002F94	0x28	t_esp/db_widget.cpp	local	lbl_t_esp_rodata_2F94	lbl_t_esp_rodata_2F94
.rodata	0x00002FBC	0x28	t_esp/db_widget.cpp	local	lbl_t_esp_rodata_2FBC	lbl_t_esp_rodata_2FBC
.rodata	0x00002FE4	0x38	t_esp/db_widget.cpp	local	lbl_t_esp_rodata_2FE4	lbl_t_esp_rodata_2FE4
.rodata	0x0000301C	0x28	t_esp/db_widget.cpp	local	lbl_t_esp_rodata_301C	lbl_t_esp_rodata_301C
.rodata	0x00003044	0x7C	t_esp/db_widget.cpp	local	lbl_t_esp_rodata_3044	lbl_t_esp_rodata_3044
.rodata	0x00003060	0x60	t_esp/db_widget.cpp	global	_vt.11DB_SLIDEBAR	_vt.11DB_SLIDEBAR
.rodata	0x000030C0	0x60	t_esp/db_widget.cpp	global	_vt.11DB_NUMERIC2	_vt.11DB_NUMERIC2
.rodata	0x00003120	0x60	t_esp/db_widget.cpp	global	_vt.10DB_NUMERIC	_vt.10DB_NUMERIC
.rodata	0x00003180	0x60	t_esp/db_widget.cpp	global	_vt.9DB_BUTTON	_vt.9DB_BUTTON
.rodata	0x000031E0	0x60	t_esp/db_widget.cpp	global	_vt.9DB_STRING	_vt.9DB_STRING
.rodata	0x00003240	0x60	t_esp/db_widget.cpp	global	_vt.15DB_BUTTON_CLOSE	_vt.15DB_BUTTON_CLOSE
.rodata	0x000032A0	0x60	t_esp/db_widget.cpp	global	_vt.15DB_WINDOW_TITLE	_vt.15DB_WINDOW_TITLE
.rodata	0x00003300	0x60	t_esp/db_widget.cpp	global	_vt.9DB_WINDOW	_vt.9DB_WINDOW
.rodata	0x00003360	0x18	t_esp/db_widget.cpp	global	_vt.16DB_ACTIVE_SELECT	_vt.16DB_ACTIVE_SELECT
.rodata	0x00003378	0x60	t_esp/db_widget.cpp	global	_vt.12DB_PRIMITIVE	_vt.12DB_PRIMITIVE
.rodata	0x000033D8	0x38	t_esp/db_widget.cpp	local	dbNumRange	dbNumRange
.rodata	0x00003494	0x4	t_esp/db_window.cpp	local	lbl_t_esp_rodata_3494	lbl_t_esp_rodata_3494
.rodata	0x00003498	0x4	t_esp/db_window.cpp	local	lbl_t_esp_rodata_3498	lbl_t_esp_rodata_3498
.rodata	0x0000349C	0x4	t_esp/db_window.cpp	local	lbl_t_esp_rodata_349C	lbl_t_esp_rodata_349C
.rodata	0x000034A0	0x4	t_esp/db_window.cpp	local	lbl_t_esp_rodata_34A0	lbl_t_esp_rodata_34A0
.rodata	0x000034A4	0x8	t_esp/db_window.cpp	local	lbl_t_esp_rodata_34A4	lbl_t_esp_rodata_34A4
.rodata	0x000034AC	0x4	t_esp/db_window.cpp	local	lbl_t_esp_rodata_34AC	lbl_t_esp_rodata_34AC
.rodata	0x000034B0	0x4	t_esp/db_window.cpp	local	lbl_t_esp_rodata_34B0	lbl_t_esp_rodata_34B0
.rodata	0x000034B4	0x4	t_esp/db_window.cpp	local	lbl_t_esp_rodata_34B4	lbl_t_esp_rodata_34B4
.rodata	0x000034B8	0x4	t_esp/db_window.cpp	local	lbl_t_esp_rodata_34B8	lbl_t_esp_rodata_34B8
.rodata	0x000034BC	0x4	t_esp/db_window.cpp	local	lbl_t_esp_rodata_34BC	lbl_t_esp_rodata_34BC
.rodata	0x000034C0	0x4	t_esp/db_window.cpp	local	lbl_t_esp_rodata_34C0	lbl_t_esp_rodata_34C0
.rodata	0x000034C4	0x38	t_esp/db_window.cpp	local	tbl.294	tbl.294
.rodata	0x000034FC	0x4	t_esp/db_window.cpp	local	lbl_t_esp_rodata_34FC	lbl_t_esp_rodata_34FC
.rodata	0x00003500	0x4	t_esp/db_window.cpp	local	lbl_t_esp_rodata_3500	lbl_t_esp_rodata_3500
.rodata	0x00003504	0x4	t_esp/db_window.cpp	local	lbl_t_esp_rodata_3504	lbl_t_esp_rodata_3504
.rodata	0x00003508	0x4	t_esp/db_window.cpp	local	lbl_t_esp_rodata_3508	lbl_t_esp_rodata_3508
.rodata	0x0000350C	0x4	t_esp/db_window.cpp	local	lbl_t_esp_rodata_350C	lbl_t_esp_rodata_350C
.rodata	0x00003510	0x28	t_esp/db_window.cpp	local	lbl_t_esp_rodata_3510	lbl_t_esp_rodata_3510
.rodata	0x00003538	0x28	t_esp/db_window.cpp	local	lbl_t_esp_rodata_3538	lbl_t_esp_rodata_3538
.rodata	0x00003560	0x38	t_esp/db_window.cpp	local	lbl_t_esp_rodata_3560	lbl_t_esp_rodata_3560
.rodata	0x00003598	0x28	t_esp/db_window.cpp	local	lbl_t_esp_rodata_3598	lbl_t_esp_rodata_3598
.rodata	0x000035C0	0x20	t_esp/db_window.cpp	local	lbl_t_esp_rodata_35C0	lbl_t_esp_rodata_35C0
.rodata	0x00003664	0x8	t_esp/t_esp.cpp	local	lbl_t_esp_rodata_3664	lbl_t_esp_rodata_3664
.rodata	0x0000366C	0x8	t_esp/t_esp.cpp	local	lbl_t_esp_rodata_366C	lbl_t_esp_rodata_366C
.rodata	0x00003674	0x8	t_esp/t_esp.cpp	local	lbl_t_esp_rodata_3674	lbl_t_esp_rodata_3674
.rodata	0x0000367C	0x8	t_esp/t_esp.cpp	local	lbl_t_esp_rodata_367C	lbl_t_esp_rodata_367C
.rodata	0x00003684	0x8	t_esp/t_esp.cpp	local	lbl_t_esp_rodata_3684	lbl_t_esp_rodata_3684
.rodata	0x0000368C	0x8	t_esp/t_esp.cpp	local	lbl_t_esp_rodata_368C	lbl_t_esp_rodata_368C
.rodata	0x00003694	0x8	t_esp/t_esp.cpp	local	lbl_t_esp_rodata_3694	lbl_t_esp_rodata_3694
.rodata	0x0000369C	0x8	t_esp/t_esp.cpp	local	lbl_t_esp_rodata_369C	lbl_t_esp_rodata_369C
.rodata	0x000036A4	0x8	t_esp/t_esp.cpp	local	lbl_t_esp_rodata_36A4	lbl_t_esp_rodata_36A4
.rodata	0x000036AC	0x8	t_esp/t_esp.cpp	local	lbl_t_esp_rodata_36AC	lbl_t_esp_rodata_36AC
.rodata	0x000036B4	0x8	t_esp/t_esp.cpp	local	lbl_t_esp_rodata_36B4	lbl_t_esp_rodata_36B4
.rodata	0x000036BC	0x8	t_esp/t_esp.cpp	local	lbl_t_esp_rodata_36BC	lbl_t_esp_rodata_36BC
.rodata	0x000036C4	0x8	t_esp/t_esp.cpp	local	lbl_t_esp_rodata_36C4	lbl_t_esp_rodata_36C4
.rodata	0x000036CC	0x8	t_esp/t_esp.cpp	local	lbl_t_esp_rodata_36CC	lbl_t_esp_rodata_36CC
.rodata	0x000036D4	0x8	t_esp/t_esp.cpp	local	lbl_t_esp_rodata_36D4	lbl_t_esp_rodata_36D4
.rodata	0x000036DC	0x8	t_esp/t_esp.cpp	local	lbl_t_esp_rodata_36DC	lbl_t_esp_rodata_36DC
.rodata	0x000036E4	0x8	t_esp/t_esp.cpp	local	lbl_t_esp_rodata_36E4	lbl_t_esp_rodata_36E4
.rodata	0x000036EC	0x8	t_esp/t_esp.cpp	local	lbl_t_esp_rodata_36EC	lbl_t_esp_rodata_36EC
.rodata	0x000036F4	0x8	t_esp/t_esp.cpp	local	lbl_t_esp_rodata_36F4	lbl_t_esp_rodata_36F4
.rodata	0x000036FC	0x8	t_esp/t_esp.cpp	local	lbl_t_esp_rodata_36FC	lbl_t_esp_rodata_36FC
.rodata	0x00003704	0x8	t_esp/t_esp.cpp	local	lbl_t_esp_rodata_3704	lbl_t_esp_rodata_3704
.rodata	0x0000370C	0x8	t_esp/t_esp.cpp	local	lbl_t_esp_rodata_370C	lbl_t_esp_rodata_370C
.rodata	0x00003714	0x8	t_esp/t_esp.cpp	local	lbl_t_esp_rodata_3714	lbl_t_esp_rodata_3714
.rodata	0x0000371C	0x8	t_esp/t_esp.cpp	local	lbl_t_esp_rodata_371C	lbl_t_esp_rodata_371C
.rodata	0x00003724	0x8	t_esp/t_esp.cpp	local	lbl_t_esp_rodata_3724	lbl_t_esp_rodata_3724
.rodata	0x0000372C	0x8	t_esp/t_esp.cpp	local	lbl_t_esp_rodata_372C	lbl_t_esp_rodata_372C
.rodata	0x00003734	0x8	t_esp/t_esp.cpp	local	lbl_t_esp_rodata_3734	lbl_t_esp_rodata_3734
.rodata	0x0000373C	0x8	t_esp/t_esp.cpp	local	lbl_t_esp_rodata_373C	lbl_t_esp_rodata_373C
.rodata	0x00003744	0x8	t_esp/t_esp.cpp	local	lbl_t_esp_rodata_3744	lbl_t_esp_rodata_3744
.rodata	0x0000374C	0x8	t_esp/t_esp.cpp	local	lbl_t_esp_rodata_374C	lbl_t_esp_rodata_374C
.rodata	0x00003754	0x8	t_esp/t_esp.cpp	local	lbl_t_esp_rodata_3754	lbl_t_esp_rodata_3754
.rodata	0x0000375C	0x8	t_esp/t_esp.cpp	local	lbl_t_esp_rodata_375C	lbl_t_esp_rodata_375C
.rodata	0x00003764	0x8	t_esp/t_esp.cpp	local	lbl_t_esp_rodata_3764	lbl_t_esp_rodata_3764
.rodata	0x0000376C	0x8	t_esp/t_esp.cpp	local	lbl_t_esp_rodata_376C	lbl_t_esp_rodata_376C
.rodata	0x00003774	0x8	t_esp/t_esp.cpp	local	lbl_t_esp_rodata_3774	lbl_t_esp_rodata_3774
.rodata	0x0000377C	0x8	t_esp/t_esp.cpp	local	lbl_t_esp_rodata_377C	lbl_t_esp_rodata_377C
.rodata	0x00003784	0x8	t_esp/t_esp.cpp	local	lbl_t_esp_rodata_3784	lbl_t_esp_rodata_3784
.rodata	0x0000378C	0x8	t_esp/t_esp.cpp	local	lbl_t_esp_rodata_378C	lbl_t_esp_rodata_378C
.rodata	0x00003794	0x8	t_esp/t_esp.cpp	local	lbl_t_esp_rodata_3794	lbl_t_esp_rodata_3794
.rodata	0x0000379C	0x8	t_esp/t_esp.cpp	local	lbl_t_esp_rodata_379C	lbl_t_esp_rodata_379C
.rodata	0x000037A4	0x8	t_esp/t_esp.cpp	local	lbl_t_esp_rodata_37A4	lbl_t_esp_rodata_37A4
.rodata	0x000037AC	0x8	t_esp/t_esp.cpp	local	lbl_t_esp_rodata_37AC	lbl_t_esp_rodata_37AC
.rodata	0x000037B4	0x8	t_esp/t_esp.cpp	local	lbl_t_esp_rodata_37B4	lbl_t_esp_rodata_37B4
.rodata	0x000037BC	0x8	t_esp/t_esp.cpp	local	lbl_t_esp_rodata_37BC	lbl_t_esp_rodata_37BC
.rodata	0x000037C4	0x8	t_esp/t_esp.cpp	local	lbl_t_esp_rodata_37C4	lbl_t_esp_rodata_37C4
.rodata	0x000037CC	0x8	t_esp/t_esp.cpp	local	lbl_t_esp_rodata_37CC	lbl_t_esp_rodata_37CC
.rodata	0x000037D4	0x8	t_esp/t_esp.cpp	local	lbl_t_esp_rodata_37D4	lbl_t_esp_rodata_37D4
.rodata	0x000037DC	0x8	t_esp/t_esp.cpp	local	lbl_t_esp_rodata_37DC	lbl_t_esp_rodata_37DC
.rodata	0x000037E4	0x8	t_esp/t_esp.cpp	local	lbl_t_esp_rodata_37E4	lbl_t_esp_rodata_37E4
.rodata	0x000037EC	0x8	t_esp/t_esp.cpp	local	lbl_t_esp_rodata_37EC	lbl_t_esp_rodata_37EC
.rodata	0x000037F4	0x8	t_esp/t_esp.cpp	local	lbl_t_esp_rodata_37F4	lbl_t_esp_rodata_37F4
.rodata	0x000037FC	0x8	t_esp/t_esp.cpp	local	lbl_t_esp_rodata_37FC	lbl_t_esp_rodata_37FC
.rodata	0x00003804	0x8	t_esp/t_esp.cpp	local	lbl_t_esp_rodata_3804	lbl_t_esp_rodata_3804
.rodata	0x0000380C	0x8	t_esp/t_esp.cpp	local	lbl_t_esp_rodata_380C	lbl_t_esp_rodata_380C
.rodata	0x00003814	0x8	t_esp/t_esp.cpp	local	lbl_t_esp_rodata_3814	lbl_t_esp_rodata_3814
.rodata	0x0000381C	0x8	t_esp/t_esp.cpp	local	lbl_t_esp_rodata_381C	lbl_t_esp_rodata_381C
.rodata	0x00003824	0x8	t_esp/t_esp.cpp	local	lbl_t_esp_rodata_3824	lbl_t_esp_rodata_3824
.rodata	0x0000382C	0x8	t_esp/t_esp.cpp	local	lbl_t_esp_rodata_382C	lbl_t_esp_rodata_382C
.rodata	0x00003834	0x8	t_esp/t_esp.cpp	local	lbl_t_esp_rodata_3834	lbl_t_esp_rodata_3834
.rodata	0x0000383C	0x8	t_esp/t_esp.cpp	local	lbl_t_esp_rodata_383C	lbl_t_esp_rodata_383C
.rodata	0x00003844	0x8	t_esp/t_esp.cpp	local	lbl_t_esp_rodata_3844	lbl_t_esp_rodata_3844
.rodata	0x0000384C	0x8	t_esp/t_esp.cpp	local	lbl_t_esp_rodata_384C	lbl_t_esp_rodata_384C
.rodata	0x00003854	0x8	t_esp/t_esp.cpp	local	lbl_t_esp_rodata_3854	lbl_t_esp_rodata_3854
.rodata	0x0000385C	0x8	t_esp/t_esp.cpp	local	lbl_t_esp_rodata_385C	lbl_t_esp_rodata_385C
.rodata	0x00003864	0x8	t_esp/t_esp.cpp	local	lbl_t_esp_rodata_3864	lbl_t_esp_rodata_3864
.rodata	0x0000386C	0x8	t_esp/t_esp.cpp	local	lbl_t_esp_rodata_386C	lbl_t_esp_rodata_386C
.rodata	0x00003874	0x8	t_esp/t_esp.cpp	local	lbl_t_esp_rodata_3874	lbl_t_esp_rodata_3874
.rodata	0x0000387C	0x8	t_esp/t_esp.cpp	local	lbl_t_esp_rodata_387C	lbl_t_esp_rodata_387C
.rodata	0x00003884	0x8	t_esp/t_esp.cpp	local	lbl_t_esp_rodata_3884	lbl_t_esp_rodata_3884
.rodata	0x0000388C	0x8	t_esp/t_esp.cpp	local	lbl_t_esp_rodata_388C	lbl_t_esp_rodata_388C
.rodata	0x00003894	0x8	t_esp/t_esp.cpp	local	lbl_t_esp_rodata_3894	lbl_t_esp_rodata_3894
.rodata	0x0000389C	0x8	t_esp/t_esp.cpp	local	lbl_t_esp_rodata_389C	lbl_t_esp_rodata_389C
.rodata	0x000038A4	0x8	t_esp/t_esp.cpp	local	lbl_t_esp_rodata_38A4	lbl_t_esp_rodata_38A4
.rodata	0x000038AC	0x8	t_esp/t_esp.cpp	local	lbl_t_esp_rodata_38AC	lbl_t_esp_rodata_38AC
.rodata	0x000038B4	0x8	t_esp/t_esp.cpp	local	lbl_t_esp_rodata_38B4	lbl_t_esp_rodata_38B4
.rodata	0x000038BC	0x8	t_esp/t_esp.cpp	local	lbl_t_esp_rodata_38BC	lbl_t_esp_rodata_38BC
.rodata	0x000038C4	0x8	t_esp/t_esp.cpp	local	lbl_t_esp_rodata_38C4	lbl_t_esp_rodata_38C4
.rodata	0x000038CC	0x8	t_esp/t_esp.cpp	local	lbl_t_esp_rodata_38CC	lbl_t_esp_rodata_38CC
.rodata	0x000038D4	0x8	t_esp/t_esp.cpp	local	lbl_t_esp_rodata_38D4	lbl_t_esp_rodata_38D4
.rodata	0x000038DC	0x8	t_esp/t_esp.cpp	local	lbl_t_esp_rodata_38DC	lbl_t_esp_rodata_38DC
.rodata	0x000038E4	0x8	t_esp/t_esp.cpp	local	lbl_t_esp_rodata_38E4	lbl_t_esp_rodata_38E4
.rodata	0x000038EC	0x8	t_esp/t_esp.cpp	local	lbl_t_esp_rodata_38EC	lbl_t_esp_rodata_38EC
.rodata	0x000038F4	0x8	t_esp/t_esp.cpp	local	lbl_t_esp_rodata_38F4	lbl_t_esp_rodata_38F4
.rodata	0x000038FC	0x8	t_esp/t_esp.cpp	local	lbl_t_esp_rodata_38FC	lbl_t_esp_rodata_38FC
.rodata	0x00003904	0x8	t_esp/t_esp.cpp	local	lbl_t_esp_rodata_3904	lbl_t_esp_rodata_3904
.rodata	0x0000390C	0x8	t_esp/t_esp.cpp	local	lbl_t_esp_rodata_390C	lbl_t_esp_rodata_390C
.rodata	0x00003914	0x8	t_esp/t_esp.cpp	local	lbl_t_esp_rodata_3914	lbl_t_esp_rodata_3914
.rodata	0x0000391C	0x8	t_esp/t_esp.cpp	local	lbl_t_esp_rodata_391C	lbl_t_esp_rodata_391C
.rodata	0x00003924	0x8	t_esp/t_esp.cpp	local	lbl_t_esp_rodata_3924	lbl_t_esp_rodata_3924
.rodata	0x0000392C	0x8	t_esp/t_esp.cpp	local	lbl_t_esp_rodata_392C	lbl_t_esp_rodata_392C
.rodata	0x00003934	0x8	t_esp/t_esp.cpp	local	lbl_t_esp_rodata_3934	lbl_t_esp_rodata_3934
.rodata	0x0000393C	0x8	t_esp/t_esp.cpp	local	lbl_t_esp_rodata_393C	lbl_t_esp_rodata_393C
.rodata	0x00003944	0x8	t_esp/t_esp.cpp	local	lbl_t_esp_rodata_3944	lbl_t_esp_rodata_3944
.rodata	0x0000394C	0x8	t_esp/t_esp.cpp	local	lbl_t_esp_rodata_394C	lbl_t_esp_rodata_394C
.rodata	0x00003954	0x8	t_esp/t_esp.cpp	local	lbl_t_esp_rodata_3954	lbl_t_esp_rodata_3954
.rodata	0x0000395C	0x8	t_esp/t_esp.cpp	local	lbl_t_esp_rodata_395C	lbl_t_esp_rodata_395C
.rodata	0x00003964	0x8	t_esp/t_esp.cpp	local	lbl_t_esp_rodata_3964	lbl_t_esp_rodata_3964
.rodata	0x0000396C	0x8	t_esp/t_esp.cpp	local	lbl_t_esp_rodata_396C	lbl_t_esp_rodata_396C
.rodata	0x00003974	0x8	t_esp/t_esp.cpp	local	lbl_t_esp_rodata_3974	lbl_t_esp_rodata_3974
.rodata	0x0000397C	0x8	t_esp/t_esp.cpp	local	lbl_t_esp_rodata_397C	lbl_t_esp_rodata_397C
.rodata	0x00003984	0x8	t_esp/t_esp.cpp	local	lbl_t_esp_rodata_3984	lbl_t_esp_rodata_3984
.rodata	0x0000398C	0x8	t_esp/t_esp.cpp	local	lbl_t_esp_rodata_398C	lbl_t_esp_rodata_398C
.rodata	0x00003994	0x8	t_esp/t_esp.cpp	local	lbl_t_esp_rodata_3994	lbl_t_esp_rodata_3994
.rodata	0x0000399C	0x8	t_esp/t_esp.cpp	local	lbl_t_esp_rodata_399C	lbl_t_esp_rodata_399C
.rodata	0x000039A4	0x8	t_esp/t_esp.cpp	local	lbl_t_esp_rodata_39A4	lbl_t_esp_rodata_39A4
.rodata	0x000039AC	0x8	t_esp/t_esp.cpp	local	lbl_t_esp_rodata_39AC	lbl_t_esp_rodata_39AC
.rodata	0x000039B4	0x8	t_esp/t_esp.cpp	local	lbl_t_esp_rodata_39B4	lbl_t_esp_rodata_39B4
.rodata	0x000039BC	0x8	t_esp/t_esp.cpp	local	lbl_t_esp_rodata_39BC	lbl_t_esp_rodata_39BC
.rodata	0x000039C4	0x8	t_esp/t_esp.cpp	local	lbl_t_esp_rodata_39C4	lbl_t_esp_rodata_39C4
.rodata	0x000039CC	0x8	t_esp/t_esp.cpp	local	lbl_t_esp_rodata_39CC	lbl_t_esp_rodata_39CC
.rodata	0x000039D4	0x8	t_esp/t_esp.cpp	local	lbl_t_esp_rodata_39D4	lbl_t_esp_rodata_39D4
.rodata	0x000039DC	0x8	t_esp/t_esp.cpp	local	lbl_t_esp_rodata_39DC	lbl_t_esp_rodata_39DC
.rodata	0x000039E4	0x8	t_esp/t_esp.cpp	local	lbl_t_esp_rodata_39E4	lbl_t_esp_rodata_39E4
.rodata	0x000039EC	0x8	t_esp/t_esp.cpp	local	lbl_t_esp_rodata_39EC	lbl_t_esp_rodata_39EC
.rodata	0x000039F4	0x8	t_esp/t_esp.cpp	local	lbl_t_esp_rodata_39F4	lbl_t_esp_rodata_39F4
.rodata	0x000039FC	0x8	t_esp/t_esp.cpp	local	lbl_t_esp_rodata_39FC	lbl_t_esp_rodata_39FC
.rodata	0x00003A04	0x8	t_esp/t_esp.cpp	local	lbl_t_esp_rodata_3A04	lbl_t_esp_rodata_3A04
.rodata	0x00003A0C	0x8	t_esp/t_esp.cpp	local	lbl_t_esp_rodata_3A0C	lbl_t_esp_rodata_3A0C
.rodata	0x00003A14	0x8	t_esp/t_esp.cpp	local	lbl_t_esp_rodata_3A14	lbl_t_esp_rodata_3A14
.rodata	0x00003A1C	0x8	t_esp/t_esp.cpp	local	lbl_t_esp_rodata_3A1C	lbl_t_esp_rodata_3A1C
.rodata	0x00003A24	0x8	t_esp/t_esp.cpp	local	lbl_t_esp_rodata_3A24	lbl_t_esp_rodata_3A24
.rodata	0x00003A2C	0x8	t_esp/t_esp.cpp	local	lbl_t_esp_rodata_3A2C	lbl_t_esp_rodata_3A2C
.rodata	0x00003A34	0x8	t_esp/t_esp.cpp	local	lbl_t_esp_rodata_3A34	lbl_t_esp_rodata_3A34
.rodata	0x00003A3C	0x8	t_esp/t_esp.cpp	local	lbl_t_esp_rodata_3A3C	lbl_t_esp_rodata_3A3C
.rodata	0x00003A44	0x8	t_esp/t_esp.cpp	local	lbl_t_esp_rodata_3A44	lbl_t_esp_rodata_3A44
.rodata	0x00003A4C	0x8	t_esp/t_esp.cpp	local	lbl_t_esp_rodata_3A4C	lbl_t_esp_rodata_3A4C
.rodata	0x00003A54	0x8	t_esp/t_esp.cpp	local	lbl_t_esp_rodata_3A54	lbl_t_esp_rodata_3A54
.rodata	0x00003A5C	0x8	t_esp/t_esp.cpp	local	lbl_t_esp_rodata_3A5C	lbl_t_esp_rodata_3A5C
.rodata	0x00003A64	0x8	t_esp/t_esp.cpp	local	lbl_t_esp_rodata_3A64	lbl_t_esp_rodata_3A64
.rodata	0x00003A6C	0x8	t_esp/t_esp.cpp	local	lbl_t_esp_rodata_3A6C	lbl_t_esp_rodata_3A6C
.rodata	0x00003A74	0x8	t_esp/t_esp.cpp	local	lbl_t_esp_rodata_3A74	lbl_t_esp_rodata_3A74
.rodata	0x00003A7C	0x8	t_esp/t_esp.cpp	local	lbl_t_esp_rodata_3A7C	lbl_t_esp_rodata_3A7C
.rodata	0x00003A84	0x8	t_esp/t_esp.cpp	local	lbl_t_esp_rodata_3A84	lbl_t_esp_rodata_3A84
.rodata	0x00003A8C	0x8	t_esp/t_esp.cpp	local	lbl_t_esp_rodata_3A8C	lbl_t_esp_rodata_3A8C
.rodata	0x00003A94	0x8	t_esp/t_esp.cpp	local	lbl_t_esp_rodata_3A94	lbl_t_esp_rodata_3A94
.rodata	0x00003A9C	0x8	t_esp/t_esp.cpp	local	lbl_t_esp_rodata_3A9C	lbl_t_esp_rodata_3A9C
.rodata	0x00003AA4	0x8	t_esp/t_esp.cpp	local	lbl_t_esp_rodata_3AA4	lbl_t_esp_rodata_3AA4
.rodata	0x00003AAC	0x8	t_esp/t_esp.cpp	local	lbl_t_esp_rodata_3AAC	lbl_t_esp_rodata_3AAC
.rodata	0x00003AB4	0x8	t_esp/t_esp.cpp	local	lbl_t_esp_rodata_3AB4	lbl_t_esp_rodata_3AB4
.rodata	0x00003ABC	0x8	t_esp/t_esp.cpp	local	lbl_t_esp_rodata_3ABC	lbl_t_esp_rodata_3ABC
.rodata	0x00003AC4	0x8	t_esp/t_esp.cpp	local	lbl_t_esp_rodata_3AC4	lbl_t_esp_rodata_3AC4
.rodata	0x00003ACC	0x8	t_esp/t_esp.cpp	local	lbl_t_esp_rodata_3ACC	lbl_t_esp_rodata_3ACC
.rodata	0x00003AD4	0x8	t_esp/t_esp.cpp	local	lbl_t_esp_rodata_3AD4	lbl_t_esp_rodata_3AD4
.rodata	0x00003ADC	0x8	t_esp/t_esp.cpp	local	lbl_t_esp_rodata_3ADC	lbl_t_esp_rodata_3ADC
.rodata	0x00003AE4	0x8	t_esp/t_esp.cpp	local	lbl_t_esp_rodata_3AE4	lbl_t_esp_rodata_3AE4
.rodata	0x00003AEC	0x8	t_esp/t_esp.cpp	local	lbl_t_esp_rodata_3AEC	lbl_t_esp_rodata_3AEC
.rodata	0x00003AF4	0x8	t_esp/t_esp.cpp	local	lbl_t_esp_rodata_3AF4	lbl_t_esp_rodata_3AF4
.rodata	0x00003AFC	0x8	t_esp/t_esp.cpp	local	lbl_t_esp_rodata_3AFC	lbl_t_esp_rodata_3AFC
.rodata	0x00003B04	0x8	t_esp/t_esp.cpp	local	lbl_t_esp_rodata_3B04	lbl_t_esp_rodata_3B04
.rodata	0x00003B0C	0x8	t_esp/t_esp.cpp	local	lbl_t_esp_rodata_3B0C	lbl_t_esp_rodata_3B0C
.rodata	0x00003B14	0x8	t_esp/t_esp.cpp	local	lbl_t_esp_rodata_3B14	lbl_t_esp_rodata_3B14
.rodata	0x00003B1C	0x8	t_esp/t_esp.cpp	local	lbl_t_esp_rodata_3B1C	lbl_t_esp_rodata_3B1C
.rodata	0x00003B24	0x8	t_esp/t_esp.cpp	local	lbl_t_esp_rodata_3B24	lbl_t_esp_rodata_3B24
.rodata	0x00003B2C	0x8	t_esp/t_esp.cpp	local	lbl_t_esp_rodata_3B2C	lbl_t_esp_rodata_3B2C
.rodata	0x00003B34	0x8	t_esp/t_esp.cpp	local	lbl_t_esp_rodata_3B34	lbl_t_esp_rodata_3B34
.rodata	0x00003B3C	0x8	t_esp/t_esp.cpp	local	lbl_t_esp_rodata_3B3C	lbl_t_esp_rodata_3B3C
.rodata	0x00003B44	0x8	t_esp/t_esp.cpp	local	lbl_t_esp_rodata_3B44	lbl_t_esp_rodata_3B44
.rodata	0x00003B4C	0x8	t_esp/t_esp.cpp	local	lbl_t_esp_rodata_3B4C	lbl_t_esp_rodata_3B4C
.rodata	0x00003B54	0x8	t_esp/t_esp.cpp	local	lbl_t_esp_rodata_3B54	lbl_t_esp_rodata_3B54
.rodata	0x00003B5C	0x8	t_esp/t_esp.cpp	local	lbl_t_esp_rodata_3B5C	lbl_t_esp_rodata_3B5C
.rodata	0x00003B64	0x8	t_esp/t_esp.cpp	local	lbl_t_esp_rodata_3B64	lbl_t_esp_rodata_3B64
.rodata	0x00003B6C	0x8	t_esp/t_esp.cpp	local	lbl_t_esp_rodata_3B6C	lbl_t_esp_rodata_3B6C
.rodata	0x00003B74	0x8	t_esp/t_esp.cpp	local	lbl_t_esp_rodata_3B74	lbl_t_esp_rodata_3B74
.rodata	0x00003B7C	0x8	t_esp/t_esp.cpp	local	lbl_t_esp_rodata_3B7C	lbl_t_esp_rodata_3B7C
.rodata	0x00003B84	0x8	t_esp/t_esp.cpp	local	lbl_t_esp_rodata_3B84	lbl_t_esp_rodata_3B84
.rodata	0x00003B8C	0x8	t_esp/t_esp.cpp	local	lbl_t_esp_rodata_3B8C	lbl_t_esp_rodata_3B8C
.rodata	0x00003B94	0x8	t_esp/t_esp.cpp	local	lbl_t_esp_rodata_3B94	lbl_t_esp_rodata_3B94
.rodata	0x00003B9C	0x8	t_esp/t_esp.cpp	local	lbl_t_esp_rodata_3B9C	lbl_t_esp_rodata_3B9C
.rodata	0x00003BA4	0x8	t_esp/t_esp.cpp	local	lbl_t_esp_rodata_3BA4	lbl_t_esp_rodata_3BA4
.rodata	0x00003BAC	0x8	t_esp/t_esp.cpp	local	lbl_t_esp_rodata_3BAC	lbl_t_esp_rodata_3BAC
.rodata	0x00003BB4	0x8	t_esp/t_esp.cpp	local	lbl_t_esp_rodata_3BB4	lbl_t_esp_rodata_3BB4
.rodata	0x00003BBC	0x8	t_esp/t_esp.cpp	local	lbl_t_esp_rodata_3BBC	lbl_t_esp_rodata_3BBC
.rodata	0x00003BC4	0x8	t_esp/t_esp.cpp	local	lbl_t_esp_rodata_3BC4	lbl_t_esp_rodata_3BC4
.rodata	0x00003BCC	0x8	t_esp/t_esp.cpp	local	lbl_t_esp_rodata_3BCC	lbl_t_esp_rodata_3BCC
.rodata	0x00003BD4	0x8	t_esp/t_esp.cpp	local	lbl_t_esp_rodata_3BD4	lbl_t_esp_rodata_3BD4
.rodata	0x00003BDC	0x8	t_esp/t_esp.cpp	local	lbl_t_esp_rodata_3BDC	lbl_t_esp_rodata_3BDC
.rodata	0x00003BE4	0x8	t_esp/t_esp.cpp	local	lbl_t_esp_rodata_3BE4	lbl_t_esp_rodata_3BE4
.rodata	0x00003BEC	0x8	t_esp/t_esp.cpp	local	lbl_t_esp_rodata_3BEC	lbl_t_esp_rodata_3BEC
.rodata	0x00003BF4	0x8	t_esp/t_esp.cpp	local	lbl_t_esp_rodata_3BF4	lbl_t_esp_rodata_3BF4
.rodata	0x00003BFC	0x8	t_esp/t_esp.cpp	local	lbl_t_esp_rodata_3BFC	lbl_t_esp_rodata_3BFC
.rodata	0x00003C04	0x8	t_esp/t_esp.cpp	local	lbl_t_esp_rodata_3C04	lbl_t_esp_rodata_3C04
.rodata	0x00003C0C	0x8	t_esp/t_esp.cpp	local	lbl_t_esp_rodata_3C0C	lbl_t_esp_rodata_3C0C
.rodata	0x00003C14	0x8	t_esp/t_esp.cpp	local	lbl_t_esp_rodata_3C14	lbl_t_esp_rodata_3C14
.rodata	0x00003C1C	0x8	t_esp/t_esp.cpp	local	lbl_t_esp_rodata_3C1C	lbl_t_esp_rodata_3C1C
.rodata	0x00003C24	0x8	t_esp/t_esp.cpp	local	lbl_t_esp_rodata_3C24	lbl_t_esp_rodata_3C24
.rodata	0x00003C2C	0x8	t_esp/t_esp.cpp	local	lbl_t_esp_rodata_3C2C	lbl_t_esp_rodata_3C2C
.rodata	0x00003C34	0x8	t_esp/t_esp.cpp	local	lbl_t_esp_rodata_3C34	lbl_t_esp_rodata_3C34
.rodata	0x00003C3C	0x8	t_esp/t_esp.cpp	local	lbl_t_esp_rodata_3C3C	lbl_t_esp_rodata_3C3C
.rodata	0x00003C44	0x8	t_esp/t_esp.cpp	local	lbl_t_esp_rodata_3C44	lbl_t_esp_rodata_3C44
.rodata	0x00003C4C	0x8	t_esp/t_esp.cpp	local	lbl_t_esp_rodata_3C4C	lbl_t_esp_rodata_3C4C
.rodata	0x00003C54	0x8	t_esp/t_esp.cpp	local	lbl_t_esp_rodata_3C54	lbl_t_esp_rodata_3C54
.rodata	0x00003C5C	0x8	t_esp/t_esp.cpp	local	lbl_t_esp_rodata_3C5C	lbl_t_esp_rodata_3C5C
.rodata	0x00003C64	0x8	t_esp/t_esp.cpp	local	lbl_t_esp_rodata_3C64	lbl_t_esp_rodata_3C64
.rodata	0x00003C6C	0x8	t_esp/t_esp.cpp	local	lbl_t_esp_rodata_3C6C	lbl_t_esp_rodata_3C6C
.rodata	0x00003C74	0x8	t_esp/t_esp.cpp	local	lbl_t_esp_rodata_3C74	lbl_t_esp_rodata_3C74
.rodata	0x00003C7C	0x8	t_esp/t_esp.cpp	local	lbl_t_esp_rodata_3C7C	lbl_t_esp_rodata_3C7C
.rodata	0x00003C84	0x8	t_esp/t_esp.cpp	local	lbl_t_esp_rodata_3C84	lbl_t_esp_rodata_3C84
.rodata	0x00003C8C	0x8	t_esp/t_esp.cpp	local	lbl_t_esp_rodata_3C8C	lbl_t_esp_rodata_3C8C
.rodata	0x00003C94	0x8	t_esp/t_esp.cpp	local	lbl_t_esp_rodata_3C94	lbl_t_esp_rodata_3C94
.rodata	0x00003C9C	0x8	t_esp/t_esp.cpp	local	lbl_t_esp_rodata_3C9C	lbl_t_esp_rodata_3C9C
.rodata	0x00003CA4	0x8	t_esp/t_esp.cpp	local	lbl_t_esp_rodata_3CA4	lbl_t_esp_rodata_3CA4
.rodata	0x00003CAC	0x8	t_esp/t_esp.cpp	local	lbl_t_esp_rodata_3CAC	lbl_t_esp_rodata_3CAC
.rodata	0x00003CB4	0x8	t_esp/t_esp.cpp	local	lbl_t_esp_rodata_3CB4	lbl_t_esp_rodata_3CB4
.rodata	0x00003CBC	0x8	t_esp/t_esp.cpp	local	lbl_t_esp_rodata_3CBC	lbl_t_esp_rodata_3CBC
.rodata	0x00003CC4	0x8	t_esp/t_esp.cpp	local	lbl_t_esp_rodata_3CC4	lbl_t_esp_rodata_3CC4
.rodata	0x00003CCC	0x8	t_esp/t_esp.cpp	local	lbl_t_esp_rodata_3CCC	lbl_t_esp_rodata_3CCC
.rodata	0x00003CD4	0x8	t_esp/t_esp.cpp	local	lbl_t_esp_rodata_3CD4	lbl_t_esp_rodata_3CD4
.rodata	0x00003CDC	0x8	t_esp/t_esp.cpp	local	lbl_t_esp_rodata_3CDC	lbl_t_esp_rodata_3CDC
.rodata	0x00003CE4	0x8	t_esp/t_esp.cpp	local	lbl_t_esp_rodata_3CE4	lbl_t_esp_rodata_3CE4
.rodata	0x00003CEC	0x8	t_esp/t_esp.cpp	local	lbl_t_esp_rodata_3CEC	lbl_t_esp_rodata_3CEC
.rodata	0x00003CF4	0x8	t_esp/t_esp.cpp	local	lbl_t_esp_rodata_3CF4	lbl_t_esp_rodata_3CF4
.rodata	0x00003CFC	0x8	t_esp/t_esp.cpp	local	lbl_t_esp_rodata_3CFC	lbl_t_esp_rodata_3CFC
.rodata	0x00003D04	0x8	t_esp/t_esp.cpp	local	lbl_t_esp_rodata_3D04	lbl_t_esp_rodata_3D04
.rodata	0x00003D0C	0x8	t_esp/t_esp.cpp	local	lbl_t_esp_rodata_3D0C	lbl_t_esp_rodata_3D0C
.rodata	0x00003D14	0x8	t_esp/t_esp.cpp	local	lbl_t_esp_rodata_3D14	lbl_t_esp_rodata_3D14
.rodata	0x00003D1C	0x8	t_esp/t_esp.cpp	local	lbl_t_esp_rodata_3D1C	lbl_t_esp_rodata_3D1C
.rodata	0x00003D24	0x8	t_esp/t_esp.cpp	local	lbl_t_esp_rodata_3D24	lbl_t_esp_rodata_3D24
.rodata	0x00003D2C	0x8	t_esp/t_esp.cpp	local	lbl_t_esp_rodata_3D2C	lbl_t_esp_rodata_3D2C
.rodata	0x00003D34	0x8	t_esp/t_esp.cpp	local	lbl_t_esp_rodata_3D34	lbl_t_esp_rodata_3D34
.rodata	0x00003D3C	0x8	t_esp/t_esp.cpp	local	lbl_t_esp_rodata_3D3C	lbl_t_esp_rodata_3D3C
.rodata	0x00003D44	0x8	t_esp/t_esp.cpp	local	lbl_t_esp_rodata_3D44	lbl_t_esp_rodata_3D44
.rodata	0x00003D4C	0x8	t_esp/t_esp.cpp	local	lbl_t_esp_rodata_3D4C	lbl_t_esp_rodata_3D4C
.rodata	0x00003D54	0x8	t_esp/t_esp.cpp	local	lbl_t_esp_rodata_3D54	lbl_t_esp_rodata_3D54
.rodata	0x00003D5C	0x8	t_esp/t_esp.cpp	local	lbl_t_esp_rodata_3D5C	lbl_t_esp_rodata_3D5C
.rodata	0x00003D64	0x8	t_esp/t_esp.cpp	local	lbl_t_esp_rodata_3D64	lbl_t_esp_rodata_3D64
.rodata	0x00003D6C	0x8	t_esp/t_esp.cpp	local	lbl_t_esp_rodata_3D6C	lbl_t_esp_rodata_3D6C
.rodata	0x00003D74	0x8	t_esp/t_esp.cpp	local	lbl_t_esp_rodata_3D74	lbl_t_esp_rodata_3D74
.rodata	0x00003D7C	0x8	t_esp/t_esp.cpp	local	lbl_t_esp_rodata_3D7C	lbl_t_esp_rodata_3D7C
.rodata	0x00003D84	0x8	t_esp/t_esp.cpp	local	lbl_t_esp_rodata_3D84	lbl_t_esp_rodata_3D84
.rodata	0x00003D8C	0x8	t_esp/t_esp.cpp	local	lbl_t_esp_rodata_3D8C	lbl_t_esp_rodata_3D8C
.rodata	0x00003D94	0x8	t_esp/t_esp.cpp	local	lbl_t_esp_rodata_3D94	lbl_t_esp_rodata_3D94
.rodata	0x00003D9C	0x8	t_esp/t_esp.cpp	local	lbl_t_esp_rodata_3D9C	lbl_t_esp_rodata_3D9C
.rodata	0x00003DA4	0x8	t_esp/t_esp.cpp	local	lbl_t_esp_rodata_3DA4	lbl_t_esp_rodata_3DA4
.rodata	0x00003DAC	0x8	t_esp/t_esp.cpp	local	lbl_t_esp_rodata_3DAC	lbl_t_esp_rodata_3DAC
.rodata	0x00003DB4	0x8	t_esp/t_esp.cpp	local	lbl_t_esp_rodata_3DB4	lbl_t_esp_rodata_3DB4
.rodata	0x00003DBC	0x8	t_esp/t_esp.cpp	local	lbl_t_esp_rodata_3DBC	lbl_t_esp_rodata_3DBC
.rodata	0x00003DC4	0x8	t_esp/t_esp.cpp	local	lbl_t_esp_rodata_3DC4	lbl_t_esp_rodata_3DC4
.rodata	0x00003DCC	0x8	t_esp/t_esp.cpp	local	lbl_t_esp_rodata_3DCC	lbl_t_esp_rodata_3DCC
.rodata	0x00003DD4	0x8	t_esp/t_esp.cpp	local	lbl_t_esp_rodata_3DD4	lbl_t_esp_rodata_3DD4
.rodata	0x00003DDC	0x8	t_esp/t_esp.cpp	local	lbl_t_esp_rodata_3DDC	lbl_t_esp_rodata_3DDC
.rodata	0x00003DE4	0x4	t_esp/t_esp.cpp	local	lbl_t_esp_rodata_3DE4	lbl_t_esp_rodata_3DE4
.rodata	0x00003DE8	0x4	t_esp/t_esp.cpp	local	lbl_t_esp_rodata_3DE8	lbl_t_esp_rodata_3DE8
.rodata	0x00003DEC	0x4	t_esp/t_esp.cpp	local	lbl_t_esp_rodata_3DEC	lbl_t_esp_rodata_3DEC
.rodata	0x00003DF0	0x4	t_esp/t_esp.cpp	local	lbl_t_esp_rodata_3DF0	lbl_t_esp_rodata_3DF0
.rodata	0x00003DF4	0x4	t_esp/t_esp.cpp	local	lbl_t_esp_rodata_3DF4	lbl_t_esp_rodata_3DF4
.rodata	0x00003DF8	0x4	t_esp/t_esp.cpp	local	lbl_t_esp_rodata_3DF8	lbl_t_esp_rodata_3DF8
.rodata	0x00003DFC	0x4	t_esp/t_esp.cpp	local	lbl_t_esp_rodata_3DFC	lbl_t_esp_rodata_3DFC
.rodata	0x00003E00	0x4	t_esp/t_esp.cpp	local	lbl_t_esp_rodata_3E00	lbl_t_esp_rodata_3E00
.rodata	0x00003E04	0x4	t_esp/t_esp.cpp	local	lbl_t_esp_rodata_3E04	lbl_t_esp_rodata_3E04
.rodata	0x00003E08	0x4	t_esp/t_esp.cpp	local	lbl_t_esp_rodata_3E08	lbl_t_esp_rodata_3E08
.rodata	0x00003E0C	0x4	t_esp/t_esp.cpp	local	lbl_t_esp_rodata_3E0C	lbl_t_esp_rodata_3E0C
.rodata	0x00003E10	0x4	t_esp/t_esp.cpp	local	lbl_t_esp_rodata_3E10	lbl_t_esp_rodata_3E10
.rodata	0x00003E14	0x4	t_esp/t_esp.cpp	local	lbl_t_esp_rodata_3E14	lbl_t_esp_rodata_3E14
.rodata	0x00003E18	0x4	t_esp/t_esp.cpp	local	lbl_t_esp_rodata_3E18	lbl_t_esp_rodata_3E18
.rodata	0x00003E1C	0x4	t_esp/t_esp.cpp	local	lbl_t_esp_rodata_3E1C	lbl_t_esp_rodata_3E1C
.rodata	0x00003E20	0x4	t_esp/t_esp.cpp	local	lbl_t_esp_rodata_3E20	lbl_t_esp_rodata_3E20
.rodata	0x00003E24	0x4	t_esp/t_esp.cpp	local	lbl_t_esp_rodata_3E24	lbl_t_esp_rodata_3E24
.rodata	0x00003E28	0x4	t_esp/t_esp.cpp	local	lbl_t_esp_rodata_3E28	lbl_t_esp_rodata_3E28
.rodata	0x00003E2C	0x4	t_esp/t_esp.cpp	local	lbl_t_esp_rodata_3E2C	lbl_t_esp_rodata_3E2C
.rodata	0x00003E30	0x4	t_esp/t_esp.cpp	local	lbl_t_esp_rodata_3E30	lbl_t_esp_rodata_3E30
.rodata	0x00003E34	0x4	t_esp/t_esp.cpp	local	lbl_t_esp_rodata_3E34	lbl_t_esp_rodata_3E34
.rodata	0x00003E38	0x4	t_esp/t_esp.cpp	local	lbl_t_esp_rodata_3E38	lbl_t_esp_rodata_3E38
.rodata	0x00003E3C	0x4	t_esp/t_esp.cpp	local	lbl_t_esp_rodata_3E3C	lbl_t_esp_rodata_3E3C
.rodata	0x00003E40	0x4	t_esp/t_esp.cpp	local	lbl_t_esp_rodata_3E40	lbl_t_esp_rodata_3E40
.rodata	0x00003E44	0x4	t_esp/t_esp.cpp	local	lbl_t_esp_rodata_3E44	lbl_t_esp_rodata_3E44
.rodata	0x00003E48	0x4	t_esp/t_esp.cpp	local	lbl_t_esp_rodata_3E48	lbl_t_esp_rodata_3E48
.rodata	0x00003E4C	0x4	t_esp/t_esp.cpp	local	lbl_t_esp_rodata_3E4C	lbl_t_esp_rodata_3E4C
.rodata	0x00003E50	0x4	t_esp/t_esp.cpp	local	lbl_t_esp_rodata_3E50	lbl_t_esp_rodata_3E50
.rodata	0x00003E54	0x4	t_esp/t_esp.cpp	local	lbl_t_esp_rodata_3E54	lbl_t_esp_rodata_3E54
.rodata	0x00003E58	0x4	t_esp/t_esp.cpp	local	lbl_t_esp_rodata_3E58	lbl_t_esp_rodata_3E58
.rodata	0x00003E5C	0x4	t_esp/t_esp.cpp	local	lbl_t_esp_rodata_3E5C	lbl_t_esp_rodata_3E5C
.rodata	0x00003E60	0x4	t_esp/t_esp.cpp	local	lbl_t_esp_rodata_3E60	lbl_t_esp_rodata_3E60
.rodata	0x00003E64	0x4	t_esp/t_esp.cpp	local	lbl_t_esp_rodata_3E64	lbl_t_esp_rodata_3E64
.rodata	0x00003E68	0x4	t_esp/t_esp.cpp	local	lbl_t_esp_rodata_3E68	lbl_t_esp_rodata_3E68
.rodata	0x00003E6C	0x4	t_esp/t_esp.cpp	local	lbl_t_esp_rodata_3E6C	lbl_t_esp_rodata_3E6C
.rodata	0x00003E70	0x4	t_esp/t_esp.cpp	local	lbl_t_esp_rodata_3E70	lbl_t_esp_rodata_3E70
.rodata	0x00003E74	0x4	t_esp/t_esp.cpp	local	lbl_t_esp_rodata_3E74	lbl_t_esp_rodata_3E74
.rodata	0x00003E78	0x4	t_esp/t_esp.cpp	local	lbl_t_esp_rodata_3E78	lbl_t_esp_rodata_3E78
.rodata	0x00003E7C	0x4	t_esp/t_esp.cpp	local	lbl_t_esp_rodata_3E7C	lbl_t_esp_rodata_3E7C
.rodata	0x00003E80	0x4	t_esp/t_esp.cpp	local	lbl_t_esp_rodata_3E80	lbl_t_esp_rodata_3E80
.rodata	0x00003E84	0x4	t_esp/t_esp.cpp	local	lbl_t_esp_rodata_3E84	lbl_t_esp_rodata_3E84
.rodata	0x00003E88	0x4	t_esp/t_esp.cpp	local	lbl_t_esp_rodata_3E88	lbl_t_esp_rodata_3E88
.rodata	0x00003E8C	0x4	t_esp/t_esp.cpp	local	lbl_t_esp_rodata_3E8C	lbl_t_esp_rodata_3E8C
.rodata	0x00003E90	0x4	t_esp/t_esp.cpp	local	lbl_t_esp_rodata_3E90	lbl_t_esp_rodata_3E90
.rodata	0x00003E94	0x4	t_esp/t_esp.cpp	local	lbl_t_esp_rodata_3E94	lbl_t_esp_rodata_3E94
.rodata	0x00003E98	0x4	t_esp/t_esp.cpp	local	lbl_t_esp_rodata_3E98	lbl_t_esp_rodata_3E98
.rodata	0x00003E9C	0x4	t_esp/t_esp.cpp	local	lbl_t_esp_rodata_3E9C	lbl_t_esp_rodata_3E9C
.rodata	0x00003EA0	0x4	t_esp/t_esp.cpp	local	lbl_t_esp_rodata_3EA0	lbl_t_esp_rodata_3EA0
.rodata	0x00003EA4	0x4	t_esp/t_esp.cpp	local	lbl_t_esp_rodata_3EA4	lbl_t_esp_rodata_3EA4
.rodata	0x00003EA8	0x4	t_esp/t_esp.cpp	local	lbl_t_esp_rodata_3EA8	lbl_t_esp_rodata_3EA8
.rodata	0x00003EAC	0x4	t_esp/t_esp.cpp	local	lbl_t_esp_rodata_3EAC	lbl_t_esp_rodata_3EAC
.rodata	0x00003EB0	0x4	t_esp/t_esp.cpp	local	lbl_t_esp_rodata_3EB0	lbl_t_esp_rodata_3EB0
.rodata	0x00003EB4	0x4	t_esp/t_esp.cpp	local	lbl_t_esp_rodata_3EB4	lbl_t_esp_rodata_3EB4
.rodata	0x00003EB8	0x4	t_esp/t_esp.cpp	local	lbl_t_esp_rodata_3EB8	lbl_t_esp_rodata_3EB8
.rodata	0x00003EBC	0x4	t_esp/t_esp.cpp	local	lbl_t_esp_rodata_3EBC	lbl_t_esp_rodata_3EBC
.rodata	0x00003EC0	0x4	t_esp/t_esp.cpp	local	lbl_t_esp_rodata_3EC0	lbl_t_esp_rodata_3EC0
.rodata	0x00003EC4	0x4	t_esp/t_esp.cpp	local	lbl_t_esp_rodata_3EC4	lbl_t_esp_rodata_3EC4
.rodata	0x00003EC8	0x4	t_esp/t_esp.cpp	local	lbl_t_esp_rodata_3EC8	lbl_t_esp_rodata_3EC8
.rodata	0x00003ECC	0x4	t_esp/t_esp.cpp	local	lbl_t_esp_rodata_3ECC	lbl_t_esp_rodata_3ECC
.rodata	0x00003ED0	0x4	t_esp/t_esp.cpp	local	lbl_t_esp_rodata_3ED0	lbl_t_esp_rodata_3ED0
.rodata	0x00003ED4	0x4	t_esp/t_esp.cpp	local	lbl_t_esp_rodata_3ED4	lbl_t_esp_rodata_3ED4
.rodata	0x00003ED8	0x4	t_esp/t_esp.cpp	local	lbl_t_esp_rodata_3ED8	lbl_t_esp_rodata_3ED8
.rodata	0x00003EDC	0x4	t_esp/t_esp.cpp	local	lbl_t_esp_rodata_3EDC	lbl_t_esp_rodata_3EDC
.rodata	0x00003EE0	0x4	t_esp/t_esp.cpp	local	lbl_t_esp_rodata_3EE0	lbl_t_esp_rodata_3EE0
.rodata	0x00003EE4	0x4	t_esp/t_esp.cpp	local	lbl_t_esp_rodata_3EE4	lbl_t_esp_rodata_3EE4
.rodata	0x00003EE8	0x4	t_esp/t_esp.cpp	local	lbl_t_esp_rodata_3EE8	lbl_t_esp_rodata_3EE8
.rodata	0x00003EEC	0x4	t_esp/t_esp.cpp	local	lbl_t_esp_rodata_3EEC	lbl_t_esp_rodata_3EEC
.rodata	0x00003EF0	0x4	t_esp/t_esp.cpp	local	lbl_t_esp_rodata_3EF0	lbl_t_esp_rodata_3EF0
.rodata	0x00003EF4	0x4	t_esp/t_esp.cpp	local	lbl_t_esp_rodata_3EF4	lbl_t_esp_rodata_3EF4
.rodata	0x00003EF8	0x4	t_esp/t_esp.cpp	local	lbl_t_esp_rodata_3EF8	lbl_t_esp_rodata_3EF8
.rodata	0x00003EFC	0x4	t_esp/t_esp.cpp	local	lbl_t_esp_rodata_3EFC	lbl_t_esp_rodata_3EFC
.rodata	0x00003F00	0x4	t_esp/t_esp.cpp	local	lbl_t_esp_rodata_3F00	lbl_t_esp_rodata_3F00
.rodata	0x00003F04	0x4	t_esp/t_esp.cpp	local	lbl_t_esp_rodata_3F04	lbl_t_esp_rodata_3F04
.rodata	0x00003F08	0x4	t_esp/t_esp.cpp	local	lbl_t_esp_rodata_3F08	lbl_t_esp_rodata_3F08
.rodata	0x00003F0C	0x4	t_esp/t_esp.cpp	local	lbl_t_esp_rodata_3F0C	lbl_t_esp_rodata_3F0C
.rodata	0x00003F10	0x4	t_esp/t_esp.cpp	local	lbl_t_esp_rodata_3F10	lbl_t_esp_rodata_3F10
.rodata	0x00003F14	0x4	t_esp/t_esp.cpp	local	lbl_t_esp_rodata_3F14	lbl_t_esp_rodata_3F14
.rodata	0x00003F18	0x4	t_esp/t_esp.cpp	local	lbl_t_esp_rodata_3F18	lbl_t_esp_rodata_3F18
.rodata	0x00003F1C	0x4	t_esp/t_esp.cpp	local	lbl_t_esp_rodata_3F1C	lbl_t_esp_rodata_3F1C
.rodata	0x00003F20	0x4	t_esp/t_esp.cpp	local	lbl_t_esp_rodata_3F20	lbl_t_esp_rodata_3F20
.rodata	0x00003F24	0x4	t_esp/t_esp.cpp	local	lbl_t_esp_rodata_3F24	lbl_t_esp_rodata_3F24
.rodata	0x00003F28	0x4	t_esp/t_esp.cpp	local	lbl_t_esp_rodata_3F28	lbl_t_esp_rodata_3F28
.rodata	0x00003F2C	0x4	t_esp/t_esp.cpp	local	lbl_t_esp_rodata_3F2C	lbl_t_esp_rodata_3F2C
.rodata	0x00003F30	0x4	t_esp/t_esp.cpp	local	lbl_t_esp_rodata_3F30	lbl_t_esp_rodata_3F30
.rodata	0x00003F34	0x4	t_esp/t_esp.cpp	local	lbl_t_esp_rodata_3F34	lbl_t_esp_rodata_3F34
.rodata	0x00003F38	0x4	t_esp/t_esp.cpp	local	lbl_t_esp_rodata_3F38	lbl_t_esp_rodata_3F38
.rodata	0x00003F3C	0x4	t_esp/t_esp.cpp	local	lbl_t_esp_rodata_3F3C	lbl_t_esp_rodata_3F3C
.rodata	0x00003F40	0x4	t_esp/t_esp.cpp	local	lbl_t_esp_rodata_3F40	lbl_t_esp_rodata_3F40
.rodata	0x00003F44	0x4	t_esp/t_esp.cpp	local	lbl_t_esp_rodata_3F44	lbl_t_esp_rodata_3F44
.rodata	0x00003F48	0x4	t_esp/t_esp.cpp	local	lbl_t_esp_rodata_3F48	lbl_t_esp_rodata_3F48
.rodata	0x00003F4C	0x4	t_esp/t_esp.cpp	local	lbl_t_esp_rodata_3F4C	lbl_t_esp_rodata_3F4C
.rodata	0x00003F50	0x4	t_esp/t_esp.cpp	local	lbl_t_esp_rodata_3F50	lbl_t_esp_rodata_3F50
.rodata	0x00003F54	0x4	t_esp/t_esp.cpp	local	lbl_t_esp_rodata_3F54	lbl_t_esp_rodata_3F54
.rodata	0x00003F58	0x4	t_esp/t_esp.cpp	local	lbl_t_esp_rodata_3F58	lbl_t_esp_rodata_3F58
.rodata	0x00003F5C	0x4	t_esp/t_esp.cpp	local	lbl_t_esp_rodata_3F5C	lbl_t_esp_rodata_3F5C
.rodata	0x00003F60	0x4	t_esp/t_esp.cpp	local	lbl_t_esp_rodata_3F60	lbl_t_esp_rodata_3F60
.rodata	0x00003F64	0x4	t_esp/t_esp.cpp	local	lbl_t_esp_rodata_3F64	lbl_t_esp_rodata_3F64
.rodata	0x00003F68	0x4	t_esp/t_esp.cpp	local	lbl_t_esp_rodata_3F68	lbl_t_esp_rodata_3F68
.rodata	0x00003F6C	0x4	t_esp/t_esp.cpp	local	lbl_t_esp_rodata_3F6C	lbl_t_esp_rodata_3F6C
.rodata	0x00003F70	0x4	t_esp/t_esp.cpp	local	lbl_t_esp_rodata_3F70	lbl_t_esp_rodata_3F70
.rodata	0x00003F74	0x4	t_esp/t_esp.cpp	local	lbl_t_esp_rodata_3F74	lbl_t_esp_rodata_3F74
.rodata	0x00003F78	0x4	t_esp/t_esp.cpp	local	lbl_t_esp_rodata_3F78	lbl_t_esp_rodata_3F78
.rodata	0x00003F7C	0x4	t_esp/t_esp.cpp	local	lbl_t_esp_rodata_3F7C	lbl_t_esp_rodata_3F7C
.rodata	0x00003F80	0x4	t_esp/t_esp.cpp	local	lbl_t_esp_rodata_3F80	lbl_t_esp_rodata_3F80
.rodata	0x00003F84	0x4	t_esp/t_esp.cpp	local	lbl_t_esp_rodata_3F84	lbl_t_esp_rodata_3F84
.rodata	0x00003F88	0x4	t_esp/t_esp.cpp	local	lbl_t_esp_rodata_3F88	lbl_t_esp_rodata_3F88
.rodata	0x00003F8C	0x4	t_esp/t_esp.cpp	local	lbl_t_esp_rodata_3F8C	lbl_t_esp_rodata_3F8C
.rodata	0x00003F90	0x4	t_esp/t_esp.cpp	local	lbl_t_esp_rodata_3F90	lbl_t_esp_rodata_3F90
.rodata	0x00003F94	0x4	t_esp/t_esp.cpp	local	lbl_t_esp_rodata_3F94	lbl_t_esp_rodata_3F94
.rodata	0x00003F98	0x4	t_esp/t_esp.cpp	local	lbl_t_esp_rodata_3F98	lbl_t_esp_rodata_3F98
.rodata	0x00003F9C	0x4	t_esp/t_esp.cpp	local	lbl_t_esp_rodata_3F9C	lbl_t_esp_rodata_3F9C
.rodata	0x00003FA0	0x4	t_esp/t_esp.cpp	local	lbl_t_esp_rodata_3FA0	lbl_t_esp_rodata_3FA0
.rodata	0x00003FA4	0x4	t_esp/t_esp.cpp	local	lbl_t_esp_rodata_3FA4	lbl_t_esp_rodata_3FA4
.rodata	0x00003FA8	0x4	t_esp/t_esp.cpp	local	lbl_t_esp_rodata_3FA8	lbl_t_esp_rodata_3FA8
.rodata	0x00003FAC	0x4	t_esp/t_esp.cpp	local	lbl_t_esp_rodata_3FAC	lbl_t_esp_rodata_3FAC
.rodata	0x00003FB0	0x4	t_esp/t_esp.cpp	local	lbl_t_esp_rodata_3FB0	lbl_t_esp_rodata_3FB0
.rodata	0x00003FB4	0x4	t_esp/t_esp.cpp	local	lbl_t_esp_rodata_3FB4	lbl_t_esp_rodata_3FB4
.rodata	0x00003FB8	0x4	t_esp/t_esp.cpp	local	lbl_t_esp_rodata_3FB8	lbl_t_esp_rodata_3FB8
.rodata	0x00003FBC	0x4	t_esp/t_esp.cpp	local	lbl_t_esp_rodata_3FBC	lbl_t_esp_rodata_3FBC
.rodata	0x00003FC0	0x4	t_esp/t_esp.cpp	local	lbl_t_esp_rodata_3FC0	lbl_t_esp_rodata_3FC0
.rodata	0x00003FC4	0x4	t_esp/t_esp.cpp	local	lbl_t_esp_rodata_3FC4	lbl_t_esp_rodata_3FC4
.rodata	0x00003FC8	0x4	t_esp/t_esp.cpp	local	lbl_t_esp_rodata_3FC8	lbl_t_esp_rodata_3FC8
.rodata	0x00003FCC	0x4	t_esp/t_esp.cpp	local	lbl_t_esp_rodata_3FCC	lbl_t_esp_rodata_3FCC
.rodata	0x00003FD0	0x4	t_esp/t_esp.cpp	local	lbl_t_esp_rodata_3FD0	lbl_t_esp_rodata_3FD0
.rodata	0x00003FD4	0x4	t_esp/t_esp.cpp	local	lbl_t_esp_rodata_3FD4	lbl_t_esp_rodata_3FD4
.rodata	0x00003FD8	0x4	t_esp/t_esp.cpp	local	lbl_t_esp_rodata_3FD8	lbl_t_esp_rodata_3FD8
.rodata	0x00003FDC	0x4	t_esp/t_esp.cpp	local	lbl_t_esp_rodata_3FDC	lbl_t_esp_rodata_3FDC
.rodata	0x00003FE0	0x4	t_esp/t_esp.cpp	local	lbl_t_esp_rodata_3FE0	lbl_t_esp_rodata_3FE0
.rodata	0x00003FE4	0x4	t_esp/t_esp.cpp	local	lbl_t_esp_rodata_3FE4	lbl_t_esp_rodata_3FE4
.rodata	0x00003FE8	0x4	t_esp/t_esp.cpp	local	lbl_t_esp_rodata_3FE8	lbl_t_esp_rodata_3FE8
.rodata	0x00003FEC	0x4	t_esp/t_esp.cpp	local	lbl_t_esp_rodata_3FEC	lbl_t_esp_rodata_3FEC
.rodata	0x00003FF0	0x4	t_esp/t_esp.cpp	local	lbl_t_esp_rodata_3FF0	lbl_t_esp_rodata_3FF0
.rodata	0x00003FF4	0x4	t_esp/t_esp.cpp	local	lbl_t_esp_rodata_3FF4	lbl_t_esp_rodata_3FF4
.rodata	0x00003FF8	0x4	t_esp/t_esp.cpp	local	lbl_t_esp_rodata_3FF8	lbl_t_esp_rodata_3FF8
.rodata	0x00003FFC	0x4	t_esp/t_esp.cpp	local	lbl_t_esp_rodata_3FFC	lbl_t_esp_rodata_3FFC
.rodata	0x00004000	0x4	t_esp/t_esp.cpp	local	lbl_t_esp_rodata_4000	lbl_t_esp_rodata_4000
.rodata	0x00004004	0x4	t_esp/t_esp.cpp	local	lbl_t_esp_rodata_4004	lbl_t_esp_rodata_4004
.rodata	0x00004008	0x4	t_esp/t_esp.cpp	local	lbl_t_esp_rodata_4008	lbl_t_esp_rodata_4008
.rodata	0x0000400C	0x4	t_esp/t_esp.cpp	local	lbl_t_esp_rodata_400C	lbl_t_esp_rodata_400C
.rodata	0x00004010	0x4	t_esp/t_esp.cpp	local	lbl_t_esp_rodata_4010	lbl_t_esp_rodata_4010
.rodata	0x00004014	0x4	t_esp/t_esp.cpp	local	lbl_t_esp_rodata_4014	lbl_t_esp_rodata_4014
.rodata	0x00004018	0x4	t_esp/t_esp.cpp	local	lbl_t_esp_rodata_4018	lbl_t_esp_rodata_4018
.rodata	0x0000401C	0x4	t_esp/t_esp.cpp	local	lbl_t_esp_rodata_401C	lbl_t_esp_rodata_401C
.rodata	0x00004020	0x4	t_esp/t_esp.cpp	local	lbl_t_esp_rodata_4020	lbl_t_esp_rodata_4020
.rodata	0x00004024	0x4	t_esp/t_esp.cpp	local	lbl_t_esp_rodata_4024	lbl_t_esp_rodata_4024
.rodata	0x00004028	0x4	t_esp/t_esp.cpp	local	lbl_t_esp_rodata_4028	lbl_t_esp_rodata_4028
.rodata	0x0000402C	0x4	t_esp/t_esp.cpp	local	lbl_t_esp_rodata_402C	lbl_t_esp_rodata_402C
.rodata	0x00004030	0x4	t_esp/t_esp.cpp	local	lbl_t_esp_rodata_4030	lbl_t_esp_rodata_4030
.rodata	0x00004034	0x4	t_esp/t_esp.cpp	local	lbl_t_esp_rodata_4034	lbl_t_esp_rodata_4034
.rodata	0x00004038	0x4	t_esp/t_esp.cpp	local	lbl_t_esp_rodata_4038	lbl_t_esp_rodata_4038
.rodata	0x0000403C	0x4	t_esp/t_esp.cpp	local	lbl_t_esp_rodata_403C	lbl_t_esp_rodata_403C
.rodata	0x00004040	0x4	t_esp/t_esp.cpp	local	lbl_t_esp_rodata_4040	lbl_t_esp_rodata_4040
.rodata	0x00004044	0x4	t_esp/t_esp.cpp	local	lbl_t_esp_rodata_4044	lbl_t_esp_rodata_4044
.rodata	0x00004048	0x4	t_esp/t_esp.cpp	local	lbl_t_esp_rodata_4048	lbl_t_esp_rodata_4048
.rodata	0x0000404C	0x4	t_esp/t_esp.cpp	local	lbl_t_esp_rodata_404C	lbl_t_esp_rodata_404C
.rodata	0x00004050	0x4	t_esp/t_esp.cpp	local	lbl_t_esp_rodata_4050	lbl_t_esp_rodata_4050
.rodata	0x00004054	0x4	t_esp/t_esp.cpp	local	lbl_t_esp_rodata_4054	lbl_t_esp_rodata_4054
.rodata	0x00004058	0x4	t_esp/t_esp.cpp	local	lbl_t_esp_rodata_4058	lbl_t_esp_rodata_4058
.rodata	0x0000405C	0x4	t_esp/t_esp.cpp	local	lbl_t_esp_rodata_405C	lbl_t_esp_rodata_405C
.rodata	0x00004060	0x4	t_esp/t_esp.cpp	local	lbl_t_esp_rodata_4060	lbl_t_esp_rodata_4060
.rodata	0x00004064	0x4	t_esp/t_esp.cpp	local	lbl_t_esp_rodata_4064	lbl_t_esp_rodata_4064
.rodata	0x00004068	0x4	t_esp/t_esp.cpp	local	lbl_t_esp_rodata_4068	lbl_t_esp_rodata_4068
.rodata	0x0000406C	0x4	t_esp/t_esp.cpp	local	lbl_t_esp_rodata_406C	lbl_t_esp_rodata_406C
.rodata	0x00004070	0x4	t_esp/t_esp.cpp	local	lbl_t_esp_rodata_4070	lbl_t_esp_rodata_4070
.rodata	0x00004074	0x4	t_esp/t_esp.cpp	local	lbl_t_esp_rodata_4074	lbl_t_esp_rodata_4074
.rodata	0x00004078	0x4	t_esp/t_esp.cpp	local	lbl_t_esp_rodata_4078	lbl_t_esp_rodata_4078
.rodata	0x0000407C	0x4	t_esp/t_esp.cpp	local	lbl_t_esp_rodata_407C	lbl_t_esp_rodata_407C
.rodata	0x00004080	0x4	t_esp/t_esp.cpp	local	lbl_t_esp_rodata_4080	lbl_t_esp_rodata_4080
.rodata	0x00004084	0x4	t_esp/t_esp.cpp	local	lbl_t_esp_rodata_4084	lbl_t_esp_rodata_4084
.rodata	0x00004088	0x4	t_esp/t_esp.cpp	local	lbl_t_esp_rodata_4088	lbl_t_esp_rodata_4088
.rodata	0x0000408C	0x4	t_esp/t_esp.cpp	local	lbl_t_esp_rodata_408C	lbl_t_esp_rodata_408C
.rodata	0x00004090	0x4	t_esp/t_esp.cpp	local	lbl_t_esp_rodata_4090	lbl_t_esp_rodata_4090
.rodata	0x00004094	0x4	t_esp/t_esp.cpp	local	lbl_t_esp_rodata_4094	lbl_t_esp_rodata_4094
.rodata	0x00004098	0x4	t_esp/t_esp.cpp	local	lbl_t_esp_rodata_4098	lbl_t_esp_rodata_4098
.rodata	0x0000409C	0x4	t_esp/t_esp.cpp	local	lbl_t_esp_rodata_409C	lbl_t_esp_rodata_409C
.rodata	0x000040A0	0x4	t_esp/t_esp.cpp	local	lbl_t_esp_rodata_40A0	lbl_t_esp_rodata_40A0
.rodata	0x000040A4	0x4	t_esp/t_esp.cpp	local	lbl_t_esp_rodata_40A4	lbl_t_esp_rodata_40A4
.rodata	0x000040A8	0x4	t_esp/t_esp.cpp	local	lbl_t_esp_rodata_40A8	lbl_t_esp_rodata_40A8
.rodata	0x000040AC	0x4	t_esp/t_esp.cpp	local	lbl_t_esp_rodata_40AC	lbl_t_esp_rodata_40AC
.rodata	0x000040B0	0x4	t_esp/t_esp.cpp	local	lbl_t_esp_rodata_40B0	lbl_t_esp_rodata_40B0
.rodata	0x000040B4	0x4	t_esp/t_esp.cpp	local	lbl_t_esp_rodata_40B4	lbl_t_esp_rodata_40B4
.rodata	0x000040B8	0x4	t_esp/t_esp.cpp	local	lbl_t_esp_rodata_40B8	lbl_t_esp_rodata_40B8
.rodata	0x000040BC	0x4	t_esp/t_esp.cpp	local	lbl_t_esp_rodata_40BC	lbl_t_esp_rodata_40BC
.rodata	0x000040C0	0x4	t_esp/t_esp.cpp	local	lbl_t_esp_rodata_40C0	lbl_t_esp_rodata_40C0
.rodata	0x000040C4	0x4	t_esp/t_esp.cpp	local	lbl_t_esp_rodata_40C4	lbl_t_esp_rodata_40C4
.rodata	0x000040C8	0x4	t_esp/t_esp.cpp	local	lbl_t_esp_rodata_40C8	lbl_t_esp_rodata_40C8
.rodata	0x000040CC	0x4	t_esp/t_esp.cpp	local	lbl_t_esp_rodata_40CC	lbl_t_esp_rodata_40CC
.rodata	0x000040D0	0x4	t_esp/t_esp.cpp	local	lbl_t_esp_rodata_40D0	lbl_t_esp_rodata_40D0
.rodata	0x000040D4	0x4	t_esp/t_esp.cpp	local	lbl_t_esp_rodata_40D4	lbl_t_esp_rodata_40D4
.rodata	0x000040D8	0x4	t_esp/t_esp.cpp	local	lbl_t_esp_rodata_40D8	lbl_t_esp_rodata_40D8
.rodata	0x000040DC	0x4	t_esp/t_esp.cpp	local	lbl_t_esp_rodata_40DC	lbl_t_esp_rodata_40DC
.rodata	0x000040E0	0x4	t_esp/t_esp.cpp	local	lbl_t_esp_rodata_40E0	lbl_t_esp_rodata_40E0
.rodata	0x000040E4	0x4	t_esp/t_esp.cpp	local	lbl_t_esp_rodata_40E4	lbl_t_esp_rodata_40E4
.rodata	0x000040E8	0x4	t_esp/t_esp.cpp	local	lbl_t_esp_rodata_40E8	lbl_t_esp_rodata_40E8
.rodata	0x000040EC	0x4	t_esp/t_esp.cpp	local	lbl_t_esp_rodata_40EC	lbl_t_esp_rodata_40EC
.rodata	0x000040F0	0x4	t_esp/t_esp.cpp	local	lbl_t_esp_rodata_40F0	lbl_t_esp_rodata_40F0
.rodata	0x000040F4	0x4	t_esp/t_esp.cpp	local	lbl_t_esp_rodata_40F4	lbl_t_esp_rodata_40F4
.rodata	0x000040F8	0x4	t_esp/t_esp.cpp	local	lbl_t_esp_rodata_40F8	lbl_t_esp_rodata_40F8
.rodata	0x000040FC	0x4	t_esp/t_esp.cpp	local	lbl_t_esp_rodata_40FC	lbl_t_esp_rodata_40FC
.rodata	0x00004100	0x4	t_esp/t_esp.cpp	local	lbl_t_esp_rodata_4100	lbl_t_esp_rodata_4100
.rodata	0x00004104	0x4	t_esp/t_esp.cpp	local	lbl_t_esp_rodata_4104	lbl_t_esp_rodata_4104
.rodata	0x00004108	0x4	t_esp/t_esp.cpp	local	lbl_t_esp_rodata_4108	lbl_t_esp_rodata_4108
.rodata	0x0000410C	0x4	t_esp/t_esp.cpp	local	lbl_t_esp_rodata_410C	lbl_t_esp_rodata_410C
.rodata	0x00004110	0x4	t_esp/t_esp.cpp	local	lbl_t_esp_rodata_4110	lbl_t_esp_rodata_4110
.rodata	0x00004114	0x4	t_esp/t_esp.cpp	local	lbl_t_esp_rodata_4114	lbl_t_esp_rodata_4114
.rodata	0x00004118	0x4	t_esp/t_esp.cpp	local	lbl_t_esp_rodata_4118	lbl_t_esp_rodata_4118
.rodata	0x0000411C	0x4	t_esp/t_esp.cpp	local	lbl_t_esp_rodata_411C	lbl_t_esp_rodata_411C
.rodata	0x00004120	0x4	t_esp/t_esp.cpp	local	lbl_t_esp_rodata_4120	lbl_t_esp_rodata_4120
.rodata	0x00004124	0x4	t_esp/t_esp.cpp	local	lbl_t_esp_rodata_4124	lbl_t_esp_rodata_4124
.rodata	0x00004128	0x4	t_esp/t_esp.cpp	local	lbl_t_esp_rodata_4128	lbl_t_esp_rodata_4128
.rodata	0x0000412C	0x4	t_esp/t_esp.cpp	local	lbl_t_esp_rodata_412C	lbl_t_esp_rodata_412C
.rodata	0x00004130	0x4	t_esp/t_esp.cpp	local	lbl_t_esp_rodata_4130	lbl_t_esp_rodata_4130
.rodata	0x00004134	0x4	t_esp/t_esp.cpp	local	lbl_t_esp_rodata_4134	lbl_t_esp_rodata_4134
.rodata	0x00004138	0x4	t_esp/t_esp.cpp	local	lbl_t_esp_rodata_4138	lbl_t_esp_rodata_4138
.rodata	0x0000413C	0x4	t_esp/t_esp.cpp	local	lbl_t_esp_rodata_413C	lbl_t_esp_rodata_413C
.rodata	0x00004140	0x4	t_esp/t_esp.cpp	local	lbl_t_esp_rodata_4140	lbl_t_esp_rodata_4140
.rodata	0x00004144	0x4	t_esp/t_esp.cpp	local	lbl_t_esp_rodata_4144	lbl_t_esp_rodata_4144
.rodata	0x00004148	0x4	t_esp/t_esp.cpp	local	lbl_t_esp_rodata_4148	lbl_t_esp_rodata_4148
.rodata	0x0000414C	0x4	t_esp/t_esp.cpp	local	lbl_t_esp_rodata_414C	lbl_t_esp_rodata_414C
.rodata	0x00004150	0x4	t_esp/t_esp.cpp	local	lbl_t_esp_rodata_4150	lbl_t_esp_rodata_4150
.rodata	0x00004154	0x4	t_esp/t_esp.cpp	local	lbl_t_esp_rodata_4154	lbl_t_esp_rodata_4154
.rodata	0x00004158	0x4	t_esp/t_esp.cpp	local	lbl_t_esp_rodata_4158	lbl_t_esp_rodata_4158
.rodata	0x0000415C	0x4	t_esp/t_esp.cpp	local	lbl_t_esp_rodata_415C	lbl_t_esp_rodata_415C
.rodata	0x00004160	0x4	t_esp/t_esp.cpp	local	lbl_t_esp_rodata_4160	lbl_t_esp_rodata_4160
.rodata	0x00004164	0x4	t_esp/t_esp.cpp	local	lbl_t_esp_rodata_4164	lbl_t_esp_rodata_4164
.rodata	0x00004168	0x4	t_esp/t_esp.cpp	local	lbl_t_esp_rodata_4168	lbl_t_esp_rodata_4168
.rodata	0x0000416C	0x4	t_esp/t_esp.cpp	local	lbl_t_esp_rodata_416C	lbl_t_esp_rodata_416C
.rodata	0x00004170	0x4	t_esp/t_esp.cpp	local	lbl_t_esp_rodata_4170	lbl_t_esp_rodata_4170
.rodata	0x00004174	0x4	t_esp/t_esp.cpp	local	lbl_t_esp_rodata_4174	lbl_t_esp_rodata_4174
.rodata	0x00004178	0x4	t_esp/t_esp.cpp	local	lbl_t_esp_rodata_4178	lbl_t_esp_rodata_4178
.rodata	0x0000417C	0x4	t_esp/t_esp.cpp	local	lbl_t_esp_rodata_417C	lbl_t_esp_rodata_417C
.rodata	0x00004180	0x4	t_esp/t_esp.cpp	local	lbl_t_esp_rodata_4180	lbl_t_esp_rodata_4180
.rodata	0x00004184	0x4	t_esp/t_esp.cpp	local	lbl_t_esp_rodata_4184	lbl_t_esp_rodata_4184
.rodata	0x00004188	0x4	t_esp/t_esp.cpp	local	lbl_t_esp_rodata_4188	lbl_t_esp_rodata_4188
.rodata	0x0000418C	0x4	t_esp/t_esp.cpp	local	lbl_t_esp_rodata_418C	lbl_t_esp_rodata_418C
.rodata	0x00004190	0x4	t_esp/t_esp.cpp	local	lbl_t_esp_rodata_4190	lbl_t_esp_rodata_4190
.rodata	0x00004194	0x4	t_esp/t_esp.cpp	local	lbl_t_esp_rodata_4194	lbl_t_esp_rodata_4194
.rodata	0x00004198	0x4	t_esp/t_esp.cpp	local	lbl_t_esp_rodata_4198	lbl_t_esp_rodata_4198
.rodata	0x0000419C	0x4	t_esp/t_esp.cpp	local	lbl_t_esp_rodata_419C	lbl_t_esp_rodata_419C
.rodata	0x000041A0	0x4	t_esp/t_esp.cpp	local	lbl_t_esp_rodata_41A0	lbl_t_esp_rodata_41A0
.rodata	0x000041A4	0x4	t_esp/t_esp.cpp	local	lbl_t_esp_rodata_41A4	lbl_t_esp_rodata_41A4
.rodata	0x000041A8	0x4	t_esp/t_esp.cpp	local	lbl_t_esp_rodata_41A8	lbl_t_esp_rodata_41A8
.rodata	0x000041AC	0x4	t_esp/t_esp.cpp	local	lbl_t_esp_rodata_41AC	lbl_t_esp_rodata_41AC
.rodata	0x000041B0	0x4	t_esp/t_esp.cpp	local	lbl_t_esp_rodata_41B0	lbl_t_esp_rodata_41B0
.rodata	0x000041B4	0x4	t_esp/t_esp.cpp	local	lbl_t_esp_rodata_41B4	lbl_t_esp_rodata_41B4
.rodata	0x000041B8	0x4	t_esp/t_esp.cpp	local	lbl_t_esp_rodata_41B8	lbl_t_esp_rodata_41B8
.rodata	0x000041BC	0x4	t_esp/t_esp.cpp	local	lbl_t_esp_rodata_41BC	lbl_t_esp_rodata_41BC
.rodata	0x000041C0	0x4	t_esp/t_esp.cpp	local	lbl_t_esp_rodata_41C0	lbl_t_esp_rodata_41C0
.rodata	0x000041C4	0x4	t_esp/t_esp.cpp	local	lbl_t_esp_rodata_41C4	lbl_t_esp_rodata_41C4
.rodata	0x000041C8	0xC	t_esp/t_esp.cpp	local	lbl_t_esp_rodata_41C8	lbl_t_esp_rodata_41C8
.rodata	0x000041D4	0x10	t_esp/t_esp.cpp	local	lbl_t_esp_rodata_41D4	lbl_t_esp_rodata_41D4
.rodata	0x000041E4	0x10	t_esp/t_esp.cpp	local	lbl_t_esp_rodata_41E4	lbl_t_esp_rodata_41E4
.rodata	0x000041F4	0x10	t_esp/t_esp.cpp	local	lbl_t_esp_rodata_41F4	lbl_t_esp_rodata_41F4
.rodata	0x00004204	0x10	t_esp/t_esp.cpp	local	lbl_t_esp_rodata_4204	lbl_t_esp_rodata_4204
.rodata	0x00004214	0xC	t_esp/t_esp.cpp	local	lbl_t_esp_rodata_4214	lbl_t_esp_rodata_4214
.rodata	0x00004220	0x8	t_esp/t_esp.cpp	local	lbl_t_esp_rodata_4220	lbl_t_esp_rodata_4220
.rodata	0x00004228	0x8	t_esp/t_esp.cpp	local	lbl_t_esp_rodata_4228	lbl_t_esp_rodata_4228
.rodata	0x00004230	0x4	t_esp/t_esp.cpp	local	lbl_t_esp_rodata_4230	lbl_t_esp_rodata_4230
.rodata	0x00004234	0x4	t_esp/t_esp.cpp	local	lbl_t_esp_rodata_4234	lbl_t_esp_rodata_4234
.rodata	0x00004238	0x4	t_esp/t_esp.cpp	local	lbl_t_esp_rodata_4238	lbl_t_esp_rodata_4238
.rodata	0x0000423C	0x4	t_esp/t_esp.cpp	local	lbl_t_esp_rodata_423C	lbl_t_esp_rodata_423C
.rodata	0x00004240	0x4	t_esp/t_esp.cpp	local	lbl_t_esp_rodata_4240	lbl_t_esp_rodata_4240
.rodata	0x00004244	0x4	t_esp/t_esp.cpp	local	lbl_t_esp_rodata_4244	lbl_t_esp_rodata_4244
.rodata	0x00004248	0x4	t_esp/t_esp.cpp	local	lbl_t_esp_rodata_4248	lbl_t_esp_rodata_4248
.rodata	0x0000424C	0x4	t_esp/t_esp.cpp	local	lbl_t_esp_rodata_424C	lbl_t_esp_rodata_424C
.rodata	0x00004250	0x8	t_esp/t_esp.cpp	local	lbl_t_esp_rodata_4250	lbl_t_esp_rodata_4250
.rodata	0x00004258	0x4	t_esp/t_esp.cpp	local	lbl_t_esp_rodata_4258	lbl_t_esp_rodata_4258
.rodata	0x0000425C	0x4	t_esp/t_esp.cpp	local	lbl_t_esp_rodata_425C	lbl_t_esp_rodata_425C
.rodata	0x00004260	0x4	t_esp/t_esp.cpp	local	lbl_t_esp_rodata_4260	lbl_t_esp_rodata_4260
.rodata	0x00004264	0x4	t_esp/t_esp.cpp	local	lbl_t_esp_rodata_4264	lbl_t_esp_rodata_4264
.rodata	0x00004268	0x4	t_esp/t_esp.cpp	local	lbl_t_esp_rodata_4268	lbl_t_esp_rodata_4268
.rodata	0x0000426C	0x4	t_esp/t_esp.cpp	local	lbl_t_esp_rodata_426C	lbl_t_esp_rodata_426C
.rodata	0x00004270	0x4	t_esp/t_esp.cpp	local	lbl_t_esp_rodata_4270	lbl_t_esp_rodata_4270
.rodata	0x00004274	0x4	t_esp/t_esp.cpp	local	lbl_t_esp_rodata_4274	lbl_t_esp_rodata_4274
.rodata	0x00004278	0x4	t_esp/t_esp.cpp	local	lbl_t_esp_rodata_4278	lbl_t_esp_rodata_4278
.rodata	0x0000427C	0x4	t_esp/t_esp.cpp	local	lbl_t_esp_rodata_427C	lbl_t_esp_rodata_427C
.rodata	0x00004280	0x4	t_esp/t_esp.cpp	local	lbl_t_esp_rodata_4280	lbl_t_esp_rodata_4280
.rodata	0x00004284	0x4	t_esp/t_esp.cpp	local	lbl_t_esp_rodata_4284	lbl_t_esp_rodata_4284
.rodata	0x00004288	0x4	t_esp/t_esp.cpp	local	lbl_t_esp_rodata_4288	lbl_t_esp_rodata_4288
.rodata	0x0000428C	0x4	t_esp/t_esp.cpp	local	lbl_t_esp_rodata_428C	lbl_t_esp_rodata_428C
.rodata	0x00004290	0x4	t_esp/t_esp.cpp	local	lbl_t_esp_rodata_4290	lbl_t_esp_rodata_4290
.rodata	0x00004294	0x4	t_esp/t_esp.cpp	local	lbl_t_esp_rodata_4294	lbl_t_esp_rodata_4294
.rodata	0x00004298	0x4	t_esp/t_esp.cpp	local	lbl_t_esp_rodata_4298	lbl_t_esp_rodata_4298
.rodata	0x0000429C	0x4	t_esp/t_esp.cpp	local	lbl_t_esp_rodata_429C	lbl_t_esp_rodata_429C
.rodata	0x000042A0	0x4	t_esp/t_esp.cpp	local	lbl_t_esp_rodata_42A0	lbl_t_esp_rodata_42A0
.rodata	0x000042A4	0x4	t_esp/t_esp.cpp	local	lbl_t_esp_rodata_42A4	lbl_t_esp_rodata_42A4
.rodata	0x000042A8	0x4	t_esp/t_esp.cpp	local	lbl_t_esp_rodata_42A8	lbl_t_esp_rodata_42A8
.rodata	0x000042AC	0x4	t_esp/t_esp.cpp	local	lbl_t_esp_rodata_42AC	lbl_t_esp_rodata_42AC
.rodata	0x000042B0	0x4	t_esp/t_esp.cpp	local	lbl_t_esp_rodata_42B0	lbl_t_esp_rodata_42B0
.rodata	0x000042B4	0x4	t_esp/t_esp.cpp	local	lbl_t_esp_rodata_42B4	lbl_t_esp_rodata_42B4
.rodata	0x000042B8	0x4	t_esp/t_esp.cpp	local	lbl_t_esp_rodata_42B8	lbl_t_esp_rodata_42B8
.rodata	0x000042BC	0x4	t_esp/t_esp.cpp	local	lbl_t_esp_rodata_42BC	lbl_t_esp_rodata_42BC
.rodata	0x000042C0	0x4	t_esp/t_esp.cpp	local	lbl_t_esp_rodata_42C0	lbl_t_esp_rodata_42C0
.rodata	0x000042C4	0x4	t_esp/t_esp.cpp	local	lbl_t_esp_rodata_42C4	lbl_t_esp_rodata_42C4
.rodata	0x000042C8	0x4	t_esp/t_esp.cpp	local	lbl_t_esp_rodata_42C8	lbl_t_esp_rodata_42C8
.rodata	0x000042CC	0x4	t_esp/t_esp.cpp	local	lbl_t_esp_rodata_42CC	lbl_t_esp_rodata_42CC
.rodata	0x000042D0	0x4	t_esp/t_esp.cpp	local	lbl_t_esp_rodata_42D0	lbl_t_esp_rodata_42D0
.rodata	0x000042D4	0x4	t_esp/t_esp.cpp	local	lbl_t_esp_rodata_42D4	lbl_t_esp_rodata_42D4
.rodata	0x000042D8	0x4	t_esp/t_esp.cpp	local	lbl_t_esp_rodata_42D8	lbl_t_esp_rodata_42D8
.rodata	0x000042DC	0x4	t_esp/t_esp.cpp	local	lbl_t_esp_rodata_42DC	lbl_t_esp_rodata_42DC
.rodata	0x000042E0	0x4	t_esp/t_esp.cpp	local	lbl_t_esp_rodata_42E0	lbl_t_esp_rodata_42E0
.rodata	0x000042E4	0x4	t_esp/t_esp.cpp	local	lbl_t_esp_rodata_42E4	lbl_t_esp_rodata_42E4
.rodata	0x000042E8	0x4	t_esp/t_esp.cpp	local	lbl_t_esp_rodata_42E8	lbl_t_esp_rodata_42E8
.rodata	0x000042EC	0x4	t_esp/t_esp.cpp	local	lbl_t_esp_rodata_42EC	lbl_t_esp_rodata_42EC
.rodata	0x000042F0	0x4	t_esp/t_esp.cpp	local	lbl_t_esp_rodata_42F0	lbl_t_esp_rodata_42F0
.rodata	0x000042F4	0x4	t_esp/t_esp.cpp	local	lbl_t_esp_rodata_42F4	lbl_t_esp_rodata_42F4
.rodata	0x000042F8	0x4	t_esp/t_esp.cpp	local	lbl_t_esp_rodata_42F8	lbl_t_esp_rodata_42F8
.rodata	0x000042FC	0x4	t_esp/t_esp.cpp	local	lbl_t_esp_rodata_42FC	lbl_t_esp_rodata_42FC
.rodata	0x00004300	0x4	t_esp/t_esp.cpp	local	lbl_t_esp_rodata_4300	lbl_t_esp_rodata_4300
.rodata	0x00004304	0x4	t_esp/t_esp.cpp	local	lbl_t_esp_rodata_4304	lbl_t_esp_rodata_4304
.rodata	0x00004308	0x4	t_esp/t_esp.cpp	local	lbl_t_esp_rodata_4308	lbl_t_esp_rodata_4308
.rodata	0x0000430C	0x4	t_esp/t_esp.cpp	local	lbl_t_esp_rodata_430C	lbl_t_esp_rodata_430C
.rodata	0x00004310	0x4	t_esp/t_esp.cpp	local	lbl_t_esp_rodata_4310	lbl_t_esp_rodata_4310
.rodata	0x00004314	0x4	t_esp/t_esp.cpp	local	lbl_t_esp_rodata_4314	lbl_t_esp_rodata_4314
.rodata	0x00004318	0x4	t_esp/t_esp.cpp	local	lbl_t_esp_rodata_4318	lbl_t_esp_rodata_4318
.rodata	0x0000431C	0x4	t_esp/t_esp.cpp	local	lbl_t_esp_rodata_431C	lbl_t_esp_rodata_431C
.rodata	0x00004320	0x4	t_esp/t_esp.cpp	local	lbl_t_esp_rodata_4320	lbl_t_esp_rodata_4320
.rodata	0x00004324	0x4	t_esp/t_esp.cpp	local	lbl_t_esp_rodata_4324	lbl_t_esp_rodata_4324
.rodata	0x00004328	0x4	t_esp/t_esp.cpp	local	lbl_t_esp_rodata_4328	lbl_t_esp_rodata_4328
.rodata	0x0000432C	0x4	t_esp/t_esp.cpp	local	lbl_t_esp_rodata_432C	lbl_t_esp_rodata_432C
.rodata	0x00004330	0x4	t_esp/t_esp.cpp	local	lbl_t_esp_rodata_4330	lbl_t_esp_rodata_4330
.rodata	0x00004334	0x4	t_esp/t_esp.cpp	local	lbl_t_esp_rodata_4334	lbl_t_esp_rodata_4334
.rodata	0x00004338	0x4	t_esp/t_esp.cpp	local	lbl_t_esp_rodata_4338	lbl_t_esp_rodata_4338
.rodata	0x0000433C	0x4	t_esp/t_esp.cpp	local	lbl_t_esp_rodata_433C	lbl_t_esp_rodata_433C
.rodata	0x00004340	0x4	t_esp/t_esp.cpp	local	lbl_t_esp_rodata_4340	lbl_t_esp_rodata_4340
.rodata	0x00004344	0x4	t_esp/t_esp.cpp	local	lbl_t_esp_rodata_4344	lbl_t_esp_rodata_4344
.rodata	0x00004348	0x4	t_esp/t_esp.cpp	local	lbl_t_esp_rodata_4348	lbl_t_esp_rodata_4348
.rodata	0x0000434C	0x4	t_esp/t_esp.cpp	local	lbl_t_esp_rodata_434C	lbl_t_esp_rodata_434C
.rodata	0x00004350	0x4	t_esp/t_esp.cpp	local	lbl_t_esp_rodata_4350	lbl_t_esp_rodata_4350
.rodata	0x00004354	0x4	t_esp/t_esp.cpp	local	lbl_t_esp_rodata_4354	lbl_t_esp_rodata_4354
.rodata	0x00004358	0x4	t_esp/t_esp.cpp	local	lbl_t_esp_rodata_4358	lbl_t_esp_rodata_4358
.rodata	0x0000435C	0x4	t_esp/t_esp.cpp	local	lbl_t_esp_rodata_435C	lbl_t_esp_rodata_435C
.rodata	0x00004360	0x4	t_esp/t_esp.cpp	local	lbl_t_esp_rodata_4360	lbl_t_esp_rodata_4360
.rodata	0x00004364	0x4	t_esp/t_esp.cpp	local	lbl_t_esp_rodata_4364	lbl_t_esp_rodata_4364
.rodata	0x00004368	0x4	t_esp/t_esp.cpp	local	lbl_t_esp_rodata_4368	lbl_t_esp_rodata_4368
.rodata	0x0000436C	0x4	t_esp/t_esp.cpp	local	lbl_t_esp_rodata_436C	lbl_t_esp_rodata_436C
.rodata	0x00004370	0x4	t_esp/t_esp.cpp	local	lbl_t_esp_rodata_4370	lbl_t_esp_rodata_4370
.rodata	0x00004374	0x4	t_esp/t_esp.cpp	local	lbl_t_esp_rodata_4374	lbl_t_esp_rodata_4374
.rodata	0x00004378	0x4	t_esp/t_esp.cpp	local	lbl_t_esp_rodata_4378	lbl_t_esp_rodata_4378
.rodata	0x0000437C	0x4	t_esp/t_esp.cpp	local	lbl_t_esp_rodata_437C	lbl_t_esp_rodata_437C
.rodata	0x00004380	0x4	t_esp/t_esp.cpp	local	lbl_t_esp_rodata_4380	lbl_t_esp_rodata_4380
.rodata	0x00004384	0x4	t_esp/t_esp.cpp	local	lbl_t_esp_rodata_4384	lbl_t_esp_rodata_4384
.rodata	0x00004388	0x8	t_esp/t_esp.cpp	local	lbl_t_esp_rodata_4388	lbl_t_esp_rodata_4388
.rodata	0x00004390	0xC	t_esp/t_esp.cpp	local	lbl_t_esp_rodata_4390	lbl_t_esp_rodata_4390
.rodata	0x0000439C	0xC	t_esp/t_esp.cpp	local	lbl_t_esp_rodata_439C	lbl_t_esp_rodata_439C
.rodata	0x000043A8	0xC	t_esp/t_esp.cpp	local	lbl_t_esp_rodata_43A8	lbl_t_esp_rodata_43A8
.rodata	0x000043B4	0xC	t_esp/t_esp.cpp	local	lbl_t_esp_rodata_43B4	lbl_t_esp_rodata_43B4
.rodata	0x000043C0	0xC	t_esp/t_esp.cpp	local	lbl_t_esp_rodata_43C0	lbl_t_esp_rodata_43C0
.rodata	0x000043CC	0xC	t_esp/t_esp.cpp	local	lbl_t_esp_rodata_43CC	lbl_t_esp_rodata_43CC
.rodata	0x000043D8	0xC	t_esp/t_esp.cpp	local	lbl_t_esp_rodata_43D8	lbl_t_esp_rodata_43D8
.rodata	0x000043E4	0xC	t_esp/t_esp.cpp	local	lbl_t_esp_rodata_43E4	lbl_t_esp_rodata_43E4
.rodata	0x000043F0	0x18	t_esp/t_esp.cpp	local	lbl_t_esp_rodata_43F0	lbl_t_esp_rodata_43F0
.rodata	0x00004408	0x8	t_esp/t_esp.cpp	local	lbl_t_esp_rodata_4408	lbl_t_esp_rodata_4408
.rodata	0x00004410	0xC	t_esp/t_esp.cpp	local	lbl_t_esp_rodata_4410	lbl_t_esp_rodata_4410
.rodata	0x0000441C	0x40	t_esp/t_esp.cpp	local	lbl_t_esp_rodata_441C	lbl_t_esp_rodata_441C
.rodata	0x0000445C	0x4	t_esp/t_esp.cpp	local	lbl_t_esp_rodata_445C	lbl_t_esp_rodata_445C
.rodata	0x00004460	0x4	t_esp/t_esp.cpp	local	lbl_t_esp_rodata_4460	lbl_t_esp_rodata_4460
.rodata	0x00004464	0x14	t_esp/t_esp.cpp	local	lbl_t_esp_rodata_4464	lbl_t_esp_rodata_4464
.rodata	0x00004478	0xC	t_esp/t_esp.cpp	local	lbl_t_esp_rodata_4478	lbl_t_esp_rodata_4478
.rodata	0x00004484	0x14	t_esp/t_esp.cpp	local	lbl_t_esp_rodata_4484	lbl_t_esp_rodata_4484
.rodata	0x00004498	0x38	t_esp/t_esp.cpp	local	lbl_t_esp_rodata_4498	lbl_t_esp_rodata_4498
.rodata	0x000044D0	0x3C	t_esp/t_esp.cpp	local	lbl_t_esp_rodata_44D0	lbl_t_esp_rodata_44D0
.rodata	0x0000450C	0x38	t_esp/t_esp.cpp	local	lbl_t_esp_rodata_450C	lbl_t_esp_rodata_450C
.rodata	0x00004544	0xC	t_esp/t_esp.cpp	local	lbl_t_esp_rodata_4544	lbl_t_esp_rodata_4544
.rodata	0x00004550	0x10	t_esp/t_esp.cpp	local	lbl_t_esp_rodata_4550	lbl_t_esp_rodata_4550
.rodata	0x00004560	0x4	t_esp/t_esp.cpp	local	lbl_t_esp_rodata_4560	lbl_t_esp_rodata_4560
.rodata	0x00004564	0x10	t_esp/t_esp.cpp	local	lbl_t_esp_rodata_4564	lbl_t_esp_rodata_4564
.rodata	0x00004574	0x8	t_esp/t_esp.cpp	local	lbl_t_esp_rodata_4574	lbl_t_esp_rodata_4574
.rodata	0x0000457C	0x8	t_esp/t_esp.cpp	local	lbl_t_esp_rodata_457C	lbl_t_esp_rodata_457C
.rodata	0x00004584	0x8	t_esp/t_esp.cpp	local	lbl_t_esp_rodata_4584	lbl_t_esp_rodata_4584
.rodata	0x0000458C	0x8	t_esp/t_esp.cpp	local	lbl_t_esp_rodata_458C	lbl_t_esp_rodata_458C
.rodata	0x00004594	0x8	t_esp/t_esp.cpp	local	lbl_t_esp_rodata_4594	lbl_t_esp_rodata_4594
.rodata	0x0000459C	0xC	t_esp/t_esp.cpp	local	lbl_t_esp_rodata_459C	lbl_t_esp_rodata_459C
.rodata	0x000045A8	0xC	t_esp/t_esp.cpp	local	lbl_t_esp_rodata_45A8	lbl_t_esp_rodata_45A8
.rodata	0x000045B4	0xC	t_esp/t_esp.cpp	local	lbl_t_esp_rodata_45B4	lbl_t_esp_rodata_45B4
.rodata	0x000045C0	0xC	t_esp/t_esp.cpp	local	lbl_t_esp_rodata_45C0	lbl_t_esp_rodata_45C0
.rodata	0x000045CC	0x4	t_esp/t_esp.cpp	local	lbl_t_esp_rodata_45CC	lbl_t_esp_rodata_45CC
.rodata	0x000045D0	0x4	t_esp/t_esp.cpp	local	lbl_t_esp_rodata_45D0	lbl_t_esp_rodata_45D0
.rodata	0x000045D4	0x8	t_esp/t_esp.cpp	local	lbl_t_esp_rodata_45D4	lbl_t_esp_rodata_45D4
.rodata	0x000045DC	0xC	t_esp/t_esp.cpp	local	lbl_t_esp_rodata_45DC	lbl_t_esp_rodata_45DC
.rodata	0x000045E8	0xC	t_esp/t_esp.cpp	local	lbl_t_esp_rodata_45E8	lbl_t_esp_rodata_45E8
.rodata	0x000045F4	0xC	t_esp/t_esp.cpp	local	lbl_t_esp_rodata_45F4	lbl_t_esp_rodata_45F4
.rodata	0x00004600	0xC	t_esp/t_esp.cpp	local	lbl_t_esp_rodata_4600	lbl_t_esp_rodata_4600
.rodata	0x0000460C	0xC	t_esp/t_esp.cpp	local	lbl_t_esp_rodata_460C	lbl_t_esp_rodata_460C
.rodata	0x00004618	0xC	t_esp/t_esp.cpp	local	lbl_t_esp_rodata_4618	lbl_t_esp_rodata_4618
.rodata	0x00004624	0x20	t_esp/t_esp.cpp	local	lbl_t_esp_rodata_4624	lbl_t_esp_rodata_4624
.rodata	0x00004644	0x8	t_esp/t_esp.cpp	local	lbl_t_esp_rodata_4644	lbl_t_esp_rodata_4644
.rodata	0x0000464C	0x4	t_esp/t_esp.cpp	local	lbl_t_esp_rodata_464C	lbl_t_esp_rodata_464C
.rodata	0x00004650	0x4	t_esp/t_esp.cpp	local	lbl_t_esp_rodata_4650	lbl_t_esp_rodata_4650
.rodata	0x00004654	0x10	t_esp/t_esp.cpp	local	lbl_t_esp_rodata_4654	lbl_t_esp_rodata_4654
.rodata	0x00004664	0x14	t_esp/t_esp.cpp	local	lbl_t_esp_rodata_4664	lbl_t_esp_rodata_4664
.rodata	0x00004678	0x24	t_esp/t_esp.cpp	local	lbl_t_esp_rodata_4678	lbl_t_esp_rodata_4678
.rodata	0x0000469C	0x4	t_esp/t_esp.cpp	local	lbl_t_esp_rodata_469C	lbl_t_esp_rodata_469C
.rodata	0x000046A0	0x4	t_esp/t_esp.cpp	local	lbl_t_esp_rodata_46A0	lbl_t_esp_rodata_46A0
.rodata	0x000046A4	0xC	t_esp/t_esp.cpp	local	lbl_t_esp_rodata_46A4	lbl_t_esp_rodata_46A4
.rodata	0x000046B0	0x8	t_esp/t_esp.cpp	local	lbl_t_esp_rodata_46B0	lbl_t_esp_rodata_46B0
.rodata	0x000046B8	0x14	t_esp/t_esp.cpp	local	lbl_t_esp_rodata_46B8	lbl_t_esp_rodata_46B8
.rodata	0x000046CC	0x28	t_esp/t_esp.cpp	local	lbl_t_esp_rodata_46CC	lbl_t_esp_rodata_46CC
.rodata	0x000046F4	0x4	t_esp/t_esp.cpp	local	lbl_t_esp_rodata_46F4	lbl_t_esp_rodata_46F4
.rodata	0x000046F8	0x4	t_esp/t_esp.cpp	local	lbl_t_esp_rodata_46F8	lbl_t_esp_rodata_46F8
.rodata	0x000046FC	0xC	t_esp/t_esp.cpp	local	lbl_t_esp_rodata_46FC	lbl_t_esp_rodata_46FC
.rodata	0x00004708	0x18	t_esp/t_esp.cpp	local	lbl_t_esp_rodata_4708	lbl_t_esp_rodata_4708
.rodata	0x00004720	0x2C	t_esp/t_esp.cpp	local	lbl_t_esp_rodata_4720	lbl_t_esp_rodata_4720
.rodata	0x0000474C	0x4	t_esp/t_esp.cpp	local	lbl_t_esp_rodata_474C	lbl_t_esp_rodata_474C
.rodata	0x00004750	0x4	t_esp/t_esp.cpp	local	lbl_t_esp_rodata_4750	lbl_t_esp_rodata_4750
.rodata	0x00004754	0x10	t_esp/t_esp.cpp	local	lbl_t_esp_rodata_4754	lbl_t_esp_rodata_4754
.rodata	0x00004764	0x8	t_esp/t_esp.cpp	local	lbl_t_esp_rodata_4764	lbl_t_esp_rodata_4764
.rodata	0x0000476C	0x4	t_esp/t_esp.cpp	local	lbl_t_esp_rodata_476C	lbl_t_esp_rodata_476C
.rodata	0x00004770	0x4	t_esp/t_esp.cpp	local	lbl_t_esp_rodata_4770	lbl_t_esp_rodata_4770
.rodata	0x00004774	0x24	t_esp/t_esp.cpp	local	lbl_t_esp_rodata_4774	lbl_t_esp_rodata_4774
.rodata	0x00004798	0x8	t_esp/t_esp.cpp	local	lbl_t_esp_rodata_4798	lbl_t_esp_rodata_4798
.rodata	0x000047A0	0x4	t_esp/t_esp.cpp	local	lbl_t_esp_rodata_47A0	lbl_t_esp_rodata_47A0
.rodata	0x000047A4	0x4	t_esp/t_esp.cpp	local	lbl_t_esp_rodata_47A4	lbl_t_esp_rodata_47A4
.rodata	0x000047A8	0x8	t_esp/t_esp.cpp	local	lbl_t_esp_rodata_47A8	lbl_t_esp_rodata_47A8
.rodata	0x000047B0	0x10	t_esp/t_esp.cpp	local	lbl_t_esp_rodata_47B0	lbl_t_esp_rodata_47B0
.rodata	0x000047C0	0x4	t_esp/t_esp.cpp	local	lbl_t_esp_rodata_47C0	lbl_t_esp_rodata_47C0
.rodata	0x000047C4	0x8	t_esp/t_esp.cpp	local	lbl_t_esp_rodata_47C4	lbl_t_esp_rodata_47C4
.rodata	0x000047CC	0x4	t_esp/t_esp.cpp	local	lbl_t_esp_rodata_47CC	lbl_t_esp_rodata_47CC
.rodata	0x000047D0	0x4	t_esp/t_esp.cpp	local	lbl_t_esp_rodata_47D0	lbl_t_esp_rodata_47D0
.rodata	0x000047D4	0xC	t_esp/t_esp.cpp	local	lbl_t_esp_rodata_47D4	lbl_t_esp_rodata_47D4
.rodata	0x000047E0	0x24	t_esp/t_esp.cpp	local	lbl_t_esp_rodata_47E0	lbl_t_esp_rodata_47E0
.rodata	0x00004804	0x4	t_esp/t_esp.cpp	local	lbl_t_esp_rodata_4804	lbl_t_esp_rodata_4804
.rodata	0x00004808	0x4	t_esp/t_esp.cpp	local	lbl_t_esp_rodata_4808	lbl_t_esp_rodata_4808
.rodata	0x0000480C	0xC	t_esp/t_esp.cpp	local	lbl_t_esp_rodata_480C	lbl_t_esp_rodata_480C
.rodata	0x00004818	0x2C	t_esp/t_esp.cpp	local	lbl_t_esp_rodata_4818	lbl_t_esp_rodata_4818
.rodata	0x00004844	0x4	t_esp/t_esp.cpp	local	lbl_t_esp_rodata_4844	lbl_t_esp_rodata_4844
.rodata	0x00004848	0x4	t_esp/t_esp.cpp	local	lbl_t_esp_rodata_4848	lbl_t_esp_rodata_4848
.rodata	0x0000484C	0x10	t_esp/t_esp.cpp	local	lbl_t_esp_rodata_484C	lbl_t_esp_rodata_484C
.rodata	0x0000485C	0x4	t_esp/t_esp.cpp	local	lbl_t_esp_rodata_485C	lbl_t_esp_rodata_485C
.rodata	0x00004860	0x4	t_esp/t_esp.cpp	local	lbl_t_esp_rodata_4860	lbl_t_esp_rodata_4860
.rodata	0x00004864	0x24	t_esp/t_esp.cpp	local	lbl_t_esp_rodata_4864	lbl_t_esp_rodata_4864
.rodata	0x00004888	0x4	t_esp/t_esp.cpp	local	lbl_t_esp_rodata_4888	lbl_t_esp_rodata_4888
.rodata	0x0000488C	0x4	t_esp/t_esp.cpp	local	lbl_t_esp_rodata_488C	lbl_t_esp_rodata_488C
.rodata	0x00004890	0x8	t_esp/t_esp.cpp	local	lbl_t_esp_rodata_4890	lbl_t_esp_rodata_4890
.rodata	0x00004898	0x8	t_esp/t_esp.cpp	local	lbl_t_esp_rodata_4898	lbl_t_esp_rodata_4898
.rodata	0x000048A0	0x8	t_esp/t_esp.cpp	local	lbl_t_esp_rodata_48A0	lbl_t_esp_rodata_48A0
.rodata	0x000048A8	0x8	t_esp/t_esp.cpp	local	lbl_t_esp_rodata_48A8	lbl_t_esp_rodata_48A8
.rodata	0x000048B0	0x8	t_esp/t_esp.cpp	local	lbl_t_esp_rodata_48B0	lbl_t_esp_rodata_48B0
.rodata	0x000048B8	0x8	t_esp/t_esp.cpp	local	lbl_t_esp_rodata_48B8	lbl_t_esp_rodata_48B8
.rodata	0x000048C0	0x8	t_esp/t_esp.cpp	local	lbl_t_esp_rodata_48C0	lbl_t_esp_rodata_48C0
.rodata	0x000048C8	0x8	t_esp/t_esp.cpp	local	lbl_t_esp_rodata_48C8	lbl_t_esp_rodata_48C8
.rodata	0x000048D0	0x8	t_esp/t_esp.cpp	local	lbl_t_esp_rodata_48D0	lbl_t_esp_rodata_48D0
.rodata	0x000048D8	0x8	t_esp/t_esp.cpp	local	lbl_t_esp_rodata_48D8	lbl_t_esp_rodata_48D8
.rodata	0x000048E0	0x8	t_esp/t_esp.cpp	local	lbl_t_esp_rodata_48E0	lbl_t_esp_rodata_48E0
.rodata	0x000048E8	0x8	t_esp/t_esp.cpp	local	lbl_t_esp_rodata_48E8	lbl_t_esp_rodata_48E8
.rodata	0x000048F0	0x8	t_esp/t_esp.cpp	local	lbl_t_esp_rodata_48F0	lbl_t_esp_rodata_48F0
.rodata	0x000048F8	0x8	t_esp/t_esp.cpp	local	lbl_t_esp_rodata_48F8	lbl_t_esp_rodata_48F8
.rodata	0x00004900	0x8	t_esp/t_esp.cpp	local	lbl_t_esp_rodata_4900	lbl_t_esp_rodata_4900
.rodata	0x00004908	0xC	t_esp/t_esp.cpp	local	lbl_t_esp_rodata_4908	lbl_t_esp_rodata_4908
.rodata	0x00004914	0x8	t_esp/t_esp.cpp	local	lbl_t_esp_rodata_4914	lbl_t_esp_rodata_4914
.rodata	0x0000491C	0x20	t_esp/t_esp.cpp	local	lbl_t_esp_rodata_491C	lbl_t_esp_rodata_491C
.rodata	0x0000493C	0xC	t_esp/t_esp.cpp	local	lbl_t_esp_rodata_493C	lbl_t_esp_rodata_493C
.rodata	0x00004948	0x8	t_esp/t_esp.cpp	local	lbl_t_esp_rodata_4948	lbl_t_esp_rodata_4948
.rodata	0x00004950	0x8	t_esp/t_esp.cpp	local	lbl_t_esp_rodata_4950	lbl_t_esp_rodata_4950
.rodata	0x00004958	0x4	t_esp/t_esp.cpp	local	lbl_t_esp_rodata_4958	lbl_t_esp_rodata_4958
.rodata	0x0000495C	0x4	t_esp/t_esp.cpp	local	lbl_t_esp_rodata_495C	lbl_t_esp_rodata_495C
.rodata	0x00004960	0x4	t_esp/t_esp.cpp	local	lbl_t_esp_rodata_4960	lbl_t_esp_rodata_4960
.rodata	0x00004964	0x4	t_esp/t_esp.cpp	local	lbl_t_esp_rodata_4964	lbl_t_esp_rodata_4964
.rodata	0x00004968	0x4	t_esp/t_esp.cpp	local	lbl_t_esp_rodata_4968	lbl_t_esp_rodata_4968
.rodata	0x0000496C	0x4	t_esp/t_esp.cpp	local	lbl_t_esp_rodata_496C	lbl_t_esp_rodata_496C
.rodata	0x00004970	0x4	t_esp/t_esp.cpp	local	lbl_t_esp_rodata_4970	lbl_t_esp_rodata_4970
.rodata	0x00004974	0x4	t_esp/t_esp.cpp	local	lbl_t_esp_rodata_4974	lbl_t_esp_rodata_4974
.rodata	0x00004978	0x4	t_esp/t_esp.cpp	local	lbl_t_esp_rodata_4978	lbl_t_esp_rodata_4978
.rodata	0x0000497C	0x4	t_esp/t_esp.cpp	local	lbl_t_esp_rodata_497C	lbl_t_esp_rodata_497C
.rodata	0x00004980	0x4	t_esp/t_esp.cpp	local	lbl_t_esp_rodata_4980	lbl_t_esp_rodata_4980
.rodata	0x00004984	0x4	t_esp/t_esp.cpp	local	lbl_t_esp_rodata_4984	lbl_t_esp_rodata_4984
.rodata	0x00004988	0x4	t_esp/t_esp.cpp	local	lbl_t_esp_rodata_4988	lbl_t_esp_rodata_4988
.rodata	0x0000498C	0x4	t_esp/t_esp.cpp	local	lbl_t_esp_rodata_498C	lbl_t_esp_rodata_498C
.rodata	0x00004990	0x4	t_esp/t_esp.cpp	local	lbl_t_esp_rodata_4990	lbl_t_esp_rodata_4990
.rodata	0x00004994	0x8	t_esp/t_esp.cpp	local	lbl_t_esp_rodata_4994	lbl_t_esp_rodata_4994
.rodata	0x0000499C	0x8	t_esp/t_esp.cpp	local	lbl_t_esp_rodata_499C	lbl_t_esp_rodata_499C
.rodata	0x000049A4	0x8	t_esp/t_esp.cpp	local	lbl_t_esp_rodata_49A4	lbl_t_esp_rodata_49A4
.rodata	0x000049AC	0x8	t_esp/t_esp.cpp	local	lbl_t_esp_rodata_49AC	lbl_t_esp_rodata_49AC
.rodata	0x000049B4	0xC	t_esp/t_esp.cpp	local	lbl_t_esp_rodata_49B4	lbl_t_esp_rodata_49B4
.rodata	0x000049C0	0xC	t_esp/t_esp.cpp	local	lbl_t_esp_rodata_49C0	lbl_t_esp_rodata_49C0
.rodata	0x000049CC	0xC	t_esp/t_esp.cpp	local	lbl_t_esp_rodata_49CC	lbl_t_esp_rodata_49CC
.rodata	0x000049D8	0xC	t_esp/t_esp.cpp	local	lbl_t_esp_rodata_49D8	lbl_t_esp_rodata_49D8
.rodata	0x000049E4	0x14	t_esp/t_esp.cpp	local	lbl_t_esp_rodata_49E4	lbl_t_esp_rodata_49E4
.rodata	0x000049F8	0xC	t_esp/t_esp.cpp	local	lbl_t_esp_rodata_49F8	lbl_t_esp_rodata_49F8
.rodata	0x00004A04	0xC	t_esp/t_esp.cpp	local	lbl_t_esp_rodata_4A04	lbl_t_esp_rodata_4A04
.rodata	0x00004A10	0xC	t_esp/t_esp.cpp	local	lbl_t_esp_rodata_4A10	lbl_t_esp_rodata_4A10
.rodata	0x00004A1C	0xC	t_esp/t_esp.cpp	local	lbl_t_esp_rodata_4A1C	lbl_t_esp_rodata_4A1C
.rodata	0x00004A28	0x8	t_esp/t_esp.cpp	local	lbl_t_esp_rodata_4A28	lbl_t_esp_rodata_4A28
.rodata	0x00004A30	0x8	t_esp/t_esp.cpp	local	lbl_t_esp_rodata_4A30	lbl_t_esp_rodata_4A30
.rodata	0x00004A38	0x8	t_esp/t_esp.cpp	local	lbl_t_esp_rodata_4A38	lbl_t_esp_rodata_4A38
.rodata	0x00004A40	0x8	t_esp/t_esp.cpp	local	lbl_t_esp_rodata_4A40	lbl_t_esp_rodata_4A40
.rodata	0x00004A48	0xC	t_esp/t_esp.cpp	local	lbl_t_esp_rodata_4A48	lbl_t_esp_rodata_4A48
.rodata	0x00004A54	0xC	t_esp/t_esp.cpp	local	lbl_t_esp_rodata_4A54	lbl_t_esp_rodata_4A54
.rodata	0x00004A60	0xC	t_esp/t_esp.cpp	local	lbl_t_esp_rodata_4A60	lbl_t_esp_rodata_4A60
.rodata	0x00004A6C	0xC	t_esp/t_esp.cpp	local	lbl_t_esp_rodata_4A6C	lbl_t_esp_rodata_4A6C
.rodata	0x00004A78	0xC	t_esp/t_esp.cpp	local	lbl_t_esp_rodata_4A78	lbl_t_esp_rodata_4A78
.rodata	0x00004A84	0xC	t_esp/t_esp.cpp	local	lbl_t_esp_rodata_4A84	lbl_t_esp_rodata_4A84
.rodata	0x00004A90	0xC	t_esp/t_esp.cpp	local	lbl_t_esp_rodata_4A90	lbl_t_esp_rodata_4A90
.rodata	0x00004A9C	0x8	t_esp/t_esp.cpp	local	lbl_t_esp_rodata_4A9C	lbl_t_esp_rodata_4A9C
.rodata	0x00004AA4	0x8	t_esp/t_esp.cpp	local	lbl_t_esp_rodata_4AA4	lbl_t_esp_rodata_4AA4
.rodata	0x00004AAC	0x8	t_esp/t_esp.cpp	local	lbl_t_esp_rodata_4AAC	lbl_t_esp_rodata_4AAC
.rodata	0x00004AB4	0x8	t_esp/t_esp.cpp	local	lbl_t_esp_rodata_4AB4	lbl_t_esp_rodata_4AB4
.rodata	0x00004ABC	0x8	t_esp/t_esp.cpp	local	lbl_t_esp_rodata_4ABC	lbl_t_esp_rodata_4ABC
.rodata	0x00004AC4	0x8	t_esp/t_esp.cpp	local	lbl_t_esp_rodata_4AC4	lbl_t_esp_rodata_4AC4
.rodata	0x00004ACC	0x4	t_esp/t_esp.cpp	local	lbl_t_esp_rodata_4ACC	lbl_t_esp_rodata_4ACC
.rodata	0x00004AD0	0x4	t_esp/t_esp.cpp	local	lbl_t_esp_rodata_4AD0	lbl_t_esp_rodata_4AD0
.rodata	0x00004AD4	0x4	t_esp/t_esp.cpp	local	lbl_t_esp_rodata_4AD4	lbl_t_esp_rodata_4AD4
.rodata	0x00004AD8	0x4	t_esp/t_esp.cpp	local	lbl_t_esp_rodata_4AD8	lbl_t_esp_rodata_4AD8
.rodata	0x00004ADC	0x4	t_esp/t_esp.cpp	local	lbl_t_esp_rodata_4ADC	lbl_t_esp_rodata_4ADC
.rodata	0x00004AE0	0x4	t_esp/t_esp.cpp	local	lbl_t_esp_rodata_4AE0	lbl_t_esp_rodata_4AE0
.rodata	0x00004AE4	0x4	t_esp/t_esp.cpp	local	lbl_t_esp_rodata_4AE4	lbl_t_esp_rodata_4AE4
.rodata	0x00004AE8	0x4	t_esp/t_esp.cpp	local	lbl_t_esp_rodata_4AE8	lbl_t_esp_rodata_4AE8
.rodata	0x00004AEC	0x4	t_esp/t_esp.cpp	local	lbl_t_esp_rodata_4AEC	lbl_t_esp_rodata_4AEC
.rodata	0x00004AF0	0x4	t_esp/t_esp.cpp	local	lbl_t_esp_rodata_4AF0	lbl_t_esp_rodata_4AF0
.rodata	0x00004AF4	0x4	t_esp/t_esp.cpp	local	lbl_t_esp_rodata_4AF4	lbl_t_esp_rodata_4AF4
.rodata	0x00004AF8	0x4	t_esp/t_esp.cpp	local	lbl_t_esp_rodata_4AF8	lbl_t_esp_rodata_4AF8
.rodata	0x00004AFC	0x4	t_esp/t_esp.cpp	local	lbl_t_esp_rodata_4AFC	lbl_t_esp_rodata_4AFC
.rodata	0x00004B00	0x4	t_esp/t_esp.cpp	local	lbl_t_esp_rodata_4B00	lbl_t_esp_rodata_4B00
.rodata	0x00004B04	0x4	t_esp/t_esp.cpp	local	lbl_t_esp_rodata_4B04	lbl_t_esp_rodata_4B04
.rodata	0x00004B08	0x4	t_esp/t_esp.cpp	local	lbl_t_esp_rodata_4B08	lbl_t_esp_rodata_4B08
.rodata	0x00004B0C	0x4	t_esp/t_esp.cpp	local	lbl_t_esp_rodata_4B0C	lbl_t_esp_rodata_4B0C
.rodata	0x00004B10	0x4	t_esp/t_esp.cpp	local	lbl_t_esp_rodata_4B10	lbl_t_esp_rodata_4B10
.rodata	0x00004B14	0x4	t_esp/t_esp.cpp	local	lbl_t_esp_rodata_4B14	lbl_t_esp_rodata_4B14
.rodata	0x00004B18	0x4	t_esp/t_esp.cpp	local	lbl_t_esp_rodata_4B18	lbl_t_esp_rodata_4B18
.rodata	0x00004B1C	0x4	t_esp/t_esp.cpp	local	lbl_t_esp_rodata_4B1C	lbl_t_esp_rodata_4B1C
.rodata	0x00004B20	0x4	t_esp/t_esp.cpp	local	lbl_t_esp_rodata_4B20	lbl_t_esp_rodata_4B20
.rodata	0x00004B24	0x14	t_esp/t_esp.cpp	local	lbl_t_esp_rodata_4B24	lbl_t_esp_rodata_4B24
.rodata	0x00004B38	0x4	t_esp/t_esp.cpp	local	lbl_t_esp_rodata_4B38	lbl_t_esp_rodata_4B38
.rodata	0x00004B3C	0x4	t_esp/t_esp.cpp	local	lbl_t_esp_rodata_4B3C	lbl_t_esp_rodata_4B3C
.rodata	0x00004B40	0x4	t_esp/t_esp.cpp	local	lbl_t_esp_rodata_4B40	lbl_t_esp_rodata_4B40
.rodata	0x00004B44	0x8	t_esp/t_esp.cpp	local	lbl_t_esp_rodata_4B44	lbl_t_esp_rodata_4B44
.rodata	0x00004B4C	0x4	t_esp/t_esp.cpp	local	lbl_t_esp_rodata_4B4C	lbl_t_esp_rodata_4B4C
.rodata	0x00004B50	0x4	t_esp/t_esp.cpp	local	lbl_t_esp_rodata_4B50	lbl_t_esp_rodata_4B50
.rodata	0x00004B54	0x4	t_esp/t_esp.cpp	local	lbl_t_esp_rodata_4B54	lbl_t_esp_rodata_4B54
.rodata	0x00004B58	0x4	t_esp/t_esp.cpp	local	lbl_t_esp_rodata_4B58	lbl_t_esp_rodata_4B58
.rodata	0x00004B5C	0x4	t_esp/t_esp.cpp	local	lbl_t_esp_rodata_4B5C	lbl_t_esp_rodata_4B5C
.rodata	0x00004B60	0x8	t_esp/t_esp.cpp	local	lbl_t_esp_rodata_4B60	lbl_t_esp_rodata_4B60
.rodata	0x00004B68	0x8	t_esp/t_esp.cpp	local	lbl_t_esp_rodata_4B68	lbl_t_esp_rodata_4B68
.rodata	0x00004B70	0x8	t_esp/t_esp.cpp	local	lbl_t_esp_rodata_4B70	lbl_t_esp_rodata_4B70
.rodata	0x00004B78	0xC	t_esp/t_esp.cpp	local	lbl_t_esp_rodata_4B78	lbl_t_esp_rodata_4B78
.rodata	0x00004B84	0xC	t_esp/t_esp.cpp	local	lbl_t_esp_rodata_4B84	lbl_t_esp_rodata_4B84
.rodata	0x00004B90	0xC	t_esp/t_esp.cpp	local	lbl_t_esp_rodata_4B90	lbl_t_esp_rodata_4B90
.rodata	0x00004B9C	0xC	t_esp/t_esp.cpp	local	lbl_t_esp_rodata_4B9C	lbl_t_esp_rodata_4B9C
.rodata	0x00004BA8	0x8	t_esp/t_esp.cpp	local	lbl_t_esp_rodata_4BA8	lbl_t_esp_rodata_4BA8
.rodata	0x00004BB0	0xC	t_esp/t_esp.cpp	local	lbl_t_esp_rodata_4BB0	lbl_t_esp_rodata_4BB0
.rodata	0x00004BBC	0x2C	t_esp/t_esp.cpp	local	lbl_t_esp_rodata_4BBC	lbl_t_esp_rodata_4BBC
.rodata	0x00004BE8	0x4	t_esp/t_esp.cpp	local	lbl_t_esp_rodata_4BE8	lbl_t_esp_rodata_4BE8
.rodata	0x00004BEC	0x4	t_esp/t_esp.cpp	local	lbl_t_esp_rodata_4BEC	lbl_t_esp_rodata_4BEC
.rodata	0x00004BF0	0x4	t_esp/t_esp.cpp	local	lbl_t_esp_rodata_4BF0	lbl_t_esp_rodata_4BF0
.rodata	0x00004BF4	0x4	t_esp/t_esp.cpp	local	lbl_t_esp_rodata_4BF4	lbl_t_esp_rodata_4BF4
.rodata	0x00004BF8	0x8	t_esp/t_esp.cpp	local	lbl_t_esp_rodata_4BF8	lbl_t_esp_rodata_4BF8
.rodata	0x00004C00	0x8	t_esp/t_esp.cpp	local	lbl_t_esp_rodata_4C00	lbl_t_esp_rodata_4C00
.rodata	0x00004C08	0x8	t_esp/t_esp.cpp	local	lbl_t_esp_rodata_4C08	lbl_t_esp_rodata_4C08
.rodata	0x00004C10	0x8	t_esp/t_esp.cpp	local	lbl_t_esp_rodata_4C10	lbl_t_esp_rodata_4C10
.rodata	0x00004C18	0x8	t_esp/t_esp.cpp	local	lbl_t_esp_rodata_4C18	lbl_t_esp_rodata_4C18
.rodata	0x00004C20	0x18	t_esp/t_esp.cpp	local	lbl_t_esp_rodata_4C20	lbl_t_esp_rodata_4C20
.rodata	0x00004C38	0x4	t_esp/t_esp.cpp	local	lbl_t_esp_rodata_4C38	lbl_t_esp_rodata_4C38
.rodata	0x00004C3C	0x4	t_esp/t_esp.cpp	local	lbl_t_esp_rodata_4C3C	lbl_t_esp_rodata_4C3C
.rodata	0x00004C40	0x4	t_esp/t_esp.cpp	local	lbl_t_esp_rodata_4C40	lbl_t_esp_rodata_4C40
.rodata	0x00004C44	0x4	t_esp/t_esp.cpp	local	lbl_t_esp_rodata_4C44	lbl_t_esp_rodata_4C44
.rodata	0x00004C48	0xC	t_esp/t_esp.cpp	local	lbl_t_esp_rodata_4C48	lbl_t_esp_rodata_4C48
.rodata	0x00004C54	0xC	t_esp/t_esp.cpp	local	lbl_t_esp_rodata_4C54	lbl_t_esp_rodata_4C54
.rodata	0x00004C60	0xC	t_esp/t_esp.cpp	local	lbl_t_esp_rodata_4C60	lbl_t_esp_rodata_4C60
.rodata	0x00004C6C	0xC	t_esp/t_esp.cpp	local	lbl_t_esp_rodata_4C6C	lbl_t_esp_rodata_4C6C
.rodata	0x00004C78	0xC	t_esp/t_esp.cpp	local	lbl_t_esp_rodata_4C78	lbl_t_esp_rodata_4C78
.rodata	0x00004C84	0xC	t_esp/t_esp.cpp	local	lbl_t_esp_rodata_4C84	lbl_t_esp_rodata_4C84
.rodata	0x00004C90	0x8	t_esp/t_esp.cpp	local	lbl_t_esp_rodata_4C90	lbl_t_esp_rodata_4C90
.rodata	0x00004C98	0x8	t_esp/t_esp.cpp	local	lbl_t_esp_rodata_4C98	lbl_t_esp_rodata_4C98
.rodata	0x00004CA0	0x8	t_esp/t_esp.cpp	local	lbl_t_esp_rodata_4CA0	lbl_t_esp_rodata_4CA0
.rodata	0x00004CA8	0x8	t_esp/t_esp.cpp	local	lbl_t_esp_rodata_4CA8	lbl_t_esp_rodata_4CA8
.rodata	0x00004CB0	0x4	t_esp/t_esp.cpp	local	lbl_t_esp_rodata_4CB0	lbl_t_esp_rodata_4CB0
.rodata	0x00004CB4	0x4	t_esp/t_esp.cpp	local	lbl_t_esp_rodata_4CB4	lbl_t_esp_rodata_4CB4
.rodata	0x00004CB8	0x4	t_esp/t_esp.cpp	local	lbl_t_esp_rodata_4CB8	lbl_t_esp_rodata_4CB8
.rodata	0x00004CBC	0x4	t_esp/t_esp.cpp	local	lbl_t_esp_rodata_4CBC	lbl_t_esp_rodata_4CBC
.rodata	0x00004CC0	0x4	t_esp/t_esp.cpp	local	lbl_t_esp_rodata_4CC0	lbl_t_esp_rodata_4CC0
.rodata	0x00004CC4	0x4	t_esp/t_esp.cpp	local	lbl_t_esp_rodata_4CC4	lbl_t_esp_rodata_4CC4
.rodata	0x00004CC8	0x4	t_esp/t_esp.cpp	local	lbl_t_esp_rodata_4CC8	lbl_t_esp_rodata_4CC8
.rodata	0x00004CCC	0x4	t_esp/t_esp.cpp	local	lbl_t_esp_rodata_4CCC	lbl_t_esp_rodata_4CCC
.rodata	0x00004CD0	0x4	t_esp/t_esp.cpp	local	lbl_t_esp_rodata_4CD0	lbl_t_esp_rodata_4CD0
.rodata	0x00004CD4	0x4	t_esp/t_esp.cpp	local	lbl_t_esp_rodata_4CD4	lbl_t_esp_rodata_4CD4
.rodata	0x00004CD8	0x4	t_esp/t_esp.cpp	local	lbl_t_esp_rodata_4CD8	lbl_t_esp_rodata_4CD8
.rodata	0x00004CDC	0x4	t_esp/t_esp.cpp	local	lbl_t_esp_rodata_4CDC	lbl_t_esp_rodata_4CDC
.rodata	0x00004CE0	0x4	t_esp/t_esp.cpp	local	lbl_t_esp_rodata_4CE0	lbl_t_esp_rodata_4CE0
.rodata	0x00004CE4	0x4	t_esp/t_esp.cpp	local	lbl_t_esp_rodata_4CE4	lbl_t_esp_rodata_4CE4
.rodata	0x00004CE8	0x4	t_esp/t_esp.cpp	local	lbl_t_esp_rodata_4CE8	lbl_t_esp_rodata_4CE8
.rodata	0x00004CEC	0x4	t_esp/t_esp.cpp	local	lbl_t_esp_rodata_4CEC	lbl_t_esp_rodata_4CEC
.rodata	0x00004CF0	0x4	t_esp/t_esp.cpp	local	lbl_t_esp_rodata_4CF0	lbl_t_esp_rodata_4CF0
.rodata	0x00004CF4	0x4	t_esp/t_esp.cpp	local	lbl_t_esp_rodata_4CF4	lbl_t_esp_rodata_4CF4
.rodata	0x00004CF8	0x4	t_esp/t_esp.cpp	local	lbl_t_esp_rodata_4CF8	lbl_t_esp_rodata_4CF8
.rodata	0x00004CFC	0x4	t_esp/t_esp.cpp	local	lbl_t_esp_rodata_4CFC	lbl_t_esp_rodata_4CFC
.rodata	0x00004D00	0x4	t_esp/t_esp.cpp	local	lbl_t_esp_rodata_4D00	lbl_t_esp_rodata_4D00
.rodata	0x00004D04	0x4	t_esp/t_esp.cpp	local	lbl_t_esp_rodata_4D04	lbl_t_esp_rodata_4D04
.rodata	0x00004D08	0x4	t_esp/t_esp.cpp	local	lbl_t_esp_rodata_4D08	lbl_t_esp_rodata_4D08
.rodata	0x00004D0C	0x4	t_esp/t_esp.cpp	local	lbl_t_esp_rodata_4D0C	lbl_t_esp_rodata_4D0C
.rodata	0x00004D10	0x4	t_esp/t_esp.cpp	local	lbl_t_esp_rodata_4D10	lbl_t_esp_rodata_4D10
.rodata	0x00004D14	0x4	t_esp/t_esp.cpp	local	lbl_t_esp_rodata_4D14	lbl_t_esp_rodata_4D14
.rodata	0x00004D18	0x4	t_esp/t_esp.cpp	local	lbl_t_esp_rodata_4D18	lbl_t_esp_rodata_4D18
.rodata	0x00004D1C	0x4	t_esp/t_esp.cpp	local	lbl_t_esp_rodata_4D1C	lbl_t_esp_rodata_4D1C
.rodata	0x00004D20	0x4	t_esp/t_esp.cpp	local	lbl_t_esp_rodata_4D20	lbl_t_esp_rodata_4D20
.rodata	0x00004D24	0x4	t_esp/t_esp.cpp	local	lbl_t_esp_rodata_4D24	lbl_t_esp_rodata_4D24
.rodata	0x00004D28	0x4	t_esp/t_esp.cpp	local	lbl_t_esp_rodata_4D28	lbl_t_esp_rodata_4D28
.rodata	0x00004D2C	0x4	t_esp/t_esp.cpp	local	lbl_t_esp_rodata_4D2C	lbl_t_esp_rodata_4D2C
.rodata	0x00004D30	0x4	t_esp/t_esp.cpp	local	lbl_t_esp_rodata_4D30	lbl_t_esp_rodata_4D30
.rodata	0x00004D34	0x4	t_esp/t_esp.cpp	local	lbl_t_esp_rodata_4D34	lbl_t_esp_rodata_4D34
.rodata	0x00004D38	0x4	t_esp/t_esp.cpp	local	lbl_t_esp_rodata_4D38	lbl_t_esp_rodata_4D38
.rodata	0x00004D3C	0x4	t_esp/t_esp.cpp	local	lbl_t_esp_rodata_4D3C	lbl_t_esp_rodata_4D3C
.rodata	0x00004D40	0x4	t_esp/t_esp.cpp	local	lbl_t_esp_rodata_4D40	lbl_t_esp_rodata_4D40
.rodata	0x00004D44	0x4	t_esp/t_esp.cpp	local	lbl_t_esp_rodata_4D44	lbl_t_esp_rodata_4D44
.rodata	0x00004D48	0x4	t_esp/t_esp.cpp	local	lbl_t_esp_rodata_4D48	lbl_t_esp_rodata_4D48
.rodata	0x00004D4C	0x4	t_esp/t_esp.cpp	local	lbl_t_esp_rodata_4D4C	lbl_t_esp_rodata_4D4C
.rodata	0x00004D50	0x4	t_esp/t_esp.cpp	local	lbl_t_esp_rodata_4D50	lbl_t_esp_rodata_4D50
.rodata	0x00004D54	0x4	t_esp/t_esp.cpp	local	lbl_t_esp_rodata_4D54	lbl_t_esp_rodata_4D54
.rodata	0x00004D58	0x4	t_esp/t_esp.cpp	local	lbl_t_esp_rodata_4D58	lbl_t_esp_rodata_4D58
.rodata	0x00004D5C	0x4	t_esp/t_esp.cpp	local	lbl_t_esp_rodata_4D5C	lbl_t_esp_rodata_4D5C
.rodata	0x00004D60	0x8	t_esp/t_esp.cpp	local	lbl_t_esp_rodata_4D60	lbl_t_esp_rodata_4D60
.rodata	0x00004D68	0x10	t_esp/t_esp.cpp	local	lbl_t_esp_rodata_4D68	lbl_t_esp_rodata_4D68
.rodata	0x00004D78	0x10	t_esp/t_esp.cpp	local	lbl_t_esp_rodata_4D78	lbl_t_esp_rodata_4D78
.rodata	0x00004D88	0x10	t_esp/t_esp.cpp	local	lbl_t_esp_rodata_4D88	lbl_t_esp_rodata_4D88
.rodata	0x00004D98	0x10	t_esp/t_esp.cpp	local	lbl_t_esp_rodata_4D98	lbl_t_esp_rodata_4D98
.rodata	0x00004DA8	0x10	t_esp/t_esp.cpp	local	lbl_t_esp_rodata_4DA8	lbl_t_esp_rodata_4DA8
.rodata	0x00004DB8	0x10	t_esp/t_esp.cpp	local	lbl_t_esp_rodata_4DB8	lbl_t_esp_rodata_4DB8
.rodata	0x00004DC8	0x10	t_esp/t_esp.cpp	local	lbl_t_esp_rodata_4DC8	lbl_t_esp_rodata_4DC8
.rodata	0x00004DD8	0x10	t_esp/t_esp.cpp	local	lbl_t_esp_rodata_4DD8	lbl_t_esp_rodata_4DD8
.rodata	0x00004DE8	0x10	t_esp/t_esp.cpp	local	lbl_t_esp_rodata_4DE8	lbl_t_esp_rodata_4DE8
.rodata	0x00004DF8	0x10	t_esp/t_esp.cpp	local	lbl_t_esp_rodata_4DF8	lbl_t_esp_rodata_4DF8
.rodata	0x00004E08	0x10	t_esp/t_esp.cpp	local	lbl_t_esp_rodata_4E08	lbl_t_esp_rodata_4E08
.rodata	0x00004E18	0x10	t_esp/t_esp.cpp	local	lbl_t_esp_rodata_4E18	lbl_t_esp_rodata_4E18
.rodata	0x00004E28	0x10	t_esp/t_esp.cpp	local	lbl_t_esp_rodata_4E28	lbl_t_esp_rodata_4E28
.rodata	0x00004E38	0x10	t_esp/t_esp.cpp	local	lbl_t_esp_rodata_4E38	lbl_t_esp_rodata_4E38
.rodata	0x00004E48	0x10	t_esp/t_esp.cpp	local	lbl_t_esp_rodata_4E48	lbl_t_esp_rodata_4E48
.rodata	0x00004E58	0x10	t_esp/t_esp.cpp	local	lbl_t_esp_rodata_4E58	lbl_t_esp_rodata_4E58
.rodata	0x00004E68	0x10	t_esp/t_esp.cpp	local	lbl_t_esp_rodata_4E68	lbl_t_esp_rodata_4E68
.rodata	0x00004E78	0x10	t_esp/t_esp.cpp	local	lbl_t_esp_rodata_4E78	lbl_t_esp_rodata_4E78
.rodata	0x00004E88	0x10	t_esp/t_esp.cpp	local	lbl_t_esp_rodata_4E88	lbl_t_esp_rodata_4E88
.rodata	0x00004E98	0x10	t_esp/t_esp.cpp	local	lbl_t_esp_rodata_4E98	lbl_t_esp_rodata_4E98
.rodata	0x00004EA8	0x10	t_esp/t_esp.cpp	local	lbl_t_esp_rodata_4EA8	lbl_t_esp_rodata_4EA8
.rodata	0x00004EB8	0x10	t_esp/t_esp.cpp	local	lbl_t_esp_rodata_4EB8	lbl_t_esp_rodata_4EB8
.rodata	0x00004EC8	0xC	t_esp/t_esp.cpp	local	lbl_t_esp_rodata_4EC8	lbl_t_esp_rodata_4EC8
.rodata	0x00004ED4	0x8	t_esp/t_esp.cpp	local	lbl_t_esp_rodata_4ED4	lbl_t_esp_rodata_4ED4
.rodata	0x00004EDC	0x4	t_esp/t_esp.cpp	local	lbl_t_esp_rodata_4EDC	lbl_t_esp_rodata_4EDC
.rodata	0x00004EE0	0xC	t_esp/t_esp.cpp	local	lbl_t_esp_rodata_4EE0	lbl_t_esp_rodata_4EE0
.rodata	0x00004EEC	0x10	t_esp/t_esp.cpp	local	lbl_t_esp_rodata_4EEC	lbl_t_esp_rodata_4EEC
.rodata	0x00004EFC	0xC	t_esp/t_esp.cpp	local	lbl_t_esp_rodata_4EFC	lbl_t_esp_rodata_4EFC
.rodata	0x00004F08	0x2C	t_esp/t_esp.cpp	local	lbl_t_esp_rodata_4F08	lbl_t_esp_rodata_4F08
.rodata	0x00004F34	0x8	t_esp/t_esp.cpp	local	lbl_t_esp_rodata_4F34	lbl_t_esp_rodata_4F34
.rodata	0x00004F3C	0x8	t_esp/t_esp.cpp	local	lbl_t_esp_rodata_4F3C	lbl_t_esp_rodata_4F3C
.rodata	0x00004F44	0x8	t_esp/t_esp.cpp	local	lbl_t_esp_rodata_4F44	lbl_t_esp_rodata_4F44
.rodata	0x00004F4C	0x8	t_esp/t_esp.cpp	local	lbl_t_esp_rodata_4F4C	lbl_t_esp_rodata_4F4C
.rodata	0x00004F54	0x8	t_esp/t_esp.cpp	local	lbl_t_esp_rodata_4F54	lbl_t_esp_rodata_4F54
.rodata	0x00004F5C	0x8	t_esp/t_esp.cpp	local	lbl_t_esp_rodata_4F5C	lbl_t_esp_rodata_4F5C
.rodata	0x00004F64	0x8	t_esp/t_esp.cpp	local	lbl_t_esp_rodata_4F64	lbl_t_esp_rodata_4F64
.rodata	0x00004F6C	0x8	t_esp/t_esp.cpp	local	lbl_t_esp_rodata_4F6C	lbl_t_esp_rodata_4F6C
.rodata	0x00004F74	0x8	t_esp/t_esp.cpp	local	lbl_t_esp_rodata_4F74	lbl_t_esp_rodata_4F74
.rodata	0x00004F7C	0x8	t_esp/t_esp.cpp	local	lbl_t_esp_rodata_4F7C	lbl_t_esp_rodata_4F7C
.rodata	0x00004F84	0x8	t_esp/t_esp.cpp	local	lbl_t_esp_rodata_4F84	lbl_t_esp_rodata_4F84
.rodata	0x00004F8C	0x8	t_esp/t_esp.cpp	local	lbl_t_esp_rodata_4F8C	lbl_t_esp_rodata_4F8C
.rodata	0x00004F94	0x8	t_esp/t_esp.cpp	local	lbl_t_esp_rodata_4F94	lbl_t_esp_rodata_4F94
.rodata	0x00004F9C	0x8	t_esp/t_esp.cpp	local	lbl_t_esp_rodata_4F9C	lbl_t_esp_rodata_4F9C
.rodata	0x00004FA4	0x8	t_esp/t_esp.cpp	local	lbl_t_esp_rodata_4FA4	lbl_t_esp_rodata_4FA4
.rodata	0x00004FAC	0x8	t_esp/t_esp.cpp	local	lbl_t_esp_rodata_4FAC	lbl_t_esp_rodata_4FAC
.rodata	0x00004FB4	0x8	t_esp/t_esp.cpp	local	lbl_t_esp_rodata_4FB4	lbl_t_esp_rodata_4FB4
.rodata	0x00004FBC	0x8	t_esp/t_esp.cpp	local	lbl_t_esp_rodata_4FBC	lbl_t_esp_rodata_4FBC
.rodata	0x00004FC4	0xC	t_esp/t_esp.cpp	local	lbl_t_esp_rodata_4FC4	lbl_t_esp_rodata_4FC4
.rodata	0x00004FD0	0x8	t_esp/t_esp.cpp	local	lbl_t_esp_rodata_4FD0	lbl_t_esp_rodata_4FD0
.rodata	0x00004FD8	0xC	t_esp/t_esp.cpp	local	lbl_t_esp_rodata_4FD8	lbl_t_esp_rodata_4FD8
.rodata	0x00004FE4	0x8	t_esp/t_esp.cpp	local	lbl_t_esp_rodata_4FE4	lbl_t_esp_rodata_4FE4
.rodata	0x00004FEC	0xC	t_esp/t_esp.cpp	local	lbl_t_esp_rodata_4FEC	lbl_t_esp_rodata_4FEC
.rodata	0x00004FF8	0x8	t_esp/t_esp.cpp	local	lbl_t_esp_rodata_4FF8	lbl_t_esp_rodata_4FF8
.rodata	0x00005000	0xC	t_esp/t_esp.cpp	local	lbl_t_esp_rodata_5000	lbl_t_esp_rodata_5000
.rodata	0x0000500C	0x8	t_esp/t_esp.cpp	local	lbl_t_esp_rodata_500C	lbl_t_esp_rodata_500C
.rodata	0x00005014	0x8	t_esp/t_esp.cpp	local	lbl_t_esp_rodata_5014	lbl_t_esp_rodata_5014
.rodata	0x0000501C	0xC	t_esp/t_esp.cpp	local	lbl_t_esp_rodata_501C	lbl_t_esp_rodata_501C
.rodata	0x00005028	0xC	t_esp/t_esp.cpp	local	lbl_t_esp_rodata_5028	lbl_t_esp_rodata_5028
.rodata	0x00005034	0xC	t_esp/t_esp.cpp	local	lbl_t_esp_rodata_5034	lbl_t_esp_rodata_5034
.rodata	0x00005040	0xC	t_esp/t_esp.cpp	local	lbl_t_esp_rodata_5040	lbl_t_esp_rodata_5040
.rodata	0x0000504C	0xC	t_esp/t_esp.cpp	local	lbl_t_esp_rodata_504C	lbl_t_esp_rodata_504C
.rodata	0x00005058	0x4	t_esp/t_esp.cpp	local	lbl_t_esp_rodata_5058	lbl_t_esp_rodata_5058
.rodata	0x0000505C	0xC	t_esp/t_esp.cpp	local	lbl_t_esp_rodata_505C	lbl_t_esp_rodata_505C
.rodata	0x00005068	0x8	t_esp/t_esp.cpp	local	lbl_t_esp_rodata_5068	lbl_t_esp_rodata_5068
.rodata	0x00005070	0x8	t_esp/t_esp.cpp	local	lbl_t_esp_rodata_5070	lbl_t_esp_rodata_5070
.rodata	0x00005078	0x8	t_esp/t_esp.cpp	local	lbl_t_esp_rodata_5078	lbl_t_esp_rodata_5078
.rodata	0x00005080	0x8	t_esp/t_esp.cpp	local	lbl_t_esp_rodata_5080	lbl_t_esp_rodata_5080
.rodata	0x00005088	0x8	t_esp/t_esp.cpp	local	lbl_t_esp_rodata_5088	lbl_t_esp_rodata_5088
.rodata	0x00005090	0x8	t_esp/t_esp.cpp	local	lbl_t_esp_rodata_5090	lbl_t_esp_rodata_5090
.rodata	0x00005098	0x8	t_esp/t_esp.cpp	local	lbl_t_esp_rodata_5098	lbl_t_esp_rodata_5098
.rodata	0x000050A0	0x8	t_esp/t_esp.cpp	local	lbl_t_esp_rodata_50A0	lbl_t_esp_rodata_50A0
.rodata	0x000050A8	0x4	t_esp/t_esp.cpp	local	lbl_t_esp_rodata_50A8	lbl_t_esp_rodata_50A8
.rodata	0x000050AC	0x4	t_esp/t_esp.cpp	local	lbl_t_esp_rodata_50AC	lbl_t_esp_rodata_50AC
.rodata	0x000050B0	0x4	t_esp/t_esp.cpp	local	lbl_t_esp_rodata_50B0	lbl_t_esp_rodata_50B0
.rodata	0x000050B4	0x4	t_esp/t_esp.cpp	local	lbl_t_esp_rodata_50B4	lbl_t_esp_rodata_50B4
.rodata	0x000050B8	0x4	t_esp/t_esp.cpp	local	lbl_t_esp_rodata_50B8	lbl_t_esp_rodata_50B8
.rodata	0x000050BC	0x4	t_esp/t_esp.cpp	local	lbl_t_esp_rodata_50BC	lbl_t_esp_rodata_50BC
.rodata	0x000050C0	0x4	t_esp/t_esp.cpp	local	lbl_t_esp_rodata_50C0	lbl_t_esp_rodata_50C0
.rodata	0x000050C4	0x4	t_esp/t_esp.cpp	local	lbl_t_esp_rodata_50C4	lbl_t_esp_rodata_50C4
.rodata	0x000050C8	0x4	t_esp/t_esp.cpp	local	lbl_t_esp_rodata_50C8	lbl_t_esp_rodata_50C8
.rodata	0x000050CC	0x4	t_esp/t_esp.cpp	local	lbl_t_esp_rodata_50CC	lbl_t_esp_rodata_50CC
.rodata	0x000050D0	0x4	t_esp/t_esp.cpp	local	lbl_t_esp_rodata_50D0	lbl_t_esp_rodata_50D0
.rodata	0x000050D4	0x4	t_esp/t_esp.cpp	local	lbl_t_esp_rodata_50D4	lbl_t_esp_rodata_50D4
.rodata	0x000050D8	0x4	t_esp/t_esp.cpp	local	lbl_t_esp_rodata_50D8	lbl_t_esp_rodata_50D8
.rodata	0x000050DC	0x4	t_esp/t_esp.cpp	local	lbl_t_esp_rodata_50DC	lbl_t_esp_rodata_50DC
.rodata	0x000050E0	0x4	t_esp/t_esp.cpp	local	lbl_t_esp_rodata_50E0	lbl_t_esp_rodata_50E0
.rodata	0x000050E4	0x4	t_esp/t_esp.cpp	local	lbl_t_esp_rodata_50E4	lbl_t_esp_rodata_50E4
.rodata	0x000050E8	0x4	t_esp/t_esp.cpp	local	lbl_t_esp_rodata_50E8	lbl_t_esp_rodata_50E8
.rodata	0x000050EC	0x4	t_esp/t_esp.cpp	local	lbl_t_esp_rodata_50EC	lbl_t_esp_rodata_50EC
.rodata	0x000050F0	0x4	t_esp/t_esp.cpp	local	lbl_t_esp_rodata_50F0	lbl_t_esp_rodata_50F0
.rodata	0x000050F4	0x4	t_esp/t_esp.cpp	local	lbl_t_esp_rodata_50F4	lbl_t_esp_rodata_50F4
.rodata	0x000050F8	0x4	t_esp/t_esp.cpp	local	lbl_t_esp_rodata_50F8	lbl_t_esp_rodata_50F8
.rodata	0x000050FC	0x4	t_esp/t_esp.cpp	local	lbl_t_esp_rodata_50FC	lbl_t_esp_rodata_50FC
.rodata	0x00005100	0x4	t_esp/t_esp.cpp	local	lbl_t_esp_rodata_5100	lbl_t_esp_rodata_5100
.rodata	0x00005104	0x4	t_esp/t_esp.cpp	local	lbl_t_esp_rodata_5104	lbl_t_esp_rodata_5104
.rodata	0x00005108	0x4	t_esp/t_esp.cpp	local	lbl_t_esp_rodata_5108	lbl_t_esp_rodata_5108
.rodata	0x0000510C	0x4	t_esp/t_esp.cpp	local	lbl_t_esp_rodata_510C	lbl_t_esp_rodata_510C
.rodata	0x00005110	0x8	t_esp/t_esp.cpp	local	lbl_t_esp_rodata_5110	lbl_t_esp_rodata_5110
.rodata	0x00005118	0x8	t_esp/t_esp.cpp	local	lbl_t_esp_rodata_5118	lbl_t_esp_rodata_5118
.rodata	0x00005120	0x4	t_esp/t_esp.cpp	local	lbl_t_esp_rodata_5120	lbl_t_esp_rodata_5120
.rodata	0x00005124	0x4	t_esp/t_esp.cpp	local	lbl_t_esp_rodata_5124	lbl_t_esp_rodata_5124
.rodata	0x00005128	0x4	t_esp/t_esp.cpp	local	lbl_t_esp_rodata_5128	lbl_t_esp_rodata_5128
.rodata	0x0000512C	0x4	t_esp/t_esp.cpp	local	lbl_t_esp_rodata_512C	lbl_t_esp_rodata_512C
.rodata	0x00005130	0x4	t_esp/t_esp.cpp	local	lbl_t_esp_rodata_5130	lbl_t_esp_rodata_5130
.rodata	0x00005134	0x4	t_esp/t_esp.cpp	local	lbl_t_esp_rodata_5134	lbl_t_esp_rodata_5134
.rodata	0x00005138	0x4	t_esp/t_esp.cpp	local	lbl_t_esp_rodata_5138	lbl_t_esp_rodata_5138
.rodata	0x0000513C	0x4	t_esp/t_esp.cpp	local	lbl_t_esp_rodata_513C	lbl_t_esp_rodata_513C
.rodata	0x00005140	0x4	t_esp/t_esp.cpp	local	lbl_t_esp_rodata_5140	lbl_t_esp_rodata_5140
.rodata	0x00005144	0x4	t_esp/t_esp.cpp	local	lbl_t_esp_rodata_5144	lbl_t_esp_rodata_5144
.rodata	0x00005148	0x4	t_esp/t_esp.cpp	local	lbl_t_esp_rodata_5148	lbl_t_esp_rodata_5148
.rodata	0x0000514C	0x4	t_esp/t_esp.cpp	local	lbl_t_esp_rodata_514C	lbl_t_esp_rodata_514C
.rodata	0x00005150	0x4	t_esp/t_esp.cpp	local	lbl_t_esp_rodata_5150	lbl_t_esp_rodata_5150
.rodata	0x00005154	0x4	t_esp/t_esp.cpp	local	lbl_t_esp_rodata_5154	lbl_t_esp_rodata_5154
.rodata	0x00005158	0x4	t_esp/t_esp.cpp	local	lbl_t_esp_rodata_5158	lbl_t_esp_rodata_5158
.rodata	0x0000515C	0x4	t_esp/t_esp.cpp	local	lbl_t_esp_rodata_515C	lbl_t_esp_rodata_515C
.rodata	0x00005160	0x4	t_esp/t_esp.cpp	local	lbl_t_esp_rodata_5160	lbl_t_esp_rodata_5160
.rodata	0x00005164	0x4	t_esp/t_esp.cpp	local	lbl_t_esp_rodata_5164	lbl_t_esp_rodata_5164
.rodata	0x00005168	0x4	t_esp/t_esp.cpp	local	lbl_t_esp_rodata_5168	lbl_t_esp_rodata_5168
.rodata	0x0000516C	0x4	t_esp/t_esp.cpp	local	lbl_t_esp_rodata_516C	lbl_t_esp_rodata_516C
.rodata	0x00005170	0x4	t_esp/t_esp.cpp	local	lbl_t_esp_rodata_5170	lbl_t_esp_rodata_5170
.rodata	0x00005174	0x4	t_esp/t_esp.cpp	local	lbl_t_esp_rodata_5174	lbl_t_esp_rodata_5174
.rodata	0x00005178	0x4	t_esp/t_esp.cpp	local	lbl_t_esp_rodata_5178	lbl_t_esp_rodata_5178
.rodata	0x0000517C	0x4	t_esp/t_esp.cpp	local	lbl_t_esp_rodata_517C	lbl_t_esp_rodata_517C
.rodata	0x00005180	0x4	t_esp/t_esp.cpp	local	lbl_t_esp_rodata_5180	lbl_t_esp_rodata_5180
.rodata	0x00005184	0x4	t_esp/t_esp.cpp	local	lbl_t_esp_rodata_5184	lbl_t_esp_rodata_5184
.rodata	0x00005188	0x4	t_esp/t_esp.cpp	local	lbl_t_esp_rodata_5188	lbl_t_esp_rodata_5188
.rodata	0x0000518C	0x4	t_esp/t_esp.cpp	local	lbl_t_esp_rodata_518C	lbl_t_esp_rodata_518C
.rodata	0x00005190	0x4	t_esp/t_esp.cpp	local	lbl_t_esp_rodata_5190	lbl_t_esp_rodata_5190
.rodata	0x00005194	0x4	t_esp/t_esp.cpp	local	lbl_t_esp_rodata_5194	lbl_t_esp_rodata_5194
.rodata	0x00005198	0x4	t_esp/t_esp.cpp	local	lbl_t_esp_rodata_5198	lbl_t_esp_rodata_5198
.rodata	0x0000519C	0x4	t_esp/t_esp.cpp	local	lbl_t_esp_rodata_519C	lbl_t_esp_rodata_519C
.rodata	0x000051A0	0x4	t_esp/t_esp.cpp	local	lbl_t_esp_rodata_51A0	lbl_t_esp_rodata_51A0
.rodata	0x000051A4	0x4	t_esp/t_esp.cpp	local	lbl_t_esp_rodata_51A4	lbl_t_esp_rodata_51A4
.rodata	0x000051A8	0x4	t_esp/t_esp.cpp	local	lbl_t_esp_rodata_51A8	lbl_t_esp_rodata_51A8
.rodata	0x000051AC	0x4	t_esp/t_esp.cpp	local	lbl_t_esp_rodata_51AC	lbl_t_esp_rodata_51AC
.rodata	0x000051B0	0x4	t_esp/t_esp.cpp	local	lbl_t_esp_rodata_51B0	lbl_t_esp_rodata_51B0
.rodata	0x000051B4	0x4	t_esp/t_esp.cpp	local	lbl_t_esp_rodata_51B4	lbl_t_esp_rodata_51B4
.rodata	0x000051B8	0x4	t_esp/t_esp.cpp	local	lbl_t_esp_rodata_51B8	lbl_t_esp_rodata_51B8
.rodata	0x000051BC	0x4	t_esp/t_esp.cpp	local	lbl_t_esp_rodata_51BC	lbl_t_esp_rodata_51BC
.rodata	0x000051C0	0x4	t_esp/t_esp.cpp	local	lbl_t_esp_rodata_51C0	lbl_t_esp_rodata_51C0
.rodata	0x000051C4	0x4	t_esp/t_esp.cpp	local	lbl_t_esp_rodata_51C4	lbl_t_esp_rodata_51C4
.rodata	0x000051C8	0x4	t_esp/t_esp.cpp	local	lbl_t_esp_rodata_51C8	lbl_t_esp_rodata_51C8
.rodata	0x000051CC	0x4	t_esp/t_esp.cpp	local	lbl_t_esp_rodata_51CC	lbl_t_esp_rodata_51CC
.rodata	0x000051D0	0x4	t_esp/t_esp.cpp	local	lbl_t_esp_rodata_51D0	lbl_t_esp_rodata_51D0
.rodata	0x000051D4	0x4	t_esp/t_esp.cpp	local	lbl_t_esp_rodata_51D4	lbl_t_esp_rodata_51D4
.rodata	0x000051D8	0x4	t_esp/t_esp.cpp	local	lbl_t_esp_rodata_51D8	lbl_t_esp_rodata_51D8
.rodata	0x000051DC	0x4	t_esp/t_esp.cpp	local	lbl_t_esp_rodata_51DC	lbl_t_esp_rodata_51DC
.rodata	0x000051E0	0x4	t_esp/t_esp.cpp	local	lbl_t_esp_rodata_51E0	lbl_t_esp_rodata_51E0
.rodata	0x000051E4	0x4	t_esp/t_esp.cpp	local	lbl_t_esp_rodata_51E4	lbl_t_esp_rodata_51E4
.rodata	0x000051E8	0x4	t_esp/t_esp.cpp	local	lbl_t_esp_rodata_51E8	lbl_t_esp_rodata_51E8
.rodata	0x000051EC	0x4	t_esp/t_esp.cpp	local	lbl_t_esp_rodata_51EC	lbl_t_esp_rodata_51EC
.rodata	0x000051F0	0x4	t_esp/t_esp.cpp	local	lbl_t_esp_rodata_51F0	lbl_t_esp_rodata_51F0
.rodata	0x000051F4	0x4	t_esp/t_esp.cpp	local	lbl_t_esp_rodata_51F4	lbl_t_esp_rodata_51F4
.rodata	0x000051F8	0x4	t_esp/t_esp.cpp	local	lbl_t_esp_rodata_51F8	lbl_t_esp_rodata_51F8
.rodata	0x000051FC	0x4	t_esp/t_esp.cpp	local	lbl_t_esp_rodata_51FC	lbl_t_esp_rodata_51FC
.rodata	0x00005200	0x4	t_esp/t_esp.cpp	local	lbl_t_esp_rodata_5200	lbl_t_esp_rodata_5200
.rodata	0x00005204	0x4	t_esp/t_esp.cpp	local	lbl_t_esp_rodata_5204	lbl_t_esp_rodata_5204
.rodata	0x00005208	0x4	t_esp/t_esp.cpp	local	lbl_t_esp_rodata_5208	lbl_t_esp_rodata_5208
.rodata	0x0000520C	0x4	t_esp/t_esp.cpp	local	lbl_t_esp_rodata_520C	lbl_t_esp_rodata_520C
.rodata	0x00005210	0x4	t_esp/t_esp.cpp	local	lbl_t_esp_rodata_5210	lbl_t_esp_rodata_5210
.rodata	0x00005214	0x4	t_esp/t_esp.cpp	local	lbl_t_esp_rodata_5214	lbl_t_esp_rodata_5214
.rodata	0x00005218	0x4	t_esp/t_esp.cpp	local	lbl_t_esp_rodata_5218	lbl_t_esp_rodata_5218
.rodata	0x0000521C	0x4	t_esp/t_esp.cpp	local	lbl_t_esp_rodata_521C	lbl_t_esp_rodata_521C
.rodata	0x00005220	0x4	t_esp/t_esp.cpp	local	lbl_t_esp_rodata_5220	lbl_t_esp_rodata_5220
.rodata	0x00005224	0x4	t_esp/t_esp.cpp	local	lbl_t_esp_rodata_5224	lbl_t_esp_rodata_5224
.rodata	0x00005228	0x4	t_esp/t_esp.cpp	local	lbl_t_esp_rodata_5228	lbl_t_esp_rodata_5228
.rodata	0x0000522C	0x4	t_esp/t_esp.cpp	local	lbl_t_esp_rodata_522C	lbl_t_esp_rodata_522C
.rodata	0x00005230	0x4	t_esp/t_esp.cpp	local	lbl_t_esp_rodata_5230	lbl_t_esp_rodata_5230
.rodata	0x00005234	0x4	t_esp/t_esp.cpp	local	lbl_t_esp_rodata_5234	lbl_t_esp_rodata_5234
.rodata	0x00005238	0x4	t_esp/t_esp.cpp	local	lbl_t_esp_rodata_5238	lbl_t_esp_rodata_5238
.rodata	0x0000523C	0x4	t_esp/t_esp.cpp	local	lbl_t_esp_rodata_523C	lbl_t_esp_rodata_523C
.rodata	0x00005240	0x4	t_esp/t_esp.cpp	local	lbl_t_esp_rodata_5240	lbl_t_esp_rodata_5240
.rodata	0x00005244	0x4	t_esp/t_esp.cpp	local	lbl_t_esp_rodata_5244	lbl_t_esp_rodata_5244
.rodata	0x00005248	0x4	t_esp/t_esp.cpp	local	lbl_t_esp_rodata_5248	lbl_t_esp_rodata_5248
.rodata	0x0000524C	0x4	t_esp/t_esp.cpp	local	lbl_t_esp_rodata_524C	lbl_t_esp_rodata_524C
.rodata	0x00005250	0x4	t_esp/t_esp.cpp	local	lbl_t_esp_rodata_5250	lbl_t_esp_rodata_5250
.rodata	0x00005254	0x4	t_esp/t_esp.cpp	local	lbl_t_esp_rodata_5254	lbl_t_esp_rodata_5254
.rodata	0x00005258	0x4	t_esp/t_esp.cpp	local	lbl_t_esp_rodata_5258	lbl_t_esp_rodata_5258
.rodata	0x0000525C	0x4	t_esp/t_esp.cpp	local	lbl_t_esp_rodata_525C	lbl_t_esp_rodata_525C
.rodata	0x00005260	0x4	t_esp/t_esp.cpp	local	lbl_t_esp_rodata_5260	lbl_t_esp_rodata_5260
.rodata	0x00005264	0x4	t_esp/t_esp.cpp	local	lbl_t_esp_rodata_5264	lbl_t_esp_rodata_5264
.rodata	0x00005268	0x4	t_esp/t_esp.cpp	local	lbl_t_esp_rodata_5268	lbl_t_esp_rodata_5268
.rodata	0x0000526C	0x4	t_esp/t_esp.cpp	local	lbl_t_esp_rodata_526C	lbl_t_esp_rodata_526C
.rodata	0x00005270	0x4	t_esp/t_esp.cpp	local	lbl_t_esp_rodata_5270	lbl_t_esp_rodata_5270
.rodata	0x00005274	0x4	t_esp/t_esp.cpp	local	lbl_t_esp_rodata_5274	lbl_t_esp_rodata_5274
.rodata	0x00005278	0x4	t_esp/t_esp.cpp	local	lbl_t_esp_rodata_5278	lbl_t_esp_rodata_5278
.rodata	0x0000527C	0x4	t_esp/t_esp.cpp	local	lbl_t_esp_rodata_527C	lbl_t_esp_rodata_527C
.rodata	0x00005280	0x4	t_esp/t_esp.cpp	local	lbl_t_esp_rodata_5280	lbl_t_esp_rodata_5280
.rodata	0x00005284	0xC	t_esp/t_esp.cpp	local	lbl_t_esp_rodata_5284	lbl_t_esp_rodata_5284
.rodata	0x00005290	0xC	t_esp/t_esp.cpp	local	lbl_t_esp_rodata_5290	lbl_t_esp_rodata_5290
.rodata	0x0000529C	0x4	t_esp/t_esp.cpp	local	lbl_t_esp_rodata_529C	lbl_t_esp_rodata_529C
.rodata	0x000052A0	0x28	t_esp/t_esp.cpp	local	lbl_t_esp_rodata_52A0	lbl_t_esp_rodata_52A0
.rodata	0x000052C8	0x28	t_esp/t_esp.cpp	local	lbl_t_esp_rodata_52C8	lbl_t_esp_rodata_52C8
.rodata	0x000052F0	0x38	t_esp/t_esp.cpp	local	lbl_t_esp_rodata_52F0	lbl_t_esp_rodata_52F0
.rodata	0x00005328	0x28	t_esp/t_esp.cpp	local	lbl_t_esp_rodata_5328	lbl_t_esp_rodata_5328
.rodata	0x00005350	0x1C	t_esp/t_esp.cpp	local	lbl_t_esp_rodata_5350	lbl_t_esp_rodata_5350
.rodata	0x0000536C	0x4	t_esp/t_esp.cpp	local	lbl_t_esp_rodata_536C	lbl_t_esp_rodata_536C
.rodata	0x00005370	0x4	t_esp/t_esp.cpp	local	lbl_t_esp_rodata_5370	lbl_t_esp_rodata_5370
.rodata	0x00005374	0x4	t_esp/t_esp.cpp	local	lbl_t_esp_rodata_5374	lbl_t_esp_rodata_5374
.rodata	0x00005378	0x4	t_esp/t_esp.cpp	local	lbl_t_esp_rodata_5378	lbl_t_esp_rodata_5378
.rodata	0x0000537C	0x4	t_esp/t_esp.cpp	local	lbl_t_esp_rodata_537C	lbl_t_esp_rodata_537C
.rodata	0x00005380	0x4	t_esp/t_esp.cpp	local	lbl_t_esp_rodata_5380	lbl_t_esp_rodata_5380
.rodata	0x00005384	0x4	t_esp/t_esp.cpp	local	lbl_t_esp_rodata_5384	lbl_t_esp_rodata_5384
.rodata	0x00005388	0x4	t_esp/t_esp.cpp	local	lbl_t_esp_rodata_5388	lbl_t_esp_rodata_5388
.rodata	0x0000538C	0x4	t_esp/t_esp.cpp	local	lbl_t_esp_rodata_538C	lbl_t_esp_rodata_538C
.rodata	0x00005390	0x4	t_esp/t_esp.cpp	local	lbl_t_esp_rodata_5390	lbl_t_esp_rodata_5390
.rodata	0x00005394	0x4	t_esp/t_esp.cpp	local	lbl_t_esp_rodata_5394	lbl_t_esp_rodata_5394
.rodata	0x00005398	0x4	t_esp/t_esp.cpp	local	lbl_t_esp_rodata_5398	lbl_t_esp_rodata_5398
.rodata	0x0000539C	0x4	t_esp/t_esp.cpp	local	lbl_t_esp_rodata_539C	lbl_t_esp_rodata_539C
.rodata	0x000053A0	0x4	t_esp/t_esp.cpp	local	lbl_t_esp_rodata_53A0	lbl_t_esp_rodata_53A0
.rodata	0x000053A4	0x4	t_esp/t_esp.cpp	local	lbl_t_esp_rodata_53A4	lbl_t_esp_rodata_53A4
.rodata	0x000053A8	0x4	t_esp/t_esp.cpp	local	lbl_t_esp_rodata_53A8	lbl_t_esp_rodata_53A8
.rodata	0x000053AC	0x4	t_esp/t_esp.cpp	local	lbl_t_esp_rodata_53AC	lbl_t_esp_rodata_53AC
.rodata	0x000053F8	0x4	t_esp/t_util.cpp	local	lbl_t_esp_rodata_53F8	lbl_t_esp_rodata_53F8
.rodata	0x000053FC	0x28	t_esp/t_util.cpp	local	lbl_t_esp_rodata_53FC	lbl_t_esp_rodata_53FC
.rodata	0x00005424	0x28	t_esp/t_util.cpp	local	lbl_t_esp_rodata_5424	lbl_t_esp_rodata_5424
.rodata	0x0000544C	0x28	t_esp/t_util.cpp	local	lbl_t_esp_rodata_544C	lbl_t_esp_rodata_544C
.rodata	0x00005474	0x38	t_esp/t_util.cpp	local	lbl_t_esp_rodata_5474	lbl_t_esp_rodata_5474
.rodata	0x000054AC	0x28	t_esp/t_util.cpp	local	lbl_t_esp_rodata_54AC	lbl_t_esp_rodata_54AC
.rodata	0x000054D4	0x1C	t_esp/t_util.cpp	local	lbl_t_esp_rodata_54D4	lbl_t_esp_rodata_54D4
.rodata	0x000054F0	0xC	t_esp/tools.cpp	local	lbl_t_esp_rodata_54F0	lbl_t_esp_rodata_54F0
.rodata	0x000054FC	0xC	t_esp/tools.cpp	local	lbl_t_esp_rodata_54FC	lbl_t_esp_rodata_54FC
.rodata	0x00005508	0x10	t_esp/tools.cpp	local	lbl_t_esp_rodata_5508	lbl_t_esp_rodata_5508
.rodata	0x00005518	0x10	t_esp/tools.cpp	local	lbl_t_esp_rodata_5518	lbl_t_esp_rodata_5518
.rodata	0x00005528	0x9C	t_esp/tools.cpp	local	lbl_t_esp_rodata_5528	lbl_t_esp_rodata_5528
.rodata	0x000055C4	0x28	t_esp/tools.cpp	local	lbl_t_esp_rodata_55C4	lbl_t_esp_rodata_55C4
.rodata	0x000055EC	0x28	t_esp/tools.cpp	local	lbl_t_esp_rodata_55EC	lbl_t_esp_rodata_55EC
.rodata	0x00005614	0x38	t_esp/tools.cpp	local	lbl_t_esp_rodata_5614	lbl_t_esp_rodata_5614
.rodata	0x0000564C	0x28	t_esp/tools.cpp	local	lbl_t_esp_rodata_564C	lbl_t_esp_rodata_564C
.rodata	0x00005674	0x1C	t_esp/tools.cpp	local	lbl_t_esp_rodata_5674	lbl_t_esp_rodata_5674
.data	0x00000000	0x28	t_esp/db_light.cpp	global	light_id_name	light_id_name
.data	0x00000028	0x40	t_esp/db_light.cpp	local	light_type_name	light_type_name
.data	0x00000068	0x40	t_esp/db_light.cpp	local	shadow_type_name	shadow_type_name
.data	0x000000A8	0x40	t_esp/db_light.cpp	local	light_type_short	light_type_short
.data	0x000000E8	0x40	t_esp/db_light.cpp	local	shadow_type_short	shadow_type_short
.data	0x00000128	0x40	t_esp/db_light.cpp	local	self_shd_name	self_shd_name
.data	0x00000168	0x40	t_esp/db_light.cpp	local	soft_shd_name	soft_shd_name
.data	0x000001A8	0xC	t_esp/db_light.cpp	local	aniso_name	aniso_name
.data	0x000001B4	0x14	t_esp/db_light.cpp	local	parent_name	parent_name
.data	0x000001C8	0x14	t_esp/db_light.cpp	local	parent_short	parent_short
.data	0x000001DC	0x4	t_esp/db_light.cpp	local	path_room_server	path_room_server
.data	0x000001E0	0x4	t_esp/db_light.cpp	local	path_room_local	path_room_local
.data	0x000001E4	0x4	t_esp/db_light.cpp	local	path_event	path_event
.data	0x000001E8	0x4	t_esp/db_light.cpp	local	path_event_action	path_event_action
.data	0x000001EC	0x4	t_esp/db_light.cpp	local	path_tool	path_tool
.data	0x000001F0	0x4	t_esp/db_light.cpp	local	path_item	path_item
.data	0x000001F4	0x4	t_esp/db_light.cpp	local	path_core	path_core
.data	0x000001F8	0x4	t_esp/db_light.cpp	local	path_litpath	path_litpath
.data	0x000001FC	0x1C	t_esp/db_light.cpp	local	routine_tbl.411	routine_tbl.411
.data	0x00000218	0x18	t_esp/db_light.cpp	local	menu_name.424	menu_name.424
.data	0x00000230	0x34	t_esp/db_light.cpp	local	edit_tbl.428	edit_tbl.428
.data	0x00000264	0x30	t_esp/db_light.cpp	local	edit_name.432	edit_name.432
.data	0x00000294	0x10	t_esp/db_light.cpp	local	cut_onoff.436	cut_onoff.436
.data	0x000002A4	0x8	t_esp/db_light.cpp	local	cutsel_tbl.437	cutsel_tbl.437
.data	0x000002AC	0x18	t_esp/db_light.cpp	local	cutsel_sub_name.445	cutsel_sub_name.445
.data	0x000002C4	0xA0	t_esp/db_light.cpp	local	edit_light_tbl.488	edit_light_tbl.488
.data	0x00000364	0x30	t_esp/db_light.cpp	local	light_col.492	light_col.492
.data	0x00000394	0x30	t_esp/db_light.cpp	local	light_col_w.493	light_col_w.493
.data	0x000003C4	0x28	t_esp/db_light.cpp	local	light_sub_name.497	light_sub_name.497
.data	0x000003EC	0x28	t_esp/db_light.cpp	local	light_id_tbl.519	light_id_tbl.519
.data	0x00000414	0x18	t_esp/db_light.cpp	local	shadow_kind_name.535	shadow_kind_name.535
.data	0x0000042C	0x8	t_esp/db_light.cpp	local	shadow_onoff.536	shadow_onoff.536
.data	0x00000434	0x4	t_esp/db_light.cpp	local	parent_num.555	parent_num.555
.data	0x00000438	0x40	t_esp/db_light.cpp	local	light_type_tbl.574	light_type_tbl.574
.data	0x00000478	0xC	t_esp/db_light.cpp	local	shadow_type_tbl.578	shadow_type_tbl.578
.data	0x00000484	0x10	t_esp/db_light.cpp	local	gear_step.618	gear_step.618
.data	0x00000494	0x4	t_esp/db_light.cpp	local	x0.628	x0.628
.data	0x00000498	0x4	t_esp/db_light.cpp	local	y0.629	y0.629
.data	0x0000049C	0x4	t_esp/db_light.cpp	local	w0.630	w0.630
.data	0x000004A0	0x4	t_esp/db_light.cpp	local	h0.631	h0.631
.data	0x000004A4	0x4	t_esp/db_light.cpp	local	s0.632	s0.632
.data	0x000004A8	0x4	t_esp/db_light.cpp	local	amb_copy.643	amb_copy.643
.data	0x000004AC	0x10	t_esp/db_light.cpp	local	focus_mode_name.656	focus_mode_name.656
.data	0x000004BC	0x4	t_esp/db_light.cpp	local	sz.660	sz.660
.data	0x000004C0	0x4	t_esp/db_light.cpp	local	gamma2.661	gamma2.661
.data	0x000004C4	0x4	t_esp/db_light.cpp	local	gamma3.662	gamma3.662
.data	0x000004C8	0x10	t_esp/db_light.cpp	local	tune_name.672	tune_name.672
.data	0x000004D8	0x10	t_esp/db_light.cpp	local	scale_name.676	scale_name.676
.data	0x000004E8	0x8	t_esp/db_light.cpp	local	onoff.703	onoff.703
.data	0x000004F0	0x8	t_esp/db_light.cpp	local	table_head	table_head
.data	0x000004F8	0x4	t_esp/db_light.cpp	local	state.761	state.761
.data	0x00000500	0x4	t_esp/db_mod.cpp	local	dbmodMotTblImage	dbmodMotTblImage
.data	0x00000504	0x4	t_esp/db_mod.cpp	local	dbmodLoopNum	dbmodLoopNum
.data	0x00000508	0x3C	t_esp/db_mod.cpp	local	dbmodFunc	dbmodFunc
.data	0x00000544	0xC0	t_esp/db_mod.cpp	local	dbmodMenu	dbmodMenu
.data	0x00000604	0x3	t_esp/db_mod.cpp	local	dbmodMenuNum	dbmodMenuNum
.data	0x00000608	0x20	t_esp/db_mod.cpp	local	dbmodTypeName	dbmodTypeName
.data	0x00000628	0xC	t_esp/db_mod.cpp	local	dbmodModelLabel	dbmodModelLabel
.data	0x00000634	0x20	t_esp/db_mod.cpp	local	dbmodTypeLabel	dbmodTypeLabel
.data	0x00000654	0x8	t_esp/db_mod.cpp	local	dbmodMotionLabel	dbmodMotionLabel
.data	0x0000065C	0x14	t_esp/db_mod.cpp	local	dbmodLocateLabel.278	dbmodLocateLabel.278
.data	0x00000670	0x10	t_esp/db_mod.cpp	local	dbmodTransLabel	dbmodTransLabel
.data	0x00000680	0xC	t_esp/db_mod.cpp	local	dbmodBlendLabel	dbmodBlendLabel
.data	0x0000068C	0x8	t_esp/db_mod.cpp	local	dbmodLightLabel	dbmodLightLabel
.data	0x00000694	0x14	t_esp/db_mod.cpp	local	dbmodOptionLabel	dbmodOptionLabel
.data	0x000006A8	0x4	t_esp/db_mod.cpp	local	dbmodScaleLabel	dbmodScaleLabel
.data	0x000006AC	0x4	t_esp/db_mod.cpp	local	dbmodOrientLen	dbmodOrientLen
.data	0x000006B0	0xC	t_esp/db_mod.cpp	local	dbmodPinfoType	dbmodPinfoType
.data	0x000006BC	0x18	t_esp/db_mod.cpp	local	dbmodPinfoLabel	dbmodPinfoLabel
.data	0x000006D4	0x4	t_esp/db_mod.cpp	local	dbmodPinfoX	dbmodPinfoX
.data	0x000006D8	0x4	t_esp/db_mod.cpp	local	dbmodPinfoY	dbmodPinfoY
.data	0x000006DC	0x4	t_esp/db_mod.cpp	local	dbmodPinfoW	dbmodPinfoW
.data	0x000006E0	0x4	t_esp/db_mod.cpp	local	dbmodPinfoH	dbmodPinfoH
.data	0x000006E4	0x18	t_esp/db_mod.cpp	local	dbmodInfoLabel	dbmodInfoLabel
.data	0x000006FC	0x14	t_esp/db_mod.cpp	local	dbmodTblUnit	dbmodTblUnit
.data	0x00000710	0xC	t_esp/db_mod.cpp	local	dbmodIkLabel	dbmodIkLabel
.data	0x0000071C	0x4	t_esp/db_mod.cpp	local	dbmodIkX	dbmodIkX
.data	0x00000720	0x4	t_esp/db_mod.cpp	local	dbmodIkY	dbmodIkY
.data	0x00000724	0x4	t_esp/db_mod.cpp	local	dbmodIkUnused	dbmodIkUnused
.data	0x00000728	0x4	t_esp/db_port.cpp	local	db_effLoaded	db_effLoaded
.data	0x0000072C	0x4	t_esp/db_port.cpp	local	db_effOwner	db_effOwner
.data	0x00000730	0x4	t_esp/db_port.cpp	local	db_motionOn	db_motionOn
.data	0x00000734	0x4	t_esp/db_port.cpp	local	db_workPushed	db_workPushed
.data	0x00000738	0x4	t_esp/db_port.cpp	local	db_emArray	db_emArray
.data	0x0000073C	0x4	t_esp/db_port.cpp	local	db_fog	db_fog
.data	0x00000740	0x4	t_esp/db_port.cpp	local	db_cinesco	db_cinesco
.data	0x00000744	0x4	t_esp/db_port.cpp	local	db_motionCam	db_motionCam
.data	0x00000748	0x4	t_esp/db_port.cpp	local	db_roomCam	db_roomCam
.data	0x0000074C	0x2	t_esp/db_port.cpp	local	db_motNo	db_motNo
.data	0x00000750	0x4	t_esp/db_port.cpp	local	db_camCut	db_camCut
.data	0x00000754	0x4	t_esp/db_port.cpp	global	db_modelNo	lbl_t_esp_data_754
.data	0x00000758	0x4	t_esp/db_port.cpp	global	db_frameCnt	db_frameCnt
.data	0x0000075C	0x4	t_esp/db_port.cpp	global	db_cutNo	db_cutNo
.data	0x00000760	0x4	t_esp/db_port.cpp	global	db_fcvData	db_fcvData
.data	0x00000764	0x4	t_esp/db_port.cpp	global	db_nearClip	db_nearClip
.data	0x00000768	0x4	t_esp/db_port.cpp	global	db_litData	db_litData
.data	0x0000076C	0x4	t_esp/db_port.cpp	global	db_camMotion	db_camMotion
.data	0x00000770	0x4	t_esp/db_port.cpp	global	db_x770	db_x770
.data	0x00000774	0x2	t_esp/db_port.cpp	local	db_texX	db_texX
.data	0x00000776	0x2	t_esp/db_port.cpp	local	db_texY	db_texY
.data	0x00000778	0x2	t_esp/db_port.cpp	local	db_texZ	db_texZ
.data	0x0000077A	0x2	t_esp/db_port.cpp	local	db_texW	db_texW
.data	0x0000077C	0x2	t_esp/db_port.cpp	local	db_texH	db_texH
.data	0x00000780	0x4	t_esp/db_widget.cpp	global	primIdCounter	primIdCounter
.data	0x00000784	0x14	t_esp/db_widget.cpp	local	hexDigit	hexDigit
.data	0x00000798	0x4	t_esp/t_esp.cpp	local	_15t_esp_namespace.g_lightTool	_15t_esp_namespace.g_lightTool
.data	0x0000079C	0x4	t_esp/t_esp.cpp	local	_15t_esp_namespace.g_initDone	_15t_esp_namespace.g_initDone
.data	0x000007A0	0x4	t_esp/t_esp.cpp	local	_15t_esp_namespace.g_modelLoad	_15t_esp_namespace.g_modelLoad
.data	0x000007A4	0x4	t_esp/t_esp.cpp	local	_15t_esp_namespace.g_fovy	_15t_esp_namespace.g_fovy
.data	0x000007A8	0x4	t_esp/t_esp.cpp	local	_15t_esp_namespace.g_dataChanged	_15t_esp_namespace.g_dataChanged
.data	0x000007AC	0x1	t_esp/t_esp.cpp	local	_15t_esp_namespace.g_filter	_15t_esp_namespace.g_filter
.data	0x000007AD	0x1	t_esp/t_esp.cpp	local	_15t_esp_namespace.g_roomCam	_15t_esp_namespace.g_roomCam
.data	0x000007AE	0x1	t_esp/t_esp.cpp	local	_15t_esp_namespace.g_render	_15t_esp_namespace.g_render
.data	0x000007AF	0x1	t_esp/t_esp.cpp	local	_15t_esp_namespace.g_bgR	_15t_esp_namespace.g_bgR
.data	0x000007B0	0x1	t_esp/t_esp.cpp	local	_15t_esp_namespace.g_bgG	_15t_esp_namespace.g_bgG
.data	0x000007B1	0x1	t_esp/t_esp.cpp	local	_15t_esp_namespace.g_bgB	_15t_esp_namespace.g_bgB
.data	0x000007B4	0x4	t_esp/t_esp.cpp	local	_15t_esp_namespace.g_grid	_15t_esp_namespace.g_grid
.data	0x000007B8	0x4	t_esp/t_esp.cpp	global	_15t_esp_namespace.g_work	_15t_esp_namespace.g_work
.data	0x000007BC	0x4	t_esp/t_esp.cpp	local	_15t_esp_namespace.g_workEm	_15t_esp_namespace.g_workEm
.data	0x000007C0	0x4	t_esp/t_esp.cpp	local	_15t_esp_namespace.g_modSk	_15t_esp_namespace.g_modSk
.data	0x000007C4	0x4	t_esp/t_esp.cpp	local	_15t_esp_namespace.g_fog	_15t_esp_namespace.g_fog
.data	0x000007C8	0x4	t_esp/t_esp.cpp	local	_15t_esp_namespace.g_evCam	_15t_esp_namespace.g_evCam
.data	0x000007CC	0x4	t_esp/t_esp.cpp	local	_15t_esp_namespace.g_cinesco	_15t_esp_namespace.g_cinesco
.data	0x000007D0	0x4	t_esp/t_esp.cpp	local	_15t_esp_namespace.g_motionCam	_15t_esp_namespace.g_motionCam
.data	0x000007D4	0x3CC	t_esp/t_esp.cpp	local	_15t_esp_namespace.g_modelNameTbl	_15t_esp_namespace.g_modelNameTbl
.data	0x00000BA0	0x400	t_esp/t_esp.cpp	local	_15t_esp_namespace.g_parentNameTbl	_15t_esp_namespace.g_parentNameTbl
.data	0x00000FA0	0x400	t_esp/t_esp.cpp	local	_15t_esp_namespace.g_partsNameTbl	_15t_esp_namespace.g_partsNameTbl
.data	0x000013A0	0x44	t_esp/t_esp.cpp	local	_15t_esp_namespace.g_blendNameTbl	_15t_esp_namespace.g_blendNameTbl
.data	0x000013E4	0x11C	t_esp/t_esp.cpp	local	_15t_esp_namespace.g_filterNameTbl	_15t_esp_namespace.g_filterNameTbl
.data	0x00001500	0x24	t_esp/t_esp.cpp	local	_15t_esp_namespace.g_renderNameTbl	_15t_esp_namespace.g_renderNameTbl
.data	0x00001524	0x8	t_esp/t_esp.cpp	local	kindName.690	kindName.690
.data	0x0000152C	0x40	t_esp/t_esp.cpp	local	_15t_esp_namespace.g_simTypeNameTbl	_15t_esp_namespace.g_simTypeNameTbl
.data	0x0000156C	0x4	t_esp/t_esp.cpp	local	_15t_esp_namespace.g_colorUnused0	_15t_esp_namespace.g_colorUnused0
.data	0x00001570	0x4	t_esp/t_esp.cpp	local	_15t_esp_namespace.g_colorUnused1	_15t_esp_namespace.g_colorUnused1
.data	0x00001574	0x4	t_esp/t_esp.cpp	local	_15t_esp_namespace.g_colorUnused2	_15t_esp_namespace.g_colorUnused2
.bss	0x00000000	0xC	t_esp/db_light.cpp	global	spotRot.612	spotRot.612
.bss	0x0000000C	0xC	t_esp/db_light.cpp	local	rot.616	rot.616
.bss	0x00000018	0x4	t_esp/db_light.cpp	local	gear.617	gear.617
.bss	0x0000001C	0xC	t_esp/db_light.cpp	local	ang.636	ang.636
.bss	0x00000028	0x4	t_esp/db_light.cpp	local	evtKey.689	evtKey.689
.bss	0x0000002C	0x4	t_esp/db_light.cpp	local	evtAction.690	evtAction.690
.bss	0x00000030	0x20	t_esp/db_light.cpp	local	evName.691	evName.691
.bss	0x00000050	0x8	t_esp/db_light.cpp	local	evStr.692	evStr.692
.bss	0x00000058	0x4	t_esp/db_light.cpp	local	evtKey.696	evtKey.696
.bss	0x0000005C	0x4	t_esp/db_light.cpp	local	evtAction.697	evtAction.697
.bss	0x00000060	0x20	t_esp/db_light.cpp	local	evName.698	evName.698
.bss	0x00000080	0x8	t_esp/db_light.cpp	local	evStr.699	evStr.699
.bss	0x00000088	0x4	t_esp/db_light.cpp	local	r.762	r.762
.bss	0x0000008C	0x4	t_esp/db_light.cpp	local	g.763	g.763
.bss	0x00000090	0x4	t_esp/db_light.cpp	local	b.764	b.764
.bss	0x00000094	0x4	t_esp/db_light.cpp	local	a.765	a.765
.bss	0x00000098	0x4	t_esp/db_light.cpp	local	val.799	val.799
.bss	0x0000009C	0x4	t_esp/db_light.cpp	local	LitPathPtr	LitPathPtr
.bss	0x000000A0	0x4	t_esp/db_light.cpp	local	LightToolPtr	LightToolPtr
.bss	0x000000A4	0x4	t_esp/db_light.cpp	local	LightWorkNum_	LightWorkNum_
.bss	0x000000A8	0x4	t_esp/db_light.cpp	local	pLightEnv	pLightEnv
.bss	0x000000AC	0x1	t_esp/db_mod.cpp	local	noY.264	noY.264
.bss	0x000000AD	0x1	t_esp/db_mod.cpp	local	noX.265	noX.265
.bss	0x000000B0	0x4	t_esp/db_mod.cpp	local	pLightTool.300	pLightTool.300
.bss	0x000000B4	0x4	t_esp/db_mod.cpp	local	pinfoNum.313	pinfoNum.313
.bss	0x000000B8	0x20	t_esp/db_mod.cpp	local	pinfoParts.314	pinfoParts.314
.bss	0x000000D8	0x10	t_esp/db_mod.cpp	local	pinfoType.315	pinfoType.315
.bss	0x000000E8	0x9D500	t_esp/db_mod.cpp	global	dbModSlot	lbl_t_esp_bss_E8
.bss	0x0009D5E8	0x9D500	t_esp/db_mod.cpp	global	dbModSlotSub	dbModSlotSub
.bss	0x0013AAE8	0x4	t_esp/db_mod.cpp	global	pDbModState	pDbModState
.bss	0x0013AAEC	0x4	t_esp/db_mod.cpp	global	pMotTbl	pMotTbl
.bss	0x0013AAF0	0x85C	t_esp/db_port.cpp	local	bin.432	bin.432
.bss	0x0013B34C	0x4	t_esp/db_port.cpp	local	_.tmp_0.433	_.tmp_0.433
.bss	0x0013B350	0x85C	t_esp/db_port.cpp	local	tpl.434	tpl.434
.bss	0x0013BBAC	0x4	t_esp/db_port.cpp	local	_.tmp_1.435	_.tmp_1.435
.bss	0x0013BBB0	0x85C	t_esp/db_port.cpp	local	xtra.436	xtra.436
.bss	0x0013C40C	0x4	t_esp/db_port.cpp	local	_.tmp_2.437	_.tmp_2.437
.bss	0x0013C410	0x20	t_esp/db_port.cpp	local	tbl0.438	tbl0.438
.bss	0x0013C430	0x20	t_esp/db_port.cpp	local	tbl1.439	tbl1.439
.bss	0x0013C450	0x20	t_esp/db_port.cpp	local	tbl2.440	tbl2.440
.bss	0x0013C470	0x20	t_esp/db_port.cpp	local	tbl3.441	tbl3.441
.bss	0x0013C490	0x20	t_esp/db_port.cpp	local	tbl4.442	tbl4.442
.bss	0x0013C4B0	0x20	t_esp/db_port.cpp	local	tbl5.443	tbl5.443
.bss	0x0013C4D0	0x20	t_esp/db_port.cpp	local	tbl6.444	tbl6.444
.bss	0x0013C4F0	0x20	t_esp/db_port.cpp	local	tbl7.445	tbl7.445
.bss	0x0013C510	0x20	t_esp/db_port.cpp	local	tbl8.446	tbl8.446
.bss	0x0013C530	0x4	t_esp/db_port.cpp	local	start.564	start.564
.bss	0x0013C534	0xC	t_esp/db_port.cpp	local	db_emName	db_emName
.bss	0x0013C540	0x4	t_esp/db_port.cpp	local	db_pLightTool	db_pLightTool
.bss	0x0013C544	0xC4	t_esp/t_esp.cpp	local	key.1039	key.1039
.bss	0x0013C608	0x4	t_esp/t_esp.cpp	local	_.tmp_0.1040	_.tmp_0.1040
.bss	0x0013C60C	0x4	t_esp/t_esp.cpp	local	_15t_esp_namespace.g_pPrimArray	_15t_esp_namespace.g_pPrimArray
.bss	0x0013C610	0x4	t_esp/t_esp.cpp	local	_15t_esp_namespace.g_pMouse	_15t_esp_namespace.g_pMouse
.bss	0x0013C614	0x4	t_esp/t_esp.cpp	local	_15t_esp_namespace.g_pKey	_15t_esp_namespace.g_pKey
.bss	0x0013C618	0x4	t_esp/t_esp.cpp	local	_15t_esp_namespace.g_exitReq	_15t_esp_namespace.g_exitReq
.bss	0x0013C61C	0x4	t_esp/t_esp.cpp	local	_15t_esp_namespace.g_camMode	_15t_esp_namespace.g_camMode
.bss	0x0013C620	0x12C	t_esp/t_esp.cpp	local	_15t_esp_namespace.g_editSeqWk	_15t_esp_namespace.g_editSeqWk
.bss	0x0013C74C	0x4	t_esp/t_esp.cpp	local	_15t_esp_namespace.g_pEditSeq	_15t_esp_namespace.g_pEditSeq
.bss	0x0013C750	0x12C	t_esp/t_esp.cpp	local	_15t_esp_namespace.g_editSeqWk2	_15t_esp_namespace.g_editSeqWk2
.bss	0x0013C87C	0x4	t_esp/t_esp.cpp	local	_15t_esp_namespace.g_pEditSeq2	_15t_esp_namespace.g_pEditSeq2
.bss	0x0013C880	0x4	t_esp/t_esp.cpp	local	_15t_esp_namespace.g_pSeqHead	_15t_esp_namespace.g_pSeqHead
.bss	0x0013C884	0x12C00	t_esp/t_esp.cpp	local	_15t_esp_namespace.g_seqTbl	_15t_esp_namespace.g_seqTbl
.bss	0x0014F484	0x4	t_esp/t_esp.cpp	local	_15t_esp_namespace.g_pEditTbl	_15t_esp_namespace.g_pEditTbl
.bss	0x0014F488	0x4B00	t_esp/t_esp.cpp	local	_15t_esp_namespace.g_copyWk	_15t_esp_namespace.g_copyWk
.bss	0x00153F88	0x4	t_esp/t_esp.cpp	local	_15t_esp_namespace.g_pCopyBuf	_15t_esp_namespace.g_pCopyBuf
.bss	0x00153F8C	0x4	t_esp/t_esp.cpp	local	_15t_esp_namespace.g_copyNum	_15t_esp_namespace.g_copyNum
.bss	0x00153F90	0x100	t_esp/t_esp.cpp	local	_15t_esp_namespace.g_seqFlgWk	_15t_esp_namespace.g_seqFlgWk
.bss	0x00154090	0x4	t_esp/t_esp.cpp	local	_15t_esp_namespace.g_pSeqFlg	_15t_esp_namespace.g_pSeqFlg
.bss	0x00154094	0x10	t_esp/t_esp.cpp	local	_15t_esp_namespace.g_seqFlgNum	_15t_esp_namespace.g_seqFlgNum
.bss	0x001540A4	0x4	t_esp/t_esp.cpp	local	_15t_esp_namespace.g_page	_15t_esp_namespace.g_page
.bss	0x001540A8	0x4	t_esp/t_esp.cpp	local	_15t_esp_namespace.g_editTop	_15t_esp_namespace.g_editTop
.bss	0x001540AC	0x4	t_esp/t_esp.cpp	local	_15t_esp_namespace.g_editCursor	_15t_esp_namespace.g_editCursor
.bss	0x001540B0	0x4	t_esp/t_esp.cpp	local	_15t_esp_namespace.g_curSeq	_15t_esp_namespace.g_curSeq
.bss	0x001540B4	0x4	t_esp/t_esp.cpp	local	_15t_esp_namespace.g_fileMenu	_15t_esp_namespace.g_fileMenu
.bss	0x001540B8	0x5DC	t_esp/t_esp.cpp	local	_15t_esp_namespace.g_editRowWk	_15t_esp_namespace.g_editRowWk
.bss	0x00154694	0x14	t_esp/t_esp.cpp	local	_15t_esp_namespace.g_pEditRow	_15t_esp_namespace.g_pEditRow
.bss	0x001546A8	0x5	t_esp/t_esp.cpp	local	_15t_esp_namespace.g_editRowNo	_15t_esp_namespace.g_editRowNo
.bss	0x001546AE	0x2	t_esp/t_esp.cpp	local	_15t_esp_namespace.g_modelType	_15t_esp_namespace.g_modelType
.bss	0x001546B0	0x1	t_esp/t_esp.cpp	local	_15t_esp_namespace.g_emFileNo	_15t_esp_namespace.g_emFileNo
.bss	0x001546B1	0x1	t_esp/t_esp.cpp	local	_15t_esp_namespace.g_roomFileNo	_15t_esp_namespace.g_roomFileNo
.bss	0x001546B2	0x1	t_esp/t_esp.cpp	local	_15t_esp_namespace.g_dataSetNo	_15t_esp_namespace.g_dataSetNo
.bss	0x001546B3	0x1	t_esp/t_esp.cpp	local	_15t_esp_namespace.g_sstFileNo	_15t_esp_namespace.g_sstFileNo
.bss	0x001546B4	0x1	t_esp/t_esp.cpp	local	_15t_esp_namespace.g_eventNo	_15t_esp_namespace.g_eventNo
.bss	0x001546B5	0x1	t_esp/t_esp.cpp	local	_15t_esp_namespace.g_eventSNo	_15t_esp_namespace.g_eventSNo
.bss	0x001546B8	0x100	t_esp/t_esp.cpp	local	_15t_esp_namespace.g_filePath	_15t_esp_namespace.g_filePath
.bss	0x001547B8	0x100	t_esp/t_esp.cpp	local	_15t_esp_namespace.g_modelPath	_15t_esp_namespace.g_modelPath
.bss	0x001548B8	0x100	t_esp/t_esp.cpp	local	_15t_esp_namespace.g_modelFile	_15t_esp_namespace.g_modelFile
.bss	0x001549B8	0x1	t_esp/t_esp.cpp	local	_15t_esp_namespace.g_modelNo	_15t_esp_namespace.g_modelNo
.bss	0x001549BC	0x4	t_esp/t_esp.cpp	local	_15t_esp_namespace.g_pTexRender	_15t_esp_namespace.g_pTexRender
.bss	0x001549C0	0x35C	t_esp/t_esp.cpp	local	_15t_esp_namespace.g_editNum	_15t_esp_namespace.g_editNum
.bss	0x00154D1C	0x40	t_esp/t_esp.cpp	local	_15t_esp_namespace.g_dir	_15t_esp_namespace.g_dir
.bss	0x00154D5C	0x4	t_esp/t_esp.cpp	local	_15t_esp_namespace.g_dirLocal	_15t_esp_namespace.g_dirLocal
.bss	0x00154D60	0x4	t_esp/t_esp.cpp	local	_15t_esp_namespace.g_pMenuWin	_15t_esp_namespace.g_pMenuWin
.bss	0x00154D64	0x4	t_esp/t_esp.cpp	local	_15t_esp_namespace.g_pExitWin	_15t_esp_namespace.g_pExitWin
.bss	0x00154D68	0x4	t_esp/t_esp.cpp	local	_15t_esp_namespace.g_pEditWin1	_15t_esp_namespace.g_pEditWin1
.bss	0x00154D6C	0x4	t_esp/t_esp.cpp	local	_15t_esp_namespace.g_pEditWin2	_15t_esp_namespace.g_pEditWin2
.bss	0x00154D70	0x4	t_esp/t_esp.cpp	local	_15t_esp_namespace.g_pEditWin3	_15t_esp_namespace.g_pEditWin3
.bss	0x00154D74	0x4	t_esp/t_esp.cpp	local	_15t_esp_namespace.g_pEditWin4	_15t_esp_namespace.g_pEditWin4
.bss	0x00154D78	0x4	t_esp/t_esp.cpp	local	_15t_esp_namespace.g_pEditActive	_15t_esp_namespace.g_pEditActive
.bss	0x00154D7C	0x4	t_esp/t_esp.cpp	local	_15t_esp_namespace.g_pModelWin	_15t_esp_namespace.g_pModelWin
.bss	0x00154D80	0x4	t_esp/t_esp.cpp	local	_15t_esp_namespace.g_pLoadWin	_15t_esp_namespace.g_pLoadWin
.bss	0x00154D84	0x4	t_esp/t_esp.cpp	local	_15t_esp_namespace.g_pLoadEmWin	_15t_esp_namespace.g_pLoadEmWin
.bss	0x00154D88	0x4	t_esp/t_esp.cpp	local	_15t_esp_namespace.g_pLoadRoomWin	_15t_esp_namespace.g_pLoadRoomWin
.bss	0x00154D8C	0x4	t_esp/t_esp.cpp	local	_15t_esp_namespace.g_pLoadSstWin	_15t_esp_namespace.g_pLoadSstWin
.bss	0x00154D90	0x4	t_esp/t_esp.cpp	local	_15t_esp_namespace.g_pLoadEventWin	_15t_esp_namespace.g_pLoadEventWin
.bss	0x00154D94	0x4	t_esp/t_esp.cpp	local	_15t_esp_namespace.g_pLoadNow	_15t_esp_namespace.g_pLoadNow
.bss	0x00154D98	0x4	t_esp/t_esp.cpp	local	_15t_esp_namespace.g_pLoadCheckWin	_15t_esp_namespace.g_pLoadCheckWin
.bss	0x00154D9C	0x4	t_esp/t_esp.cpp	local	_15t_esp_namespace.g_pSaveWin	_15t_esp_namespace.g_pSaveWin
.bss	0x00154DA0	0x4	t_esp/t_esp.cpp	local	_15t_esp_namespace.g_pSaveEmWin	_15t_esp_namespace.g_pSaveEmWin
.bss	0x00154DA4	0x4	t_esp/t_esp.cpp	local	_15t_esp_namespace.g_pSaveRoomWin	_15t_esp_namespace.g_pSaveRoomWin
.bss	0x00154DA8	0x4	t_esp/t_esp.cpp	local	_15t_esp_namespace.g_pSaveSstWin	_15t_esp_namespace.g_pSaveSstWin
.bss	0x00154DAC	0x4	t_esp/t_esp.cpp	local	_15t_esp_namespace.g_pSaveEventWin	_15t_esp_namespace.g_pSaveEventWin
.bss	0x00154DB0	0x4	t_esp/t_esp.cpp	local	_15t_esp_namespace.g_pSaveNow	_15t_esp_namespace.g_pSaveNow
.bss	0x00154DB4	0x4	t_esp/t_esp.cpp	local	_15t_esp_namespace.g_pSaveCheckWin	_15t_esp_namespace.g_pSaveCheckWin
.bss	0x00154DB8	0x4	t_esp/t_esp.cpp	local	_15t_esp_namespace.g_pOptionWin	_15t_esp_namespace.g_pOptionWin
.bss	0x00154DBC	0x4	t_esp/t_esp.cpp	local	_15t_esp_namespace.g_pDataSetWin	_15t_esp_namespace.g_pDataSetWin
.bss	0x00154DC0	0x4	t_esp/t_esp.cpp	local	_15t_esp_namespace.g_pTimeWin	_15t_esp_namespace.g_pTimeWin
.bss	0x00154DC4	0x4	t_esp/t_esp.cpp	local	_15t_esp_namespace.g_pIdWin	_15t_esp_namespace.g_pIdWin
.bss	0x00154DC8	0x4	t_esp/t_esp.cpp	local	_15t_esp_namespace.g_pPathWin	_15t_esp_namespace.g_pPathWin
.bss	0x00154DCC	0x4	t_esp/t_esp.cpp	local	_15t_esp_namespace.g_pParentWin	_15t_esp_namespace.g_pParentWin
.bss	0x00154DD0	0x4	t_esp/t_esp.cpp	local	_15t_esp_namespace.g_pPosWin	_15t_esp_namespace.g_pPosWin
.bss	0x00154DD4	0x4	t_esp/t_esp.cpp	local	_15t_esp_namespace.g_pSizeWin	_15t_esp_namespace.g_pSizeWin
.bss	0x00154DD8	0x4	t_esp/t_esp.cpp	local	_15t_esp_namespace.g_pSpeedWin	_15t_esp_namespace.g_pSpeedWin
.bss	0x00154DDC	0x4	t_esp/t_esp.cpp	local	_15t_esp_namespace.g_pColorWin	_15t_esp_namespace.g_pColorWin
.bss	0x00154DE0	0x4	t_esp/t_esp.cpp	local	_15t_esp_namespace.g_pBlendWin	_15t_esp_namespace.g_pBlendWin
.bss	0x00154DE4	0x4	t_esp/t_esp.cpp	local	_15t_esp_namespace.g_pFlagWin	_15t_esp_namespace.g_pFlagWin
.bss	0x00154DE8	0x4	t_esp/t_esp.cpp	local	_15t_esp_namespace.g_pLifeWin	_15t_esp_namespace.g_pLifeWin
.bss	0x00154DEC	0x4	t_esp/t_esp.cpp	local	_15t_esp_namespace.g_pReleaseWin	_15t_esp_namespace.g_pReleaseWin
.bss	0x00154DF0	0x4	t_esp/t_esp.cpp	local	_15t_esp_namespace.g_pAnmRateWin	_15t_esp_namespace.g_pAnmRateWin
.bss	0x00154DF4	0x4	t_esp/t_esp.cpp	local	_15t_esp_namespace.g_pRotateWin	_15t_esp_namespace.g_pRotateWin
.bss	0x00154DF8	0x4	t_esp/t_esp.cpp	local	_15t_esp_namespace.g_pVec0Win	_15t_esp_namespace.g_pVec0Win
.bss	0x00154DFC	0x4	t_esp/t_esp.cpp	local	_15t_esp_namespace.g_pVec1Win	_15t_esp_namespace.g_pVec1Win
.bss	0x00154E00	0x4	t_esp/t_esp.cpp	local	_15t_esp_namespace.g_pVec2Win	_15t_esp_namespace.g_pVec2Win
.bss	0x00154E04	0x4	t_esp/t_esp.cpp	local	_15t_esp_namespace.g_pSubWin	_15t_esp_namespace.g_pSubWin
.bss	0x00154E08	0x4	t_esp/t_esp.cpp	local	_15t_esp_namespace.g_pWork0Win	_15t_esp_namespace.g_pWork0Win
.bss	0x00154E0C	0x4	t_esp/t_esp.cpp	local	_15t_esp_namespace.g_pWork1Win	_15t_esp_namespace.g_pWork1Win
.bss	0x00154E10	0x4	t_esp/t_esp.cpp	local	_15t_esp_namespace.g_pWork2Win	_15t_esp_namespace.g_pWork2Win
.bss	0x00154E14	0x4	t_esp/t_esp.cpp	local	_15t_esp_namespace.g_pWork3Win	_15t_esp_namespace.g_pWork3Win
.bss	0x00154E18	0x4	t_esp/t_esp.cpp	local	_15t_esp_namespace.g_pWork4Win	_15t_esp_namespace.g_pWork4Win
.bss	0x00154E1C	0x4	t_esp/t_esp.cpp	local	_15t_esp_namespace.g_pWork5Win	_15t_esp_namespace.g_pWork5Win
.bss	0x00154E20	0x4	t_esp/t_esp.cpp	local	_15t_esp_namespace.g_pWork6Win	_15t_esp_namespace.g_pWork6Win
.bss	0x00154E24	0x4	t_esp/t_esp.cpp	local	_15t_esp_namespace.g_pWorkSp0Win	_15t_esp_namespace.g_pWorkSp0Win
.bss	0x00154E28	0x4	t_esp/t_esp.cpp	local	_15t_esp_namespace.g_pWorkSp1Win	_15t_esp_namespace.g_pWorkSp1Win
.bss	0x00154E2C	0x4	t_esp/t_esp.cpp	local	_15t_esp_namespace.g_pWorkSp2Win	_15t_esp_namespace.g_pWorkSp2Win
.bss	0x00154E30	0x4	t_esp/t_esp.cpp	local	_15t_esp_namespace.g_pWorkSp3Win	_15t_esp_namespace.g_pWorkSp3Win
.bss	0x00154E34	0x4	t_esp/t_esp.cpp	local	_15t_esp_namespace.g_pBasePosWin	_15t_esp_namespace.g_pBasePosWin
.bss	0x00154E38	0x4	t_esp/t_esp.cpp	global	_15t_esp_namespace.g_pMenuExitButton	_15t_esp_namespace.g_pMenuExitButton
.bss	0x00154E3C	0x4	t_esp/t_esp.cpp	local	_15t_esp_namespace.g_pSaveDirButton	_15t_esp_namespace.g_pSaveDirButton
.bss	0x00154E40	0x4	t_esp/t_esp.cpp	local	_15t_esp_namespace.g_pLoadDirButton	_15t_esp_namespace.g_pLoadDirButton
.bss	0x00154E44	0x4	t_esp/t_esp.cpp	global	_15t_esp_namespace.g_pPosNumX	_15t_esp_namespace.g_pPosNumX
.bss	0x00154E48	0x4	t_esp/t_esp.cpp	global	_15t_esp_namespace.g_pPosNumY	_15t_esp_namespace.g_pPosNumY
.bss	0x00154E4C	0x4	t_esp/t_esp.cpp	global	_15t_esp_namespace.g_pPosNumZ	_15t_esp_namespace.g_pPosNumZ
.bss	0x00154E50	0x4	t_esp/t_esp.cpp	global	_15t_esp_namespace.g_pRPosNumX	_15t_esp_namespace.g_pRPosNumX
.bss	0x00154E54	0x4	t_esp/t_esp.cpp	global	_15t_esp_namespace.g_pRPosNumY	_15t_esp_namespace.g_pRPosNumY
.bss	0x00154E58	0x4	t_esp/t_esp.cpp	global	_15t_esp_namespace.g_pRPosNumZ	_15t_esp_namespace.g_pRPosNumZ
.bss	0x00154E5C	0x4	t_esp/t_esp.cpp	global	_15t_esp_namespace.g_pSizeNumW	_15t_esp_namespace.g_pSizeNumW
.bss	0x00154E60	0x4	t_esp/t_esp.cpp	global	_15t_esp_namespace.g_pSizeNumH	_15t_esp_namespace.g_pSizeNumH
.bss	0x00154E64	0x100	t_esp/t_esp.cpp	global	_15t_esp_namespace.g_immFlg	_15t_esp_namespace.g_immFlg
.bss	0x00154F64	0xF8	t_esp/t_util.cpp	local	globalCamera	globalCamera
.bss	0x0015505C	0x10	t_esp/t_util.cpp	global	debug_flg_bak	debug_flg_bak
.bss	0x0015506C	0x4	t_esp/t_util.cpp	global	stop_flg_bak	stop_flg_bak
.bss	0x00155070	0x4	t_esp/t_util.cpp	global	disp_flg_bak	disp_flg_bak
.bss	0x00155074	0x4	t_esp/t_util.cpp	global	system_flg_bak	system_flg_bak
.bss	0x00155078	0x10	t_esp/t_util.cpp	global	status_flg_bak	status_flg_bak
.bss	0x00155088	0x34	t_esp/db_light.cpp	global	common_t_esp	common_t_esp
