section	offset	size	unit	scope	name	demangled
.text	0x00000000	0xB0	t_movie/db_light.cpp	global	SetToolLight__Fi	SetToolLight
.text	0x000000B0	0xC	t_movie/db_light.cpp	global	dblCk__10cLightToolUl	cLightTool::dblCk
.text	0x000000BC	0x78	t_movie/db_light.cpp	global	editEnable__10cLightTool	cLightTool::editEnable
.text	0x00000134	0x158	t_movie/db_light.cpp	global	updateLit__10cLightTool	cLightTool::updateLit
.text	0x0000028C	0x158	t_movie/db_light.cpp	local	menu__Fv	menu
.text	0x000003E4	0x40	t_movie/db_light.cpp	local	edit__Fv	edit
.text	0x00000424	0x188	t_movie/db_light.cpp	local	edit_menu__Fv	edit_menu
.text	0x000005AC	0x2DC	t_movie/db_light.cpp	local	edit_cutsel__Fv	edit_cutsel
.text	0x00000888	0x364	t_movie/db_light.cpp	local	edit_cutsel_main__Fv	edit_cutsel_main
.text	0x00000BEC	0x2F0	t_movie/db_light.cpp	local	edit_cutsel_sub__Fv	edit_cutsel_sub
.text	0x00000EDC	0x8C	t_movie/db_light.cpp	global	lightCopyCut__Fi	lightCopyCut
.text	0x00000F68	0x94	t_movie/db_light.cpp	global	lightPasteCut__Fi	lightPasteCut
.text	0x00000FFC	0x84	t_movie/db_light.cpp	global	lightPasteAmbient__Fi	lightPasteAmbient
.text	0x00001080	0xA8	t_movie/db_light.cpp	global	lightPasteFog__Fi	lightPasteFog
.text	0x00001128	0xA8	t_movie/db_light.cpp	global	lightPasteMFog__Fi	lightPasteMFog
.text	0x000011D0	0x8	t_movie/db_light.cpp	global	lightPasteShadow__Fi	lightPasteShadow
.text	0x000011D8	0x8C	t_movie/db_light.cpp	global	lightPasteFocus__Fi	lightPasteFocus
.text	0x00001264	0x84	t_movie/db_light.cpp	global	lightPasteBlur__Fi	lightPasteBlur
.text	0x000012E8	0xA8	t_movie/db_light.cpp	global	lightPasteTune__Fi	lightPasteTune
.text	0x00001390	0xE8	t_movie/db_light.cpp	global	lightPasteScale__Fi	lightPasteScale
.text	0x00001478	0x100	t_movie/db_light.cpp	global	lightPasteCutAll__Fi	lightPasteCutAll
.text	0x00001578	0xE0	t_movie/db_light.cpp	global	lightPasteCutAll2__Fi	lightPasteCutAll2
.text	0x00001658	0x58	t_movie/db_light.cpp	global	copyCut__FP9cLightEnv	copyCut
.text	0x000016B0	0x44	t_movie/db_light.cpp	local	edit_light__Fv	edit_light
.text	0x000016F4	0x334	t_movie/db_light.cpp	local	edit_light_select__Fv	edit_light_select
.text	0x00001A28	0x5A4	t_movie/db_light.cpp	local	edit_light_select_sub__Fv	edit_light_select_sub
.text	0x00001FCC	0x22C	t_movie/db_light.cpp	global	lightCopyWork__FP6cLightT0	lightCopyWork
.text	0x000021F8	0x490	t_movie/db_light.cpp	global	lightCutWork__Fi	lightCutWork
.text	0x00002688	0x488	t_movie/db_light.cpp	global	lightInsertWork__Fi	lightInsertWork
.text	0x00002B10	0x9C	t_movie/db_light.cpp	local	edit_light_no__Fv	edit_light_no
.text	0x00002BAC	0x178	t_movie/db_light.cpp	local	edit_light_id__Fv	edit_light_id
.text	0x00002D24	0xD4	t_movie/db_light.cpp	local	edit_light_id_normal__Fv	edit_light_id_normal
.text	0x00002DF8	0x1F0	t_movie/db_light.cpp	local	edit_light_id_flick__Fv	edit_light_id_flick
.text	0x00002FE8	0x294	t_movie/db_light.cpp	local	edit_light_id_wave__Fv	edit_light_id_wave
.text	0x0000327C	0x334	t_movie/db_light.cpp	local	edit_light_id_round__Fv	edit_light_id_round
.text	0x000035B0	0x590	t_movie/db_light.cpp	local	edit_light_id_shadow__Fv	edit_light_id_shadow
.text	0x00003B40	0x3B0	t_movie/db_light.cpp	local	edit_light_id_path__Fv	edit_light_id_path
.text	0x00003EF0	0x278	t_movie/db_light.cpp	local	edit_light_id_fade__Fv	edit_light_id_fade
.text	0x00004168	0x334	t_movie/db_light.cpp	local	edit_light_id_shine__Fv	edit_light_id_shine
.text	0x0000449C	0x4	t_movie/db_light.cpp	local	edit_light_id_spotlock__Fv	edit_light_id_spotlock
.text	0x000044A0	0x3BC	t_movie/db_light.cpp	local	edit_light_eid__Fv	edit_light_eid
.text	0x0000485C	0x770	t_movie/db_light.cpp	local	edit_light_parent__Fv	edit_light_parent
.text	0x00004FCC	0xC0	t_movie/db_light.cpp	global	posTranslate__FP6cLightUcUl	posTranslate
.text	0x0000508C	0x2BC	t_movie/db_light.cpp	local	edit_light_pos__Fv	edit_light_pos
.text	0x00005348	0x390	t_movie/db_light.cpp	local	edit_light_radius__Fv	edit_light_radius
.text	0x000056D8	0xB0	t_movie/db_light.cpp	local	edit_light_color__Fv	edit_light_color
.text	0x00005788	0x1EC	t_movie/db_light.cpp	local	edit_light_intensity__Fv	edit_light_intensity
.text	0x00005974	0xD4	t_movie/db_light.cpp	local	edit_light_type__Fv	edit_light_type
.text	0x00005A48	0xC0	t_movie/db_light.cpp	global	edit_light_type_shadow__Fv	edit_light_type_shadow
.text	0x00005B08	0x154	t_movie/db_light.cpp	global	shadow_select_type__Fv	shadow_select_type
.text	0x00005C5C	0x704	t_movie/db_light.cpp	local	edit_light_type_shadow_fit__Fv	edit_light_type_shadow_fit
.text	0x00006360	0x704	t_movie/db_light.cpp	local	edit_light_type_shadow_parallel__Fv	edit_light_type_shadow_parallel
.text	0x00006A64	0x418	t_movie/db_light.cpp	local	edit_light_type_shadow_fix__Fv	edit_light_type_shadow_fix
.text	0x00006E7C	0x140	t_movie/db_light.cpp	local	edit_light_kind__Fv	edit_light_kind
.text	0x00006FBC	0x268	t_movie/db_light.cpp	local	edit_light_attr__Fv	edit_light_attr
.text	0x00007224	0x130	t_movie/db_light.cpp	local	edit_light_priority__Fv	edit_light_priority
.text	0x00007354	0x174	t_movie/db_light.cpp	global	select_type__Fv	select_type
.text	0x000074C8	0x238	t_movie/db_light.cpp	local	edit_light_type_constant__Fv	edit_light_type_constant
.text	0x00007700	0x1EC	t_movie/db_light.cpp	local	edit_light_type_quad__Fv	edit_light_type_quad
.text	0x000078EC	0x4F4	t_movie/db_light.cpp	local	edit_light_type_spotlight__Fv	edit_light_type_spotlight
.text	0x00007DE0	0x714	t_movie/db_light.cpp	local	edit_light_type_direct__Fv	edit_light_type_direct
.text	0x000084F4	0x1EC	t_movie/db_light.cpp	local	edit_light_type_localamb__Fv	edit_light_type_localamb
.text	0x000086E0	0x40	t_movie/db_light.cpp	global	func_attn__FP6cLightf	func_attn
.text	0x00008720	0x554	t_movie/db_light.cpp	global	draw_light_graph__FP6cLight	draw_light_graph
.text	0x00008C74	0x534	t_movie/db_light.cpp	local	edit_light_type_parallel__Fv	edit_light_type_parallel
.text	0x000091A8	0x4	t_movie/db_light.cpp	local	edit_light_prop_sub__Fv	edit_light_prop_sub
.text	0x000091AC	0x48C	t_movie/db_light.cpp	local	edit_ambient__Fv	edit_ambient
.text	0x00009638	0x64	t_movie/db_light.cpp	local	edit_fog__Fv	edit_fog
.text	0x0000969C	0x64	t_movie/db_light.cpp	local	edit_mirror_fog__Fv	edit_mirror_fog
.text	0x00009700	0x424	t_movie/db_light.cpp	global	edit_fog_common__FP8LightFog	edit_fog_common
.text	0x00009B24	0x2FC	t_movie/db_light.cpp	local	edit_focus__Fv	edit_focus
.text	0x00009E20	0x2F8	t_movie/db_light.cpp	global	draw_tone_curve__Fv	draw_tone_curve
.text	0x0000A118	0x6C4	t_movie/db_light.cpp	local	edit_blur__Fv	edit_blur
.text	0x0000A7DC	0x40C	t_movie/db_light.cpp	local	edit_mipmap__Fv	edit_mipmap
.text	0x0000ABE8	0x4C0	t_movie/db_light.cpp	local	edit_tune__Fv	edit_tune
.text	0x0000B0A8	0x28C	t_movie/db_light.cpp	local	edit_scale__Fv	edit_scale
.text	0x0000B334	0x198	t_movie/db_light.cpp	local	edit_param__Fv	edit_param
.text	0x0000B4CC	0x5C8	t_movie/db_light.cpp	local	edit_wind__Fv	edit_wind
.text	0x0000BA94	0x18C	t_movie/db_light.cpp	local	path__Fv	path
.text	0x0000BC20	0xF20	t_movie/db_light.cpp	local	load__Fv	load
.text	0x0000CB40	0xE44	t_movie/db_light.cpp	local	save__Fv	save
.text	0x0000D984	0x898	t_movie/db_light.cpp	local	option__Fv	option
.text	0x0000E21C	0x1C8	t_movie/db_light.cpp	local	quit__Fv	quit
.text	0x0000E3E4	0x5CC	t_movie/db_light.cpp	global	printEditTable__Fv	printEditTable
.text	0x0000E9B0	0x54	t_movie/db_light.cpp	global	printCursor__10cLightToolii	cLightTool::printCursor
.text	0x0000EA04	0x1E0	t_movie/db_light.cpp	global	DrawTile__FiiiiP7GXColor	DrawTile
.text	0x0000EBE4	0x18	t_movie/db_light.cpp	global	clearWork__10cLightTool	cLightTool::clearWork
.text	0x0000EBFC	0x1C	t_movie/db_light.cpp	global	clearSubMenu__10cLightTool	cLightTool::clearSubMenu
.text	0x0000EC18	0x30	t_movie/db_light.cpp	global	__6cDbLit	cDbLit::cDbLit
.text	0x0000EC48	0xA0	t_movie/db_light.cpp	global	size__6cDbLit	cDbLit::size
.text	0x0000ECE8	0x10	t_movie/db_light.cpp	global	getCut__6cDbLitUs	cDbLit::getCut
.text	0x0000ECF8	0x8C	t_movie/db_light.cpp	global	LitLoadWork__FP6cDbLiti	LitLoadWork
.text	0x0000ED84	0x134	t_movie/db_light.cpp	global	LitSaveWork__FP6cDbLiti	LitSaveWork
.text	0x0000EEB8	0xA8	t_movie/db_light.cpp	global	fileLoad__6cDbLitPCc	cDbLit::fileLoad
.text	0x0000EF60	0x138	t_movie/db_light.cpp	global	init__6cDbLitP4cLit	cDbLit::init
.text	0x0000F098	0x58	t_movie/db_light.cpp	global	preEventSave__6cDbLit	cDbLit::preEventSave
.text	0x0000F0F0	0x90	t_movie/db_light.cpp	global	fileSave__6cDbLitPCc	cDbLit::fileSave
.text	0x0000F180	0x1B0	t_movie/db_light.cpp	global	createLit__6cDbLitP4cLit	cDbLit::createLit
.text	0x0000F330	0x9A0	t_movie/db_light.cpp	global	editColor__FiiP7GXColor	editColor
.text	0x0000FCD0	0x8C	t_movie/db_light.cpp	global	strFogType__Fi	strFogType
.text	0x0000FD5C	0x70	t_movie/db_light.cpp	global	fogTypeNext__Fi	fogTypeNext
.text	0x0000FDCC	0x70	t_movie/db_light.cpp	global	fogTypeBack__Fi	fogTypeBack
.text	0x0000FE3C	0xF0	t_movie/db_light.cpp	global	initLightWork__FP6cLight	initLightWork
.text	0x0000FF2C	0x84	t_movie/db_light.cpp	global	clear_move_free__Fv	clear_move_free
.text	0x0000FFB0	0x68	t_movie/db_light.cpp	global	clear_type_free__Fv	clear_type_free
.text	0x00010018	0x184	t_movie/db_light.cpp	global	drawLightInfo_SpotShadow__FP6cLightUl	drawLightInfo_SpotShadow
.text	0x0001019C	0x17C	t_movie/db_light.cpp	global	drawLightInfo__FP6cLightUl	drawLightInfo
.text	0x00010318	0x518	t_movie/db_light.cpp	global	pathSelect__FiiUcUci	pathSelect
.text	0x00010830	0x428	t_movie/db_light.cpp	global	pathEdit__FiiUcUci	pathEdit
.text	0x00010C58	0x2A0	t_movie/db_light.cpp	global	drawPath__FiiP14cLightPathDataUcUl	drawPath
.text	0x00010EF8	0xBC	t_movie/db_light.cpp	global	createPath__12cLitPathToolP16cLightPathHeader	cLitPathTool::createPath
.text	0x00010FB4	0xBC	t_movie/db_light.cpp	global	countActiveWork__t8cManager1Z6cLight	cManager<cLight>::countActiveWork
.text	0x00011070	0x158	t_movie/db_light.cpp	global	create__t8cManager1Z6cLighti	cManager<cLight>::create
.text	0x000111C8	0x138	t_movie/db_light.cpp	global	create__t8cManager1Z6cLightiUl	cManager<cLight>::create
.text	0x00011300	0x34	t_movie/db_light.cpp	global	limitUpper__t8cVarLoop1ZUci	cVarLoop<unsigned char>::limitUpper
.text	0x00011334	0x34	t_movie/db_light.cpp	global	limitLower__t8cVarLoop1ZUci	cVarLoop<unsigned char>::limitLower
.text	0x00011368	0x80	t_movie/db_light.cpp	global	destroyAll__t8cManager1Z6cLight	cManager<cLight>::destroyAll
.text	0x000113E8	0x48	t_movie/db_light.cpp	global	_._5cUnit	cUnit::~cUnit
.text	0x00011430	0x4	t_movie/db_light.cpp	global	beginEvent__5cUnit	cUnit::beginEvent
.text	0x00011434	0x4	t_movie/db_light.cpp	global	endEvent__5cUnit	cUnit::endEvent
.text	0x00011438	0x4	t_movie/db_light.cpp	global	__dl__5cUnitPvUi	cUnit::operator delete
.text	0x0001143C	0xC0	t_movie/snd_test.cpp	global	Snd_test_mode__Fv	Snd_test_mode
.text	0x000114FC	0x16C	t_movie/snd_test.cpp	global	test_mode_menu__FP11SndTestWork	test_mode_menu
.text	0x00011668	0x1CC	t_movie/snd_test.cpp	global	test_mode_move__FP11SndTestWork	test_mode_move
.text	0x00011834	0xEC	t_movie/snd_test.cpp	global	test_sit_init__FP11SndTestWork	test_sit_init
.text	0x00011920	0x7C	t_movie/snd_test.cpp	global	test_rit_init__FP11SndTestWork	test_rit_init
.text	0x0001199C	0x120	t_movie/snd_test.cpp	global	test_sit_or_rit__FP11SndTestWork	test_sit_or_rit
.text	0x00011ABC	0x80	t_movie/snd_test.cpp	global	test_tbl_now_check__FP11SndTestWorkii	test_tbl_now_check
.text	0x00011B3C	0x60	t_movie/snd_test.cpp	global	test_get_tpara_adrs__FP11SndTestWork	test_get_tpara_adrs
.text	0x00011B9C	0xA4	t_movie/snd_test.cpp	global	test_tbl_para_select__FP11SndTestWorki	test_tbl_para_select
.text	0x00011C40	0x90	t_movie/snd_test.cpp	local	move_type_num__FP11SndTestWorkP8TestPara	move_type_num
.text	0x00011CD0	0x90	t_movie/snd_test.cpp	local	move_type_note__FP11SndTestWorkP8TestPara	move_type_note
.text	0x00011D60	0x4	t_movie/snd_test.cpp	local	move_type_ext__FP11SndTestWorkP8TestPara	move_type_ext
.text	0x00011D64	0x68	t_movie/snd_test.cpp	local	move_type_flag__FP11SndTestWorkP8TestPara	move_type_flag
.text	0x00011DCC	0x4	t_movie/snd_test.cpp	local	move_type_nop__FP11SndTestWorkP8TestPara	move_type_nop
.text	0x00011DD0	0xB8	t_movie/snd_test.cpp	global	test_para_ck_s16__FP11SndTestWorkP8TestParas	test_para_ck_s16
.text	0x00011E88	0x128	t_movie/snd_test.cpp	global	test_play_or_stop__FP11SndTestWork	test_play_or_stop
.text	0x00011FB0	0xB8	t_movie/snd_test.cpp	global	test_req_no_select__FP11SndTestWorks	test_req_no_select
.text	0x00012068	0x54	t_movie/snd_test.cpp	global	test_blk_no_select__FP11SndTestWork	test_blk_no_select
.text	0x000120BC	0xE4	t_movie/snd_test.cpp	global	test_blk_enable_ck__FP11SndTestWorki	test_blk_enable_ck
.text	0x000121A0	0x7C	t_movie/snd_test.cpp	global	Snd_test_efx_init__FP11SndTestWork	Snd_test_efx_init
.text	0x0001221C	0xC8	t_movie/snd_test.cpp	global	Snd_test_efx_main__FP11SndTestWork	Snd_test_efx_main
.text	0x000122E4	0xAC	t_movie/snd_test.cpp	global	test_efx_type_select__FP11SndTestWorkP12SND_EFX_WORK	test_efx_type_select
.text	0x00012390	0xB4	t_movie/snd_test.cpp	global	test_efx_on_or_off__FP11SndTestWorkP12SND_EFX_WORK	test_efx_on_or_off
.text	0x00012444	0xA0	t_movie/snd_test.cpp	global	test_aux_para_select__FP11SndTestWork	test_aux_para_select
.text	0x000124E4	0x188	t_movie/snd_test.cpp	local	test_move_epara_f32__FP11SndTestWork	test_move_epara_f32
.text	0x0001266C	0x124	t_movie/snd_test.cpp	local	test_move_epara_u32__FP11SndTestWork	test_move_epara_u32
.text	0x00012790	0x9C	t_movie/snd_test.cpp	global	test_tbl_aux_ck__FP11SndTestWork	test_tbl_aux_ck
.text	0x0001282C	0x150	t_movie/snd_test.cpp	global	Snd_test_volume__FP11SndTestWork	Snd_test_volume
.text	0x0001297C	0x3C	t_movie/snd_test.cpp	global	Snd_test_disp_move__FP11SndTestWork	Snd_test_disp_move
.text	0x000129B8	0x128	t_movie/snd_test.cpp	local	snd_test_disp_sit__Fv	snd_test_disp_sit
.text	0x00012AE0	0xA0	t_movie/snd_test.cpp	global	disp_sit_type__FP11SndTestWorkP7SND_SIT	disp_sit_type
.text	0x00012B80	0x684	t_movie/snd_test.cpp	global	disp_sit_normal__FP11SND_ISS_BLKP7SND_SITii	disp_sit_normal
.text	0x00013204	0x368	t_movie/snd_test.cpp	global	disp_sit_midi__FP11SND_ISS_BLKP7SND_SITii	disp_sit_midi
.text	0x0001356C	0xB8	t_movie/snd_test.cpp	global	disp_seq_volume__FP12SND_SEQ_WORK	disp_seq_volume
.text	0x00013624	0x638	t_movie/snd_test.cpp	local	snd_test_disp_rit__Fv	snd_test_disp_rit
.text	0x00013C5C	0x34	t_movie/snd_test.cpp	global	str_get_player_id__Fv	str_get_player_id
.text	0x00013C90	0xCC	t_movie/snd_test.cpp	global	disp_cursor__FP11SndTestWorkii	disp_cursor
.text	0x00013D5C	0xC4	t_movie/snd_test.cpp	global	disp_str_status__FP11SndTestWorkii	disp_str_status
.text	0x00013E20	0x5A0	t_movie/snd_test.cpp	global	disp_sequencer__Fv	disp_sequencer
.text	0x000143C0	0x3F4	t_movie/snd_test.cpp	global	disp_se_wt_data__FP11SndTestWorkP11SND_ISS_BLKP7SND_SIT	disp_se_wt_data
.text	0x000147B4	0xB4	t_movie/snd_test.cpp	global	get_wt_ptr__FP11SndTestWorkP11SND_ISS_BLKP7SND_SIT	get_wt_ptr
.text	0x00014868	0x180	t_movie/snd_test.cpp	global	disp_adsr_para__FP11SndTestWork	disp_adsr_para
.text	0x000149E8	0x50	t_movie/snd_test.cpp	global	get_axv_ptr__FP11SndTestWork	get_axv_ptr
.text	0x00014A38	0x1A8	t_movie/snd_test.cpp	global	Snd_test_disp_menu__FP11SndTestWork	Snd_test_disp_menu
.text	0x00014BE0	0x58	t_movie/snd_test.cpp	global	Snd_test_disp_basic__FP11SndTestWork	Snd_test_disp_basic
.text	0x00014C38	0xF0	t_movie/snd_test.cpp	global	Snd_test_disp_voice__FP11SndTestWork	Snd_test_disp_voice
.text	0x00014D28	0x1A0	t_movie/snd_test.cpp	global	Snd_test_disp_req_para__FP11SndTestWork	Snd_test_disp_req_para
.text	0x00014EC8	0x98	t_movie/snd_test.cpp	global	Snd_test_disp_aux__FP11SndTestWork	Snd_test_disp_aux
.text	0x00014F60	0x2C4	t_movie/snd_test.cpp	global	Snd_test_disp_efx__Fv	Snd_test_disp_efx
.text	0x00015224	0x108	t_movie/snd_test.cpp	local	test_disp_efx_rev_hi__FP11SndTestWorkP12SND_EFX_WORKii	test_disp_efx_rev_hi
.text	0x0001532C	0xE4	t_movie/snd_test.cpp	local	test_disp_efx_rev_std__FP11SndTestWorkP12SND_EFX_WORKii	test_disp_efx_rev_std
.text	0x00015410	0x9C	t_movie/snd_test.cpp	local	test_disp_efx_chorus__FP11SndTestWorkP12SND_EFX_WORKii	test_disp_efx_chorus
.text	0x000154AC	0x174	t_movie/snd_test.cpp	local	test_disp_efx_delay__FP11SndTestWorkP12SND_EFX_WORKii	test_disp_efx_delay
.text	0x00015620	0xE4	t_movie/snd_test.cpp	local	test_disp_efx_rev_dpl2__FP11SndTestWorkP12SND_EFX_WORKii	test_disp_efx_rev_dpl2
.text	0x00015704	0x17C	t_movie/snd_test.cpp	global	Snd_test_disp_vol__Fv	Snd_test_disp_vol
.text	0x00015880	0x20	t_movie/snd_test.cpp	global	Snd_test_load_init__FP11SndTestWork	Snd_test_load_init
.text	0x000158A0	0x100	t_movie/snd_test.cpp	global	Snd_test_mode_load__FP11SndTestWork	Snd_test_mode_load
.text	0x000159A0	0x98	t_movie/snd_test.cpp	global	blk_no_check__FP11SndTestWork	blk_no_check
.text	0x00015A38	0xF0	t_movie/snd_test.cpp	global	load_select__FP11SndTestWork	load_select
.text	0x00015B28	0x4	t_movie/snd_test.cpp	global	load_sit_data__FP11SndTestWorkPc	load_sit_data
.text	0x00015B2C	0x4	t_movie/snd_test.cpp	global	load_rit_data__FP11SndTestWorkPc	load_rit_data
.text	0x00015B30	0x90	t_movie/snd_test.cpp	global	directory_open__FP11SndTestWork	directory_open
.text	0x00015BC0	0x124	t_movie/snd_test.cpp	global	dir_entry_read__FP11SndTestWorki	dir_entry_read
.text	0x00015CE4	0x17C	t_movie/snd_test.cpp	global	directory_disp__FP11SndTestWork	directory_disp
.text	0x00015E60	0x4C	t_movie/snd_test.cpp	global	cursor_disp__FP11SndTestWork	cursor_disp
.text	0x00015EAC	0x10C	t_movie/snd_test.cpp	global	blk_file_disp__FP11SndTestWork	blk_file_disp
.text	0x00015FB8	0x70	t_movie/snd_test.cpp	global	dir_name_up__FP11SndTestWork	dir_name_up
.text	0x00016028	0x38	t_movie/snd_test.cpp	global	change_to_cap__FPc	change_to_cap
.text	0x00016060	0x14	t_movie/snd_test.cpp	global	get_file_ext__FPc	get_file_ext
.text	0x00016074	0x38	t_movie/snd_test.cpp	global	get_dir_level__FPc	get_dir_level
.text	0x000160AC	0x34	t_movie/snd_test.cpp	global	Snd_test_dump_init__FP11SndTestWork	Snd_test_dump_init
.text	0x000160E0	0x164	t_movie/snd_test.cpp	global	Snd_test_aram_dump__FP11SndTestWork	Snd_test_aram_dump
.text	0x00016244	0x60	t_movie/snd_test.cpp	global	aram_blk_no_select__FP11SndTestWork	aram_blk_no_select
.text	0x000162A4	0xC4	t_movie/snd_test.cpp	global	blk_enable_ck__FP11SndTestWorki	blk_enable_ck
.text	0x00016368	0x7C	t_movie/snd_test.cpp	global	aram_dump_dma__FP11SndTestWork	aram_dump_dma
.text	0x000163E4	0x14	t_movie/snd_test.cpp	local	cb_dma_end__FUl	cb_dma_end
.text	0x000163F8	0x164	t_movie/snd_test.cpp	global	aram_dump_disp__FP11SndTestWork	aram_dump_disp
.text	0x0001655C	0xB0	t_movie/t_movie.cpp	global	_prolog	_prolog
.text	0x0001660C	0x60	t_movie/t_movie.cpp	global	_epilog	_epilog
.text	0x0001666C	0x2C	t_movie/t_movie.cpp	global	_unresolved	_unresolved
.text	0x00016698	0xB8	t_movie/t_movie.cpp	global	MovieTest__Fv	MovieTest
.text	0x00016750	0x50	t_movie/t_movie.cpp	local	movie_test_init__FP13MovieTestWork	movie_test_init
.text	0x000167A0	0x3E0	t_movie/t_movie.cpp	local	movie_test_main__FP13MovieTestWork	movie_test_main
.text	0x00016B80	0x2C	t_movie/t_movie.cpp	local	movie_test_exit__FP13MovieTestWork	movie_test_exit
.text	0x00016BAC	0xF8	t_movie/t_movie.cpp	global	file_search__FPCcT0	file_search
.text	0x00016CA4	0x90	t_movie/t_movie.cpp	global	SoundTest__Fv	SoundTest
.text	0x00016D34	0x38	t_movie/t_movie.cpp	global	Snd_test_get_str_name__Fi	Snd_test_get_str_name
.text	0x00016D6C	0x54	t_movie/t_movie.cpp	global	__static_initialization_and_destruction_0	__static_initialization_and_destruction_0
.text	0x00016DC0	0x2C	t_movie/t_movie.cpp	local	global_constructors_keyed_to_prolog	global constructors keyed to _prolog
.text	0x00016DEC	0x2C	t_movie/t_movie.cpp	local	global_destructors_keyed_to_prolog	global destructors keyed to _prolog
.text	0x00016E18	0x90	t_movie/t_prim.cpp	global	TprimInitEnv2D3D__FP9TprimViewPA3_fT1	TprimInitEnv2D3D
.text	0x00016EA8	0x90	t_movie/t_prim.cpp	global	TprimDraw2D__FUl	TprimDraw2D
.text	0x00016F38	0x50	t_movie/t_prim.cpp	global	TprimDraw3D__FUl	TprimDraw3D
.text	0x00016F88	0x58	t_movie/t_prim.cpp	global	TprimSetBlend__FUl	TprimSetBlend
.text	0x00016FE0	0xC0	t_movie/t_prim.cpp	global	set_attr_common__Fv	set_attr_common
.text	0x000170A0	0x68	t_movie/t_prim.cpp	global	set_attr_f32__Fv	set_attr_f32
.text	0x00017108	0x68	t_movie/t_prim.cpp	global	set_attr_s16__Fv	set_attr_s16
.text	0x00017170	0x98	t_movie/t_prim.cpp	global	TprimDrawFrameFn_s16__FP6S16VecP7GXColorUs	TprimDrawFrameFn_s16
.text	0x00017208	0x58	t_movie/t_prim.cpp	global	TprimDrawPolyFn_s16__FP6S16VecP7GXColorUs	TprimDrawPolyFn_s16
.text	0x00017260	0x5C	t_movie/t_prim.cpp	global	set_vtx_flat_s16__FP6S16VecP7GXColorUs	set_vtx_flat_s16
.text	0x000172BC	0xD0	t_movie/t_se_at.cpp	global	ToolSeAt__Fv	ToolSeAt
.text	0x0001738C	0x214	t_movie/t_se_at.cpp	global	seAtInit__Fv	seAtInit
.text	0x000175A0	0x84	t_movie/t_se_at.cpp	local	seAtExit__Fv	seAtExit
.text	0x00017624	0xCC	t_movie/t_se_at.cpp	local	seAtMainMenu__Fv	seAtMainMenu
.text	0x000176F0	0x3A4	t_movie/t_se_at.cpp	local	seAtAreaEdit__Fv	seAtAreaEdit
.text	0x00017A94	0x154	t_movie/t_se_at.cpp	local	seAtAreaEdit_EditMenu__Fv	seAtAreaEdit_EditMenu
.text	0x00017BE8	0x300	t_movie/t_se_at.cpp	local	seAtAreaEdit_AreaMove__Fv	seAtAreaEdit_AreaMove
.text	0x00017EE8	0xC6C	t_movie/t_se_at.cpp	local	seAtAreaEdit_DataInput__Fv	seAtAreaEdit_DataInput
.text	0x00018B54	0xA0	t_movie/t_se_at.cpp	local	seAtAreaEdit_AreaCopy__Fv	seAtAreaEdit_AreaCopy
.text	0x00018BF4	0x84	t_movie/t_se_at.cpp	local	seAtAreaEdit_AreaPaste__Fv	seAtAreaEdit_AreaPaste
.text	0x00018C78	0x4C	t_movie/t_se_at.cpp	local	seAtAreaEdit_CopyBuffClear__Fv	seAtAreaEdit_CopyBuffClear
.text	0x00018CC4	0x28	t_movie/t_se_at.cpp	local	seAtAreaEdit_AreaDelete__Fv	seAtAreaEdit_AreaDelete
.text	0x00018CEC	0x6C	t_movie/t_se_at.cpp	local	seAtAreaEdit_AreaCreate__Fv	seAtAreaEdit_AreaCreate
.text	0x00018D58	0x858	t_movie/t_se_at.cpp	local	seAtDataLoad__Fv	seAtDataLoad
.text	0x000195B0	0x47C	t_movie/t_se_at.cpp	local	seAtDataSave__Fv	seAtDataSave
.text	0x00019A2C	0x40	t_movie/t_se_at.cpp	local	seAtPreview__Fv	seAtPreview
.text	0x00019A6C	0x16C	t_movie/t_se_at.cpp	local	preview_init__Fv	preview_init
.text	0x00019BD8	0x88	t_movie/t_se_at.cpp	local	preview_main__Fv	preview_main
.text	0x00019C60	0xB8	t_movie/t_se_at.cpp	local	preview_exit__Fv	preview_exit
.text	0x00019D18	0x3B8	t_movie/t_se_at.cpp	global	fn_t_movie_19D18	.
.text	0x0001A0D0	0x1F4	t_movie/t_snd_vol.cpp	global	getInfoData__FP10SndRoomHdr	getInfoData
.text	0x0001A2C4	0xCC	t_movie/t_snd_vol.cpp	global	init__Fv	init
.text	0x0001A390	0x2C	t_movie/t_snd_vol.cpp	global	exit__Fv	exit
.text	0x0001A3BC	0x3A4	t_movie/t_snd_vol.cpp	local	edit_menu__Fv	edit_menu
.text	0x0001A760	0x1E4	t_movie/t_snd_vol.cpp	global	ListLineDraw__FP6TblEntUliii	ListLineDraw
.text	0x0001A944	0x274	t_movie/t_snd_vol.cpp	global	ListDraw__FssUlScUc	ListDraw
.text	0x0001ABB8	0x124	t_movie/t_snd_vol.cpp	global	select_cur_move__Fv	select_cur_move
.text	0x0001ACDC	0x174	t_movie/t_snd_vol.cpp	local	data_select_main__Fv	data_select_main
.text	0x0001AE50	0x3E0	t_movie/t_snd_vol.cpp	local	data_copy__Fv	data_copy
.text	0x0001B230	0x288	t_movie/t_snd_vol.cpp	local	data_delete__Fv	data_delete
.text	0x0001B4B8	0x1B8	t_movie/t_snd_vol.cpp	local	data_select__Fv	data_select
.text	0x0001B670	0x884	t_movie/t_snd_vol.cpp	local	data_edit__Fv	data_edit
.text	0x0001BEF4	0x224	t_movie/t_snd_vol.cpp	global	markDraw__FsUlif	markDraw
.text	0x0001C118	0xA8	t_movie/t_snd_vol.cpp	global	mainFrameDisp__Fv	mainFrameDisp
.text	0x0001C1C0	0x248	t_movie/t_snd_vol.cpp	global	editDataLineDraw__FP6TblEntUl	editDataLineDraw
.text	0x0001C408	0xDC	t_movie/t_snd_vol.cpp	global	editDataDraw__FP7EditTbl	editDataDraw
.text	0x0001C4E4	0x4E4	t_movie/t_snd_vol.cpp	global	editScreenDisp__Fv	editScreenDisp
.text	0x0001C9C8	0x15E8	t_movie/t_snd_vol.cpp	local	edit_reverb_param__Fv	edit_reverb_param
.text	0x0001DFB0	0x464	t_movie/t_snd_vol.cpp	global	combine_tbl_disp__FP7CombSel	combine_tbl_disp
.text	0x0001E414	0x2D0	t_movie/t_snd_vol.cpp	local	combine_tbl_select__Fv	combine_tbl_select
.text	0x0001E6E4	0x3C0	t_movie/t_snd_vol.cpp	local	combine_tbl_edit__Fv	combine_tbl_edit
.text	0x0001EAA4	0x424	t_movie/t_snd_vol.cpp	local	combine_tbl_copy__Fv	combine_tbl_copy
.text	0x0001EEC8	0x258	t_movie/t_snd_vol.cpp	local	combine_tbl_delete__Fv	combine_tbl_delete
.text	0x0001F120	0x124	t_movie/t_snd_vol.cpp	local	edit_combine_tbl__Fv	edit_combine_tbl
.text	0x0001F244	0x804	t_movie/t_snd_vol.cpp	local	file_save__Fv	file_save
.text	0x0001FA48	0x784	t_movie/t_snd_vol.cpp	local	file_load__Fv	file_load
.text	0x000201CC	0x70	t_movie/t_snd_vol.cpp	global	ToolSndVolEdit__Fv	ToolSndVolEdit
.text	0x0002023C	0x1B4	t_movie/t_util.cpp	global	TutilInitDefault__Fv	TutilInitDefault
.text	0x000203F0	0x144	t_movie/t_util.cpp	global	TutilQuitDefault__Fv	TutilQuitDefault
.text	0x00020534	0x34	t_movie/t_util.cpp	global	ToolMenuDisp__FiiiP9TOOL_MENUiP3JOY	ToolMenuDisp
.text	0x00020568	0x278	t_movie/t_util.cpp	global	ToolMenuDisp_cur__FiiiPScP9TOOL_MENUiP3JOY	ToolMenuDisp_cur
.text	0x00020820	0x0	t_movie/t_util.cpp	global	lbl_t_movie_text_20820	lbl_t_movie_text_20820
.text	0x0002085C	0x0	t_movie/t_util.cpp	global	lbl_t_movie_text_2085C	lbl_t_movie_text_2085C
.text	0x00020870	0x0	t_movie/t_util.cpp	global	lbl_t_movie_text_20870	lbl_t_movie_text_20870
.text	0x0002087C	0x0	t_movie/t_util.cpp	global	lbl_t_movie_text_2087C	lbl_t_movie_text_2087C
.text	0x0002088C	0x0	t_movie/t_util.cpp	global	lbl_t_movie_text_2088C	lbl_t_movie_text_2088C
.text	0x000208CC	0x0	t_movie/t_util.cpp	global	lbl_t_movie_text_208CC	lbl_t_movie_text_208CC
.text	0x0002090C	0x0	t_movie/t_util.cpp	global	lbl_t_movie_text_2090C	lbl_t_movie_text_2090C
.text	0x0002097C	0x0	t_movie/t_util.cpp	global	lbl_t_movie_text_2097C	lbl_t_movie_text_2097C
.text	0x000209AC	0x0	t_movie/t_util.cpp	global	lbl_t_movie_text_209AC	lbl_t_movie_text_209AC
.text	0x000209BC	0x0	t_movie/t_util.cpp	global	lbl_t_movie_text_209BC	lbl_t_movie_text_209BC
.text	0x000209D0	0x0	t_movie/t_util.cpp	global	lbl_t_movie_text_209D0	lbl_t_movie_text_209D0
.text	0x000209E8	0x0	t_movie/t_util.cpp	global	lbl_t_movie_text_209E8	lbl_t_movie_text_209E8
.text	0x000209F8	0x0	t_movie/t_util.cpp	global	lbl_t_movie_text_209F8	lbl_t_movie_text_209F8
.text	0x00020A8C	0x0	t_movie/t_util.cpp	global	lbl_t_movie_text_20A8C	lbl_t_movie_text_20A8C
.text	0x00020ADC	0x0	t_movie/t_util.cpp	global	lbl_t_movie_text_20ADC	lbl_t_movie_text_20ADC
.text	0x00020B0C	0x0	t_movie/t_util.cpp	global	lbl_t_movie_text_20B0C	lbl_t_movie_text_20B0C
.text	0x00020B58	0x0	t_movie/t_util.cpp	global	lbl_t_movie_text_20B58	lbl_t_movie_text_20B58
.text	0x00020B6C	0x0	t_movie/t_util.cpp	global	lbl_t_movie_text_20B6C	lbl_t_movie_text_20B6C
.rodata	0x0000006C	0x18	t_movie/db_light.cpp	local	lbl_t_movie_rodata_6C	lbl_t_movie_rodata_6C
.rodata	0x00000084	0x8	t_movie/db_light.cpp	local	lbl_t_movie_rodata_84	lbl_t_movie_rodata_84
.rodata	0x0000008C	0x8	t_movie/db_light.cpp	local	lbl_t_movie_rodata_8C	lbl_t_movie_rodata_8C
.rodata	0x00000094	0x8	t_movie/db_light.cpp	local	lbl_t_movie_rodata_94	lbl_t_movie_rodata_94
.rodata	0x0000009C	0xC	t_movie/db_light.cpp	local	lbl_t_movie_rodata_9C	lbl_t_movie_rodata_9C
.rodata	0x000000A8	0x8	t_movie/db_light.cpp	local	lbl_t_movie_rodata_A8	lbl_t_movie_rodata_A8
.rodata	0x000000B0	0x8	t_movie/db_light.cpp	local	lbl_t_movie_rodata_B0	lbl_t_movie_rodata_B0
.rodata	0x000000B8	0x8	t_movie/db_light.cpp	local	lbl_t_movie_rodata_B8	lbl_t_movie_rodata_B8
.rodata	0x000000C0	0x8	t_movie/db_light.cpp	local	lbl_t_movie_rodata_C0	lbl_t_movie_rodata_C0
.rodata	0x000000C8	0xC	t_movie/db_light.cpp	local	lbl_t_movie_rodata_C8	lbl_t_movie_rodata_C8
.rodata	0x000000D4	0x8	t_movie/db_light.cpp	local	lbl_t_movie_rodata_D4	lbl_t_movie_rodata_D4
.rodata	0x000000DC	0xC	t_movie/db_light.cpp	local	lbl_t_movie_rodata_DC	lbl_t_movie_rodata_DC
.rodata	0x000000E8	0x8	t_movie/db_light.cpp	local	lbl_t_movie_rodata_E8	lbl_t_movie_rodata_E8
.rodata	0x000000F0	0xC	t_movie/db_light.cpp	local	lbl_t_movie_rodata_F0	lbl_t_movie_rodata_F0
.rodata	0x000000FC	0xC	t_movie/db_light.cpp	local	lbl_t_movie_rodata_FC	lbl_t_movie_rodata_FC
.rodata	0x00000108	0x8	t_movie/db_light.cpp	local	lbl_t_movie_rodata_108	lbl_t_movie_rodata_108
.rodata	0x00000110	0xC	t_movie/db_light.cpp	local	lbl_t_movie_rodata_110	lbl_t_movie_rodata_110
.rodata	0x0000011C	0xC	t_movie/db_light.cpp	local	lbl_t_movie_rodata_11C	lbl_t_movie_rodata_11C
.rodata	0x00000128	0x10	t_movie/db_light.cpp	local	lbl_t_movie_rodata_128	lbl_t_movie_rodata_128
.rodata	0x00000138	0x4	t_movie/db_light.cpp	local	lbl_t_movie_rodata_138	lbl_t_movie_rodata_138
.rodata	0x0000013C	0x8	t_movie/db_light.cpp	local	lbl_t_movie_rodata_13C	lbl_t_movie_rodata_13C
.rodata	0x00000144	0x8	t_movie/db_light.cpp	local	lbl_t_movie_rodata_144	lbl_t_movie_rodata_144
.rodata	0x0000014C	0x8	t_movie/db_light.cpp	local	lbl_t_movie_rodata_14C	lbl_t_movie_rodata_14C
.rodata	0x00000154	0x8	t_movie/db_light.cpp	local	lbl_t_movie_rodata_154	lbl_t_movie_rodata_154
.rodata	0x0000015C	0x8	t_movie/db_light.cpp	local	lbl_t_movie_rodata_15C	lbl_t_movie_rodata_15C
.rodata	0x00000164	0x8	t_movie/db_light.cpp	local	lbl_t_movie_rodata_164	lbl_t_movie_rodata_164
.rodata	0x0000016C	0x8	t_movie/db_light.cpp	local	lbl_t_movie_rodata_16C	lbl_t_movie_rodata_16C
.rodata	0x00000174	0x8	t_movie/db_light.cpp	local	lbl_t_movie_rodata_174	lbl_t_movie_rodata_174
.rodata	0x0000017C	0x8	t_movie/db_light.cpp	local	lbl_t_movie_rodata_17C	lbl_t_movie_rodata_17C
.rodata	0x00000184	0x8	t_movie/db_light.cpp	local	lbl_t_movie_rodata_184	lbl_t_movie_rodata_184
.rodata	0x0000018C	0x4	t_movie/db_light.cpp	local	lbl_t_movie_rodata_18C	lbl_t_movie_rodata_18C
.rodata	0x00000190	0x4	t_movie/db_light.cpp	local	lbl_t_movie_rodata_190	lbl_t_movie_rodata_190
.rodata	0x00000194	0x4	t_movie/db_light.cpp	local	lbl_t_movie_rodata_194	lbl_t_movie_rodata_194
.rodata	0x00000198	0x4	t_movie/db_light.cpp	local	lbl_t_movie_rodata_198	lbl_t_movie_rodata_198
.rodata	0x0000019C	0x4	t_movie/db_light.cpp	local	lbl_t_movie_rodata_19C	lbl_t_movie_rodata_19C
.rodata	0x000001A0	0x4	t_movie/db_light.cpp	local	lbl_t_movie_rodata_1A0	lbl_t_movie_rodata_1A0
.rodata	0x000001A4	0xC	t_movie/db_light.cpp	local	lbl_t_movie_rodata_1A4	lbl_t_movie_rodata_1A4
.rodata	0x000001B0	0xC	t_movie/db_light.cpp	local	lbl_t_movie_rodata_1B0	lbl_t_movie_rodata_1B0
.rodata	0x000001BC	0xC	t_movie/db_light.cpp	local	lbl_t_movie_rodata_1BC	lbl_t_movie_rodata_1BC
.rodata	0x000001C8	0x8	t_movie/db_light.cpp	local	lbl_t_movie_rodata_1C8	lbl_t_movie_rodata_1C8
.rodata	0x000001D0	0x8	t_movie/db_light.cpp	local	lbl_t_movie_rodata_1D0	lbl_t_movie_rodata_1D0
.rodata	0x000001D8	0x8	t_movie/db_light.cpp	local	lbl_t_movie_rodata_1D8	lbl_t_movie_rodata_1D8
.rodata	0x000001E0	0xC	t_movie/db_light.cpp	local	lbl_t_movie_rodata_1E0	lbl_t_movie_rodata_1E0
.rodata	0x000001EC	0x4	t_movie/db_light.cpp	local	lbl_t_movie_rodata_1EC	lbl_t_movie_rodata_1EC
.rodata	0x000001F0	0x4	t_movie/db_light.cpp	local	lbl_t_movie_rodata_1F0	lbl_t_movie_rodata_1F0
.rodata	0x000001F4	0x4	t_movie/db_light.cpp	local	lbl_t_movie_rodata_1F4	lbl_t_movie_rodata_1F4
.rodata	0x000001F8	0x4	t_movie/db_light.cpp	local	lbl_t_movie_rodata_1F8	lbl_t_movie_rodata_1F8
.rodata	0x000001FC	0x4	t_movie/db_light.cpp	local	lbl_t_movie_rodata_1FC	lbl_t_movie_rodata_1FC
.rodata	0x00000200	0x4	t_movie/db_light.cpp	local	lbl_t_movie_rodata_200	lbl_t_movie_rodata_200
.rodata	0x00000204	0x28	t_movie/db_light.cpp	local	lbl_t_movie_rodata_204	lbl_t_movie_rodata_204
.rodata	0x0000022C	0x2C	t_movie/db_light.cpp	local	lbl_t_movie_rodata_22C	lbl_t_movie_rodata_22C
.rodata	0x00000258	0x30	t_movie/db_light.cpp	local	lbl_t_movie_rodata_258	lbl_t_movie_rodata_258
.rodata	0x00000288	0x30	t_movie/db_light.cpp	local	lbl_t_movie_rodata_288	lbl_t_movie_rodata_288
.rodata	0x000002B8	0x1C	t_movie/db_light.cpp	local	lbl_t_movie_rodata_2B8	lbl_t_movie_rodata_2B8
.rodata	0x000002D4	0x2C	t_movie/db_light.cpp	local	lbl_t_movie_rodata_2D4	lbl_t_movie_rodata_2D4
.rodata	0x00000300	0x24	t_movie/db_light.cpp	local	lbl_t_movie_rodata_300	lbl_t_movie_rodata_300
.rodata	0x00000324	0xB0	t_movie/db_light.cpp	local	lbl_t_movie_rodata_324	lbl_t_movie_rodata_324
.rodata	0x000003D4	0x1C	t_movie/db_light.cpp	local	lbl_t_movie_rodata_3D4	lbl_t_movie_rodata_3D4
.rodata	0x000003F0	0x28	t_movie/db_light.cpp	local	lbl_t_movie_rodata_3F0	lbl_t_movie_rodata_3F0
.rodata	0x00000418	0x1C	t_movie/db_light.cpp	local	lbl_t_movie_rodata_418	lbl_t_movie_rodata_418
.rodata	0x00000434	0x2C	t_movie/db_light.cpp	local	lbl_t_movie_rodata_434	lbl_t_movie_rodata_434
.rodata	0x00000460	0x8	t_movie/db_light.cpp	local	lbl_t_movie_rodata_460	lbl_t_movie_rodata_460
.rodata	0x00000468	0x8	t_movie/db_light.cpp	local	lbl_t_movie_rodata_468	lbl_t_movie_rodata_468
.rodata	0x00000470	0x8	t_movie/db_light.cpp	local	lbl_t_movie_rodata_470	lbl_t_movie_rodata_470
.rodata	0x00000478	0x8	t_movie/db_light.cpp	local	lbl_t_movie_rodata_478	lbl_t_movie_rodata_478
.rodata	0x00000480	0x8	t_movie/db_light.cpp	local	lbl_t_movie_rodata_480	lbl_t_movie_rodata_480
.rodata	0x00000488	0x8	t_movie/db_light.cpp	local	lbl_t_movie_rodata_488	lbl_t_movie_rodata_488
.rodata	0x00000490	0xC	t_movie/db_light.cpp	local	lbl_t_movie_rodata_490	lbl_t_movie_rodata_490
.rodata	0x0000049C	0x8	t_movie/db_light.cpp	local	lbl_t_movie_rodata_49C	lbl_t_movie_rodata_49C
.rodata	0x000004A4	0x4	t_movie/db_light.cpp	local	lbl_t_movie_rodata_4A4	lbl_t_movie_rodata_4A4
.rodata	0x000004A8	0xC	t_movie/db_light.cpp	local	lbl_t_movie_rodata_4A8	lbl_t_movie_rodata_4A8
.rodata	0x000004B4	0x8	t_movie/db_light.cpp	local	lbl_t_movie_rodata_4B4	lbl_t_movie_rodata_4B4
.rodata	0x000004BC	0x8	t_movie/db_light.cpp	local	lbl_t_movie_rodata_4BC	lbl_t_movie_rodata_4BC
.rodata	0x000004C4	0x8	t_movie/db_light.cpp	local	lbl_t_movie_rodata_4C4	lbl_t_movie_rodata_4C4
.rodata	0x000004CC	0xC	t_movie/db_light.cpp	local	lbl_t_movie_rodata_4CC	lbl_t_movie_rodata_4CC
.rodata	0x000004D8	0xC	t_movie/db_light.cpp	local	lbl_t_movie_rodata_4D8	lbl_t_movie_rodata_4D8
.rodata	0x000004E4	0xC	t_movie/db_light.cpp	local	lbl_t_movie_rodata_4E4	lbl_t_movie_rodata_4E4
.rodata	0x000004F0	0x8	t_movie/db_light.cpp	local	lbl_t_movie_rodata_4F0	lbl_t_movie_rodata_4F0
.rodata	0x000004F8	0xC	t_movie/db_light.cpp	local	lbl_t_movie_rodata_4F8	lbl_t_movie_rodata_4F8
.rodata	0x00000504	0x4	t_movie/db_light.cpp	local	lbl_t_movie_rodata_504	lbl_t_movie_rodata_504
.rodata	0x00000508	0xC	t_movie/db_light.cpp	local	lbl_t_movie_rodata_508	lbl_t_movie_rodata_508
.rodata	0x00000514	0x30	t_movie/db_light.cpp	local	lbl_t_movie_rodata_514	lbl_t_movie_rodata_514
.rodata	0x00000544	0x8	t_movie/db_light.cpp	local	lbl_t_movie_rodata_544	lbl_t_movie_rodata_544
.rodata	0x0000054C	0x24	t_movie/db_light.cpp	local	lbl_t_movie_rodata_54C	lbl_t_movie_rodata_54C
.rodata	0x00000570	0x4	t_movie/db_light.cpp	local	lbl_t_movie_rodata_570	lbl_t_movie_rodata_570
.rodata	0x00000574	0x24	t_movie/db_light.cpp	local	cutsel_col.441	cutsel_col.441
.rodata	0x00000598	0x4	t_movie/db_light.cpp	local	lbl_t_movie_rodata_598	lbl_t_movie_rodata_598
.rodata	0x0000059C	0x8	t_movie/db_light.cpp	local	lbl_t_movie_rodata_59C	lbl_t_movie_rodata_59C
.rodata	0x000005A4	0x8	t_movie/db_light.cpp	local	lbl_t_movie_rodata_5A4	lbl_t_movie_rodata_5A4
.rodata	0x000005AC	0x8	t_movie/db_light.cpp	local	lbl_t_movie_rodata_5AC	lbl_t_movie_rodata_5AC
.rodata	0x000005B4	0x14	t_movie/db_light.cpp	local	lbl_t_movie_rodata_5B4	lbl_t_movie_rodata_5B4
.rodata	0x000005C8	0x10	t_movie/db_light.cpp	local	lbl_t_movie_rodata_5C8	lbl_t_movie_rodata_5C8
.rodata	0x000005D8	0xC	t_movie/db_light.cpp	local	lbl_t_movie_rodata_5D8	lbl_t_movie_rodata_5D8
.rodata	0x000005E4	0x8	t_movie/db_light.cpp	local	lbl_t_movie_rodata_5E4	lbl_t_movie_rodata_5E4
.rodata	0x000005EC	0x8	t_movie/db_light.cpp	local	lbl_t_movie_rodata_5EC	lbl_t_movie_rodata_5EC
.rodata	0x000005F4	0x8	t_movie/db_light.cpp	local	lbl_t_movie_rodata_5F4	lbl_t_movie_rodata_5F4
.rodata	0x000005FC	0xC	t_movie/db_light.cpp	local	lbl_t_movie_rodata_5FC	lbl_t_movie_rodata_5FC
.rodata	0x00000608	0x28	t_movie/db_light.cpp	local	lbl_t_movie_rodata_608	lbl_t_movie_rodata_608
.rodata	0x00000630	0x30	t_movie/db_light.cpp	local	lbl_t_movie_rodata_630	lbl_t_movie_rodata_630
.rodata	0x00000660	0x28	t_movie/db_light.cpp	local	lbl_t_movie_rodata_660	lbl_t_movie_rodata_660
.rodata	0x00000688	0x24	t_movie/db_light.cpp	local	lbl_t_movie_rodata_688	lbl_t_movie_rodata_688
.rodata	0x000006AC	0x1C	t_movie/db_light.cpp	local	lbl_t_movie_rodata_6AC	lbl_t_movie_rodata_6AC
.rodata	0x000006C8	0x10	t_movie/db_light.cpp	local	lbl_t_movie_rodata_6C8	lbl_t_movie_rodata_6C8
.rodata	0x000006D8	0x8	t_movie/db_light.cpp	local	lbl_t_movie_rodata_6D8	lbl_t_movie_rodata_6D8
.rodata	0x000006E0	0xC	t_movie/db_light.cpp	local	lbl_t_movie_rodata_6E0	lbl_t_movie_rodata_6E0
.rodata	0x000006EC	0x18	t_movie/db_light.cpp	local	lbl_t_movie_rodata_6EC	lbl_t_movie_rodata_6EC
.rodata	0x00000704	0x10	t_movie/db_light.cpp	local	lbl_t_movie_rodata_704	lbl_t_movie_rodata_704
.rodata	0x00000714	0x10	t_movie/db_light.cpp	local	lbl_t_movie_rodata_714	lbl_t_movie_rodata_714
.rodata	0x00000724	0x10	t_movie/db_light.cpp	local	lbl_t_movie_rodata_724	lbl_t_movie_rodata_724
.rodata	0x00000734	0x4	t_movie/db_light.cpp	local	lbl_t_movie_rodata_734	lbl_t_movie_rodata_734
.rodata	0x00000738	0x4	t_movie/db_light.cpp	local	lbl_t_movie_rodata_738	lbl_t_movie_rodata_738
.rodata	0x0000073C	0x4	t_movie/db_light.cpp	local	lbl_t_movie_rodata_73C	lbl_t_movie_rodata_73C
.rodata	0x00000740	0xC	t_movie/db_light.cpp	local	lbl_t_movie_rodata_740	lbl_t_movie_rodata_740
.rodata	0x0000074C	0xC	t_movie/db_light.cpp	local	lbl_t_movie_rodata_74C	lbl_t_movie_rodata_74C
.rodata	0x00000758	0xC	t_movie/db_light.cpp	local	lbl_t_movie_rodata_758	lbl_t_movie_rodata_758
.rodata	0x00000764	0x14	t_movie/db_light.cpp	local	lbl_t_movie_rodata_764	lbl_t_movie_rodata_764
.rodata	0x00000778	0x4	t_movie/db_light.cpp	local	lbl_t_movie_rodata_778	lbl_t_movie_rodata_778
.rodata	0x0000077C	0x4	t_movie/db_light.cpp	local	lbl_t_movie_rodata_77C	lbl_t_movie_rodata_77C
.rodata	0x00000780	0x4	t_movie/db_light.cpp	local	lbl_t_movie_rodata_780	lbl_t_movie_rodata_780
.rodata	0x00000784	0x4	t_movie/db_light.cpp	local	lbl_t_movie_rodata_784	lbl_t_movie_rodata_784
.rodata	0x00000788	0x8	t_movie/db_light.cpp	local	lbl_t_movie_rodata_788	lbl_t_movie_rodata_788
.rodata	0x00000790	0xC	t_movie/db_light.cpp	local	lbl_t_movie_rodata_790	lbl_t_movie_rodata_790
.rodata	0x0000079C	0x8	t_movie/db_light.cpp	local	lbl_t_movie_rodata_79C	lbl_t_movie_rodata_79C
.rodata	0x000007A4	0xC	t_movie/db_light.cpp	local	lbl_t_movie_rodata_7A4	lbl_t_movie_rodata_7A4
.rodata	0x000007B0	0x8	t_movie/db_light.cpp	local	lbl_t_movie_rodata_7B0	lbl_t_movie_rodata_7B0
.rodata	0x000007B8	0x4	t_movie/db_light.cpp	local	lbl_t_movie_rodata_7B8	lbl_t_movie_rodata_7B8
.rodata	0x000007BC	0xC	t_movie/db_light.cpp	local	lbl_t_movie_rodata_7BC	lbl_t_movie_rodata_7BC
.rodata	0x000007C8	0xC	t_movie/db_light.cpp	local	lbl_t_movie_rodata_7C8	lbl_t_movie_rodata_7C8
.rodata	0x000007D4	0xC	t_movie/db_light.cpp	local	lbl_t_movie_rodata_7D4	lbl_t_movie_rodata_7D4
.rodata	0x000007E0	0xC	t_movie/db_light.cpp	local	lbl_t_movie_rodata_7E0	lbl_t_movie_rodata_7E0
.rodata	0x000007EC	0xC	t_movie/db_light.cpp	local	lbl_t_movie_rodata_7EC	lbl_t_movie_rodata_7EC
.rodata	0x000007F8	0x10	t_movie/db_light.cpp	local	lbl_t_movie_rodata_7F8	lbl_t_movie_rodata_7F8
.rodata	0x00000808	0xC	t_movie/db_light.cpp	local	lbl_t_movie_rodata_808	lbl_t_movie_rodata_808
.rodata	0x00000814	0x10	t_movie/db_light.cpp	local	lbl_t_movie_rodata_814	lbl_t_movie_rodata_814
.rodata	0x00000824	0xC	t_movie/db_light.cpp	local	lbl_t_movie_rodata_824	lbl_t_movie_rodata_824
.rodata	0x00000830	0x14	t_movie/db_light.cpp	local	lbl_t_movie_rodata_830	lbl_t_movie_rodata_830
.rodata	0x00000844	0xC	t_movie/db_light.cpp	local	lbl_t_movie_rodata_844	lbl_t_movie_rodata_844
.rodata	0x00000850	0xC	t_movie/db_light.cpp	local	lbl_t_movie_rodata_850	lbl_t_movie_rodata_850
.rodata	0x0000085C	0xC	t_movie/db_light.cpp	local	lbl_t_movie_rodata_85C	lbl_t_movie_rodata_85C
.rodata	0x00000868	0x8	t_movie/db_light.cpp	local	lbl_t_movie_rodata_868	lbl_t_movie_rodata_868
.rodata	0x00000870	0x10	t_movie/db_light.cpp	local	lbl_t_movie_rodata_870	lbl_t_movie_rodata_870
.rodata	0x00000880	0xC	t_movie/db_light.cpp	local	lbl_t_movie_rodata_880	lbl_t_movie_rodata_880
.rodata	0x0000088C	0xC	t_movie/db_light.cpp	local	lbl_t_movie_rodata_88C	lbl_t_movie_rodata_88C
.rodata	0x00000898	0x8	t_movie/db_light.cpp	local	lbl_t_movie_rodata_898	lbl_t_movie_rodata_898
.rodata	0x000008A0	0x4	t_movie/db_light.cpp	local	lbl_t_movie_rodata_8A0	lbl_t_movie_rodata_8A0
.rodata	0x000008A4	0x4	t_movie/db_light.cpp	local	lbl_t_movie_rodata_8A4	lbl_t_movie_rodata_8A4
.rodata	0x000008A8	0x4	t_movie/db_light.cpp	local	lbl_t_movie_rodata_8A8	lbl_t_movie_rodata_8A8
.rodata	0x000008AC	0x10	t_movie/db_light.cpp	local	lbl_t_movie_rodata_8AC	lbl_t_movie_rodata_8AC
.rodata	0x000008BC	0x10	t_movie/db_light.cpp	local	lbl_t_movie_rodata_8BC	lbl_t_movie_rodata_8BC
.rodata	0x000008CC	0x10	t_movie/db_light.cpp	local	lbl_t_movie_rodata_8CC	lbl_t_movie_rodata_8CC
.rodata	0x000008DC	0x4	t_movie/db_light.cpp	local	lbl_t_movie_rodata_8DC	lbl_t_movie_rodata_8DC
.rodata	0x000008E0	0x4	t_movie/db_light.cpp	local	lbl_t_movie_rodata_8E0	lbl_t_movie_rodata_8E0
.rodata	0x000008E4	0x4	t_movie/db_light.cpp	local	lbl_t_movie_rodata_8E4	lbl_t_movie_rodata_8E4
.rodata	0x000008E8	0x4	t_movie/db_light.cpp	local	lbl_t_movie_rodata_8E8	lbl_t_movie_rodata_8E8
.rodata	0x000008EC	0xC	t_movie/db_light.cpp	local	lbl_t_movie_rodata_8EC	lbl_t_movie_rodata_8EC
.rodata	0x000008F8	0x8	t_movie/db_light.cpp	local	lbl_t_movie_rodata_8F8	lbl_t_movie_rodata_8F8
.rodata	0x00000900	0x8	t_movie/db_light.cpp	local	lbl_t_movie_rodata_900	lbl_t_movie_rodata_900
.rodata	0x00000908	0x8	t_movie/db_light.cpp	local	lbl_t_movie_rodata_908	lbl_t_movie_rodata_908
.rodata	0x00000910	0x8	t_movie/db_light.cpp	local	lbl_t_movie_rodata_910	lbl_t_movie_rodata_910
.rodata	0x00000918	0x8	t_movie/db_light.cpp	local	lbl_t_movie_rodata_918	lbl_t_movie_rodata_918
.rodata	0x00000920	0x10	t_movie/db_light.cpp	local	lbl_t_movie_rodata_920	lbl_t_movie_rodata_920
.rodata	0x00000930	0x18	t_movie/db_light.cpp	local	lbl_t_movie_rodata_930	lbl_t_movie_rodata_930
.rodata	0x00000948	0x8	t_movie/db_light.cpp	local	lbl_t_movie_rodata_948	lbl_t_movie_rodata_948
.rodata	0x00000950	0xC	t_movie/db_light.cpp	local	lbl_t_movie_rodata_950	lbl_t_movie_rodata_950
.rodata	0x0000095C	0x8	t_movie/db_light.cpp	local	lbl_t_movie_rodata_95C	lbl_t_movie_rodata_95C
.rodata	0x00000964	0x10	t_movie/db_light.cpp	local	lbl_t_movie_rodata_964	lbl_t_movie_rodata_964
.rodata	0x00000974	0xC	t_movie/db_light.cpp	local	lbl_t_movie_rodata_974	lbl_t_movie_rodata_974
.rodata	0x00000980	0xC	t_movie/db_light.cpp	local	lbl_t_movie_rodata_980	lbl_t_movie_rodata_980
.rodata	0x0000098C	0xC	t_movie/db_light.cpp	local	lbl_t_movie_rodata_98C	lbl_t_movie_rodata_98C
.rodata	0x00000998	0x18	t_movie/db_light.cpp	local	lbl_t_movie_rodata_998	lbl_t_movie_rodata_998
.rodata	0x000009B0	0x1C	t_movie/db_light.cpp	local	lbl_t_movie_rodata_9B0	lbl_t_movie_rodata_9B0
.rodata	0x000009CC	0x8	t_movie/db_light.cpp	local	lbl_t_movie_rodata_9CC	lbl_t_movie_rodata_9CC
.rodata	0x000009D4	0xC	t_movie/db_light.cpp	local	lbl_t_movie_rodata_9D4	lbl_t_movie_rodata_9D4
.rodata	0x000009E0	0x10	t_movie/db_light.cpp	local	lbl_t_movie_rodata_9E0	lbl_t_movie_rodata_9E0
.rodata	0x000009F0	0x8	t_movie/db_light.cpp	local	lbl_t_movie_rodata_9F0	lbl_t_movie_rodata_9F0
.rodata	0x000009F8	0x4	t_movie/db_light.cpp	local	lbl_t_movie_rodata_9F8	lbl_t_movie_rodata_9F8
.rodata	0x000009FC	0x4	t_movie/db_light.cpp	local	lbl_t_movie_rodata_9FC	lbl_t_movie_rodata_9FC
.rodata	0x00000A00	0x14	t_movie/db_light.cpp	local	lbl_t_movie_rodata_A00	lbl_t_movie_rodata_A00
.rodata	0x00000A14	0x4	t_movie/db_light.cpp	local	lbl_t_movie_rodata_A14	lbl_t_movie_rodata_A14
.rodata	0x00000A18	0x4	t_movie/db_light.cpp	local	lbl_t_movie_rodata_A18	lbl_t_movie_rodata_A18
.rodata	0x00000A1C	0x4	t_movie/db_light.cpp	local	lbl_t_movie_rodata_A1C	lbl_t_movie_rodata_A1C
.rodata	0x00000A20	0x14	t_movie/db_light.cpp	local	lbl_t_movie_rodata_A20	lbl_t_movie_rodata_A20
.rodata	0x00000A34	0x10	t_movie/db_light.cpp	local	lbl_t_movie_rodata_A34	lbl_t_movie_rodata_A34
.rodata	0x00000A44	0x10	t_movie/db_light.cpp	local	lbl_t_movie_rodata_A44	lbl_t_movie_rodata_A44
.rodata	0x00000A54	0xC	t_movie/db_light.cpp	local	lbl_t_movie_rodata_A54	lbl_t_movie_rodata_A54
.rodata	0x00000A60	0x10	t_movie/db_light.cpp	local	lbl_t_movie_rodata_A60	lbl_t_movie_rodata_A60
.rodata	0x00000A70	0x4	t_movie/db_light.cpp	local	lbl_t_movie_rodata_A70	lbl_t_movie_rodata_A70
.rodata	0x00000A74	0x4	t_movie/db_light.cpp	local	lbl_t_movie_rodata_A74	lbl_t_movie_rodata_A74
.rodata	0x00000A78	0x4	t_movie/db_light.cpp	local	lbl_t_movie_rodata_A78	lbl_t_movie_rodata_A78
.rodata	0x00000A7C	0x4	t_movie/db_light.cpp	local	lbl_t_movie_rodata_A7C	lbl_t_movie_rodata_A7C
.rodata	0x00000A80	0x8	t_movie/db_light.cpp	local	lbl_t_movie_rodata_A80	lbl_t_movie_rodata_A80
.rodata	0x00000A88	0x8	t_movie/db_light.cpp	local	lbl_t_movie_rodata_A88	lbl_t_movie_rodata_A88
.rodata	0x00000A90	0xC	t_movie/db_light.cpp	local	lbl_t_movie_rodata_A90	lbl_t_movie_rodata_A90
.rodata	0x00000A9C	0x10	t_movie/db_light.cpp	local	lbl_t_movie_rodata_A9C	lbl_t_movie_rodata_A9C
.rodata	0x00000AAC	0x4	t_movie/db_light.cpp	local	lbl_t_movie_rodata_AAC	lbl_t_movie_rodata_AAC
.rodata	0x00000AB0	0x4	t_movie/db_light.cpp	local	lbl_t_movie_rodata_AB0	lbl_t_movie_rodata_AB0
.rodata	0x00000AB4	0x4	t_movie/db_light.cpp	local	lbl_t_movie_rodata_AB4	lbl_t_movie_rodata_AB4
.rodata	0x00000AB8	0x4	t_movie/db_light.cpp	local	lbl_t_movie_rodata_AB8	lbl_t_movie_rodata_AB8
.rodata	0x00000ABC	0x10	t_movie/db_light.cpp	local	lbl_t_movie_rodata_ABC	lbl_t_movie_rodata_ABC
.rodata	0x00000ACC	0x10	t_movie/db_light.cpp	local	lbl_t_movie_rodata_ACC	lbl_t_movie_rodata_ACC
.rodata	0x00000ADC	0x14	t_movie/db_light.cpp	local	lbl_t_movie_rodata_ADC	lbl_t_movie_rodata_ADC
.rodata	0x00000AF0	0x14	t_movie/db_light.cpp	local	lbl_t_movie_rodata_AF0	lbl_t_movie_rodata_AF0
.rodata	0x00000B04	0x18	t_movie/db_light.cpp	local	lbl_t_movie_rodata_B04	lbl_t_movie_rodata_B04
.rodata	0x00000B1C	0xC	t_movie/db_light.cpp	local	lbl_t_movie_rodata_B1C	lbl_t_movie_rodata_B1C
.rodata	0x00000B28	0xC	t_movie/db_light.cpp	local	lbl_t_movie_rodata_B28	lbl_t_movie_rodata_B28
.rodata	0x00000B34	0x10	t_movie/db_light.cpp	local	lbl_t_movie_rodata_B34	lbl_t_movie_rodata_B34
.rodata	0x00000B44	0x10	t_movie/db_light.cpp	local	lbl_t_movie_rodata_B44	lbl_t_movie_rodata_B44
.rodata	0x00000B54	0x10	t_movie/db_light.cpp	local	lbl_t_movie_rodata_B54	lbl_t_movie_rodata_B54
.rodata	0x00000B64	0x1C	t_movie/db_light.cpp	local	lbl_t_movie_rodata_B64	lbl_t_movie_rodata_B64
.rodata	0x00000B80	0x4	t_movie/db_light.cpp	local	lbl_t_movie_rodata_B80	lbl_t_movie_rodata_B80
.rodata	0x00000B84	0x4	t_movie/db_light.cpp	local	lbl_t_movie_rodata_B84	lbl_t_movie_rodata_B84
.rodata	0x00000B88	0x4	t_movie/db_light.cpp	local	lbl_t_movie_rodata_B88	lbl_t_movie_rodata_B88
.rodata	0x00000B8C	0xC	t_movie/db_light.cpp	local	lbl_t_movie_rodata_B8C	lbl_t_movie_rodata_B8C
.rodata	0x00000B98	0xC	t_movie/db_light.cpp	local	lbl_t_movie_rodata_B98	lbl_t_movie_rodata_B98
.rodata	0x00000BA4	0x10	t_movie/db_light.cpp	local	lbl_t_movie_rodata_BA4	lbl_t_movie_rodata_BA4
.rodata	0x00000BB4	0x10	t_movie/db_light.cpp	local	lbl_t_movie_rodata_BB4	lbl_t_movie_rodata_BB4
.rodata	0x00000BC4	0x4	t_movie/db_light.cpp	local	lbl_t_movie_rodata_BC4	lbl_t_movie_rodata_BC4
.rodata	0x00000BC8	0x4	t_movie/db_light.cpp	local	lbl_t_movie_rodata_BC8	lbl_t_movie_rodata_BC8
.rodata	0x00000BCC	0xC	t_movie/db_light.cpp	local	lbl_t_movie_rodata_BCC	lbl_t_movie_rodata_BCC
.rodata	0x00000BD8	0x4	t_movie/db_light.cpp	local	lbl_t_movie_rodata_BD8	lbl_t_movie_rodata_BD8
.rodata	0x00000BDC	0x4	t_movie/db_light.cpp	local	lbl_t_movie_rodata_BDC	lbl_t_movie_rodata_BDC
.rodata	0x00000BE0	0xC	t_movie/db_light.cpp	local	lbl_t_movie_rodata_BE0	lbl_t_movie_rodata_BE0
.rodata	0x00000BEC	0xC	t_movie/db_light.cpp	local	lbl_t_movie_rodata_BEC	lbl_t_movie_rodata_BEC
.rodata	0x00000BF8	0x8	t_movie/db_light.cpp	local	lbl_t_movie_rodata_BF8	lbl_t_movie_rodata_BF8
.rodata	0x00000C00	0xC	t_movie/db_light.cpp	local	lbl_t_movie_rodata_C00	lbl_t_movie_rodata_C00
.rodata	0x00000C0C	0x8	t_movie/db_light.cpp	local	lbl_t_movie_rodata_C0C	lbl_t_movie_rodata_C0C
.rodata	0x00000C14	0xC	t_movie/db_light.cpp	local	lbl_t_movie_rodata_C14	lbl_t_movie_rodata_C14
.rodata	0x00000C20	0xC	t_movie/db_light.cpp	local	lbl_t_movie_rodata_C20	lbl_t_movie_rodata_C20
.rodata	0x00000C2C	0x4	t_movie/db_light.cpp	local	lbl_t_movie_rodata_C2C	lbl_t_movie_rodata_C2C
.rodata	0x00000C30	0x4	t_movie/db_light.cpp	local	lbl_t_movie_rodata_C30	lbl_t_movie_rodata_C30
.rodata	0x00000C34	0x4	t_movie/db_light.cpp	local	lbl_t_movie_rodata_C34	lbl_t_movie_rodata_C34
.rodata	0x00000C38	0x4	t_movie/db_light.cpp	local	lbl_t_movie_rodata_C38	lbl_t_movie_rodata_C38
.rodata	0x00000C3C	0x4	t_movie/db_light.cpp	local	lbl_t_movie_rodata_C3C	lbl_t_movie_rodata_C3C
.rodata	0x00000C40	0x10	t_movie/db_light.cpp	local	lbl_t_movie_rodata_C40	lbl_t_movie_rodata_C40
.rodata	0x00000C50	0x4	t_movie/db_light.cpp	local	lbl_t_movie_rodata_C50	lbl_t_movie_rodata_C50
.rodata	0x00000C54	0x4	t_movie/db_light.cpp	local	lbl_t_movie_rodata_C54	lbl_t_movie_rodata_C54
.rodata	0x00000C58	0x4	t_movie/db_light.cpp	local	lbl_t_movie_rodata_C58	lbl_t_movie_rodata_C58
.rodata	0x00000C5C	0x18	t_movie/db_light.cpp	local	lbl_t_movie_rodata_C5C	lbl_t_movie_rodata_C5C
.rodata	0x00000C74	0xC	t_movie/db_light.cpp	local	lbl_t_movie_rodata_C74	lbl_t_movie_rodata_C74
.rodata	0x00000C80	0x18	t_movie/db_light.cpp	local	lbl_t_movie_rodata_C80	lbl_t_movie_rodata_C80
.rodata	0x00000C98	0x4	t_movie/db_light.cpp	local	lbl_t_movie_rodata_C98	lbl_t_movie_rodata_C98
.rodata	0x00000C9C	0x4	t_movie/db_light.cpp	local	lbl_t_movie_rodata_C9C	lbl_t_movie_rodata_C9C
.rodata	0x00000CA0	0x4	t_movie/db_light.cpp	local	lbl_t_movie_rodata_CA0	lbl_t_movie_rodata_CA0
.rodata	0x00000CA4	0x4	t_movie/db_light.cpp	local	lbl_t_movie_rodata_CA4	lbl_t_movie_rodata_CA4
.rodata	0x00000CA8	0x4	t_movie/db_light.cpp	local	lbl_t_movie_rodata_CA8	lbl_t_movie_rodata_CA8
.rodata	0x00000CAC	0x4	t_movie/db_light.cpp	local	lbl_t_movie_rodata_CAC	lbl_t_movie_rodata_CAC
.rodata	0x00000CB0	0x4	t_movie/db_light.cpp	local	lbl_t_movie_rodata_CB0	lbl_t_movie_rodata_CB0
.rodata	0x00000CB4	0x4	t_movie/db_light.cpp	local	lbl_t_movie_rodata_CB4	lbl_t_movie_rodata_CB4
.rodata	0x00000CB8	0x4	t_movie/db_light.cpp	local	lbl_t_movie_rodata_CB8	lbl_t_movie_rodata_CB8
.rodata	0x00000CBC	0xC	t_movie/db_light.cpp	local	lbl_t_movie_rodata_CBC	lbl_t_movie_rodata_CBC
.rodata	0x00000CC8	0xC	t_movie/db_light.cpp	local	lbl_t_movie_rodata_CC8	lbl_t_movie_rodata_CC8
.rodata	0x00000CD4	0xC	t_movie/db_light.cpp	local	lbl_t_movie_rodata_CD4	lbl_t_movie_rodata_CD4
.rodata	0x00000CE0	0xC	t_movie/db_light.cpp	local	lbl_t_movie_rodata_CE0	lbl_t_movie_rodata_CE0
.rodata	0x00000CEC	0xC	t_movie/db_light.cpp	local	lbl_t_movie_rodata_CEC	lbl_t_movie_rodata_CEC
.rodata	0x00000CF8	0xC	t_movie/db_light.cpp	local	lbl_t_movie_rodata_CF8	lbl_t_movie_rodata_CF8
.rodata	0x00000D04	0x8	t_movie/db_light.cpp	local	lbl_t_movie_rodata_D04	lbl_t_movie_rodata_D04
.rodata	0x00000D0C	0x4	t_movie/db_light.cpp	local	lbl_t_movie_rodata_D0C	lbl_t_movie_rodata_D0C
.rodata	0x00000D10	0x4	t_movie/db_light.cpp	local	lbl_t_movie_rodata_D10	lbl_t_movie_rodata_D10
.rodata	0x00000D14	0x4	t_movie/db_light.cpp	local	lbl_t_movie_rodata_D14	lbl_t_movie_rodata_D14
.rodata	0x00000D18	0x4	t_movie/db_light.cpp	local	lbl_t_movie_rodata_D18	lbl_t_movie_rodata_D18
.rodata	0x00000D1C	0x4	t_movie/db_light.cpp	local	lbl_t_movie_rodata_D1C	lbl_t_movie_rodata_D1C
.rodata	0x00000D20	0x4	t_movie/db_light.cpp	local	lbl_t_movie_rodata_D20	lbl_t_movie_rodata_D20
.rodata	0x00000D24	0x4	t_movie/db_light.cpp	local	lbl_t_movie_rodata_D24	lbl_t_movie_rodata_D24
.rodata	0x00000D28	0x4	t_movie/db_light.cpp	local	lbl_t_movie_rodata_D28	lbl_t_movie_rodata_D28
.rodata	0x00000D2C	0x4	t_movie/db_light.cpp	local	lbl_t_movie_rodata_D2C	lbl_t_movie_rodata_D2C
.rodata	0x00000D30	0x8	t_movie/db_light.cpp	local	lbl_t_movie_rodata_D30	lbl_t_movie_rodata_D30
.rodata	0x00000D38	0x8	t_movie/db_light.cpp	local	lbl_t_movie_rodata_D38	lbl_t_movie_rodata_D38
.rodata	0x00000D40	0x4	t_movie/db_light.cpp	local	lbl_t_movie_rodata_D40	lbl_t_movie_rodata_D40
.rodata	0x00000D44	0x4	t_movie/db_light.cpp	local	lbl_t_movie_rodata_D44	lbl_t_movie_rodata_D44
.rodata	0x00000D48	0x8	t_movie/db_light.cpp	local	lbl_t_movie_rodata_D48	lbl_t_movie_rodata_D48
.rodata	0x00000D50	0x4	t_movie/db_light.cpp	local	lbl_t_movie_rodata_D50	lbl_t_movie_rodata_D50
.rodata	0x00000D54	0x4	t_movie/db_light.cpp	local	lbl_t_movie_rodata_D54	lbl_t_movie_rodata_D54
.rodata	0x00000D58	0x4	t_movie/db_light.cpp	local	lbl_t_movie_rodata_D58	lbl_t_movie_rodata_D58
.rodata	0x00000D5C	0x4	t_movie/db_light.cpp	local	lbl_t_movie_rodata_D5C	lbl_t_movie_rodata_D5C
.rodata	0x00000D60	0xC	t_movie/db_light.cpp	local	lbl_t_movie_rodata_D60	lbl_t_movie_rodata_D60
.rodata	0x00000D6C	0xC	t_movie/db_light.cpp	local	lbl_t_movie_rodata_D6C	lbl_t_movie_rodata_D6C
.rodata	0x00000D78	0xC	t_movie/db_light.cpp	local	lbl_t_movie_rodata_D78	lbl_t_movie_rodata_D78
.rodata	0x00000D84	0x4	t_movie/db_light.cpp	local	lbl_t_movie_rodata_D84	lbl_t_movie_rodata_D84
.rodata	0x00000D88	0x4	t_movie/db_light.cpp	local	lbl_t_movie_rodata_D88	lbl_t_movie_rodata_D88
.rodata	0x00000D8C	0x4	t_movie/db_light.cpp	local	lbl_t_movie_rodata_D8C	lbl_t_movie_rodata_D8C
.rodata	0x00000D90	0x4	t_movie/db_light.cpp	local	lbl_t_movie_rodata_D90	lbl_t_movie_rodata_D90
.rodata	0x00000D94	0x4	t_movie/db_light.cpp	local	lbl_t_movie_rodata_D94	lbl_t_movie_rodata_D94
.rodata	0x00000D98	0x4	t_movie/db_light.cpp	local	lbl_t_movie_rodata_D98	lbl_t_movie_rodata_D98
.rodata	0x00000D9C	0x4	t_movie/db_light.cpp	local	lbl_t_movie_rodata_D9C	lbl_t_movie_rodata_D9C
.rodata	0x00000DA0	0x4	t_movie/db_light.cpp	local	lbl_t_movie_rodata_DA0	lbl_t_movie_rodata_DA0
.rodata	0x00000DA4	0x8	t_movie/db_light.cpp	local	lbl_t_movie_rodata_DA4	lbl_t_movie_rodata_DA4
.rodata	0x00000DAC	0xC	t_movie/db_light.cpp	local	lbl_t_movie_rodata_DAC	lbl_t_movie_rodata_DAC
.rodata	0x00000DB8	0x10	t_movie/db_light.cpp	local	lbl_t_movie_rodata_DB8	lbl_t_movie_rodata_DB8
.rodata	0x00000DC8	0x10	t_movie/db_light.cpp	local	lbl_t_movie_rodata_DC8	lbl_t_movie_rodata_DC8
.rodata	0x00000DD8	0x8	t_movie/db_light.cpp	local	lbl_t_movie_rodata_DD8	lbl_t_movie_rodata_DD8
.rodata	0x00000DE0	0x10	t_movie/db_light.cpp	local	lbl_t_movie_rodata_DE0	lbl_t_movie_rodata_DE0
.rodata	0x00000DF0	0x4	t_movie/db_light.cpp	local	lbl_t_movie_rodata_DF0	lbl_t_movie_rodata_DF0
.rodata	0x00000DF4	0x4	t_movie/db_light.cpp	local	lbl_t_movie_rodata_DF4	lbl_t_movie_rodata_DF4
.rodata	0x00000DF8	0x4	t_movie/db_light.cpp	local	lbl_t_movie_rodata_DF8	lbl_t_movie_rodata_DF8
.rodata	0x00000DFC	0x4	t_movie/db_light.cpp	local	lbl_t_movie_rodata_DFC	lbl_t_movie_rodata_DFC
.rodata	0x00000E00	0x4	t_movie/db_light.cpp	local	lbl_t_movie_rodata_E00	lbl_t_movie_rodata_E00
.rodata	0x00000E04	0x8	t_movie/db_light.cpp	local	lbl_t_movie_rodata_E04	lbl_t_movie_rodata_E04
.rodata	0x00000E0C	0x4	t_movie/db_light.cpp	local	lbl_t_movie_rodata_E0C	lbl_t_movie_rodata_E0C
.rodata	0x00000E10	0x10	t_movie/db_light.cpp	local	lbl_t_movie_rodata_E10	lbl_t_movie_rodata_E10
.rodata	0x00000E20	0x10	t_movie/db_light.cpp	local	lbl_t_movie_rodata_E20	lbl_t_movie_rodata_E20
.rodata	0x00000E30	0xC	t_movie/db_light.cpp	local	lbl_t_movie_rodata_E30	lbl_t_movie_rodata_E30
.rodata	0x00000E3C	0xC	t_movie/db_light.cpp	local	lbl_t_movie_rodata_E3C	lbl_t_movie_rodata_E3C
.rodata	0x00000E48	0xC	t_movie/db_light.cpp	local	lbl_t_movie_rodata_E48	lbl_t_movie_rodata_E48
.rodata	0x00000E54	0x4	t_movie/db_light.cpp	local	lbl_t_movie_rodata_E54	lbl_t_movie_rodata_E54
.rodata	0x00000E58	0x4	t_movie/db_light.cpp	local	lbl_t_movie_rodata_E58	lbl_t_movie_rodata_E58
.rodata	0x00000E5C	0x4	t_movie/db_light.cpp	local	lbl_t_movie_rodata_E5C	lbl_t_movie_rodata_E5C
.rodata	0x00000E60	0x4	t_movie/db_light.cpp	local	lbl_t_movie_rodata_E60	lbl_t_movie_rodata_E60
.rodata	0x00000E64	0x4	t_movie/db_light.cpp	local	lbl_t_movie_rodata_E64	lbl_t_movie_rodata_E64
.rodata	0x00000E68	0x8	t_movie/db_light.cpp	local	lbl_t_movie_rodata_E68	lbl_t_movie_rodata_E68
.rodata	0x00000E70	0x8	t_movie/db_light.cpp	local	lbl_t_movie_rodata_E70	lbl_t_movie_rodata_E70
.rodata	0x00000E78	0x4	t_movie/db_light.cpp	local	lbl_t_movie_rodata_E78	lbl_t_movie_rodata_E78
.rodata	0x00000E7C	0x4	t_movie/db_light.cpp	local	lbl_t_movie_rodata_E7C	lbl_t_movie_rodata_E7C
.rodata	0x00000E80	0x8	t_movie/db_light.cpp	local	lbl_t_movie_rodata_E80	lbl_t_movie_rodata_E80
.rodata	0x00000E88	0x4	t_movie/db_light.cpp	local	lbl_t_movie_rodata_E88	lbl_t_movie_rodata_E88
.rodata	0x00000E8C	0xC	t_movie/db_light.cpp	local	lbl_t_movie_rodata_E8C	lbl_t_movie_rodata_E8C
.rodata	0x00000E98	0x10	t_movie/db_light.cpp	local	lbl_t_movie_rodata_E98	lbl_t_movie_rodata_E98
.rodata	0x00000EA8	0xC	t_movie/db_light.cpp	local	lbl_t_movie_rodata_EA8	lbl_t_movie_rodata_EA8
.rodata	0x00000EB4	0xC	t_movie/db_light.cpp	local	lbl_t_movie_rodata_EB4	lbl_t_movie_rodata_EB4
.rodata	0x00000EC0	0xC	t_movie/db_light.cpp	local	lbl_t_movie_rodata_EC0	lbl_t_movie_rodata_EC0
.rodata	0x00000ECC	0xC	t_movie/db_light.cpp	local	lbl_t_movie_rodata_ECC	lbl_t_movie_rodata_ECC
.rodata	0x00000ED8	0xC	t_movie/db_light.cpp	local	lbl_t_movie_rodata_ED8	lbl_t_movie_rodata_ED8
.rodata	0x00000EE4	0xC	t_movie/db_light.cpp	local	lbl_t_movie_rodata_EE4	lbl_t_movie_rodata_EE4
.rodata	0x00000EF0	0xC	t_movie/db_light.cpp	local	lbl_t_movie_rodata_EF0	lbl_t_movie_rodata_EF0
.rodata	0x00000EFC	0xC	t_movie/db_light.cpp	local	lbl_t_movie_rodata_EFC	lbl_t_movie_rodata_EFC
.rodata	0x00000F08	0x4	t_movie/db_light.cpp	local	lbl_t_movie_rodata_F08	lbl_t_movie_rodata_F08
.rodata	0x00000F0C	0x4	t_movie/db_light.cpp	local	lbl_t_movie_rodata_F0C	lbl_t_movie_rodata_F0C
.rodata	0x00000F10	0x4	t_movie/db_light.cpp	local	lbl_t_movie_rodata_F10	lbl_t_movie_rodata_F10
.rodata	0x00000F14	0x4	t_movie/db_light.cpp	local	lbl_t_movie_rodata_F14	lbl_t_movie_rodata_F14
.rodata	0x00000F18	0x4	t_movie/db_light.cpp	local	lbl_t_movie_rodata_F18	lbl_t_movie_rodata_F18
.rodata	0x00000F1C	0x4	t_movie/db_light.cpp	local	lbl_t_movie_rodata_F1C	lbl_t_movie_rodata_F1C
.rodata	0x00000F20	0xC	t_movie/db_light.cpp	local	lbl_t_movie_rodata_F20	lbl_t_movie_rodata_F20
.rodata	0x00000F2C	0xC	t_movie/db_light.cpp	local	lbl_t_movie_rodata_F2C	lbl_t_movie_rodata_F2C
.rodata	0x00000F38	0x10	t_movie/db_light.cpp	local	lbl_t_movie_rodata_F38	lbl_t_movie_rodata_F38
.rodata	0x00000F48	0xC	t_movie/db_light.cpp	local	lbl_t_movie_rodata_F48	lbl_t_movie_rodata_F48
.rodata	0x00000F54	0x4	t_movie/db_light.cpp	local	lbl_t_movie_rodata_F54	lbl_t_movie_rodata_F54
.rodata	0x00000F58	0x4	t_movie/db_light.cpp	local	lbl_t_movie_rodata_F58	lbl_t_movie_rodata_F58
.rodata	0x00000F5C	0x4	t_movie/db_light.cpp	local	lbl_t_movie_rodata_F5C	lbl_t_movie_rodata_F5C
.rodata	0x00000F60	0x4	t_movie/db_light.cpp	local	lbl_t_movie_rodata_F60	lbl_t_movie_rodata_F60
.rodata	0x00000F64	0x4	t_movie/db_light.cpp	local	lbl_t_movie_rodata_F64	lbl_t_movie_rodata_F64
.rodata	0x00000F68	0x4	t_movie/db_light.cpp	local	lbl_t_movie_rodata_F68	lbl_t_movie_rodata_F68
.rodata	0x00000F6C	0x8	t_movie/db_light.cpp	local	lbl_t_movie_rodata_F6C	lbl_t_movie_rodata_F6C
.rodata	0x00000F74	0x4	t_movie/db_light.cpp	local	lbl_t_movie_rodata_F74	lbl_t_movie_rodata_F74
.rodata	0x00000F78	0x8	t_movie/db_light.cpp	local	lbl_t_movie_rodata_F78	lbl_t_movie_rodata_F78
.rodata	0x00000F80	0x8	t_movie/db_light.cpp	local	lbl_t_movie_rodata_F80	lbl_t_movie_rodata_F80
.rodata	0x00000F88	0x4	t_movie/db_light.cpp	local	lbl_t_movie_rodata_F88	lbl_t_movie_rodata_F88
.rodata	0x00000F8C	0x4	t_movie/db_light.cpp	local	lbl_t_movie_rodata_F8C	lbl_t_movie_rodata_F8C
.rodata	0x00000F90	0x4	t_movie/db_light.cpp	local	lbl_t_movie_rodata_F90	lbl_t_movie_rodata_F90
.rodata	0x00000F94	0x4	t_movie/db_light.cpp	local	lbl_t_movie_rodata_F94	lbl_t_movie_rodata_F94
.rodata	0x00000F98	0x4	t_movie/db_light.cpp	local	lbl_t_movie_rodata_F98	lbl_t_movie_rodata_F98
.rodata	0x00000F9C	0x4	t_movie/db_light.cpp	local	lbl_t_movie_rodata_F9C	lbl_t_movie_rodata_F9C
.rodata	0x00000FA0	0x4	t_movie/db_light.cpp	local	lbl_t_movie_rodata_FA0	lbl_t_movie_rodata_FA0
.rodata	0x00000FA4	0x4	t_movie/db_light.cpp	local	lbl_t_movie_rodata_FA4	lbl_t_movie_rodata_FA4
.rodata	0x00000FA8	0x4	t_movie/db_light.cpp	local	lbl_t_movie_rodata_FA8	lbl_t_movie_rodata_FA8
.rodata	0x00000FAC	0x14	t_movie/db_light.cpp	local	lbl_t_movie_rodata_FAC	lbl_t_movie_rodata_FAC
.rodata	0x00000FC0	0x14	t_movie/db_light.cpp	local	lbl_t_movie_rodata_FC0	lbl_t_movie_rodata_FC0
.rodata	0x00000FD4	0xC	t_movie/db_light.cpp	local	lbl_t_movie_rodata_FD4	lbl_t_movie_rodata_FD4
.rodata	0x00000FE0	0x10	t_movie/db_light.cpp	local	lbl_t_movie_rodata_FE0	lbl_t_movie_rodata_FE0
.rodata	0x00000FF0	0x10	t_movie/db_light.cpp	local	lbl_t_movie_rodata_FF0	lbl_t_movie_rodata_FF0
.rodata	0x00001000	0x10	t_movie/db_light.cpp	local	lbl_t_movie_rodata_1000	lbl_t_movie_rodata_1000
.rodata	0x00001010	0x10	t_movie/db_light.cpp	local	lbl_t_movie_rodata_1010	lbl_t_movie_rodata_1010
.rodata	0x00001020	0x8	t_movie/db_light.cpp	local	lbl_t_movie_rodata_1020	lbl_t_movie_rodata_1020
.rodata	0x00001028	0x8	t_movie/db_light.cpp	local	lbl_t_movie_rodata_1028	lbl_t_movie_rodata_1028
.rodata	0x00001030	0x4	t_movie/db_light.cpp	local	lbl_t_movie_rodata_1030	lbl_t_movie_rodata_1030
.rodata	0x00001034	0x4	t_movie/db_light.cpp	local	lbl_t_movie_rodata_1034	lbl_t_movie_rodata_1034
.rodata	0x00001038	0x4	t_movie/db_light.cpp	local	lbl_t_movie_rodata_1038	lbl_t_movie_rodata_1038
.rodata	0x0000103C	0x4	t_movie/db_light.cpp	local	lbl_t_movie_rodata_103C	lbl_t_movie_rodata_103C
.rodata	0x00001040	0x4	t_movie/db_light.cpp	local	lbl_t_movie_rodata_1040	lbl_t_movie_rodata_1040
.rodata	0x00001044	0x4	t_movie/db_light.cpp	local	lbl_t_movie_rodata_1044	lbl_t_movie_rodata_1044
.rodata	0x00001048	0x4	t_movie/db_light.cpp	local	lbl_t_movie_rodata_1048	lbl_t_movie_rodata_1048
.rodata	0x0000104C	0x4	t_movie/db_light.cpp	local	lbl_t_movie_rodata_104C	lbl_t_movie_rodata_104C
.rodata	0x00001050	0x4	t_movie/db_light.cpp	local	lbl_t_movie_rodata_1050	lbl_t_movie_rodata_1050
.rodata	0x00001054	0xC	t_movie/db_light.cpp	local	lbl_t_movie_rodata_1054	lbl_t_movie_rodata_1054
.rodata	0x00001060	0x8	t_movie/db_light.cpp	local	lbl_t_movie_rodata_1060	lbl_t_movie_rodata_1060
.rodata	0x00001068	0xC	t_movie/db_light.cpp	local	lbl_t_movie_rodata_1068	lbl_t_movie_rodata_1068
.rodata	0x00001074	0xC	t_movie/db_light.cpp	local	lbl_t_movie_rodata_1074	lbl_t_movie_rodata_1074
.rodata	0x00001080	0x8	t_movie/db_light.cpp	local	lbl_t_movie_rodata_1080	lbl_t_movie_rodata_1080
.rodata	0x00001088	0x8	t_movie/db_light.cpp	local	lbl_t_movie_rodata_1088	lbl_t_movie_rodata_1088
.rodata	0x00001090	0x10	t_movie/db_light.cpp	local	lbl_t_movie_rodata_1090	lbl_t_movie_rodata_1090
.rodata	0x000010A0	0xC	t_movie/db_light.cpp	local	lbl_t_movie_rodata_10A0	lbl_t_movie_rodata_10A0
.rodata	0x000010AC	0x10	t_movie/db_light.cpp	local	lbl_t_movie_rodata_10AC	lbl_t_movie_rodata_10AC
.rodata	0x000010BC	0x18	t_movie/db_light.cpp	local	lbl_t_movie_rodata_10BC	lbl_t_movie_rodata_10BC
.rodata	0x000010D4	0x10	t_movie/db_light.cpp	local	lbl_t_movie_rodata_10D4	lbl_t_movie_rodata_10D4
.rodata	0x000010E4	0x14	t_movie/db_light.cpp	local	lbl_t_movie_rodata_10E4	lbl_t_movie_rodata_10E4
.rodata	0x000010F8	0x14	t_movie/db_light.cpp	local	lbl_t_movie_rodata_10F8	lbl_t_movie_rodata_10F8
.rodata	0x0000110C	0x14	t_movie/db_light.cpp	local	lbl_t_movie_rodata_110C	lbl_t_movie_rodata_110C
.rodata	0x00001120	0x14	t_movie/db_light.cpp	local	lbl_t_movie_rodata_1120	lbl_t_movie_rodata_1120
.rodata	0x00001134	0x14	t_movie/db_light.cpp	local	lbl_t_movie_rodata_1134	lbl_t_movie_rodata_1134
.rodata	0x00001148	0xC	t_movie/db_light.cpp	local	lbl_t_movie_rodata_1148	lbl_t_movie_rodata_1148
.rodata	0x00001154	0x18	t_movie/db_light.cpp	local	lbl_t_movie_rodata_1154	lbl_t_movie_rodata_1154
.rodata	0x0000116C	0x14	t_movie/db_light.cpp	local	lbl_t_movie_rodata_116C	lbl_t_movie_rodata_116C
.rodata	0x00001180	0x14	t_movie/db_light.cpp	local	lbl_t_movie_rodata_1180	lbl_t_movie_rodata_1180
.rodata	0x00001194	0x18	t_movie/db_light.cpp	local	lbl_t_movie_rodata_1194	lbl_t_movie_rodata_1194
.rodata	0x000011AC	0x18	t_movie/db_light.cpp	local	lbl_t_movie_rodata_11AC	lbl_t_movie_rodata_11AC
.rodata	0x000011C4	0x18	t_movie/db_light.cpp	local	lbl_t_movie_rodata_11C4	lbl_t_movie_rodata_11C4
.rodata	0x000011DC	0x14	t_movie/db_light.cpp	local	lbl_t_movie_rodata_11DC	lbl_t_movie_rodata_11DC
.rodata	0x000011F0	0x8	t_movie/db_light.cpp	local	lbl_t_movie_rodata_11F0	lbl_t_movie_rodata_11F0
.rodata	0x000011F8	0x4	t_movie/db_light.cpp	local	lbl_t_movie_rodata_11F8	lbl_t_movie_rodata_11F8
.rodata	0x000011FC	0x4	t_movie/db_light.cpp	local	lbl_t_movie_rodata_11FC	lbl_t_movie_rodata_11FC
.rodata	0x00001200	0x4	t_movie/db_light.cpp	local	lbl_t_movie_rodata_1200	lbl_t_movie_rodata_1200
.rodata	0x00001204	0x4	t_movie/db_light.cpp	local	lbl_t_movie_rodata_1204	lbl_t_movie_rodata_1204
.rodata	0x00001208	0x4	t_movie/db_light.cpp	local	lbl_t_movie_rodata_1208	lbl_t_movie_rodata_1208
.rodata	0x0000120C	0x4	t_movie/db_light.cpp	local	lbl_t_movie_rodata_120C	lbl_t_movie_rodata_120C
.rodata	0x00001210	0x4	t_movie/db_light.cpp	local	lbl_t_movie_rodata_1210	lbl_t_movie_rodata_1210
.rodata	0x00001214	0x8	t_movie/db_light.cpp	local	lbl_t_movie_rodata_1214	lbl_t_movie_rodata_1214
.rodata	0x0000121C	0x4	t_movie/db_light.cpp	local	lbl_t_movie_rodata_121C	lbl_t_movie_rodata_121C
.rodata	0x00001220	0x4	t_movie/db_light.cpp	local	lbl_t_movie_rodata_1220	lbl_t_movie_rodata_1220
.rodata	0x00001224	0x3C	t_movie/db_light.cpp	local	lbl_t_movie_rodata_1224	lbl_t_movie_rodata_1224
.rodata	0x00001260	0x3C	t_movie/db_light.cpp	local	lbl_t_movie_rodata_1260	lbl_t_movie_rodata_1260
.rodata	0x0000129C	0x4	t_movie/db_light.cpp	local	lbl_t_movie_rodata_129C	lbl_t_movie_rodata_129C
.rodata	0x000012A0	0x4	t_movie/db_light.cpp	local	lbl_t_movie_rodata_12A0	lbl_t_movie_rodata_12A0
.rodata	0x000012A4	0x4	t_movie/db_light.cpp	local	lbl_t_movie_rodata_12A4	lbl_t_movie_rodata_12A4
.rodata	0x000012A8	0x4	t_movie/db_light.cpp	local	lbl_t_movie_rodata_12A8	lbl_t_movie_rodata_12A8
.rodata	0x000012AC	0x4	t_movie/db_light.cpp	local	lbl_t_movie_rodata_12AC	lbl_t_movie_rodata_12AC
.rodata	0x000012B0	0x14	t_movie/db_light.cpp	local	lbl_t_movie_rodata_12B0	lbl_t_movie_rodata_12B0
.rodata	0x000012C4	0x4	t_movie/db_light.cpp	local	lbl_t_movie_rodata_12C4	lbl_t_movie_rodata_12C4
.rodata	0x000012C8	0x4	t_movie/db_light.cpp	local	lbl_t_movie_rodata_12C8	lbl_t_movie_rodata_12C8
.rodata	0x000012CC	0x8	t_movie/db_light.cpp	local	lbl_t_movie_rodata_12CC	lbl_t_movie_rodata_12CC
.rodata	0x000012D4	0x8	t_movie/db_light.cpp	local	lbl_t_movie_rodata_12D4	lbl_t_movie_rodata_12D4
.rodata	0x000012DC	0x8	t_movie/db_light.cpp	local	lbl_t_movie_rodata_12DC	lbl_t_movie_rodata_12DC
.rodata	0x000012E4	0x4	t_movie/db_light.cpp	local	lbl_t_movie_rodata_12E4	lbl_t_movie_rodata_12E4
.rodata	0x000012E8	0x8	t_movie/db_light.cpp	local	lbl_t_movie_rodata_12E8	lbl_t_movie_rodata_12E8
.rodata	0x000012F0	0xC	t_movie/db_light.cpp	local	lbl_t_movie_rodata_12F0	lbl_t_movie_rodata_12F0
.rodata	0x000012FC	0x4	t_movie/db_light.cpp	local	lbl_t_movie_rodata_12FC	lbl_t_movie_rodata_12FC
.rodata	0x00001300	0x4	t_movie/db_light.cpp	local	lbl_t_movie_rodata_1300	lbl_t_movie_rodata_1300
.rodata	0x00001304	0x4	t_movie/db_light.cpp	local	lbl_t_movie_rodata_1304	lbl_t_movie_rodata_1304
.rodata	0x00001308	0x4	t_movie/db_light.cpp	local	lbl_t_movie_rodata_1308	lbl_t_movie_rodata_1308
.rodata	0x0000130C	0x4	t_movie/db_light.cpp	local	lbl_t_movie_rodata_130C	lbl_t_movie_rodata_130C
.rodata	0x00001310	0x4	t_movie/db_light.cpp	local	lbl_t_movie_rodata_1310	lbl_t_movie_rodata_1310
.rodata	0x00001314	0x4	t_movie/db_light.cpp	local	lbl_t_movie_rodata_1314	lbl_t_movie_rodata_1314
.rodata	0x00001318	0x28	t_movie/db_light.cpp	local	lbl_t_movie_rodata_1318	lbl_t_movie_rodata_1318
.rodata	0x00001340	0x1C	t_movie/db_light.cpp	local	lbl_t_movie_rodata_1340	lbl_t_movie_rodata_1340
.rodata	0x0000135C	0x28	t_movie/db_light.cpp	local	lbl_t_movie_rodata_135C	lbl_t_movie_rodata_135C
.rodata	0x00001384	0x8	t_movie/db_light.cpp	local	lbl_t_movie_rodata_1384	lbl_t_movie_rodata_1384
.rodata	0x0000138C	0x8	t_movie/db_light.cpp	local	lbl_t_movie_rodata_138C	lbl_t_movie_rodata_138C
.rodata	0x00001394	0x8	t_movie/db_light.cpp	local	lbl_t_movie_rodata_1394	lbl_t_movie_rodata_1394
.rodata	0x0000139C	0x8	t_movie/db_light.cpp	local	lbl_t_movie_rodata_139C	lbl_t_movie_rodata_139C
.rodata	0x000013A4	0x8	t_movie/db_light.cpp	local	lbl_t_movie_rodata_13A4	lbl_t_movie_rodata_13A4
.rodata	0x000013AC	0x8	t_movie/db_light.cpp	local	lbl_t_movie_rodata_13AC	lbl_t_movie_rodata_13AC
.rodata	0x000013B4	0x4	t_movie/db_light.cpp	local	lbl_t_movie_rodata_13B4	lbl_t_movie_rodata_13B4
.rodata	0x000013B8	0x4	t_movie/db_light.cpp	local	lbl_t_movie_rodata_13B8	lbl_t_movie_rodata_13B8
.rodata	0x000013BC	0x4	t_movie/db_light.cpp	local	lbl_t_movie_rodata_13BC	lbl_t_movie_rodata_13BC
.rodata	0x000013C0	0x4	t_movie/db_light.cpp	local	lbl_t_movie_rodata_13C0	lbl_t_movie_rodata_13C0
.rodata	0x000013C4	0x4	t_movie/db_light.cpp	local	lbl_t_movie_rodata_13C4	lbl_t_movie_rodata_13C4
.rodata	0x000013C8	0x4	t_movie/db_light.cpp	local	lbl_t_movie_rodata_13C8	lbl_t_movie_rodata_13C8
.rodata	0x000013CC	0x4	t_movie/db_light.cpp	local	lbl_t_movie_rodata_13CC	lbl_t_movie_rodata_13CC
.rodata	0x000013D0	0x4	t_movie/db_light.cpp	local	lbl_t_movie_rodata_13D0	lbl_t_movie_rodata_13D0
.rodata	0x000013D4	0x8	t_movie/db_light.cpp	local	lbl_t_movie_rodata_13D4	lbl_t_movie_rodata_13D4
.rodata	0x000013DC	0x4	t_movie/db_light.cpp	local	lbl_t_movie_rodata_13DC	lbl_t_movie_rodata_13DC
.rodata	0x000013E0	0x8	t_movie/db_light.cpp	local	lbl_t_movie_rodata_13E0	lbl_t_movie_rodata_13E0
.rodata	0x000013E8	0x8	t_movie/db_light.cpp	local	lbl_t_movie_rodata_13E8	lbl_t_movie_rodata_13E8
.rodata	0x000013F0	0xC	t_movie/db_light.cpp	local	lbl_t_movie_rodata_13F0	lbl_t_movie_rodata_13F0
.rodata	0x000013FC	0x8	t_movie/db_light.cpp	local	lbl_t_movie_rodata_13FC	lbl_t_movie_rodata_13FC
.rodata	0x00001404	0x4	t_movie/db_light.cpp	local	lbl_t_movie_rodata_1404	lbl_t_movie_rodata_1404
.rodata	0x00001408	0x4	t_movie/db_light.cpp	local	lbl_t_movie_rodata_1408	lbl_t_movie_rodata_1408
.rodata	0x0000140C	0x4	t_movie/db_light.cpp	local	lbl_t_movie_rodata_140C	lbl_t_movie_rodata_140C
.rodata	0x00001410	0xC	t_movie/db_light.cpp	local	lbl_t_movie_rodata_1410	lbl_t_movie_rodata_1410
.rodata	0x0000141C	0x4	t_movie/db_light.cpp	local	lbl_t_movie_rodata_141C	lbl_t_movie_rodata_141C
.rodata	0x00001420	0x4	t_movie/db_light.cpp	local	lbl_t_movie_rodata_1420	lbl_t_movie_rodata_1420
.rodata	0x00001424	0x4	t_movie/db_light.cpp	local	lbl_t_movie_rodata_1424	lbl_t_movie_rodata_1424
.rodata	0x00001428	0x4	t_movie/db_light.cpp	local	lbl_t_movie_rodata_1428	lbl_t_movie_rodata_1428
.rodata	0x0000142C	0x4	t_movie/db_light.cpp	local	lbl_t_movie_rodata_142C	lbl_t_movie_rodata_142C
.rodata	0x00001430	0x8	t_movie/db_light.cpp	local	lbl_t_movie_rodata_1430	lbl_t_movie_rodata_1430
.rodata	0x00001438	0x8	t_movie/db_light.cpp	local	lbl_t_movie_rodata_1438	lbl_t_movie_rodata_1438
.rodata	0x00001440	0x4	t_movie/db_light.cpp	local	lbl_t_movie_rodata_1440	lbl_t_movie_rodata_1440
.rodata	0x00001444	0x18	t_movie/db_light.cpp	local	lbl_t_movie_rodata_1444	lbl_t_movie_rodata_1444
.rodata	0x0000145C	0x8	t_movie/db_light.cpp	local	lbl_t_movie_rodata_145C	lbl_t_movie_rodata_145C
.rodata	0x00001464	0x8	t_movie/db_light.cpp	local	lbl_t_movie_rodata_1464	lbl_t_movie_rodata_1464
.rodata	0x0000146C	0xC	t_movie/db_light.cpp	local	lbl_t_movie_rodata_146C	lbl_t_movie_rodata_146C
.rodata	0x00001478	0x8	t_movie/db_light.cpp	local	lbl_t_movie_rodata_1478	lbl_t_movie_rodata_1478
.rodata	0x00001480	0x4	t_movie/db_light.cpp	local	lbl_t_movie_rodata_1480	lbl_t_movie_rodata_1480
.rodata	0x00001484	0x14	t_movie/db_light.cpp	local	lbl_t_movie_rodata_1484	lbl_t_movie_rodata_1484
.rodata	0x00001498	0x4	t_movie/db_light.cpp	local	lbl_t_movie_rodata_1498	lbl_t_movie_rodata_1498
.rodata	0x0000149C	0x4	t_movie/db_light.cpp	local	lbl_t_movie_rodata_149C	lbl_t_movie_rodata_149C
.rodata	0x000014A0	0x4	t_movie/db_light.cpp	local	lbl_t_movie_rodata_14A0	lbl_t_movie_rodata_14A0
.rodata	0x000014A4	0x4	t_movie/db_light.cpp	local	lbl_t_movie_rodata_14A4	lbl_t_movie_rodata_14A4
.rodata	0x000014A8	0x4	t_movie/db_light.cpp	local	lbl_t_movie_rodata_14A8	lbl_t_movie_rodata_14A8
.rodata	0x000014AC	0x4	t_movie/db_light.cpp	local	lbl_t_movie_rodata_14AC	lbl_t_movie_rodata_14AC
.rodata	0x000014B0	0x8	t_movie/db_light.cpp	local	lbl_t_movie_rodata_14B0	lbl_t_movie_rodata_14B0
.rodata	0x000014B8	0x8	t_movie/db_light.cpp	local	lbl_t_movie_rodata_14B8	lbl_t_movie_rodata_14B8
.rodata	0x000014C0	0x8	t_movie/db_light.cpp	local	lbl_t_movie_rodata_14C0	lbl_t_movie_rodata_14C0
.rodata	0x000014C8	0x8	t_movie/db_light.cpp	local	lbl_t_movie_rodata_14C8	lbl_t_movie_rodata_14C8
.rodata	0x000014D0	0x8	t_movie/db_light.cpp	local	lbl_t_movie_rodata_14D0	lbl_t_movie_rodata_14D0
.rodata	0x000014D8	0x4	t_movie/db_light.cpp	local	lbl_t_movie_rodata_14D8	lbl_t_movie_rodata_14D8
.rodata	0x000014DC	0x40	t_movie/db_light.cpp	local	lbl_t_movie_rodata_14DC	lbl_t_movie_rodata_14DC
.rodata	0x0000151C	0x28	t_movie/db_light.cpp	local	lbl_t_movie_rodata_151C	lbl_t_movie_rodata_151C
.rodata	0x00001544	0x28	t_movie/db_light.cpp	local	lbl_t_movie_rodata_1544	lbl_t_movie_rodata_1544
.rodata	0x0000156C	0x38	t_movie/db_light.cpp	local	lbl_t_movie_rodata_156C	lbl_t_movie_rodata_156C
.rodata	0x000015A4	0x28	t_movie/db_light.cpp	local	lbl_t_movie_rodata_15A4	lbl_t_movie_rodata_15A4
.rodata	0x000015CC	0x3C	t_movie/db_light.cpp	local	lbl_t_movie_rodata_15CC	lbl_t_movie_rodata_15CC
.rodata	0x000015E8	0x20	t_movie/db_light.cpp	global	_vt.t8cVarLoop1ZUc	_vt.t8cVarLoop1ZUc
.rodata	0x00001608	0x28	t_movie/db_light.cpp	global	_vt.5cUnit	_vt.5cUnit
.rodata	0x00001630	0x4	t_movie/db_light.cpp	local	blackTemplate	blackTemplate
.rodata	0x00001634	0xC	t_movie/db_light.cpp	local	yAxis	yAxis
.rodata	0x00001640	0x4	t_movie/snd_test.cpp	local	lbl_t_movie_rodata_1640	lbl_t_movie_rodata_1640
.rodata	0x00001644	0x4	t_movie/snd_test.cpp	local	lbl_t_movie_rodata_1644	lbl_t_movie_rodata_1644
.rodata	0x00001648	0x14	t_movie/snd_test.cpp	local	lbl_t_movie_rodata_1648	lbl_t_movie_rodata_1648
.rodata	0x0000165C	0x14	t_movie/snd_test.cpp	local	lbl_t_movie_rodata_165C	lbl_t_movie_rodata_165C
.rodata	0x00001670	0x14	t_movie/snd_test.cpp	local	lbl_t_movie_rodata_1670	lbl_t_movie_rodata_1670
.rodata	0x00001684	0x14	t_movie/snd_test.cpp	local	lbl_t_movie_rodata_1684	lbl_t_movie_rodata_1684
.rodata	0x00001698	0x14	t_movie/snd_test.cpp	local	lbl_t_movie_rodata_1698	lbl_t_movie_rodata_1698
.rodata	0x000016AC	0x14	t_movie/snd_test.cpp	local	lbl_t_movie_rodata_16AC	lbl_t_movie_rodata_16AC
.rodata	0x000016C0	0x8	t_movie/snd_test.cpp	local	lbl_t_movie_rodata_16C0	lbl_t_movie_rodata_16C0
.rodata	0x000016C8	0x8	t_movie/snd_test.cpp	local	lbl_t_movie_rodata_16C8	lbl_t_movie_rodata_16C8
.rodata	0x000016D0	0x8	t_movie/snd_test.cpp	local	lbl_t_movie_rodata_16D0	lbl_t_movie_rodata_16D0
.rodata	0x000016D8	0x8	t_movie/snd_test.cpp	local	lbl_t_movie_rodata_16D8	lbl_t_movie_rodata_16D8
.rodata	0x000016E0	0x4	t_movie/snd_test.cpp	local	lbl_t_movie_rodata_16E0	lbl_t_movie_rodata_16E0
.rodata	0x000016E4	0x4	t_movie/snd_test.cpp	local	lbl_t_movie_rodata_16E4	lbl_t_movie_rodata_16E4
.rodata	0x000016E8	0x10	t_movie/snd_test.cpp	local	lbl_t_movie_rodata_16E8	lbl_t_movie_rodata_16E8
.rodata	0x000016F8	0x10	t_movie/snd_test.cpp	local	lbl_t_movie_rodata_16F8	lbl_t_movie_rodata_16F8
.rodata	0x00001708	0x10	t_movie/snd_test.cpp	local	lbl_t_movie_rodata_1708	lbl_t_movie_rodata_1708
.rodata	0x00001718	0x10	t_movie/snd_test.cpp	local	lbl_t_movie_rodata_1718	lbl_t_movie_rodata_1718
.rodata	0x00001728	0x10	t_movie/snd_test.cpp	local	lbl_t_movie_rodata_1728	lbl_t_movie_rodata_1728
.rodata	0x00001738	0x10	t_movie/snd_test.cpp	local	lbl_t_movie_rodata_1738	lbl_t_movie_rodata_1738
.rodata	0x00001748	0x10	t_movie/snd_test.cpp	local	lbl_t_movie_rodata_1748	lbl_t_movie_rodata_1748
.rodata	0x00001758	0x10	t_movie/snd_test.cpp	local	lbl_t_movie_rodata_1758	lbl_t_movie_rodata_1758
.rodata	0x00001768	0x10	t_movie/snd_test.cpp	local	lbl_t_movie_rodata_1768	lbl_t_movie_rodata_1768
.rodata	0x00001778	0x10	t_movie/snd_test.cpp	local	lbl_t_movie_rodata_1778	lbl_t_movie_rodata_1778
.rodata	0x00001788	0x10	t_movie/snd_test.cpp	local	lbl_t_movie_rodata_1788	lbl_t_movie_rodata_1788
.rodata	0x00001798	0x10	t_movie/snd_test.cpp	local	lbl_t_movie_rodata_1798	lbl_t_movie_rodata_1798
.rodata	0x000017A8	0x14	t_movie/snd_test.cpp	local	lbl_t_movie_rodata_17A8	lbl_t_movie_rodata_17A8
.rodata	0x000017BC	0x14	t_movie/snd_test.cpp	local	lbl_t_movie_rodata_17BC	lbl_t_movie_rodata_17BC
.rodata	0x000017D0	0x10	t_movie/snd_test.cpp	local	lbl_t_movie_rodata_17D0	lbl_t_movie_rodata_17D0
.rodata	0x000017E0	0x10	t_movie/snd_test.cpp	local	lbl_t_movie_rodata_17E0	lbl_t_movie_rodata_17E0
.rodata	0x000017F0	0x10	t_movie/snd_test.cpp	local	lbl_t_movie_rodata_17F0	lbl_t_movie_rodata_17F0
.rodata	0x00001800	0x14	t_movie/snd_test.cpp	local	lbl_t_movie_rodata_1800	lbl_t_movie_rodata_1800
.rodata	0x00001814	0x14	t_movie/snd_test.cpp	local	lbl_t_movie_rodata_1814	lbl_t_movie_rodata_1814
.rodata	0x00001828	0x10	t_movie/snd_test.cpp	local	lbl_t_movie_rodata_1828	lbl_t_movie_rodata_1828
.rodata	0x00001838	0x10	t_movie/snd_test.cpp	local	lbl_t_movie_rodata_1838	lbl_t_movie_rodata_1838
.rodata	0x00001848	0x10	t_movie/snd_test.cpp	local	lbl_t_movie_rodata_1848	lbl_t_movie_rodata_1848
.rodata	0x00001858	0x10	t_movie/snd_test.cpp	local	lbl_t_movie_rodata_1858	lbl_t_movie_rodata_1858
.rodata	0x00001868	0x10	t_movie/snd_test.cpp	local	lbl_t_movie_rodata_1868	lbl_t_movie_rodata_1868
.rodata	0x00001878	0x14	t_movie/snd_test.cpp	local	lbl_t_movie_rodata_1878	lbl_t_movie_rodata_1878
.rodata	0x0000188C	0x14	t_movie/snd_test.cpp	local	lbl_t_movie_rodata_188C	lbl_t_movie_rodata_188C
.rodata	0x000018A0	0x14	t_movie/snd_test.cpp	local	lbl_t_movie_rodata_18A0	lbl_t_movie_rodata_18A0
.rodata	0x000018B4	0x14	t_movie/snd_test.cpp	local	lbl_t_movie_rodata_18B4	lbl_t_movie_rodata_18B4
.rodata	0x000018C8	0x14	t_movie/snd_test.cpp	local	lbl_t_movie_rodata_18C8	lbl_t_movie_rodata_18C8
.rodata	0x000018DC	0x14	t_movie/snd_test.cpp	local	lbl_t_movie_rodata_18DC	lbl_t_movie_rodata_18DC
.rodata	0x000018F0	0x10	t_movie/snd_test.cpp	local	lbl_t_movie_rodata_18F0	lbl_t_movie_rodata_18F0
.rodata	0x00001900	0x10	t_movie/snd_test.cpp	local	lbl_t_movie_rodata_1900	lbl_t_movie_rodata_1900
.rodata	0x00001910	0x10	t_movie/snd_test.cpp	local	lbl_t_movie_rodata_1910	lbl_t_movie_rodata_1910
.rodata	0x00001920	0x10	t_movie/snd_test.cpp	local	lbl_t_movie_rodata_1920	lbl_t_movie_rodata_1920
.rodata	0x00001930	0x10	t_movie/snd_test.cpp	local	lbl_t_movie_rodata_1930	lbl_t_movie_rodata_1930
.rodata	0x00001940	0x10	t_movie/snd_test.cpp	local	lbl_t_movie_rodata_1940	lbl_t_movie_rodata_1940
.rodata	0x00001950	0x14	t_movie/snd_test.cpp	local	lbl_t_movie_rodata_1950	lbl_t_movie_rodata_1950
.rodata	0x00001964	0x14	t_movie/snd_test.cpp	local	lbl_t_movie_rodata_1964	lbl_t_movie_rodata_1964
.rodata	0x00001978	0x10	t_movie/snd_test.cpp	local	lbl_t_movie_rodata_1978	lbl_t_movie_rodata_1978
.rodata	0x00001988	0x10	t_movie/snd_test.cpp	local	lbl_t_movie_rodata_1988	lbl_t_movie_rodata_1988
.rodata	0x00001998	0x10	t_movie/snd_test.cpp	local	lbl_t_movie_rodata_1998	lbl_t_movie_rodata_1998
.rodata	0x000019A8	0x10	t_movie/snd_test.cpp	local	lbl_t_movie_rodata_19A8	lbl_t_movie_rodata_19A8
.rodata	0x000019B8	0x10	t_movie/snd_test.cpp	local	lbl_t_movie_rodata_19B8	lbl_t_movie_rodata_19B8
.rodata	0x000019C8	0x10	t_movie/snd_test.cpp	local	lbl_t_movie_rodata_19C8	lbl_t_movie_rodata_19C8
.rodata	0x000019D8	0x10	t_movie/snd_test.cpp	local	lbl_t_movie_rodata_19D8	lbl_t_movie_rodata_19D8
.rodata	0x000019E8	0x10	t_movie/snd_test.cpp	local	lbl_t_movie_rodata_19E8	lbl_t_movie_rodata_19E8
.rodata	0x000019F8	0x10	t_movie/snd_test.cpp	local	lbl_t_movie_rodata_19F8	lbl_t_movie_rodata_19F8
.rodata	0x00001A08	0x10	t_movie/snd_test.cpp	local	lbl_t_movie_rodata_1A08	lbl_t_movie_rodata_1A08
.rodata	0x00001A18	0x10	t_movie/snd_test.cpp	local	lbl_t_movie_rodata_1A18	lbl_t_movie_rodata_1A18
.rodata	0x00001A28	0xC	t_movie/snd_test.cpp	local	lbl_t_movie_rodata_1A28	lbl_t_movie_rodata_1A28
.rodata	0x00001A34	0xC	t_movie/snd_test.cpp	local	lbl_t_movie_rodata_1A34	lbl_t_movie_rodata_1A34
.rodata	0x00001A40	0xC	t_movie/snd_test.cpp	local	lbl_t_movie_rodata_1A40	lbl_t_movie_rodata_1A40
.rodata	0x00001A4C	0xC	t_movie/snd_test.cpp	local	lbl_t_movie_rodata_1A4C	lbl_t_movie_rodata_1A4C
.rodata	0x00001A58	0x18	t_movie/snd_test.cpp	local	lbl_t_movie_rodata_1A58	lbl_t_movie_rodata_1A58
.rodata	0x00001A70	0x14	t_movie/snd_test.cpp	local	lbl_t_movie_rodata_1A70	lbl_t_movie_rodata_1A70
.rodata	0x00001A84	0x18	t_movie/snd_test.cpp	local	lbl_t_movie_rodata_1A84	lbl_t_movie_rodata_1A84
.rodata	0x00001A9C	0x18	t_movie/snd_test.cpp	local	lbl_t_movie_rodata_1A9C	lbl_t_movie_rodata_1A9C
.rodata	0x00001AB4	0x18	t_movie/snd_test.cpp	local	lbl_t_movie_rodata_1AB4	lbl_t_movie_rodata_1AB4
.rodata	0x00001ACC	0x18	t_movie/snd_test.cpp	local	lbl_t_movie_rodata_1ACC	lbl_t_movie_rodata_1ACC
.rodata	0x00001AE4	0x10	t_movie/snd_test.cpp	local	lbl_t_movie_rodata_1AE4	lbl_t_movie_rodata_1AE4
.rodata	0x00001AF4	0x10	t_movie/snd_test.cpp	local	lbl_t_movie_rodata_1AF4	lbl_t_movie_rodata_1AF4
.rodata	0x00001B04	0x10	t_movie/snd_test.cpp	local	lbl_t_movie_rodata_1B04	lbl_t_movie_rodata_1B04
.rodata	0x00001B14	0x10	t_movie/snd_test.cpp	local	lbl_t_movie_rodata_1B14	lbl_t_movie_rodata_1B14
.rodata	0x00001B24	0x10	t_movie/snd_test.cpp	local	lbl_t_movie_rodata_1B24	lbl_t_movie_rodata_1B24
.rodata	0x00001B34	0x10	t_movie/snd_test.cpp	local	lbl_t_movie_rodata_1B34	lbl_t_movie_rodata_1B34
.rodata	0x00001B44	0x10	t_movie/snd_test.cpp	local	lbl_t_movie_rodata_1B44	lbl_t_movie_rodata_1B44
.rodata	0x00001B54	0x10	t_movie/snd_test.cpp	local	lbl_t_movie_rodata_1B54	lbl_t_movie_rodata_1B54
.rodata	0x00001B64	0x10	t_movie/snd_test.cpp	local	lbl_t_movie_rodata_1B64	lbl_t_movie_rodata_1B64
.rodata	0x00001B74	0x14	t_movie/snd_test.cpp	local	lbl_t_movie_rodata_1B74	lbl_t_movie_rodata_1B74
.rodata	0x00001B88	0x14	t_movie/snd_test.cpp	local	lbl_t_movie_rodata_1B88	lbl_t_movie_rodata_1B88
.rodata	0x00001B9C	0x10	t_movie/snd_test.cpp	local	lbl_t_movie_rodata_1B9C	lbl_t_movie_rodata_1B9C
.rodata	0x00001BAC	0x10	t_movie/snd_test.cpp	local	lbl_t_movie_rodata_1BAC	lbl_t_movie_rodata_1BAC
.rodata	0x00001BBC	0x10	t_movie/snd_test.cpp	local	lbl_t_movie_rodata_1BBC	lbl_t_movie_rodata_1BBC
.rodata	0x00001BCC	0x14	t_movie/snd_test.cpp	local	lbl_t_movie_rodata_1BCC	lbl_t_movie_rodata_1BCC
.rodata	0x00001BE0	0x14	t_movie/snd_test.cpp	local	lbl_t_movie_rodata_1BE0	lbl_t_movie_rodata_1BE0
.rodata	0x00001BF4	0x4	t_movie/snd_test.cpp	local	lbl_t_movie_rodata_1BF4	lbl_t_movie_rodata_1BF4
.rodata	0x00001BF8	0x4	t_movie/snd_test.cpp	local	lbl_t_movie_rodata_1BF8	lbl_t_movie_rodata_1BF8
.rodata	0x00001BFC	0x8	t_movie/snd_test.cpp	local	lbl_t_movie_rodata_1BFC	lbl_t_movie_rodata_1BFC
.rodata	0x00001C04	0x8	t_movie/snd_test.cpp	local	lbl_t_movie_rodata_1C04	lbl_t_movie_rodata_1C04
.rodata	0x00001C0C	0x8	t_movie/snd_test.cpp	local	lbl_t_movie_rodata_1C0C	lbl_t_movie_rodata_1C0C
.rodata	0x00001C14	0x8	t_movie/snd_test.cpp	local	lbl_t_movie_rodata_1C14	lbl_t_movie_rodata_1C14
.rodata	0x00001C1C	0x8	t_movie/snd_test.cpp	local	lbl_t_movie_rodata_1C1C	lbl_t_movie_rodata_1C1C
.rodata	0x00001C24	0x8	t_movie/snd_test.cpp	local	lbl_t_movie_rodata_1C24	lbl_t_movie_rodata_1C24
.rodata	0x00001C2C	0x8	t_movie/snd_test.cpp	local	lbl_t_movie_rodata_1C2C	lbl_t_movie_rodata_1C2C
.rodata	0x00001C34	0x10	t_movie/snd_test.cpp	local	lbl_t_movie_rodata_1C34	lbl_t_movie_rodata_1C34
.rodata	0x00001C44	0xC	t_movie/snd_test.cpp	local	lbl_t_movie_rodata_1C44	lbl_t_movie_rodata_1C44
.rodata	0x00001C50	0xC	t_movie/snd_test.cpp	local	lbl_t_movie_rodata_1C50	lbl_t_movie_rodata_1C50
.rodata	0x00001C5C	0xC	t_movie/snd_test.cpp	local	lbl_t_movie_rodata_1C5C	lbl_t_movie_rodata_1C5C
.rodata	0x00001C68	0xC	t_movie/snd_test.cpp	local	lbl_t_movie_rodata_1C68	lbl_t_movie_rodata_1C68
.rodata	0x00001C74	0xC	t_movie/snd_test.cpp	local	lbl_t_movie_rodata_1C74	lbl_t_movie_rodata_1C74
.rodata	0x00001C80	0xC	t_movie/snd_test.cpp	local	lbl_t_movie_rodata_1C80	lbl_t_movie_rodata_1C80
.rodata	0x00001C8C	0xC	t_movie/snd_test.cpp	local	lbl_t_movie_rodata_1C8C	lbl_t_movie_rodata_1C8C
.rodata	0x00001C98	0xC	t_movie/snd_test.cpp	local	lbl_t_movie_rodata_1C98	lbl_t_movie_rodata_1C98
.rodata	0x00001CA4	0xC	t_movie/snd_test.cpp	local	lbl_t_movie_rodata_1CA4	lbl_t_movie_rodata_1CA4
.rodata	0x00001CB0	0xC	t_movie/snd_test.cpp	local	lbl_t_movie_rodata_1CB0	lbl_t_movie_rodata_1CB0
.rodata	0x00001CBC	0xC	t_movie/snd_test.cpp	local	lbl_t_movie_rodata_1CBC	lbl_t_movie_rodata_1CBC
.rodata	0x00001CC8	0xC	t_movie/snd_test.cpp	local	lbl_t_movie_rodata_1CC8	lbl_t_movie_rodata_1CC8
.rodata	0x00001CD4	0xC	t_movie/snd_test.cpp	local	lbl_t_movie_rodata_1CD4	lbl_t_movie_rodata_1CD4
.rodata	0x00001CE0	0xC	t_movie/snd_test.cpp	local	lbl_t_movie_rodata_1CE0	lbl_t_movie_rodata_1CE0
.rodata	0x00001CEC	0xC	t_movie/snd_test.cpp	local	lbl_t_movie_rodata_1CEC	lbl_t_movie_rodata_1CEC
.rodata	0x00001CF8	0xC	t_movie/snd_test.cpp	local	lbl_t_movie_rodata_1CF8	lbl_t_movie_rodata_1CF8
.rodata	0x00001D04	0x8	t_movie/snd_test.cpp	local	lbl_t_movie_rodata_1D04	lbl_t_movie_rodata_1D04
.rodata	0x00001D0C	0x4	t_movie/snd_test.cpp	local	lbl_t_movie_rodata_1D0C	lbl_t_movie_rodata_1D0C
.rodata	0x00001D10	0x4	t_movie/snd_test.cpp	local	lbl_t_movie_rodata_1D10	lbl_t_movie_rodata_1D10
.rodata	0x00001D14	0x4	t_movie/snd_test.cpp	local	lbl_t_movie_rodata_1D14	lbl_t_movie_rodata_1D14
.rodata	0x00001D18	0x10	t_movie/snd_test.cpp	local	lbl_t_movie_rodata_1D18	lbl_t_movie_rodata_1D18
.rodata	0x00001D28	0x10	t_movie/snd_test.cpp	local	lbl_t_movie_rodata_1D28	lbl_t_movie_rodata_1D28
.rodata	0x00001D38	0x10	t_movie/snd_test.cpp	local	lbl_t_movie_rodata_1D38	lbl_t_movie_rodata_1D38
.rodata	0x00001D48	0x10	t_movie/snd_test.cpp	local	lbl_t_movie_rodata_1D48	lbl_t_movie_rodata_1D48
.rodata	0x00001D58	0x10	t_movie/snd_test.cpp	local	lbl_t_movie_rodata_1D58	lbl_t_movie_rodata_1D58
.rodata	0x00001D68	0x10	t_movie/snd_test.cpp	local	lbl_t_movie_rodata_1D68	lbl_t_movie_rodata_1D68
.rodata	0x00001D78	0x14	t_movie/snd_test.cpp	local	lbl_t_movie_rodata_1D78	lbl_t_movie_rodata_1D78
.rodata	0x00001D8C	0x10	t_movie/snd_test.cpp	local	lbl_t_movie_rodata_1D8C	lbl_t_movie_rodata_1D8C
.rodata	0x00001D9C	0x14	t_movie/snd_test.cpp	local	lbl_t_movie_rodata_1D9C	lbl_t_movie_rodata_1D9C
.rodata	0x00001DB0	0x14	t_movie/snd_test.cpp	local	lbl_t_movie_rodata_1DB0	lbl_t_movie_rodata_1DB0
.rodata	0x00001DC4	0xC	t_movie/snd_test.cpp	local	lbl_t_movie_rodata_1DC4	lbl_t_movie_rodata_1DC4
.rodata	0x00001DD0	0x14	t_movie/snd_test.cpp	local	lbl_t_movie_rodata_1DD0	lbl_t_movie_rodata_1DD0
.rodata	0x00001DE4	0x14	t_movie/snd_test.cpp	local	lbl_t_movie_rodata_1DE4	lbl_t_movie_rodata_1DE4
.rodata	0x00001DF8	0x14	t_movie/snd_test.cpp	local	lbl_t_movie_rodata_1DF8	lbl_t_movie_rodata_1DF8
.rodata	0x00001E0C	0x14	t_movie/snd_test.cpp	local	lbl_t_movie_rodata_1E0C	lbl_t_movie_rodata_1E0C
.rodata	0x00001E20	0x14	t_movie/snd_test.cpp	local	lbl_t_movie_rodata_1E20	lbl_t_movie_rodata_1E20
.rodata	0x00001E34	0x14	t_movie/snd_test.cpp	local	lbl_t_movie_rodata_1E34	lbl_t_movie_rodata_1E34
.rodata	0x00001E48	0x14	t_movie/snd_test.cpp	local	lbl_t_movie_rodata_1E48	lbl_t_movie_rodata_1E48
.rodata	0x00001E5C	0x10	t_movie/snd_test.cpp	local	lbl_t_movie_rodata_1E5C	lbl_t_movie_rodata_1E5C
.rodata	0x00001E6C	0x14	t_movie/snd_test.cpp	local	lbl_t_movie_rodata_1E6C	lbl_t_movie_rodata_1E6C
.rodata	0x00001E80	0x1C	t_movie/snd_test.cpp	local	lbl_t_movie_rodata_1E80	lbl_t_movie_rodata_1E80
.rodata	0x00001E9C	0x1C	t_movie/snd_test.cpp	local	lbl_t_movie_rodata_1E9C	lbl_t_movie_rodata_1E9C
.rodata	0x00001EB8	0x10	t_movie/snd_test.cpp	local	lbl_t_movie_rodata_1EB8	lbl_t_movie_rodata_1EB8
.rodata	0x00001EC8	0xC	t_movie/snd_test.cpp	local	lbl_t_movie_rodata_1EC8	lbl_t_movie_rodata_1EC8
.rodata	0x00001ED4	0x10	t_movie/snd_test.cpp	local	lbl_t_movie_rodata_1ED4	lbl_t_movie_rodata_1ED4
.rodata	0x00001EE4	0x10	t_movie/snd_test.cpp	local	lbl_t_movie_rodata_1EE4	lbl_t_movie_rodata_1EE4
.rodata	0x00001EF4	0x10	t_movie/snd_test.cpp	local	lbl_t_movie_rodata_1EF4	lbl_t_movie_rodata_1EF4
.rodata	0x00001F04	0x14	t_movie/snd_test.cpp	local	lbl_t_movie_rodata_1F04	lbl_t_movie_rodata_1F04
.rodata	0x00001F18	0x14	t_movie/snd_test.cpp	local	lbl_t_movie_rodata_1F18	lbl_t_movie_rodata_1F18
.rodata	0x00001F2C	0x14	t_movie/snd_test.cpp	local	lbl_t_movie_rodata_1F2C	lbl_t_movie_rodata_1F2C
.rodata	0x00001F40	0x14	t_movie/snd_test.cpp	local	lbl_t_movie_rodata_1F40	lbl_t_movie_rodata_1F40
.rodata	0x00001F54	0x14	t_movie/snd_test.cpp	local	lbl_t_movie_rodata_1F54	lbl_t_movie_rodata_1F54
.rodata	0x00001F68	0x18	t_movie/snd_test.cpp	local	lbl_t_movie_rodata_1F68	lbl_t_movie_rodata_1F68
.rodata	0x00001F80	0x18	t_movie/snd_test.cpp	local	lbl_t_movie_rodata_1F80	lbl_t_movie_rodata_1F80
.rodata	0x00001F98	0x18	t_movie/snd_test.cpp	local	lbl_t_movie_rodata_1F98	lbl_t_movie_rodata_1F98
.rodata	0x00001FB0	0x18	t_movie/snd_test.cpp	local	lbl_t_movie_rodata_1FB0	lbl_t_movie_rodata_1FB0
.rodata	0x00001FC8	0x18	t_movie/snd_test.cpp	local	lbl_t_movie_rodata_1FC8	lbl_t_movie_rodata_1FC8
.rodata	0x00001FE0	0x18	t_movie/snd_test.cpp	local	lbl_t_movie_rodata_1FE0	lbl_t_movie_rodata_1FE0
.rodata	0x00001FF8	0x18	t_movie/snd_test.cpp	local	lbl_t_movie_rodata_1FF8	lbl_t_movie_rodata_1FF8
.rodata	0x00002010	0x14	t_movie/snd_test.cpp	local	lbl_t_movie_rodata_2010	lbl_t_movie_rodata_2010
.rodata	0x00002024	0x10	t_movie/snd_test.cpp	local	lbl_t_movie_rodata_2024	lbl_t_movie_rodata_2024
.rodata	0x00002034	0x14	t_movie/snd_test.cpp	local	lbl_t_movie_rodata_2034	lbl_t_movie_rodata_2034
.rodata	0x00002048	0x10	t_movie/snd_test.cpp	local	lbl_t_movie_rodata_2048	lbl_t_movie_rodata_2048
.rodata	0x00002058	0x4	t_movie/snd_test.cpp	local	lbl_t_movie_rodata_2058	lbl_t_movie_rodata_2058
.rodata	0x0000205C	0x4	t_movie/snd_test.cpp	local	lbl_t_movie_rodata_205C	lbl_t_movie_rodata_205C
.rodata	0x00002060	0x8	t_movie/snd_test.cpp	local	lbl_t_movie_rodata_2060	lbl_t_movie_rodata_2060
.rodata	0x00002068	0x8	t_movie/snd_test.cpp	local	lbl_t_movie_rodata_2068	lbl_t_movie_rodata_2068
.rodata	0x00002070	0x8	t_movie/snd_test.cpp	local	lbl_t_movie_rodata_2070	lbl_t_movie_rodata_2070
.rodata	0x00002078	0x8	t_movie/snd_test.cpp	local	lbl_t_movie_rodata_2078	lbl_t_movie_rodata_2078
.rodata	0x00002080	0xC	t_movie/snd_test.cpp	local	lbl_t_movie_rodata_2080	lbl_t_movie_rodata_2080
.rodata	0x0000208C	0xC	t_movie/snd_test.cpp	local	lbl_t_movie_rodata_208C	lbl_t_movie_rodata_208C
.rodata	0x00002098	0xC	t_movie/snd_test.cpp	local	lbl_t_movie_rodata_2098	lbl_t_movie_rodata_2098
.rodata	0x000020A4	0x14	t_movie/snd_test.cpp	local	lbl_t_movie_rodata_20A4	lbl_t_movie_rodata_20A4
.rodata	0x000020B8	0x14	t_movie/snd_test.cpp	local	lbl_t_movie_rodata_20B8	lbl_t_movie_rodata_20B8
.rodata	0x000020CC	0x14	t_movie/snd_test.cpp	local	lbl_t_movie_rodata_20CC	lbl_t_movie_rodata_20CC
.rodata	0x000020E0	0x14	t_movie/snd_test.cpp	local	lbl_t_movie_rodata_20E0	lbl_t_movie_rodata_20E0
.rodata	0x000020F4	0x14	t_movie/snd_test.cpp	local	lbl_t_movie_rodata_20F4	lbl_t_movie_rodata_20F4
.rodata	0x00002108	0x14	t_movie/snd_test.cpp	local	lbl_t_movie_rodata_2108	lbl_t_movie_rodata_2108
.rodata	0x0000211C	0xC	t_movie/snd_test.cpp	local	lbl_t_movie_rodata_211C	lbl_t_movie_rodata_211C
.rodata	0x00002128	0xC	t_movie/snd_test.cpp	local	lbl_t_movie_rodata_2128	lbl_t_movie_rodata_2128
.rodata	0x00002134	0xC	t_movie/snd_test.cpp	local	lbl_t_movie_rodata_2134	lbl_t_movie_rodata_2134
.rodata	0x00002140	0xC	t_movie/snd_test.cpp	local	lbl_t_movie_rodata_2140	lbl_t_movie_rodata_2140
.rodata	0x0000214C	0xC	t_movie/snd_test.cpp	local	lbl_t_movie_rodata_214C	lbl_t_movie_rodata_214C
.rodata	0x00002158	0xC	t_movie/snd_test.cpp	local	lbl_t_movie_rodata_2158	lbl_t_movie_rodata_2158
.rodata	0x00002164	0xC	t_movie/snd_test.cpp	local	lbl_t_movie_rodata_2164	lbl_t_movie_rodata_2164
.rodata	0x00002170	0xC	t_movie/snd_test.cpp	local	lbl_t_movie_rodata_2170	lbl_t_movie_rodata_2170
.rodata	0x0000217C	0x8	t_movie/snd_test.cpp	local	lbl_t_movie_rodata_217C	lbl_t_movie_rodata_217C
.rodata	0x00002184	0x8	t_movie/snd_test.cpp	local	lbl_t_movie_rodata_2184	lbl_t_movie_rodata_2184
.rodata	0x0000218C	0x8	t_movie/snd_test.cpp	local	lbl_t_movie_rodata_218C	lbl_t_movie_rodata_218C
.rodata	0x00002194	0xC	t_movie/snd_test.cpp	local	lbl_t_movie_rodata_2194	lbl_t_movie_rodata_2194
.rodata	0x000021A0	0xC	t_movie/snd_test.cpp	local	lbl_t_movie_rodata_21A0	lbl_t_movie_rodata_21A0
.rodata	0x000021AC	0xC	t_movie/snd_test.cpp	local	lbl_t_movie_rodata_21AC	lbl_t_movie_rodata_21AC
.rodata	0x000021B8	0xC	t_movie/snd_test.cpp	local	lbl_t_movie_rodata_21B8	lbl_t_movie_rodata_21B8
.rodata	0x000021C4	0xC	t_movie/snd_test.cpp	local	lbl_t_movie_rodata_21C4	lbl_t_movie_rodata_21C4
.rodata	0x000021D0	0xC	t_movie/snd_test.cpp	local	lbl_t_movie_rodata_21D0	lbl_t_movie_rodata_21D0
.rodata	0x000021DC	0xC	t_movie/snd_test.cpp	local	lbl_t_movie_rodata_21DC	lbl_t_movie_rodata_21DC
.rodata	0x000021E8	0x24	t_movie/snd_test.cpp	local	lbl_t_movie_rodata_21E8	lbl_t_movie_rodata_21E8
.rodata	0x0000220C	0xC	t_movie/snd_test.cpp	local	lbl_t_movie_rodata_220C	lbl_t_movie_rodata_220C
.rodata	0x00002218	0xC	t_movie/snd_test.cpp	local	lbl_t_movie_rodata_2218	lbl_t_movie_rodata_2218
.rodata	0x00002224	0x18	t_movie/snd_test.cpp	local	lbl_t_movie_rodata_2224	lbl_t_movie_rodata_2224
.rodata	0x0000223C	0x18	t_movie/snd_test.cpp	local	lbl_t_movie_rodata_223C	lbl_t_movie_rodata_223C
.rodata	0x00002254	0x18	t_movie/snd_test.cpp	local	lbl_t_movie_rodata_2254	lbl_t_movie_rodata_2254
.rodata	0x0000226C	0x18	t_movie/snd_test.cpp	local	lbl_t_movie_rodata_226C	lbl_t_movie_rodata_226C
.rodata	0x00002284	0x28	t_movie/snd_test.cpp	local	lbl_t_movie_rodata_2284	lbl_t_movie_rodata_2284
.rodata	0x000022AC	0x28	t_movie/snd_test.cpp	local	lbl_t_movie_rodata_22AC	lbl_t_movie_rodata_22AC
.rodata	0x000022D4	0x28	t_movie/snd_test.cpp	local	lbl_t_movie_rodata_22D4	lbl_t_movie_rodata_22D4
.rodata	0x000022FC	0x28	t_movie/snd_test.cpp	local	lbl_t_movie_rodata_22FC	lbl_t_movie_rodata_22FC
.rodata	0x00002324	0x28	t_movie/snd_test.cpp	local	lbl_t_movie_rodata_2324	lbl_t_movie_rodata_2324
.rodata	0x0000234C	0x28	t_movie/snd_test.cpp	local	lbl_t_movie_rodata_234C	lbl_t_movie_rodata_234C
.rodata	0x00002374	0x24	t_movie/snd_test.cpp	local	lbl_t_movie_rodata_2374	lbl_t_movie_rodata_2374
.rodata	0x00002398	0x24	t_movie/snd_test.cpp	local	lbl_t_movie_rodata_2398	lbl_t_movie_rodata_2398
.rodata	0x000023BC	0x24	t_movie/snd_test.cpp	local	lbl_t_movie_rodata_23BC	lbl_t_movie_rodata_23BC
.rodata	0x000023E0	0x24	t_movie/snd_test.cpp	local	lbl_t_movie_rodata_23E0	lbl_t_movie_rodata_23E0
.rodata	0x00002404	0x24	t_movie/snd_test.cpp	local	lbl_t_movie_rodata_2404	lbl_t_movie_rodata_2404
.rodata	0x00002428	0x24	t_movie/snd_test.cpp	local	lbl_t_movie_rodata_2428	lbl_t_movie_rodata_2428
.rodata	0x0000244C	0x24	t_movie/snd_test.cpp	local	lbl_t_movie_rodata_244C	lbl_t_movie_rodata_244C
.rodata	0x00002470	0x24	t_movie/snd_test.cpp	local	lbl_t_movie_rodata_2470	lbl_t_movie_rodata_2470
.rodata	0x00002494	0x24	t_movie/snd_test.cpp	local	lbl_t_movie_rodata_2494	lbl_t_movie_rodata_2494
.rodata	0x000024B8	0x24	t_movie/snd_test.cpp	local	lbl_t_movie_rodata_24B8	lbl_t_movie_rodata_24B8
.rodata	0x000024DC	0x24	t_movie/snd_test.cpp	local	lbl_t_movie_rodata_24DC	lbl_t_movie_rodata_24DC
.rodata	0x00002500	0x24	t_movie/snd_test.cpp	local	lbl_t_movie_rodata_2500	lbl_t_movie_rodata_2500
.rodata	0x00002524	0x18	t_movie/snd_test.cpp	local	lbl_t_movie_rodata_2524	lbl_t_movie_rodata_2524
.rodata	0x0000253C	0x18	t_movie/snd_test.cpp	local	lbl_t_movie_rodata_253C	lbl_t_movie_rodata_253C
.rodata	0x00002554	0x18	t_movie/snd_test.cpp	local	lbl_t_movie_rodata_2554	lbl_t_movie_rodata_2554
.rodata	0x0000256C	0x18	t_movie/snd_test.cpp	local	lbl_t_movie_rodata_256C	lbl_t_movie_rodata_256C
.rodata	0x00002584	0x18	t_movie/snd_test.cpp	local	lbl_t_movie_rodata_2584	lbl_t_movie_rodata_2584
.rodata	0x0000259C	0x18	t_movie/snd_test.cpp	local	lbl_t_movie_rodata_259C	lbl_t_movie_rodata_259C
.rodata	0x000025B4	0x4	t_movie/snd_test.cpp	local	lbl_t_movie_rodata_25B4	lbl_t_movie_rodata_25B4
.rodata	0x000025B8	0x4	t_movie/snd_test.cpp	local	lbl_t_movie_rodata_25B8	lbl_t_movie_rodata_25B8
.rodata	0x000025BC	0x4	t_movie/snd_test.cpp	local	lbl_t_movie_rodata_25BC	lbl_t_movie_rodata_25BC
.rodata	0x000025C0	0xC	t_movie/snd_test.cpp	local	lbl_t_movie_rodata_25C0	lbl_t_movie_rodata_25C0
.rodata	0x000025CC	0xC	t_movie/snd_test.cpp	local	lbl_t_movie_rodata_25CC	lbl_t_movie_rodata_25CC
.rodata	0x000025D8	0xC	t_movie/snd_test.cpp	local	lbl_t_movie_rodata_25D8	lbl_t_movie_rodata_25D8
.rodata	0x000025E4	0x4	t_movie/snd_test.cpp	local	lbl_t_movie_rodata_25E4	lbl_t_movie_rodata_25E4
.rodata	0x000025E8	0x4	t_movie/snd_test.cpp	local	lbl_t_movie_rodata_25E8	lbl_t_movie_rodata_25E8
.rodata	0x000025EC	0x4	t_movie/snd_test.cpp	local	lbl_t_movie_rodata_25EC	lbl_t_movie_rodata_25EC
.rodata	0x000025F0	0x4	t_movie/snd_test.cpp	local	lbl_t_movie_rodata_25F0	lbl_t_movie_rodata_25F0
.rodata	0x000025F4	0x10	t_movie/snd_test.cpp	local	lbl_t_movie_rodata_25F4	lbl_t_movie_rodata_25F4
.rodata	0x00002604	0x10	t_movie/snd_test.cpp	local	lbl_t_movie_rodata_2604	lbl_t_movie_rodata_2604
.rodata	0x00002614	0xC	t_movie/snd_test.cpp	local	lbl_t_movie_rodata_2614	lbl_t_movie_rodata_2614
.rodata	0x00002620	0x8	t_movie/snd_test.cpp	local	lbl_t_movie_rodata_2620	lbl_t_movie_rodata_2620
.rodata	0x00002628	0x8	t_movie/snd_test.cpp	local	lbl_t_movie_rodata_2628	lbl_t_movie_rodata_2628
.rodata	0x00002630	0xC	t_movie/snd_test.cpp	local	lbl_t_movie_rodata_2630	lbl_t_movie_rodata_2630
.rodata	0x0000263C	0x8	t_movie/snd_test.cpp	local	lbl_t_movie_rodata_263C	lbl_t_movie_rodata_263C
.rodata	0x0000265C	0xC	t_movie/t_movie.cpp	local	lbl_t_movie_rodata_265C	lbl_t_movie_rodata_265C
.rodata	0x00002668	0xC	t_movie/t_movie.cpp	local	lbl_t_movie_rodata_2668	lbl_t_movie_rodata_2668
.rodata	0x00002674	0x10	t_movie/t_movie.cpp	local	lbl_t_movie_rodata_2674	lbl_t_movie_rodata_2674
.rodata	0x00002684	0x8	t_movie/t_movie.cpp	local	lbl_t_movie_rodata_2684	lbl_t_movie_rodata_2684
.rodata	0x0000268C	0x4	t_movie/t_movie.cpp	local	lbl_t_movie_rodata_268C	lbl_t_movie_rodata_268C
.rodata	0x00002690	0xC	t_movie/t_movie.cpp	local	lbl_t_movie_rodata_2690	lbl_t_movie_rodata_2690
.rodata	0x0000269C	0x4	t_movie/t_movie.cpp	local	lbl_t_movie_rodata_269C	lbl_t_movie_rodata_269C
.rodata	0x000026A0	0x8	t_movie/t_movie.cpp	local	lbl_t_movie_rodata_26A0	lbl_t_movie_rodata_26A0
.rodata	0x000026A8	0xC	t_movie/t_movie.cpp	local	lbl_t_movie_rodata_26A8	lbl_t_movie_rodata_26A8
.rodata	0x000026B4	0x10	t_movie/t_movie.cpp	local	lbl_t_movie_rodata_26B4	lbl_t_movie_rodata_26B4
.rodata	0x000026C4	0x4	t_movie/t_prim.cpp	local	lbl_t_movie_rodata_26C4	lbl_t_movie_rodata_26C4
.rodata	0x000026C8	0x14	t_movie/t_prim.cpp	local	lbl_t_movie_rodata_26C8	lbl_t_movie_rodata_26C8
.rodata	0x000026DC	0x4	t_movie/t_prim.cpp	global	TprimHtrSize	TprimHtrSize
.rodata	0x000026E0	0x44	t_movie/t_prim.cpp	local	lbl_t_movie_rodata_26E0	lbl_t_movie_rodata_26E0
.rodata	0x00002740	0x8	t_movie/t_se_at.cpp	local	lbl_t_movie_rodata_2740	lbl_t_movie_rodata_2740
.rodata	0x00002748	0x8	t_movie/t_se_at.cpp	local	lbl_t_movie_rodata_2748	lbl_t_movie_rodata_2748
.rodata	0x00002750	0x8	t_movie/t_se_at.cpp	local	lbl_t_movie_rodata_2750	lbl_t_movie_rodata_2750
.rodata	0x00002758	0x8	t_movie/t_se_at.cpp	local	lbl_t_movie_rodata_2758	lbl_t_movie_rodata_2758
.rodata	0x00002760	0x8	t_movie/t_se_at.cpp	local	lbl_t_movie_rodata_2760	lbl_t_movie_rodata_2760
.rodata	0x00002768	0x8	t_movie/t_se_at.cpp	local	lbl_t_movie_rodata_2768	lbl_t_movie_rodata_2768
.rodata	0x00002770	0x8	t_movie/t_se_at.cpp	local	lbl_t_movie_rodata_2770	lbl_t_movie_rodata_2770
.rodata	0x00002778	0x14	t_movie/t_se_at.cpp	local	lbl_t_movie_rodata_2778	lbl_t_movie_rodata_2778
.rodata	0x0000278C	0x4	t_movie/t_se_at.cpp	local	lbl_t_movie_rodata_278C	lbl_t_movie_rodata_278C
.rodata	0x00002790	0xC	t_movie/t_se_at.cpp	local	lbl_t_movie_rodata_2790	lbl_t_movie_rodata_2790
.rodata	0x0000279C	0x8	t_movie/t_se_at.cpp	local	lbl_t_movie_rodata_279C	lbl_t_movie_rodata_279C
.rodata	0x000027A4	0xC	t_movie/t_se_at.cpp	local	lbl_t_movie_rodata_27A4	lbl_t_movie_rodata_27A4
.rodata	0x000027B0	0xC	t_movie/t_se_at.cpp	local	lbl_t_movie_rodata_27B0	lbl_t_movie_rodata_27B0
.rodata	0x000027BC	0x8	t_movie/t_se_at.cpp	local	lbl_t_movie_rodata_27BC	lbl_t_movie_rodata_27BC
.rodata	0x000027C4	0xC	t_movie/t_se_at.cpp	local	lbl_t_movie_rodata_27C4	lbl_t_movie_rodata_27C4
.rodata	0x000027D0	0x14	t_movie/t_se_at.cpp	local	lbl_t_movie_rodata_27D0	lbl_t_movie_rodata_27D0
.rodata	0x000027E4	0xC	t_movie/t_se_at.cpp	local	lbl_t_movie_rodata_27E4	lbl_t_movie_rodata_27E4
.rodata	0x000027F0	0x4	t_movie/t_se_at.cpp	local	lbl_t_movie_rodata_27F0	lbl_t_movie_rodata_27F0
.rodata	0x000027F4	0x4	t_movie/t_se_at.cpp	local	lbl_t_movie_rodata_27F4	lbl_t_movie_rodata_27F4
.rodata	0x000027F8	0xC	t_movie/t_se_at.cpp	local	lbl_t_movie_rodata_27F8	lbl_t_movie_rodata_27F8
.rodata	0x00002804	0xC	t_movie/t_se_at.cpp	local	lbl_t_movie_rodata_2804	lbl_t_movie_rodata_2804
.rodata	0x00002810	0x10	t_movie/t_se_at.cpp	local	lbl_t_movie_rodata_2810	lbl_t_movie_rodata_2810
.rodata	0x00002820	0xC	t_movie/t_se_at.cpp	local	lbl_t_movie_rodata_2820	lbl_t_movie_rodata_2820
.rodata	0x0000282C	0xC	t_movie/t_se_at.cpp	local	lbl_t_movie_rodata_282C	lbl_t_movie_rodata_282C
.rodata	0x00002838	0xC	t_movie/t_se_at.cpp	local	lbl_t_movie_rodata_2838	lbl_t_movie_rodata_2838
.rodata	0x00002844	0xC	t_movie/t_se_at.cpp	local	lbl_t_movie_rodata_2844	lbl_t_movie_rodata_2844
.rodata	0x00002850	0x10	t_movie/t_se_at.cpp	local	lbl_t_movie_rodata_2850	lbl_t_movie_rodata_2850
.rodata	0x00002860	0x8	t_movie/t_se_at.cpp	local	lbl_t_movie_rodata_2860	lbl_t_movie_rodata_2860
.rodata	0x00002868	0x4	t_movie/t_se_at.cpp	local	lbl_t_movie_rodata_2868	lbl_t_movie_rodata_2868
.rodata	0x0000286C	0x4	t_movie/t_se_at.cpp	local	lbl_t_movie_rodata_286C	lbl_t_movie_rodata_286C
.rodata	0x00002870	0x4	t_movie/t_se_at.cpp	local	lbl_t_movie_rodata_2870	lbl_t_movie_rodata_2870
.rodata	0x00002874	0x4	t_movie/t_se_at.cpp	local	lbl_t_movie_rodata_2874	lbl_t_movie_rodata_2874
.rodata	0x00002878	0x4	t_movie/t_se_at.cpp	local	lbl_t_movie_rodata_2878	lbl_t_movie_rodata_2878
.rodata	0x0000287C	0x4	t_movie/t_se_at.cpp	local	lbl_t_movie_rodata_287C	lbl_t_movie_rodata_287C
.rodata	0x00002880	0x4	t_movie/t_se_at.cpp	local	lbl_t_movie_rodata_2880	lbl_t_movie_rodata_2880
.rodata	0x00002884	0x4	t_movie/t_se_at.cpp	local	lbl_t_movie_rodata_2884	lbl_t_movie_rodata_2884
.rodata	0x00002888	0xC	t_movie/t_se_at.cpp	local	lbl_t_movie_rodata_2888	lbl_t_movie_rodata_2888
.rodata	0x00002894	0xC	t_movie/t_se_at.cpp	local	lbl_t_movie_rodata_2894	lbl_t_movie_rodata_2894
.rodata	0x000028A0	0xC	t_movie/t_se_at.cpp	local	lbl_t_movie_rodata_28A0	lbl_t_movie_rodata_28A0
.rodata	0x000028AC	0xC	t_movie/t_se_at.cpp	local	lbl_t_movie_rodata_28AC	lbl_t_movie_rodata_28AC
.rodata	0x000028B8	0xC	t_movie/t_se_at.cpp	local	lbl_t_movie_rodata_28B8	lbl_t_movie_rodata_28B8
.rodata	0x000028C4	0xC	t_movie/t_se_at.cpp	local	lbl_t_movie_rodata_28C4	lbl_t_movie_rodata_28C4
.rodata	0x000028D0	0x10	t_movie/t_se_at.cpp	local	lbl_t_movie_rodata_28D0	lbl_t_movie_rodata_28D0
.rodata	0x000028E0	0x10	t_movie/t_se_at.cpp	local	lbl_t_movie_rodata_28E0	lbl_t_movie_rodata_28E0
.rodata	0x000028F0	0xC	t_movie/t_se_at.cpp	local	lbl_t_movie_rodata_28F0	lbl_t_movie_rodata_28F0
.rodata	0x000028FC	0x4	t_movie/t_se_at.cpp	local	lbl_t_movie_rodata_28FC	lbl_t_movie_rodata_28FC
.rodata	0x00002900	0x4	t_movie/t_se_at.cpp	local	lbl_t_movie_rodata_2900	lbl_t_movie_rodata_2900
.rodata	0x00002904	0x4	t_movie/t_se_at.cpp	local	lbl_t_movie_rodata_2904	lbl_t_movie_rodata_2904
.rodata	0x00002908	0xC	t_movie/t_se_at.cpp	local	lbl_t_movie_rodata_2908	lbl_t_movie_rodata_2908
.rodata	0x00002914	0x20	t_movie/t_se_at.cpp	local	lbl_t_movie_rodata_2914	lbl_t_movie_rodata_2914
.rodata	0x00002934	0x1C	t_movie/t_se_at.cpp	local	lbl_t_movie_rodata_2934	lbl_t_movie_rodata_2934
.rodata	0x00002950	0x2C	t_movie/t_se_at.cpp	local	lbl_t_movie_rodata_2950	lbl_t_movie_rodata_2950
.rodata	0x0000297C	0x4	t_movie/t_se_at.cpp	local	lbl_t_movie_rodata_297C	lbl_t_movie_rodata_297C
.rodata	0x00002980	0x18	t_movie/t_se_at.cpp	local	lbl_t_movie_rodata_2980	lbl_t_movie_rodata_2980
.rodata	0x00002998	0x2C	t_movie/t_se_at.cpp	local	lbl_t_movie_rodata_2998	lbl_t_movie_rodata_2998
.rodata	0x000029C4	0x10	t_movie/t_se_at.cpp	local	lbl_t_movie_rodata_29C4	lbl_t_movie_rodata_29C4
.rodata	0x000029D4	0xC	t_movie/t_se_at.cpp	local	lbl_t_movie_rodata_29D4	lbl_t_movie_rodata_29D4
.rodata	0x000029E0	0x8	t_movie/t_se_at.cpp	local	lbl_t_movie_rodata_29E0	lbl_t_movie_rodata_29E0
.rodata	0x000029E8	0xC	t_movie/t_se_at.cpp	local	lbl_t_movie_rodata_29E8	lbl_t_movie_rodata_29E8
.rodata	0x000029F4	0xC	t_movie/t_se_at.cpp	local	lbl_t_movie_rodata_29F4	lbl_t_movie_rodata_29F4
.rodata	0x00002A00	0x24	t_movie/t_se_at.cpp	local	lbl_t_movie_rodata_2A00	lbl_t_movie_rodata_2A00
.rodata	0x00002A24	0x24	t_movie/t_se_at.cpp	local	lbl_t_movie_rodata_2A24	lbl_t_movie_rodata_2A24
.rodata	0x00002A48	0x10	t_movie/t_se_at.cpp	local	lbl_t_movie_rodata_2A48	lbl_t_movie_rodata_2A48
.rodata	0x00002A58	0x4	t_movie/t_se_at.cpp	local	lbl_t_movie_rodata_2A58	lbl_t_movie_rodata_2A58
.rodata	0x00002A5C	0x4	t_movie/t_se_at.cpp	local	lbl_t_movie_rodata_2A5C	lbl_t_movie_rodata_2A5C
.rodata	0x00002A60	0x18	t_movie/t_se_at.cpp	local	lbl_t_movie_rodata_2A60	lbl_t_movie_rodata_2A60
.rodata	0x00002A78	0x4	t_movie/t_se_at.cpp	local	lbl_t_movie_rodata_2A78	lbl_t_movie_rodata_2A78
.rodata	0x00002A7C	0x14	t_movie/t_se_at.cpp	local	lbl_t_movie_rodata_2A7C	lbl_t_movie_rodata_2A7C
.rodata	0x00002A90	0x14	t_movie/t_se_at.cpp	local	lbl_t_movie_rodata_2A90	lbl_t_movie_rodata_2A90
.rodata	0x00002AA4	0x8	t_movie/t_se_at.cpp	local	lbl_t_movie_rodata_2AA4	lbl_t_movie_rodata_2AA4
.rodata	0x00002AAC	0x8	t_movie/t_se_at.cpp	local	lbl_t_movie_rodata_2AAC	lbl_t_movie_rodata_2AAC
.rodata	0x00002AB4	0xC	t_movie/t_se_at.cpp	local	lbl_t_movie_rodata_2AB4	lbl_t_movie_rodata_2AB4
.rodata	0x00002AC0	0xC	t_movie/t_se_at.cpp	local	lbl_t_movie_rodata_2AC0	lbl_t_movie_rodata_2AC0
.rodata	0x00002ACC	0xC	t_movie/t_se_at.cpp	local	lbl_t_movie_rodata_2ACC	lbl_t_movie_rodata_2ACC
.rodata	0x00002AD8	0xC	t_movie/t_se_at.cpp	local	lbl_t_movie_rodata_2AD8	lbl_t_movie_rodata_2AD8
.rodata	0x00002AE4	0x24	t_movie/t_se_at.cpp	local	lbl_t_movie_rodata_2AE4	lbl_t_movie_rodata_2AE4
.rodata	0x00002B08	0x24	t_movie/t_se_at.cpp	local	lbl_t_movie_rodata_2B08	lbl_t_movie_rodata_2B08
.rodata	0x00002B2C	0x14	t_movie/t_se_at.cpp	local	lbl_t_movie_rodata_2B2C	lbl_t_movie_rodata_2B2C
.rodata	0x00002B40	0x14	t_movie/t_se_at.cpp	local	lbl_t_movie_rodata_2B40	lbl_t_movie_rodata_2B40
.rodata	0x00002B54	0x10	t_movie/t_se_at.cpp	local	lbl_t_movie_rodata_2B54	lbl_t_movie_rodata_2B54
.rodata	0x00002B64	0x28	t_movie/t_se_at.cpp	local	lbl_t_movie_rodata_2B64	lbl_t_movie_rodata_2B64
.rodata	0x00002B8C	0x28	t_movie/t_se_at.cpp	local	lbl_t_movie_rodata_2B8C	lbl_t_movie_rodata_2B8C
.rodata	0x00002BB4	0x38	t_movie/t_se_at.cpp	local	lbl_t_movie_rodata_2BB4	lbl_t_movie_rodata_2BB4
.rodata	0x00002BEC	0x28	t_movie/t_se_at.cpp	local	lbl_t_movie_rodata_2BEC	lbl_t_movie_rodata_2BEC
.rodata	0x00002C14	0x1C	t_movie/t_se_at.cpp	local	lbl_t_movie_rodata_2C14	lbl_t_movie_rodata_2C14
.rodata	0x00002C30	0x4	t_movie/t_snd_vol.cpp	local	lbl_t_movie_rodata_2C30	lbl_t_movie_rodata_2C30
.rodata	0x00002C34	0x18	t_movie/t_snd_vol.cpp	local	lbl_t_movie_rodata_2C34	lbl_t_movie_rodata_2C34
.rodata	0x00002C4C	0x14	t_movie/t_snd_vol.cpp	local	lbl_t_movie_rodata_2C4C	lbl_t_movie_rodata_2C4C
.rodata	0x00002C60	0x14	t_movie/t_snd_vol.cpp	local	lbl_t_movie_rodata_2C60	lbl_t_movie_rodata_2C60
.rodata	0x00002C74	0x14	t_movie/t_snd_vol.cpp	local	lbl_t_movie_rodata_2C74	lbl_t_movie_rodata_2C74
.rodata	0x00002C88	0x10	t_movie/t_snd_vol.cpp	local	lbl_t_movie_rodata_2C88	lbl_t_movie_rodata_2C88
.rodata	0x00002C98	0x8	t_movie/t_snd_vol.cpp	local	lbl_t_movie_rodata_2C98	lbl_t_movie_rodata_2C98
.rodata	0x00002CA0	0x8	t_movie/t_snd_vol.cpp	local	lbl_t_movie_rodata_2CA0	lbl_t_movie_rodata_2CA0
.rodata	0x00002CA8	0x8	t_movie/t_snd_vol.cpp	local	lbl_t_movie_rodata_2CA8	lbl_t_movie_rodata_2CA8
.rodata	0x00002CB0	0x8	t_movie/t_snd_vol.cpp	local	lbl_t_movie_rodata_2CB0	lbl_t_movie_rodata_2CB0
.rodata	0x00002CB8	0x8	t_movie/t_snd_vol.cpp	local	lbl_t_movie_rodata_2CB8	lbl_t_movie_rodata_2CB8
.rodata	0x00002CC0	0x10	t_movie/t_snd_vol.cpp	local	lbl_t_movie_rodata_2CC0	lbl_t_movie_rodata_2CC0
.rodata	0x00002CD0	0xC	t_movie/t_snd_vol.cpp	local	lbl_t_movie_rodata_2CD0	lbl_t_movie_rodata_2CD0
.rodata	0x00002CDC	0x4	t_movie/t_snd_vol.cpp	local	lbl_t_movie_rodata_2CDC	lbl_t_movie_rodata_2CDC
.rodata	0x00002CE0	0x4	t_movie/t_snd_vol.cpp	local	lbl_t_movie_rodata_2CE0	lbl_t_movie_rodata_2CE0
.rodata	0x00002CE4	0x14	t_movie/t_snd_vol.cpp	local	lbl_t_movie_rodata_2CE4	lbl_t_movie_rodata_2CE4
.rodata	0x00002CF8	0x24	t_movie/t_snd_vol.cpp	local	lbl_t_movie_rodata_2CF8	lbl_t_movie_rodata_2CF8
.rodata	0x00002D1C	0x18	t_movie/t_snd_vol.cpp	local	lbl_t_movie_rodata_2D1C	lbl_t_movie_rodata_2D1C
.rodata	0x00002D34	0x20	t_movie/t_snd_vol.cpp	local	lbl_t_movie_rodata_2D34	lbl_t_movie_rodata_2D34
.rodata	0x00002D54	0x20	t_movie/t_snd_vol.cpp	local	lbl_t_movie_rodata_2D54	lbl_t_movie_rodata_2D54
.rodata	0x00002D74	0x20	t_movie/t_snd_vol.cpp	local	lbl_t_movie_rodata_2D74	lbl_t_movie_rodata_2D74
.rodata	0x00002D94	0x20	t_movie/t_snd_vol.cpp	local	lbl_t_movie_rodata_2D94	lbl_t_movie_rodata_2D94
.rodata	0x00002DB4	0x4	t_movie/t_snd_vol.cpp	local	lbl_t_movie_rodata_2DB4	lbl_t_movie_rodata_2DB4
.rodata	0x00002DB8	0xC	t_movie/t_snd_vol.cpp	local	lbl_t_movie_rodata_2DB8	lbl_t_movie_rodata_2DB8
.rodata	0x00002DC4	0x10	t_movie/t_snd_vol.cpp	local	lbl_t_movie_rodata_2DC4	lbl_t_movie_rodata_2DC4
.rodata	0x00002DD4	0x14	t_movie/t_snd_vol.cpp	local	lbl_t_movie_rodata_2DD4	lbl_t_movie_rodata_2DD4
.rodata	0x00002DE8	0xC	t_movie/t_snd_vol.cpp	local	lbl_t_movie_rodata_2DE8	lbl_t_movie_rodata_2DE8
.rodata	0x00002DF4	0x14	t_movie/t_snd_vol.cpp	local	lbl_t_movie_rodata_2DF4	lbl_t_movie_rodata_2DF4
.rodata	0x00002E08	0x14	t_movie/t_snd_vol.cpp	local	lbl_t_movie_rodata_2E08	lbl_t_movie_rodata_2E08
.rodata	0x00002E1C	0x14	t_movie/t_snd_vol.cpp	local	lbl_t_movie_rodata_2E1C	lbl_t_movie_rodata_2E1C
.rodata	0x00002E30	0x14	t_movie/t_snd_vol.cpp	local	lbl_t_movie_rodata_2E30	lbl_t_movie_rodata_2E30
.rodata	0x00002E44	0x14	t_movie/t_snd_vol.cpp	local	lbl_t_movie_rodata_2E44	lbl_t_movie_rodata_2E44
.rodata	0x00002E58	0x14	t_movie/t_snd_vol.cpp	local	lbl_t_movie_rodata_2E58	lbl_t_movie_rodata_2E58
.rodata	0x00002E6C	0x14	t_movie/t_snd_vol.cpp	local	lbl_t_movie_rodata_2E6C	lbl_t_movie_rodata_2E6C
.rodata	0x00002E80	0x14	t_movie/t_snd_vol.cpp	local	lbl_t_movie_rodata_2E80	lbl_t_movie_rodata_2E80
.rodata	0x00002E94	0x14	t_movie/t_snd_vol.cpp	local	lbl_t_movie_rodata_2E94	lbl_t_movie_rodata_2E94
.rodata	0x00002EA8	0x14	t_movie/t_snd_vol.cpp	local	lbl_t_movie_rodata_2EA8	lbl_t_movie_rodata_2EA8
.rodata	0x00002EBC	0x14	t_movie/t_snd_vol.cpp	local	lbl_t_movie_rodata_2EBC	lbl_t_movie_rodata_2EBC
.rodata	0x00002ED0	0x14	t_movie/t_snd_vol.cpp	local	lbl_t_movie_rodata_2ED0	lbl_t_movie_rodata_2ED0
.rodata	0x00002EE4	0x4	t_movie/t_snd_vol.cpp	local	lbl_t_movie_rodata_2EE4	lbl_t_movie_rodata_2EE4
.rodata	0x00002EE8	0x4	t_movie/t_snd_vol.cpp	local	lbl_t_movie_rodata_2EE8	lbl_t_movie_rodata_2EE8
.rodata	0x00002EEC	0x4	t_movie/t_snd_vol.cpp	local	lbl_t_movie_rodata_2EEC	lbl_t_movie_rodata_2EEC
.rodata	0x00002EF0	0x4	t_movie/t_snd_vol.cpp	local	lbl_t_movie_rodata_2EF0	lbl_t_movie_rodata_2EF0
.rodata	0x00002EF4	0x4	t_movie/t_snd_vol.cpp	local	lbl_t_movie_rodata_2EF4	lbl_t_movie_rodata_2EF4
.rodata	0x00002EF8	0x8	t_movie/t_snd_vol.cpp	local	lbl_t_movie_rodata_2EF8	lbl_t_movie_rodata_2EF8
.rodata	0x00002F00	0x8	t_movie/t_snd_vol.cpp	local	lbl_t_movie_rodata_2F00	lbl_t_movie_rodata_2F00
.rodata	0x00002F08	0x8	t_movie/t_snd_vol.cpp	local	lbl_t_movie_rodata_2F08	lbl_t_movie_rodata_2F08
.rodata	0x00002F10	0x8	t_movie/t_snd_vol.cpp	local	lbl_t_movie_rodata_2F10	lbl_t_movie_rodata_2F10
.rodata	0x00002F18	0x4	t_movie/t_snd_vol.cpp	local	lbl_t_movie_rodata_2F18	lbl_t_movie_rodata_2F18
.rodata	0x00002F1C	0x4	t_movie/t_snd_vol.cpp	local	lbl_t_movie_rodata_2F1C	lbl_t_movie_rodata_2F1C
.rodata	0x00002F20	0x4	t_movie/t_snd_vol.cpp	local	lbl_t_movie_rodata_2F20	lbl_t_movie_rodata_2F20
.rodata	0x00002F24	0x4	t_movie/t_snd_vol.cpp	local	lbl_t_movie_rodata_2F24	lbl_t_movie_rodata_2F24
.rodata	0x00002F28	0x4	t_movie/t_snd_vol.cpp	local	lbl_t_movie_rodata_2F28	lbl_t_movie_rodata_2F28
.rodata	0x00002F2C	0x8	t_movie/t_snd_vol.cpp	local	lbl_t_movie_rodata_2F2C	lbl_t_movie_rodata_2F2C
.rodata	0x00002F34	0x8	t_movie/t_snd_vol.cpp	local	lbl_t_movie_rodata_2F34	lbl_t_movie_rodata_2F34
.rodata	0x00002F3C	0x8	t_movie/t_snd_vol.cpp	local	lbl_t_movie_rodata_2F3C	lbl_t_movie_rodata_2F3C
.rodata	0x00002F44	0x8	t_movie/t_snd_vol.cpp	local	lbl_t_movie_rodata_2F44	lbl_t_movie_rodata_2F44
.rodata	0x00002F4C	0x8	t_movie/t_snd_vol.cpp	local	lbl_t_movie_rodata_2F4C	lbl_t_movie_rodata_2F4C
.rodata	0x00002F54	0x8	t_movie/t_snd_vol.cpp	local	lbl_t_movie_rodata_2F54	lbl_t_movie_rodata_2F54
.rodata	0x00002F5C	0x8	t_movie/t_snd_vol.cpp	local	lbl_t_movie_rodata_2F5C	lbl_t_movie_rodata_2F5C
.rodata	0x00002F64	0x8	t_movie/t_snd_vol.cpp	local	lbl_t_movie_rodata_2F64	lbl_t_movie_rodata_2F64
.rodata	0x00002F6C	0x8	t_movie/t_snd_vol.cpp	local	lbl_t_movie_rodata_2F6C	lbl_t_movie_rodata_2F6C
.rodata	0x00002F74	0x8	t_movie/t_snd_vol.cpp	local	lbl_t_movie_rodata_2F74	lbl_t_movie_rodata_2F74
.rodata	0x00002F7C	0x8	t_movie/t_snd_vol.cpp	local	lbl_t_movie_rodata_2F7C	lbl_t_movie_rodata_2F7C
.rodata	0x00002F84	0x8	t_movie/t_snd_vol.cpp	local	lbl_t_movie_rodata_2F84	lbl_t_movie_rodata_2F84
.rodata	0x00002F8C	0x8	t_movie/t_snd_vol.cpp	local	lbl_t_movie_rodata_2F8C	lbl_t_movie_rodata_2F8C
.rodata	0x00002F94	0x8	t_movie/t_snd_vol.cpp	local	lbl_t_movie_rodata_2F94	lbl_t_movie_rodata_2F94
.rodata	0x00002F9C	0x8	t_movie/t_snd_vol.cpp	local	lbl_t_movie_rodata_2F9C	lbl_t_movie_rodata_2F9C
.rodata	0x00002FA4	0x8	t_movie/t_snd_vol.cpp	local	lbl_t_movie_rodata_2FA4	lbl_t_movie_rodata_2FA4
.rodata	0x00002FAC	0x8	t_movie/t_snd_vol.cpp	local	lbl_t_movie_rodata_2FAC	lbl_t_movie_rodata_2FAC
.rodata	0x00002FB4	0x8	t_movie/t_snd_vol.cpp	local	lbl_t_movie_rodata_2FB4	lbl_t_movie_rodata_2FB4
.rodata	0x00002FBC	0x8	t_movie/t_snd_vol.cpp	local	lbl_t_movie_rodata_2FBC	lbl_t_movie_rodata_2FBC
.rodata	0x00002FC4	0x8	t_movie/t_snd_vol.cpp	local	lbl_t_movie_rodata_2FC4	lbl_t_movie_rodata_2FC4
.rodata	0x00002FCC	0x8	t_movie/t_snd_vol.cpp	local	lbl_t_movie_rodata_2FCC	lbl_t_movie_rodata_2FCC
.rodata	0x00002FD4	0x8	t_movie/t_snd_vol.cpp	local	lbl_t_movie_rodata_2FD4	lbl_t_movie_rodata_2FD4
.rodata	0x00002FDC	0x8	t_movie/t_snd_vol.cpp	local	lbl_t_movie_rodata_2FDC	lbl_t_movie_rodata_2FDC
.rodata	0x00002FE4	0x8	t_movie/t_snd_vol.cpp	local	lbl_t_movie_rodata_2FE4	lbl_t_movie_rodata_2FE4
.rodata	0x00002FEC	0x4	t_movie/t_snd_vol.cpp	local	lbl_t_movie_rodata_2FEC	lbl_t_movie_rodata_2FEC
.rodata	0x00002FF0	0x18	t_movie/t_snd_vol.cpp	local	lbl_t_movie_rodata_2FF0	lbl_t_movie_rodata_2FF0
.rodata	0x00003008	0x1C	t_movie/t_snd_vol.cpp	local	lbl_t_movie_rodata_3008	lbl_t_movie_rodata_3008
.rodata	0x00003024	0x1C	t_movie/t_snd_vol.cpp	local	lbl_t_movie_rodata_3024	lbl_t_movie_rodata_3024
.rodata	0x00003040	0x10	t_movie/t_snd_vol.cpp	local	lbl_t_movie_rodata_3040	lbl_t_movie_rodata_3040
.rodata	0x00003050	0x4	t_movie/t_snd_vol.cpp	local	lbl_t_movie_rodata_3050	lbl_t_movie_rodata_3050
.rodata	0x00003054	0x4	t_movie/t_snd_vol.cpp	local	lbl_t_movie_rodata_3054	lbl_t_movie_rodata_3054
.rodata	0x00003058	0x8	t_movie/t_snd_vol.cpp	local	lbl_t_movie_rodata_3058	lbl_t_movie_rodata_3058
.rodata	0x00003060	0x4	t_movie/t_snd_vol.cpp	local	lbl_t_movie_rodata_3060	lbl_t_movie_rodata_3060
.rodata	0x00003064	0x4	t_movie/t_snd_vol.cpp	local	lbl_t_movie_rodata_3064	lbl_t_movie_rodata_3064
.rodata	0x00003068	0x14	t_movie/t_snd_vol.cpp	local	lbl_t_movie_rodata_3068	lbl_t_movie_rodata_3068
.rodata	0x0000307C	0x14	t_movie/t_snd_vol.cpp	local	lbl_t_movie_rodata_307C	lbl_t_movie_rodata_307C
.rodata	0x00003090	0x1C	t_movie/t_snd_vol.cpp	local	lbl_t_movie_rodata_3090	lbl_t_movie_rodata_3090
.rodata	0x000030AC	0x18	t_movie/t_snd_vol.cpp	local	lbl_t_movie_rodata_30AC	lbl_t_movie_rodata_30AC
.rodata	0x000030C4	0x14	t_movie/t_snd_vol.cpp	local	lbl_t_movie_rodata_30C4	lbl_t_movie_rodata_30C4
.rodata	0x000030D8	0x18	t_movie/t_snd_vol.cpp	local	lbl_t_movie_rodata_30D8	lbl_t_movie_rodata_30D8
.rodata	0x000030F0	0x10	t_movie/t_snd_vol.cpp	local	lbl_t_movie_rodata_30F0	lbl_t_movie_rodata_30F0
.rodata	0x00003100	0x10	t_movie/t_snd_vol.cpp	local	lbl_t_movie_rodata_3100	lbl_t_movie_rodata_3100
.rodata	0x00003110	0x10	t_movie/t_snd_vol.cpp	local	lbl_t_movie_rodata_3110	lbl_t_movie_rodata_3110
.rodata	0x00003120	0x14	t_movie/t_snd_vol.cpp	local	lbl_t_movie_rodata_3120	lbl_t_movie_rodata_3120
.rodata	0x00003134	0x10	t_movie/t_snd_vol.cpp	local	lbl_t_movie_rodata_3134	lbl_t_movie_rodata_3134
.rodata	0x00003144	0x14	t_movie/t_snd_vol.cpp	local	lbl_t_movie_rodata_3144	lbl_t_movie_rodata_3144
.rodata	0x00003158	0x10	t_movie/t_snd_vol.cpp	local	lbl_t_movie_rodata_3158	lbl_t_movie_rodata_3158
.rodata	0x00003168	0x4	t_movie/t_snd_vol.cpp	local	lbl_t_movie_rodata_3168	lbl_t_movie_rodata_3168
.rodata	0x0000316C	0x18	t_movie/t_snd_vol.cpp	local	lbl_t_movie_rodata_316C	lbl_t_movie_rodata_316C
.rodata	0x00003184	0x10	t_movie/t_snd_vol.cpp	local	lbl_t_movie_rodata_3184	lbl_t_movie_rodata_3184
.rodata	0x00003194	0x8	t_movie/t_snd_vol.cpp	local	lbl_t_movie_rodata_3194	lbl_t_movie_rodata_3194
.rodata	0x0000319C	0x14	t_movie/t_snd_vol.cpp	local	lbl_t_movie_rodata_319C	lbl_t_movie_rodata_319C
.rodata	0x000031B0	0x14	t_movie/t_snd_vol.cpp	local	lbl_t_movie_rodata_31B0	lbl_t_movie_rodata_31B0
.rodata	0x000031C4	0x14	t_movie/t_snd_vol.cpp	local	lbl_t_movie_rodata_31C4	lbl_t_movie_rodata_31C4
.rodata	0x000031D8	0x14	t_movie/t_snd_vol.cpp	local	lbl_t_movie_rodata_31D8	lbl_t_movie_rodata_31D8
.rodata	0x000031EC	0x14	t_movie/t_snd_vol.cpp	local	lbl_t_movie_rodata_31EC	lbl_t_movie_rodata_31EC
.rodata	0x00003200	0x8	t_movie/t_snd_vol.cpp	local	lbl_t_movie_rodata_3200	lbl_t_movie_rodata_3200
.rodata	0x00003208	0x14	t_movie/t_snd_vol.cpp	local	lbl_t_movie_rodata_3208	lbl_t_movie_rodata_3208
.rodata	0x0000321C	0x14	t_movie/t_snd_vol.cpp	local	lbl_t_movie_rodata_321C	lbl_t_movie_rodata_321C
.rodata	0x00003230	0x14	t_movie/t_snd_vol.cpp	local	lbl_t_movie_rodata_3230	lbl_t_movie_rodata_3230
.rodata	0x00003244	0x14	t_movie/t_snd_vol.cpp	local	lbl_t_movie_rodata_3244	lbl_t_movie_rodata_3244
.rodata	0x00003258	0xC	t_movie/t_snd_vol.cpp	local	lbl_t_movie_rodata_3258	lbl_t_movie_rodata_3258
.rodata	0x00003264	0x14	t_movie/t_snd_vol.cpp	local	lbl_t_movie_rodata_3264	lbl_t_movie_rodata_3264
.rodata	0x00003278	0x4	t_movie/t_snd_vol.cpp	local	lbl_t_movie_rodata_3278	lbl_t_movie_rodata_3278
.rodata	0x0000327C	0x4	t_movie/t_snd_vol.cpp	local	lbl_t_movie_rodata_327C	lbl_t_movie_rodata_327C
.rodata	0x00003280	0x4	t_movie/t_snd_vol.cpp	local	lbl_t_movie_rodata_3280	lbl_t_movie_rodata_3280
.rodata	0x00003284	0x4	t_movie/t_snd_vol.cpp	local	lbl_t_movie_rodata_3284	lbl_t_movie_rodata_3284
.rodata	0x00003288	0x4	t_movie/t_snd_vol.cpp	local	lbl_t_movie_rodata_3288	lbl_t_movie_rodata_3288
.rodata	0x0000328C	0x8	t_movie/t_snd_vol.cpp	local	lbl_t_movie_rodata_328C	lbl_t_movie_rodata_328C
.rodata	0x00003294	0x10	t_movie/t_snd_vol.cpp	local	lbl_t_movie_rodata_3294	lbl_t_movie_rodata_3294
.rodata	0x000032A4	0x8	t_movie/t_snd_vol.cpp	local	lbl_t_movie_rodata_32A4	lbl_t_movie_rodata_32A4
.rodata	0x000032AC	0x8	t_movie/t_snd_vol.cpp	local	lbl_t_movie_rodata_32AC	lbl_t_movie_rodata_32AC
.rodata	0x000032B4	0x8	t_movie/t_snd_vol.cpp	local	lbl_t_movie_rodata_32B4	lbl_t_movie_rodata_32B4
.rodata	0x000032BC	0x4	t_movie/t_snd_vol.cpp	local	lbl_t_movie_rodata_32BC	lbl_t_movie_rodata_32BC
.rodata	0x000032C0	0xC	t_movie/t_snd_vol.cpp	local	lbl_t_movie_rodata_32C0	lbl_t_movie_rodata_32C0
.rodata	0x000032CC	0xC	t_movie/t_snd_vol.cpp	local	lbl_t_movie_rodata_32CC	lbl_t_movie_rodata_32CC
.rodata	0x000032D8	0xC	t_movie/t_snd_vol.cpp	local	lbl_t_movie_rodata_32D8	lbl_t_movie_rodata_32D8
.rodata	0x000032E4	0x18	t_movie/t_snd_vol.cpp	local	lbl_t_movie_rodata_32E4	lbl_t_movie_rodata_32E4
.rodata	0x000032FC	0x18	t_movie/t_snd_vol.cpp	local	lbl_t_movie_rodata_32FC	lbl_t_movie_rodata_32FC
.rodata	0x00003314	0x10	t_movie/t_snd_vol.cpp	local	lbl_t_movie_rodata_3314	lbl_t_movie_rodata_3314
.rodata	0x00003324	0xC	t_movie/t_snd_vol.cpp	local	lbl_t_movie_rodata_3324	lbl_t_movie_rodata_3324
.rodata	0x00003330	0x18	t_movie/t_snd_vol.cpp	local	lbl_t_movie_rodata_3330	lbl_t_movie_rodata_3330
.rodata	0x00003348	0x10	t_movie/t_snd_vol.cpp	local	lbl_t_movie_rodata_3348	lbl_t_movie_rodata_3348
.rodata	0x00003358	0x10	t_movie/t_snd_vol.cpp	local	lbl_t_movie_rodata_3358	lbl_t_movie_rodata_3358
.rodata	0x00003368	0x14	t_movie/t_snd_vol.cpp	local	lbl_t_movie_rodata_3368	lbl_t_movie_rodata_3368
.rodata	0x0000337C	0xC	t_movie/t_snd_vol.cpp	local	lbl_t_movie_rodata_337C	lbl_t_movie_rodata_337C
.rodata	0x00003388	0x14	t_movie/t_snd_vol.cpp	local	lbl_t_movie_rodata_3388	lbl_t_movie_rodata_3388
.rodata	0x0000339C	0xC	t_movie/t_snd_vol.cpp	local	lbl_t_movie_rodata_339C	lbl_t_movie_rodata_339C
.rodata	0x000033A8	0x1C	t_movie/t_snd_vol.cpp	local	lbl_t_movie_rodata_33A8	lbl_t_movie_rodata_33A8
.rodata	0x000033C4	0xC	t_movie/t_snd_vol.cpp	local	lbl_t_movie_rodata_33C4	lbl_t_movie_rodata_33C4
.rodata	0x000033D0	0x1C	t_movie/t_snd_vol.cpp	local	lbl_t_movie_rodata_33D0	lbl_t_movie_rodata_33D0
.rodata	0x000033EC	0x10	t_movie/t_snd_vol.cpp	local	lbl_t_movie_rodata_33EC	lbl_t_movie_rodata_33EC
.rodata	0x000033FC	0x14	t_movie/t_snd_vol.cpp	local	lbl_t_movie_rodata_33FC	lbl_t_movie_rodata_33FC
.rodata	0x00003410	0x14	t_movie/t_snd_vol.cpp	local	lbl_t_movie_rodata_3410	lbl_t_movie_rodata_3410
.rodata	0x00003424	0xC	t_movie/t_snd_vol.cpp	local	lbl_t_movie_rodata_3424	lbl_t_movie_rodata_3424
.rodata	0x00003430	0x14	t_movie/t_snd_vol.cpp	local	lbl_t_movie_rodata_3430	lbl_t_movie_rodata_3430
.rodata	0x00003444	0x20	t_movie/t_snd_vol.cpp	local	lbl_t_movie_rodata_3444	lbl_t_movie_rodata_3444
.rodata	0x00003464	0x20	t_movie/t_snd_vol.cpp	local	lbl_t_movie_rodata_3464	lbl_t_movie_rodata_3464
.rodata	0x00003484	0x10	t_movie/t_snd_vol.cpp	local	lbl_t_movie_rodata_3484	lbl_t_movie_rodata_3484
.rodata	0x00003494	0x18	t_movie/t_snd_vol.cpp	local	lbl_t_movie_rodata_3494	lbl_t_movie_rodata_3494
.rodata	0x000034AC	0x14	t_movie/t_snd_vol.cpp	local	lbl_t_movie_rodata_34AC	lbl_t_movie_rodata_34AC
.rodata	0x000034C0	0x14	t_movie/t_snd_vol.cpp	local	lbl_t_movie_rodata_34C0	lbl_t_movie_rodata_34C0
.rodata	0x000034D4	0x8	t_movie/t_snd_vol.cpp	local	lbl_t_movie_rodata_34D4	lbl_t_movie_rodata_34D4
.rodata	0x000034DC	0x8	t_movie/t_snd_vol.cpp	local	lbl_t_movie_rodata_34DC	lbl_t_movie_rodata_34DC
.rodata	0x000034E4	0xC	t_movie/t_snd_vol.cpp	local	lbl_t_movie_rodata_34E4	lbl_t_movie_rodata_34E4
.rodata	0x000034F0	0xC	t_movie/t_snd_vol.cpp	local	lbl_t_movie_rodata_34F0	lbl_t_movie_rodata_34F0
.rodata	0x000034FC	0x14	t_movie/t_snd_vol.cpp	local	lbl_t_movie_rodata_34FC	lbl_t_movie_rodata_34FC
.rodata	0x00003558	0x4	t_movie/t_util.cpp	local	lbl_t_movie_rodata_3558	lbl_t_movie_rodata_3558
.rodata	0x0000355C	0x20	t_movie/t_util.cpp	local	lbl_t_movie_rodata_355C	lbl_t_movie_rodata_355C
.rodata	0x0000357C	0x4	t_movie/t_util.cpp	local	lbl_t_movie_rodata_357C	lbl_t_movie_rodata_357C
.rodata	0x00003580	0x4	t_movie/t_util.cpp	local	lbl_t_movie_rodata_3580	lbl_t_movie_rodata_3580
.rodata	0x00003584	0x28	t_movie/t_util.cpp	local	lbl_t_movie_rodata_3584	lbl_t_movie_rodata_3584
.rodata	0x000035AC	0x28	t_movie/t_util.cpp	local	lbl_t_movie_rodata_35AC	lbl_t_movie_rodata_35AC
.rodata	0x000035D4	0x38	t_movie/t_util.cpp	local	lbl_t_movie_rodata_35D4	lbl_t_movie_rodata_35D4
.rodata	0x0000360C	0x28	t_movie/t_util.cpp	local	lbl_t_movie_rodata_360C	lbl_t_movie_rodata_360C
.rodata	0x00003634	0x1C	t_movie/t_util.cpp	local	lbl_t_movie_rodata_3634	lbl_t_movie_rodata_3634
.data	0x00000000	0x28	t_movie/db_light.cpp	global	light_id_name	light_id_name
.data	0x00000028	0x40	t_movie/db_light.cpp	local	light_type_name	light_type_name
.data	0x00000068	0x40	t_movie/db_light.cpp	local	shadow_type_name	shadow_type_name
.data	0x000000A8	0x40	t_movie/db_light.cpp	local	light_type_short	light_type_short
.data	0x000000E8	0x40	t_movie/db_light.cpp	local	shadow_type_short	shadow_type_short
.data	0x00000128	0x40	t_movie/db_light.cpp	local	self_shd_name	self_shd_name
.data	0x00000168	0x40	t_movie/db_light.cpp	local	soft_shd_name	soft_shd_name
.data	0x000001A8	0xC	t_movie/db_light.cpp	local	aniso_name	aniso_name
.data	0x000001B4	0x14	t_movie/db_light.cpp	local	parent_name	parent_name
.data	0x000001C8	0x14	t_movie/db_light.cpp	local	parent_short	parent_short
.data	0x000001DC	0x4	t_movie/db_light.cpp	local	path_room_server	path_room_server
.data	0x000001E0	0x4	t_movie/db_light.cpp	local	path_room_local	path_room_local
.data	0x000001E4	0x4	t_movie/db_light.cpp	local	path_event	path_event
.data	0x000001E8	0x4	t_movie/db_light.cpp	local	path_event_action	path_event_action
.data	0x000001EC	0x4	t_movie/db_light.cpp	local	path_tool	path_tool
.data	0x000001F0	0x4	t_movie/db_light.cpp	local	path_item	path_item
.data	0x000001F4	0x4	t_movie/db_light.cpp	local	path_core	path_core
.data	0x000001F8	0x4	t_movie/db_light.cpp	local	path_litpath	path_litpath
.data	0x000001FC	0x1C	t_movie/db_light.cpp	local	routine_tbl.411	routine_tbl.411
.data	0x00000218	0x18	t_movie/db_light.cpp	local	menu_name.424	menu_name.424
.data	0x00000230	0x34	t_movie/db_light.cpp	local	edit_tbl.428	edit_tbl.428
.data	0x00000264	0x30	t_movie/db_light.cpp	local	edit_name.432	edit_name.432
.data	0x00000294	0x10	t_movie/db_light.cpp	local	cut_onoff.436	cut_onoff.436
.data	0x000002A4	0x8	t_movie/db_light.cpp	local	cutsel_tbl.437	cutsel_tbl.437
.data	0x000002AC	0x18	t_movie/db_light.cpp	local	cutsel_sub_name.445	cutsel_sub_name.445
.data	0x000002C4	0xA0	t_movie/db_light.cpp	local	edit_light_tbl.488	edit_light_tbl.488
.data	0x00000364	0x30	t_movie/db_light.cpp	local	light_col.492	light_col.492
.data	0x00000394	0x30	t_movie/db_light.cpp	local	light_col_w.493	light_col_w.493
.data	0x000003C4	0x28	t_movie/db_light.cpp	local	light_sub_name.497	light_sub_name.497
.data	0x000003EC	0x28	t_movie/db_light.cpp	local	light_id_tbl.519	light_id_tbl.519
.data	0x00000414	0x18	t_movie/db_light.cpp	local	shadow_kind_name.535	shadow_kind_name.535
.data	0x0000042C	0x8	t_movie/db_light.cpp	local	shadow_onoff.536	shadow_onoff.536
.data	0x00000434	0x4	t_movie/db_light.cpp	local	parent_num.555	parent_num.555
.data	0x00000438	0x40	t_movie/db_light.cpp	local	light_type_tbl.574	light_type_tbl.574
.data	0x00000478	0xC	t_movie/db_light.cpp	local	shadow_type_tbl.578	shadow_type_tbl.578
.data	0x00000484	0x10	t_movie/db_light.cpp	local	gear_step.618	gear_step.618
.data	0x00000494	0x4	t_movie/db_light.cpp	local	x0.628	x0.628
.data	0x00000498	0x4	t_movie/db_light.cpp	local	y0.629	y0.629
.data	0x0000049C	0x4	t_movie/db_light.cpp	local	w0.630	w0.630
.data	0x000004A0	0x4	t_movie/db_light.cpp	local	h0.631	h0.631
.data	0x000004A4	0x4	t_movie/db_light.cpp	local	s0.632	s0.632
.data	0x000004A8	0x4	t_movie/db_light.cpp	local	amb_copy.643	amb_copy.643
.data	0x000004AC	0x10	t_movie/db_light.cpp	local	focus_mode_name.656	focus_mode_name.656
.data	0x000004BC	0x4	t_movie/db_light.cpp	local	sz.660	sz.660
.data	0x000004C0	0x4	t_movie/db_light.cpp	local	gamma2.661	gamma2.661
.data	0x000004C4	0x4	t_movie/db_light.cpp	local	gamma3.662	gamma3.662
.data	0x000004C8	0x10	t_movie/db_light.cpp	local	tune_name.672	tune_name.672
.data	0x000004D8	0x10	t_movie/db_light.cpp	local	scale_name.676	scale_name.676
.data	0x000004E8	0x8	t_movie/db_light.cpp	local	onoff.703	onoff.703
.data	0x000004F0	0x8	t_movie/db_light.cpp	local	table_head	table_head
.data	0x000004F8	0x4	t_movie/db_light.cpp	local	state.758	state.758
.data	0x00000500	0x160	t_movie/snd_test.cpp	local	test_para_sit	test_para_sit
.data	0x00000660	0x70	t_movie/snd_test.cpp	local	test_para_midi	test_para_midi
.data	0x000006D0	0xD0	t_movie/snd_test.cpp	local	test_para_rit	test_para_rit
.data	0x000007A0	0x4	t_movie/snd_test.cpp	local	test_para_max	test_para_max
.data	0x000007A4	0x14	t_movie/snd_test.cpp	local	move_type_tbl	move_type_tbl
.data	0x000007B8	0x90	t_movie/snd_test.cpp	local	efx_para_rev_hi	efx_para_rev_hi
.data	0x00000848	0x78	t_movie/snd_test.cpp	local	efx_para_rev_std	efx_para_rev_std
.data	0x000008C0	0x48	t_movie/snd_test.cpp	local	efx_para_chorus	efx_para_chorus
.data	0x00000908	0xD8	t_movie/snd_test.cpp	local	efx_para_delay	efx_para_delay
.data	0x000009E0	0x78	t_movie/snd_test.cpp	local	efx_para_rev_dpl2	efx_para_rev_dpl2
.data	0x00000A58	0x18	t_movie/snd_test.cpp	local	test_move_epara_tbl	test_move_epara_tbl
.data	0x00000A70	0x6	t_movie/snd_test.cpp	local	test_aux_para_num	test_aux_para_num
.data	0x00000A78	0x18	t_movie/snd_test.cpp	local	vol_ptr_tbl	vol_ptr_tbl
.data	0x00000A90	0x14	t_movie/snd_test.cpp	local	disp_tbl	disp_tbl
.data	0x00000AA4	0x10	t_movie/snd_test.cpp	local	sit_type_name	sit_type_name
.data	0x00000AB4	0x10	t_movie/snd_test.cpp	local	srd_type_name	srd_type_name
.data	0x00000AC4	0x8	t_movie/snd_test.cpp	local	on_off_name	on_off_name
.data	0x00000ACC	0x1C	t_movie/snd_test.cpp	local	str_state_name	str_state_name
.data	0x00000AE8	0x8	t_movie/snd_test.cpp	local	str_state_col	str_state_col
.data	0x00000AF0	0xC	t_movie/snd_test.cpp	local	sound_mode_name	sound_mode_name
.data	0x00000AFC	0x8	t_movie/snd_test.cpp	local	tbl_name	tbl_name
.data	0x00000B04	0x8	t_movie/snd_test.cpp	local	efx_type_col	efx_type_col
.data	0x00000B0C	0x20	t_movie/snd_test.cpp	local	efx_type_name	efx_type_name
.data	0x00000B2C	0x8	t_movie/snd_test.cpp	local	aux_name	aux_name
.data	0x00000B34	0x18	t_movie/snd_test.cpp	local	efx_name	efx_name
.data	0x00000B4C	0x1C	t_movie/snd_test.cpp	local	test_disp_efx_tbl	test_disp_efx_tbl
.data	0x00000B68	0x4	t_movie/snd_test.cpp	local	dir_up_name	dir_up_name
.data	0x00000B6C	0xC	t_movie/snd_test.cpp	local	blk_ext_name	blk_ext_name
.data	0x00000B78	0x10	t_movie/t_movie.cpp	local	movie_test_tbl	movie_test_tbl
.data	0x00000B88	0x18	t_movie/t_prim.cpp	local	Vrect	Vrect
.data	0x00000BA0	0x4	t_movie/t_prim.cpp	local	FlipMode	FlipMode
.data	0x00000BA4	0x30	t_movie/t_prim.cpp	local	bl.42	bl.42
.data	0x00000BD8	0x1C	t_movie/t_se_at.cpp	local	seAtBlockName	seAtBlockName
.data	0x00000BF4	0x14	t_movie/t_se_at.cpp	local	seAtRoutine	seAtRoutine
.data	0x00000C08	0x3C	t_movie/t_se_at.cpp	local	seAtMainMenuTbl	seAtMainMenuTbl
.data	0x00000C44	0x10	t_movie/t_se_at.cpp	local	seAtEditRoutine	seAtEditRoutine
.data	0x00000C54	0x24	t_movie/t_se_at.cpp	local	seAtCreateMenu	seAtCreateMenu
.data	0x00000C78	0x48	t_movie/t_se_at.cpp	local	seAtEditMenu	seAtEditMenu
.data	0x00000CC0	0x18	t_movie/t_se_at.cpp	local	seAtInputName	seAtInputName
.data	0x00000CD8	0x8	t_movie/t_se_at.cpp	local	seAtRndName	seAtRndName
.data	0x00000CE0	0x40	t_movie/t_se_at.cpp	local	seAtFlagName	seAtFlagName
.data	0x00000D20	0x24	t_movie/t_se_at.cpp	local	seAtSaveMenu	seAtSaveMenu
.data	0x00000D44	0xC	t_movie/t_se_at.cpp	local	seAtPreviewRoutine	seAtPreviewRoutine
.data	0x00000D50	0x4	t_movie/t_snd_vol.cpp	local	sndVolWork	sndVolWork
.data	0x00000D54	0x40	t_movie/t_snd_vol.cpp	local	cursorCol	cursorCol
.data	0x00000D94	0xC	t_movie/t_snd_vol.cpp	local	select_title	select_title
.data	0x00000DA0	0xC	t_movie/t_snd_vol.cpp	local	select_func	select_func
.data	0x00000DAC	0xC	t_movie/t_snd_vol.cpp	local	edit_title	edit_title
.data	0x00000DB8	0xC	t_movie/t_snd_vol.cpp	local	val_range	val_range
.data	0x00000DC4	0x1	t_movie/t_snd_vol.cpp	local	blink_r	blink_r
.data	0x00000DC5	0x1	t_movie/t_snd_vol.cpp	local	blink_dir	blink_dir
.data	0x00000DC8	0x60	t_movie/t_snd_vol.cpp	local	filter_name	filter_name
.data	0x00000E28	0x60	t_movie/t_snd_vol.cpp	local	efx_help	efx_help
.data	0x00000E88	0x10	t_movie/t_snd_vol.cpp	local	combine_func	combine_func
.data	0x00000E98	0x20	t_movie/t_snd_vol.cpp	local	mode_func	mode_func
.data	0x00000EB8	0x4	t_movie/t_util.cpp	local	old_menu	old_menu
.data	0x00000EBC	0x1	t_movie/t_util.cpp	local	cursor_s.213	cursor_s.213
.data	0x00000EBD	0x1	t_movie/t_util.cpp	local	flicker.214	flicker.214
.bss	0x00000000	0xC	t_movie/db_light.cpp	global	spotRot.612	spotRot.612
.bss	0x0000000C	0xC	t_movie/db_light.cpp	local	rot.616	rot.616
.bss	0x00000018	0x4	t_movie/db_light.cpp	local	gear.617	gear.617
.bss	0x0000001C	0xC	t_movie/db_light.cpp	local	ang.636	ang.636
.bss	0x00000028	0x4	t_movie/db_light.cpp	local	evtKey.689	evtKey.689
.bss	0x0000002C	0x4	t_movie/db_light.cpp	local	evtAction.690	evtAction.690
.bss	0x00000030	0x20	t_movie/db_light.cpp	local	evName.691	evName.691
.bss	0x00000050	0x8	t_movie/db_light.cpp	local	evStr.692	evStr.692
.bss	0x00000058	0x4	t_movie/db_light.cpp	local	evtKey.696	evtKey.696
.bss	0x0000005C	0x4	t_movie/db_light.cpp	local	evtAction.697	evtAction.697
.bss	0x00000060	0x20	t_movie/db_light.cpp	local	evName.698	evName.698
.bss	0x00000080	0x8	t_movie/db_light.cpp	local	evStr.699	evStr.699
.bss	0x00000088	0x4	t_movie/db_light.cpp	local	r.759	r.759
.bss	0x0000008C	0x4	t_movie/db_light.cpp	local	g.760	g.760
.bss	0x00000090	0x4	t_movie/db_light.cpp	local	b.761	b.761
.bss	0x00000094	0x4	t_movie/db_light.cpp	local	a.762	a.762
.bss	0x00000098	0x4	t_movie/db_light.cpp	local	val.796	val.796
.bss	0x0000009C	0x4	t_movie/db_light.cpp	local	LitPathPtr	LitPathPtr
.bss	0x000000A0	0x4	t_movie/db_light.cpp	local	LightToolPtr	LightToolPtr
.bss	0x000000A4	0x4	t_movie/db_light.cpp	local	LightWorkNum_	LightWorkNum_
.bss	0x000000A8	0x4	t_movie/db_light.cpp	local	pLightEnv	pLightEnv
.bss	0x000000AC	0x4	t_movie/t_movie.cpp	global	movie_name	movie_name
.bss	0x000000B0	0x9000	t_movie/t_movie.cpp	local	movie_file	movie_file
.bss	0x000090B0	0x10	t_movie/t_movie.cpp	local	snd_test_dir	snd_test_dir
.bss	0x000090C0	0x10	t_movie/t_prim.cpp	local	Orect	Orect
.bss	0x000090D0	0x4	t_movie/t_prim.cpp	local	ProjMtx	ProjMtx
.bss	0x000090D4	0x4	t_movie/t_prim.cpp	local	ViewMtx	ViewMtx
.bss	0x000090E0	0x100	t_movie/t_prim.cpp	global	ToolBuffer	ToolBuffer
.bss	0x000091E0	0x8	t_movie/t_prim.cpp	local	default_clip	default_clip
.bss	0x00009200	0x4	t_movie/t_se_at.cpp	local	seAtSaveNum	seAtSaveNum
.bss	0x00009204	0x4	t_movie/t_se_at.cpp	local	seAtWk	seAtWk
.bss	0x00009208	0x4	t_movie/t_se_at.cpp	local	seAtCur	seAtCur
.bss	0x0000920C	0x4	t_movie/t_se_at.cpp	local	seAtSaveHead	seAtSaveHead
.bss	0x00009210	0x4	t_movie/t_se_at.cpp	local	seAtSaveList	seAtSaveList
.bss	0x00009214	0xF8	t_movie/t_util.cpp	local	globalCamera	globalCamera
.bss	0x0000930C	0x10	t_movie/t_util.cpp	global	debug_flg_bak	debug_flg_bak
.bss	0x0000931C	0x4	t_movie/t_util.cpp	global	stop_flg_bak	stop_flg_bak
.bss	0x00009320	0x4	t_movie/t_util.cpp	global	disp_flg_bak	disp_flg_bak
.bss	0x00009324	0x4	t_movie/t_util.cpp	global	system_flg_bak	system_flg_bak
.bss	0x00009328	0x10	t_movie/t_util.cpp	global	status_flg_bak	status_flg_bak
.bss	0x00009338	0x34	t_movie/db_light.cpp	global	common_t_movie	common_t_movie
