section	offset	size	unit	scope	name	demangled
.text	0x00000000	0x2AC	em1b/em10.cpp	global	_._5cEm10	cEm10::~cEm10
.text	0x000002AC	0x350	em1b/em10.cpp	global	setNoSuspend__5cEm10i	cEm10::setNoSuspend
.text	0x000005FC	0x80C	em1b/em10.cpp	global	em10DmCk__FP5cEm10	em10DmCk
.text	0x00000E08	0x310	em1b/em10.cpp	local	em10DmSetWep00__FP5cEm10	em10DmSetWep00
.text	0x00001118	0xC34	em1b/em10.cpp	local	em10DmSetWep02__FP5cEm10	em10DmSetWep02
.text	0x00001D4C	0x748	em1b/em10.cpp	local	em10DmSetWep03__FP5cEm10	em10DmSetWep03
.text	0x00002494	0x724	em1b/em10.cpp	local	em10DmSetWep09__FP5cEm10	em10DmSetWep09
.text	0x00002BB8	0x308	em1b/em10.cpp	local	em10DmSetWep23__FP5cEm10	em10DmSetWep23
.text	0x00002EC0	0x7B4	em1b/em10.cpp	global	em10BloodSet__FP5cEm10i	em10BloodSet
.text	0x00003674	0x69C	em1b/em10.cpp	global	em1cBloodSet__FP5cEm10i	em1cBloodSet
.text	0x00003D10	0xD0	em1b/em10.cpp	global	em10KickHitMark__FP5cEm10	em10KickHitMark
.text	0x00003DE0	0xDC4	em1b/em10.cpp	global	move__5cEm10	cEm10::move
.text	0x00004BA4	0x11EC	em1b/em10.cpp	global	em10InitRtnSet__FP5cEm10	em10InitRtnSet
.text	0x00005D90	0x8B8	em1b/em10.cpp	local	em10_R0_Init__FP5cEm10	em10_R0_Init
.text	0x00006648	0x60	em1b/em10.cpp	local	em10_R0_Move__FP5cEm10	em10_R0_Move
.text	0x000066A8	0x4	em1b/em10.cpp	local	em10_R1_br_Dummy__FP5cEm10	em10_R1_br_Dummy
.text	0x000066AC	0x4	em1b/em10.cpp	local	em10_R1_br_Wait__FP5cEm10	em10_R1_br_Wait
.text	0x000066B0	0x204	em1b/em10.cpp	local	em10_R1_Wait__FP5cEm10	em10_R1_Wait
.text	0x000068B4	0x430	em1b/em10.cpp	local	em10_R1_Keeper__FP5cEm10	em10_R1_Keeper
.text	0x00006CE4	0x21C	em1b/em10.cpp	local	em10_R1_Hide__FP5cEm10	em10_R1_Hide
.text	0x00006F00	0x248	em1b/em10.cpp	local	em10_R1_HideFall__FP5cEm10	em10_R1_HideFall
.text	0x00007148	0x384	em1b/em10.cpp	local	em10_R1_HideJump__FP5cEm10	em10_R1_HideJump
.text	0x000074CC	0x134	em1b/em10.cpp	local	em10_R1_R10CParasite__FP5cEm10	em10_R1_R10CParasite
.text	0x00007600	0x1CC	em1b/em10.cpp	local	em10_R1_R10CPCancel__FP5cEm10	em10_R1_R10CPCancel
.text	0x000077CC	0xD8	em1b/em10.cpp	local	em10_R1_R204Prayer__FP5cEm10	em10_R1_R204Prayer
.text	0x000078A4	0x6F4	em1b/em10.cpp	local	em10_R1_R222DragonA__FP5cEm10	em10_R1_R222DragonA
.text	0x00007F98	0x734	em1b/em10.cpp	local	em10_R1_R222DragonB__FP5cEm10	em10_R1_R222DragonB
.text	0x000086CC	0x560	em1b/em10.cpp	local	em10_R1_R222DragonC__FP5cEm10	em10_R1_R222DragonC
.text	0x00008C2C	0x17C	em1b/em10.cpp	local	em10_R1_R227Barrel__FP5cEm10	em10_R1_R227Barrel
.text	0x00008DA8	0xCC	em1b/em10.cpp	local	em10_R1_R21BTrolleyJump__FP5cEm10	em10_R1_R21BTrolleyJump
.text	0x00008E74	0x188	em1b/em10.cpp	local	em10_R1_R21BTrolleyJump2__FP5cEm10	em10_R1_R21BTrolleyJump2
.text	0x00008FFC	0x134	em1b/em10.cpp	local	em10_R1_R303FireDash__FP5cEm10	em10_R1_R303FireDash
.text	0x00009130	0x57C	em1b/em10.cpp	local	em10_R1_R10FGJump__FP5cEm10	em10_R1_R10FGJump
.text	0x000096AC	0x724	em1b/em10.cpp	local	em10_R1_R10FGondola__FP5cEm10	em10_R1_R10FGondola
.text	0x00009DD0	0xCC	em1b/em10.cpp	local	em10_R1_R209DashSit__FP5cEm10	em10_R1_R209DashSit
.text	0x00009E9C	0x3D0	em1b/em10.cpp	local	em10_R1_StickClaw__FP5cEm10	em10_R1_StickClaw
.text	0x0000A26C	0x250	em1b/em10.cpp	local	em10_R1_R11DAppear1__FP5cEm10	em10_R1_R11DAppear1
.text	0x0000A4BC	0x214	em1b/em10.cpp	local	em10_R1_R11DAppear2__FP5cEm10	em10_R1_R11DAppear2
.text	0x0000A6D0	0x298	em1b/em10.cpp	local	em10_R1_R212Drill__FP5cEm10	em10_R1_R212Drill
.text	0x0000A968	0x37C	em1b/em10.cpp	local	em10_R1_R209Gatling__FP5cEm10	em10_R1_R209Gatling
.text	0x0000ACE4	0x304	em1b/em10.cpp	local	em10_R1_R201EventWait__FP5cEm10	em10_R1_R201EventWait
.text	0x0000AFE8	0xE8	em1b/em10.cpp	local	em10_R1_FindLost__FP5cEm10	em10_R1_FindLost
.text	0x0000B0D0	0x130	em1b/em10.cpp	local	em10_R1_R100WalkStay__FP5cEm10	em10_R1_R100WalkStay
.text	0x0000B200	0x168	em1b/em10.cpp	local	em10_R1_R202Finger__FP5cEm10	em10_R1_R202Finger
.text	0x0000B368	0x19C	em1b/em10.cpp	local	em10_R1_StayWalk__FP5cEm10	em10_R1_StayWalk
.text	0x0000B504	0x3DC	em1b/em10.cpp	local	em10_R1_AttackWait__FP5cEm10	em10_R1_AttackWait
.text	0x0000B8E0	0x1BC	em1b/em10.cpp	local	em10_R1_R100TurnWalk__FP5cEm10	em10_R1_R100TurnWalk
.text	0x0000BA9C	0x2BC	em1b/em10.cpp	local	em10_R1_R100Cliff__FP5cEm10	em10_R1_R100Cliff
.text	0x0000BD58	0x5CC	em1b/em10.cpp	local	em10_R1_R101Bucket__FP5cEm10	em10_R1_R101Bucket
.text	0x0000C324	0x280	em1b/em10.cpp	local	em10_R1_R101Suki__FP5cEm10	em10_R1_R101Suki
.text	0x0000C5A4	0xA0	em1b/em10.cpp	local	em10_R1_Work__FP5cEm10	em10_R1_Work
.text	0x0000C644	0x1A0	em1b/em10.cpp	local	em10_R1_UFOCatch__FP5cEm10	em10_R1_UFOCatch
.text	0x0000C7E4	0x90	em1b/em10.cpp	local	em10_R1_R300TakeAshley__FP5cEm10	em10_R1_R300TakeAshley
.text	0x0000C874	0x260	em1b/em10.cpp	local	em10_R1_R30FBullJump__FP5cEm10	em10_R1_R30FBullJump
.text	0x0000CAD4	0x19C	em1b/em10.cpp	local	em10_R1_R320Gatling__FP5cEm10	em10_R1_R320Gatling
.text	0x0000CC70	0x1C	em1b/em10.cpp	local	em10_R1_R321DeadBody__FP5cEm10	em10_R1_R321DeadBody
.text	0x0000CC8C	0x180	em1b/em10.cpp	local	em10_R1_R300Gatling__FP5cEm10	em10_R1_R300Gatling
.text	0x0000CE0C	0x2D8	em1b/em10.cpp	local	em10_R1_R101Cart__FP5cEm10	em10_R1_R101Cart
.text	0x0000D0E4	0xB0	em1b/em10.cpp	local	em10_R1_br_EvtDash__FP5cEm10	em10_R1_br_EvtDash
.text	0x0000D194	0x3D8	em1b/em10.cpp	local	em10_R1_EvtDash__FP5cEm10	em10_R1_EvtDash
.text	0x0000D56C	0xB0	em1b/em10.cpp	local	em10_R1_br_EvtWalk__FP5cEm10	em10_R1_br_EvtWalk
.text	0x0000D61C	0x210	em1b/em10.cpp	local	em10_R1_EvtWalk__FP5cEm10	em10_R1_EvtWalk
.text	0x0000D82C	0x238	em1b/em10.cpp	local	em10_R1_Pickup__FP5cEm10	em10_R1_Pickup
.text	0x0000DA64	0x19C	em1b/em10.cpp	local	em10_R1_Find__FP5cEm10	em10_R1_Find
.text	0x0000DC00	0x27C	em1b/em10.cpp	local	em10_R1_C_SawStart__FP5cEm10	em10_R1_C_SawStart
.text	0x0000DE7C	0x1A4	em1b/em10.cpp	local	em10_R1_BombIgnition__FP5cEm10	em10_R1_BombIgnition
.text	0x0000E020	0x23C	em1b/em10.cpp	local	em10_R1_br_Walk__FP5cEm10	em10_R1_br_Walk
.text	0x0000E25C	0x4F8	em1b/em10.cpp	local	em10_R1_Walk__FP5cEm10	em10_R1_Walk
.text	0x0000E754	0x1C8	em1b/em10.cpp	local	em10_R1_br_Dash__FP5cEm10	em10_R1_br_Dash
.text	0x0000E91C	0x56C	em1b/em10.cpp	local	em10_R1_Dash__FP5cEm10	em10_R1_Dash
.text	0x0000EE88	0x2C	em1b/em10.cpp	local	em10_R1_br_Back__FP5cEm10	em10_R1_br_Back
.text	0x0000EEB4	0x3A8	em1b/em10.cpp	local	em10_R1_Back__FP5cEm10	em10_R1_Back
.text	0x0000F25C	0x118	em1b/em10.cpp	local	em10_R1_br_Goto__FP5cEm10	em10_R1_br_Goto
.text	0x0000F374	0xD24	em1b/em10.cpp	local	em10_R1_Goto__FP5cEm10	em10_R1_Goto
.text	0x00010098	0x2DC	em1b/em10.cpp	local	em10_R1_GuardWalk__FP5cEm10	em10_R1_GuardWalk
.text	0x00010374	0x474	em1b/em10.cpp	local	em10_R1_Turn180__FP5cEm10	em10_R1_Turn180
.text	0x000107E8	0x184	em1b/em10.cpp	local	em10_R1_Threat__FP5cEm10	em10_R1_Threat
.text	0x0001096C	0x1A0	em1b/em10.cpp	local	em10_R1_SideStep__FP5cEm10	em10_R1_SideStep
.text	0x00010B0C	0x1A0	em1b/em10.cpp	local	em10_R1_HideSide__FP5cEm10	em10_R1_HideSide
.text	0x00010CAC	0x128	em1b/em10.cpp	local	em10_R1_AppearSide__FP5cEm10	em10_R1_AppearSide
.text	0x00010DD4	0x368	em1b/em10.cpp	local	em10_R1_SitDown__FP5cEm10	em10_R1_SitDown
.text	0x0001113C	0x518	em1b/em10.cpp	local	em10_R1_Stay__FP5cEm10	em10_R1_Stay
.text	0x00011654	0x1BC	em1b/em10.cpp	local	em10_R1_RoofWait__FP5cEm10	em10_R1_RoofWait
.text	0x00011810	0x3F0	em1b/em10.cpp	local	em10_R1_Guard__FP5cEm10	em10_R1_Guard
.text	0x00011C00	0x124	em1b/em10.cpp	local	em10_R1_DownWakeWait__FP5cEm10	em10_R1_DownWakeWait
.text	0x00011D24	0x1D0	em1b/em10.cpp	local	em10_R1_DownWake__FP5cEm10	em10_R1_DownWake
.text	0x00011EF4	0x128	em1b/em10.cpp	local	em10_R1_Crash__FP5cEm10	em10_R1_Crash
.text	0x0001201C	0x178	em1b/em10.cpp	local	em10_R1_ClimbOver__FP5cEm10	em10_R1_ClimbOver
.text	0x00012194	0x29C	em1b/em10.cpp	local	em10_R1_DoorAtk__FP5cEm10	em10_R1_DoorAtk
.text	0x00012430	0x20C	em1b/em10.cpp	local	em10_R1_RackAtk__FP5cEm10	em10_R1_RackAtk
.text	0x0001263C	0x31C	em1b/em10.cpp	local	em10_R1_WindowAtk__FP5cEm10	em10_R1_WindowAtk
.text	0x00012958	0x774	em1b/em10.cpp	local	em10_R1_LadderClimb__FP5cEm10	em10_R1_LadderClimb
.text	0x000130CC	0x5A0	em1b/em10.cpp	local	em10_R1_VLadderClimb__FP5cEm10	em10_R1_VLadderClimb
.text	0x0001366C	0x288	em1b/em10.cpp	local	em10_R1_LadderReset__FP5cEm10	em10_R1_LadderReset
.text	0x000138F4	0x610	em1b/em10.cpp	local	em10_R1_JumpDown__FP5cEm10	em10_R1_JumpDown
.text	0x00013F04	0x6D4	em1b/em10.cpp	local	em10_R1_Jump__FP5cEm10	em10_R1_Jump
.text	0x000145D8	0x294	em1b/em10.cpp	local	em10_R1_JumpUp__FP5cEm10	em10_R1_JumpUp
.text	0x0001486C	0x2E4	em1b/em10.cpp	local	em10_R1_Trade__FP5cEm10	em10_R1_Trade
.text	0x00014B50	0x294	em1b/em10.cpp	local	em10_R1_Drive__FP5cEm10	em10_R1_Drive
.text	0x00014DE4	0x148	em1b/em10.cpp	local	em10_R1_Catapult__FP5cEm10	em10_R1_Catapult
.text	0x00014F2C	0x1A0	em1b/em10.cpp	local	em10_R1_RockPush__FP5cEm10	em10_R1_RockPush
.text	0x000150CC	0x294	em1b/em10.cpp	local	em10_R1_ParasiteAtk__FP5cEm10	em10_R1_ParasiteAtk
.text	0x00015360	0xBC8	em1b/em10.cpp	local	em10_R1_ShotBowgun__FP5cEm10	em10_R1_ShotBowgun
.text	0x00015F28	0x878	em1b/em10.cpp	local	em10_R1_ShotRocket__FP5cEm10	em10_R1_ShotRocket
.text	0x000167A0	0x868	em1b/em10.cpp	local	em10_R1_ShotGatling__FP5cEm10	em10_R1_ShotGatling
.text	0x00017008	0x580	em1b/em10.cpp	local	em10_R1_ThrowAxe__FP5cEm10	em10_R1_ThrowAxe
.text	0x00017588	0x1A0	em1b/em10.cpp	local	em10_R1_ThrowBomb__FP5cEm10	em10_R1_ThrowBomb
.text	0x00017728	0x910	em1b/em10.cpp	local	em10_R1_FixBomber__FP5cEm10	em10_R1_FixBomber
.text	0x00018038	0x3B0	em1b/em10.cpp	local	em10_R1_R305Bomber__FP5cEm10	em10_R1_R305Bomber
.text	0x000183E8	0x3D0	em1b/em10.cpp	local	em10_R1_R408Bomber__FP5cEm10	em10_R1_R408Bomber
.text	0x000187B8	0x100	em1b/em10.cpp	local	em10_R1_RocketWait__FP5cEm10	em10_R1_RocketWait
.text	0x000188B8	0x7A4	em1b/em10.cpp	local	em10_R1_AxeAtk__FP5cEm10	em10_R1_AxeAtk
.text	0x0001905C	0x2F4	em1b/em10.cpp	local	em10_R1_ShieldAtk__FP5cEm10	em10_R1_ShieldAtk
.text	0x00019350	0x260	em1b/em10.cpp	local	em10_R1_TorchFrame__FP5cEm10	em10_R1_TorchFrame
.text	0x000195B0	0x4DC	em1b/em10.cpp	local	em10_R1_SukiAtk__FP5cEm10	em10_R1_SukiAtk
.text	0x00019A8C	0x3FC	em1b/em10.cpp	local	em10_R1_ScytheAtk__FP5cEm10	em10_R1_ScytheAtk
.text	0x00019E88	0x5A0	em1b/em10.cpp	local	em10_R1_ClawAtk__FP5cEm10	em10_R1_ClawAtk
.text	0x0001A428	0x23C	em1b/em10.cpp	local	em10_R1_br_CSawWalkAtk__FP5cEm10	em10_R1_br_CSawWalkAtk
.text	0x0001A664	0x4B8	em1b/em10.cpp	local	em10_R1_CSawWalkAtk__FP5cEm10	em10_R1_CSawWalkAtk
.text	0x0001AB1C	0x618	em1b/em10.cpp	local	em10_R1_ClawWalkAtk__FP5cEm10	em10_R1_ClawWalkAtk
.text	0x0001B134	0x1C4	em1b/em10.cpp	local	em10_R1_br_ClawCriAtk__FP5cEm10	em10_R1_br_ClawCriAtk
.text	0x0001B2F8	0x8D8	em1b/em10.cpp	local	em10_R1_ClawCriAtk__FP5cEm10	em10_R1_ClawCriAtk
.text	0x0001BBD0	0x1A8	em1b/em10.cpp	local	em10_R1_ClawCriHit__FP5cEm10	em10_R1_ClawCriHit
.text	0x0001BD78	0x190	em1b/em10.cpp	local	plem10_ClawCriHit__FP7cPlayer	plem10_ClawCriHit
.text	0x0001BF08	0x64	em1b/em10.cpp	local	em10_R1_br_C_SawAtk__FP5cEm10	em10_R1_br_C_SawAtk
.text	0x0001BF6C	0x1C0	em1b/em10.cpp	local	em10_R1_C_SawAtk__FP5cEm10	em10_R1_C_SawAtk
.text	0x0001C12C	0x5A0	em1b/em10.cpp	local	em10_R1_C_SawHit__FP5cEm10	em10_R1_C_SawHit
.text	0x0001C6CC	0x3C4	em1b/em10.cpp	local	plem10_C_SawHit__FP7cPlayer	plem10_C_SawHit
.text	0x0001CA90	0x90	em1b/em10.cpp	local	em10_R1_br_C_SawCriAtk__FP5cEm10	em10_R1_br_C_SawCriAtk
.text	0x0001CB20	0x1A0	em1b/em10.cpp	local	em10_R1_C_SawCriAtk__FP5cEm10	em10_R1_C_SawCriAtk
.text	0x0001CCC0	0x340	em1b/em10.cpp	local	em10_R1_C_SawCriHit__FP5cEm10	em10_R1_C_SawCriHit
.text	0x0001D000	0x274	em1b/em10.cpp	local	plem10_C_SawCriHit__FP7cPlayer	plem10_C_SawCriHit
.text	0x0001D274	0x110	em1b/em10.cpp	local	em10_R1_br_Catch__FP5cEm10	em10_R1_br_Catch
.text	0x0001D384	0x3AC	em1b/em10.cpp	local	em10_R1_Catch__FP5cEm10	em10_R1_Catch
.text	0x0001D730	0x948	em1b/em10.cpp	local	em10_R1_NeckHang__FP5cEm10	em10_R1_NeckHang
.text	0x0001E078	0x7D4	em1b/em10.cpp	local	plem10_NeckHang__FP7cPlayer	plem10_NeckHang
.text	0x0001E84C	0x3A8	em1b/em10.cpp	local	em10_R1_NeckHang_Luis__FP5cEm10	em10_R1_NeckHang_Luis
.text	0x0001EBF4	0x254	em1b/em10.cpp	local	subem10_NeckHang_Luis__FP8cSubChar	subem10_NeckHang_Luis
.text	0x0001EE48	0x5B0	em1b/em10.cpp	local	em10_R1_NeckHang_Ashley__FP5cEm10	em10_R1_NeckHang_Ashley
.text	0x0001F3F8	0x3D0	em1b/em10.cpp	local	subem10_NeckHang_Ashley__FP8cSubChar	subem10_NeckHang_Ashley
.text	0x0001F7C8	0x698	em1b/em10.cpp	local	em10_R1_Backhold__FP5cEm10	em10_R1_Backhold
.text	0x0001FE60	0x200	em1b/em10.cpp	local	plem10_Backhold__FP7cPlayer	plem10_Backhold
.text	0x00020060	0x6D4	em1b/em10.cpp	local	em10_R1_Bombhold__FP5cEm10	em10_R1_Bombhold
.text	0x00020734	0x27C	em1b/em10.cpp	local	plem10_Bombhold__FP7cPlayer	plem10_Bombhold
.text	0x000209B0	0xD8	em1b/em10.cpp	local	em10_R1_br_DashCatch__FP5cEm10	em10_R1_br_DashCatch
.text	0x00020A88	0x220	em1b/em10.cpp	local	em10_R1_DashCatch__FP5cEm10	em10_R1_DashCatch
.text	0x00020CA8	0xC84	em1b/em10.cpp	local	em10_R1_TakeAway__FP5cEm10	em10_R1_TakeAway
.text	0x0002192C	0xA14	em1b/em10.cpp	local	subem10_TakeAway__FP8cSubChar	subem10_TakeAway
.text	0x00022340	0x138	em1b/em10.cpp	global	em10CamMoveTakeaway	em10CamMoveTakeaway
.text	0x00022478	0x48	em1b/em10.cpp	local	em10_R0_Damage__FP5cEm10	em10_R0_Damage
.text	0x000224C0	0x107C	em1b/em10.cpp	local	em10_R1_Dm_Small__FP5cEm10	em10_R1_Dm_Small
.text	0x0002353C	0x434	em1b/em10.cpp	local	em10_R1_Dm_Head__FP5cEm10	em10_R1_Dm_Head
.text	0x00023970	0x35C	em1b/em10.cpp	local	em10_R1_Dm_Flash__FP5cEm10	em10_R1_Dm_Flash
.text	0x00023CCC	0x1E8	em1b/em10.cpp	local	em10_R1_Dm_Claw__FP5cEm10	em10_R1_Dm_Claw
.text	0x00023EB4	0x220	em1b/em10.cpp	local	em10_R1_Dm_Claw_Big__FP5cEm10	em10_R1_Dm_Claw_Big
.text	0x000240D4	0x194	em1b/em10.cpp	local	em10_R1_Dm_Gatling__FP5cEm10	em10_R1_Dm_Gatling
.text	0x00024268	0x58C	em1b/em10.cpp	local	em10_R1_Dm_FS__FP5cEm10	em10_R1_Dm_FS
.text	0x000247F4	0x3B4	em1b/em10.cpp	local	em10_R1_Dm_KneeKick__FP5cEm10	em10_R1_Dm_KneeKick
.text	0x00024BA8	0x310	em1b/em10.cpp	local	em10_R1_Dm_NeckBreak__FP5cEm10	em10_R1_Dm_NeckBreak
.text	0x00024EB8	0x5E0	em1b/em10.cpp	local	em10_R1_Dm_Showtay__FP5cEm10	em10_R1_Dm_Showtay
.text	0x00025498	0x250	em1b/em10.cpp	local	em10_R1_Dm_Heel__FP5cEm10	em10_R1_Dm_Heel
.text	0x000256E8	0x180	em1b/em10.cpp	local	em10_R1_Dm_DashUp__FP5cEm10	em10_R1_Dm_DashUp
.text	0x00025868	0x280	em1b/em10.cpp	local	em10_R1_Dm_DashDown__FP5cEm10	em10_R1_Dm_DashDown
.text	0x00025AE8	0xE90	em1b/em10.cpp	local	em10_R1_Dm_Blow__FP5cEm10	em10_R1_Dm_Blow
.text	0x00026978	0x2D0	em1b/em10.cpp	local	em10_R1_Dm_Fence__FP5cEm10	em10_R1_Dm_Fence
.text	0x00026C48	0x618	em1b/em10.cpp	local	em10_R1_Dm_Ladder__FP5cEm10	em10_R1_Dm_Ladder
.text	0x00027260	0xA9C	em1b/em10.cpp	local	em10_R1_Dm_Roof__FP5cEm10	em10_R1_Dm_Roof
.text	0x00027CFC	0x2E0	em1b/em10.cpp	local	em10_R1_Dm_KneeDown__FP5cEm10	em10_R1_Dm_KneeDown
.text	0x00027FDC	0x2CC	em1b/em10.cpp	local	em10_R1_Dm_KnockOut__FP5cEm10	em10_R1_Dm_KnockOut
.text	0x000282A8	0x1B8	em1b/em10.cpp	local	em10_R1_Dm_Down__FP5cEm10	em10_R1_Dm_Down
.text	0x00028460	0x350	em1b/em10.cpp	local	em10_R1_Dm_Frame__FP5cEm10	em10_R1_Dm_Frame
.text	0x000287B0	0x178	em1b/em10.cpp	local	em10_R1_Dm_TakeAway__FP5cEm10	em10_R1_Dm_TakeAway
.text	0x00028928	0x48	em1b/em10.cpp	local	em10_R0_Die__FP5cEm10	em10_R0_Die
.text	0x00028970	0x344	em1b/em10.cpp	local	em10_R1_Die_Cramp__FP5cEm10	em10_R1_Die_Cramp
.text	0x00028CB4	0x418	em1b/em10.cpp	local	em10_R1_Die_Lost__FP5cEm10	em10_R1_Die_Lost
.text	0x000290CC	0x1A4	em1b/em10.cpp	local	em10_R1_Die_Down__FP5cEm10	em10_R1_Die_Down
.text	0x00029270	0x35C	em1b/em10.cpp	local	em10_R1_Die_Normal__FP5cEm10	em10_R1_Die_Normal
.text	0x000295CC	0x1DC	em1b/em10.cpp	local	em10_R1_Die_RunDown__FP5cEm10	em10_R1_Die_RunDown
.text	0x000297A8	0x40C	em1b/em10.cpp	local	em10_R1_Die_Bomb__FP5cEm10	em10_R1_Die_Bomb
.text	0x00029BB4	0x1214	em1b/em10.cpp	global	em10RouteCk__FP5cEm10	em10RouteCk
.text	0x0002ADC8	0xCC	em1b/em10.cpp	global	em10GetGoSub	em10GetGoSub
.text	0x0002AE94	0x1A8	em1b/em10.cpp	global	em10RouteTargetSet	em10RouteTargetSet
.text	0x0002B03C	0x100	em1b/em10.cpp	global	em10GetWanderRouteEmi	em10GetWanderRouteEmi
.text	0x0002B13C	0x78	em1b/em10.cpp	global	em10GetWanderRoute__FP5cEm10	em10GetWanderRoute
.text	0x0002B1B4	0x94	em1b/em10.cpp	global	em10GetWanderRoutePos	em10GetWanderRoutePos
.text	0x0002B248	0x88	em1b/em10.cpp	global	em10WanderRouteUpdate	em10WanderRouteUpdate
.text	0x0002B2D0	0x128	em1b/em10.cpp	global	em10SetWanderRoute	em10SetWanderRoute
.text	0x0002B3F8	0x250	em1b/em10.cpp	global	em10AtkRtnCk__FP5cEm10i	em10AtkRtnCk
.text	0x0002B648	0x370	em1b/em10.cpp	global	em10CatchPLRtnCk	em10CatchPLRtnCk
.text	0x0002B9B8	0x1DC	em1b/em10.cpp	global	em10CatchSubRtnCk	em10CatchSubRtnCk
.text	0x0002BB94	0x348	em1b/em10.cpp	global	em10CatchCk__FP5cEm10	em10CatchCk
.text	0x0002BEDC	0x38C	em1b/em10.cpp	global	em10CatchSubCk__FP5cEm10	em10CatchSubCk
.text	0x0002C268	0x348	em1b/em10.cpp	global	em10CsawHitCk__FP5cEm10	em10CsawHitCk
.text	0x0002C5B0	0x78	em1b/em10.cpp	global	em10LostHeadCk__FP5cEm10	em10LostHeadCk
.text	0x0002C628	0x674	em1b/em10.cpp	global	em10LostHead__FP5cEm10ii	em10LostHead
.text	0x0002CC9C	0x1CC	em1b/em10.cpp	global	em10CallVoiceSe	em10CallVoiceSe
.text	0x0002CE68	0xC8	em1b/em10.cpp	global	em10CallVoiceSe2__FP5cEm10ii	em10CallVoiceSe2
.text	0x0002CF30	0xBC	em1b/em10.cpp	global	em10BreathSe__FP5cEm10	em10BreathSe
.text	0x0002CFEC	0x144	em1b/em10.cpp	global	em10CsawSignSe	em10CsawSignSe
.text	0x0002D130	0x134	em1b/em10.cpp	global	em10ModelInit__FP5cEm10	em10ModelInit
.text	0x0002D264	0x1D8	em1b/em10.cpp	global	Em10SetSeTbl	Em10SetSeTbl
.text	0x0002D43C	0x360	em1b/em10.cpp	global	em10WeaponInit	em10WeaponInit
.text	0x0002D79C	0xC30	em1b/em10.cpp	global	em10SetAccesory	em10SetAccesory
.text	0x0002E3CC	0x3C8	em1b/em10.cpp	global	em10MakeWeapon__FP5cEm10i	em10MakeWeapon
.text	0x0002E794	0x428	em1b/em10.cpp	global	em10WeaponSet__FP5cEm10	em10WeaponSet
.text	0x0002EBBC	0x1D8	em1b/em10.cpp	global	em10WeaponSet2	em10WeaponSet2
.text	0x0002ED94	0x23C	em1b/em10.cpp	global	em10WepSeEffSet	em10WepSeEffSet
.text	0x0002EFD0	0x1A4	em1b/em10.cpp	global	em10ShieldSet	em10ShieldSet
.text	0x0002F174	0x1F4	em1b/em10.cpp	global	em10HandSet__FP5cEm10i	em10HandSet
.text	0x0002F368	0x174	em1b/em10.cpp	global	setHand__5cEm10ii	cEm10::setHand
.text	0x0002F4DC	0x118	em1b/em10.cpp	global	em10HeadSet__FP5cEm10i	em10HeadSet
.text	0x0002F5F4	0x9C	em1b/em10.cpp	global	em10ClothPartsSet	em10ClothPartsSet
.text	0x0002F690	0x9C	em1b/em10.cpp	global	em10GoodsPartsSet	em10GoodsPartsSet
.text	0x0002F72C	0xEC	em1b/em10.cpp	global	em10SackSet	em10SackSet
.text	0x0002F818	0x320	em1b/em10.cpp	global	em10ClimbOverCk2	em10ClimbOverCk2
.text	0x0002FB38	0xB0	em1b/em10.cpp	global	em10ClimbOverCk__FP5cEm10	em10ClimbOverCk
.text	0x0002FBE8	0x294	em1b/em10.cpp	global	em10WindowCk2	em10WindowCk2
.text	0x0002FE7C	0x10C	em1b/em10.cpp	global	em10WindowCk__FP5cEm10	em10WindowCk
.text	0x0002FF88	0x350	em1b/em10.cpp	global	em10DoorOpenCk__FP5cEm10i	em10DoorOpenCk
.text	0x000302D8	0x260	em1b/em10.cpp	global	em10AtkDoorCk	em10AtkDoorCk
.text	0x00030538	0x3C0	em1b/em10.cpp	global	em10SetDamageDoor__FP5cEm10i	em10SetDamageDoor
.text	0x000308F8	0x2EC	em1b/em10.cpp	global	em10RackBreakCk__FP5cEm10	em10RackBreakCk
.text	0x00030BE4	0x1DC	em1b/em10.cpp	global	em10AtkRackCk	em10AtkRackCk
.text	0x00030DC0	0x200	em1b/em10.cpp	global	em10SetDamageRack__FP5cEm10i	em10SetDamageRack
.text	0x00030FC0	0x230	em1b/em10.cpp	global	em10LadderClimbCk__FP5cEm10	em10LadderClimbCk
.text	0x000311F0	0x360	em1b/em10.cpp	global	em10VLadderClimbCk__FP5cEm10	em10VLadderClimbCk
.text	0x00031550	0x168	em1b/em10.cpp	global	em10LadderResetCk__FP5cEm10	em10LadderResetCk
.text	0x000316B8	0x2FC	em1b/em10.cpp	global	em10JumpDownCk2	em10JumpDownCk2
.text	0x000319B4	0x1B0	em1b/em10.cpp	global	em10JumpDownCk__FP5cEm10	em10JumpDownCk
.text	0x00031B64	0x1E8	em1b/em10.cpp	global	em10JumpCk__FP5cEm10	em10JumpCk
.text	0x00031D4C	0x1E4	em1b/em10.cpp	global	em10BullJumpCk	em10BullJumpCk
.text	0x00031F30	0x20	em1b/em10.cpp	global	em10ReturnStartPosCk__FP5cEm10	em10ReturnStartPosCk
.text	0x00031F50	0x354	em1b/em10.cpp	global	em10ParasiteAtkCk	em10ParasiteAtkCk
.text	0x000322A4	0x14C	em1b/em10.cpp	global	em10ShotBowgunCk	em10ShotBowgunCk
.text	0x000323F0	0x124	em1b/em10.cpp	global	em10ShotRocketCk	em10ShotRocketCk
.text	0x00032514	0x17C	em1b/em10.cpp	global	em10ShotGatlingCk	em10ShotGatlingCk
.text	0x00032690	0x340	em1b/em10.cpp	global	em10ThrowAxeCk	em10ThrowAxeCk
.text	0x000329D0	0x2B8	em1b/em10.cpp	global	em10ThrowBombCk__FP5cEm10	em10ThrowBombCk
.text	0x00032C88	0x508	em1b/em10.cpp	global	em10AxeAtkCk	em10AxeAtkCk
.text	0x00033190	0x3D4	em1b/em10.cpp	global	em10ShieldAtkCk	em10ShieldAtkCk
.text	0x00033564	0x2D0	em1b/em10.cpp	global	em10SukiAtkCk	em10SukiAtkCk
.text	0x00033834	0x2D0	em1b/em10.cpp	global	em10ScytheAtkCk	em10ScytheAtkCk
.text	0x00033B04	0x22C	em1b/em10.cpp	global	em10ClawAtkCk	em10ClawAtkCk
.text	0x00033D30	0x2A0	em1b/em10.cpp	global	em10ClawCriAtkCk	em10ClawCriAtkCk
.text	0x00033FD0	0x3A4	em1b/em10.cpp	global	em10CsawAtkCk	em10CsawAtkCk
.text	0x00034374	0x160	em1b/em10.cpp	global	em10ThreatCk	em10ThreatCk
.text	0x000344D4	0xE0	em1b/em10.cpp	global	em10PlRunCk	em10PlRunCk
.text	0x000345B4	0x20C	em1b/em10.cpp	global	em10HeadLockCk	em10HeadLockCk
.text	0x000347C0	0x29C	em1b/em10.cpp	global	em10NeckMove__FP5cEm10	em10NeckMove
.text	0x00034A5C	0x158	em1b/em10.cpp	global	em10WaistMove__FP5cEm10	em10WaistMove
.text	0x00034BB4	0xA8	em1b/em10.cpp	global	em10ScaleCompress__FP5cEm10	em10ScaleCompress
.text	0x00034C5C	0x29C	em1b/em10.cpp	global	em10FindCk__FP5cEm10i	em10FindCk
.text	0x00034EF8	0x1EC	em1b/em10.cpp	global	em10FindCk2__FP5cEm10	em10FindCk2
.text	0x000350E4	0xD4	em1b/em10.cpp	global	em10SomebodyFindNowCk	em10SomebodyFindNowCk
.text	0x000351B8	0x1A8	em1b/em10.cpp	global	em10SomebodyDamageNowCk	em10SomebodyDamageNowCk
.text	0x00035360	0x108	em1b/em10.cpp	global	em10SomebodyNearCk__FP5cEm10	em10SomebodyNearCk
.text	0x00035468	0x128	em1b/em10.cpp	global	em10FindNotify__FP5cEm10	em10FindNotify
.text	0x00035590	0x3D8	em1b/em10.cpp	global	em10WalkRtnSet__FP5cEm10	em10WalkRtnSet
.text	0x00035968	0x3C	em1b/em10.cpp	global	em10GotoCk__FP5cEm10	em10GotoCk
.text	0x000359A4	0xFC	em1b/em10.cpp	global	em10BackCk	em10BackCk
.text	0x00035AA0	0x3E4	em1b/em10.cpp	global	em10SlopeMove__FP5cEm10	em10SlopeMove
.text	0x00035E84	0x39C	em1b/em10.cpp	global	em10CamMove	em10CamMove
.text	0x00036220	0x2A8	em1b/em10.cpp	global	em10SetCampos2	em10SetCampos2
.text	0x000364C8	0x348	em1b/em10.cpp	global	em10CamMove2__FP5cEm10	em10CamMove2
.text	0x00036810	0x508	em1b/em10.cpp	global	em10CamMoveCri	em10CamMoveCri
.text	0x00036D18	0x36C	em1b/em10.cpp	global	em10CamMoveAshley	em10CamMoveAshley
.text	0x00037084	0x490	em1b/em10.cpp	global	em10SetParasite__FP5cEm10	em10SetParasite
.text	0x00037514	0x168	em1b/em10.cpp	global	em10SetWaitMotion__FP5cEm10i	em10SetWaitMotion
.text	0x0003767C	0x654	em1b/em10.cpp	global	em10SetWalkMotion__FP5cEm10i	em10SetWalkMotion
.text	0x00037CD0	0x3CC	em1b/em10.cpp	global	em10SetDashMotion__FP5cEm10	em10SetDashMotion
.text	0x0003809C	0x384	em1b/em10.cpp	global	em10DashCk	em10DashCk
.text	0x00038420	0x410	em1b/em10.cpp	global	em10StayCk	em10StayCk
.text	0x00038830	0x1A8	em1b/em10.cpp	global	em10GoSubStayCk	em10GoSubStayCk
.text	0x000389D8	0x6C	em1b/em10.cpp	global	em10ChainSawMove__FP5cEm10	em10ChainSawMove
.text	0x00038A44	0x1188	em1b/em10.cpp	global	em10AtkCk__FP5cEm10P3VecT1ii	em10AtkCk
.text	0x00039BCC	0x324	em1b/em10.cpp	global	em10GatlingHitCk	em10GatlingHitCk
.text	0x00039EF0	0x16C	em1b/em10.cpp	global	em10BellAtkCk	em10BellAtkCk
.text	0x0003A05C	0x15C	em1b/em10.cpp	global	em10TorchFrameAtkCk	em10TorchFrameAtkCk
.text	0x0003A1B8	0x1E4	em1b/em10.cpp	global	em10TorchFrameAtkCkSub	em10TorchFrameAtkCkSub
.text	0x0003A39C	0x240	em1b/em10.cpp	global	em10DragonFireCk__FP5cEm10	em10DragonFireCk
.text	0x0003A5DC	0x204	em1b/em10.cpp	local	plemDmFrame__FP7cPlayer	plemDmFrame
.text	0x0003A7E0	0xFC	em1b/em10.cpp	local	plem10DmGondolaShake__FP7cPlayer	plem10DmGondolaShake
.text	0x0003A8DC	0x190	em1b/em10.cpp	local	subem10DmGondolaShake__FP8cSubChar	subem10DmGondolaShake
.text	0x0003AA6C	0x114	em1b/em10.cpp	local	plemDmMStar__FP7cPlayer	plemDmMStar
.text	0x0003AB80	0x14C	em1b/em10.cpp	local	plemDmStun__FP7cPlayer	plemDmStun
.text	0x0003ACCC	0x1DC	em1b/em10.cpp	global	em10SetRtnFind	em10SetRtnFind
.text	0x0003AEA8	0x1A4	em1b/em10.cpp	global	setWeaponFall__5cEm10	cEm10::setWeaponFall
.text	0x0003B04C	0x6C	em1b/em10.cpp	global	ckFindPL__5cEm10	cEm10::ckFindPL
.text	0x0003B0B8	0x74	em1b/em10.cpp	global	setFindPL__5cEm10	cEm10::setFindPL
.text	0x0003B12C	0x6C	em1b/em10.cpp	global	clearFindPL__5cEm10	cEm10::clearFindPL
.text	0x0003B198	0x18	em1b/em10.cpp	global	ckParasite__5cEm10	cEm10::ckParasite
.text	0x0003B1B0	0x18	em1b/em10.cpp	global	ckBombFire__5cEm10	cEm10::ckBombFire
.text	0x0003B1C8	0x18	em1b/em10.cpp	global	ckShiled__5cEm10	cEm10::ckShiled
.text	0x0003B1E0	0x30	em1b/em10.cpp	global	ckBowgunFire__5cEm10	cEm10::ckBowgunFire
.text	0x0003B210	0x8	em1b/em10.cpp	global	ckGoto__5cEm10	cEm10::ckGoto
.text	0x0003B218	0xF0	em1b/em10.cpp	global	setGoto__5cEm10P3Veci	cEm10::setGoto
.text	0x0003B308	0x138	em1b/em10.cpp	global	setGotoSwitch__5cEm10P6cModeliP3Vec	cEm10::setGotoSwitch
.text	0x0003B440	0x8	em1b/em10.cpp	global	setSwitch__5cEm10P6cModel	cEm10::setSwitch
.text	0x0003B448	0x478	em1b/em10.cpp	global	em10ActEvtSetKick	em10ActEvtSetKick
.text	0x0003B8C0	0x120	em1b/em10.cpp	local	em10KickAction__FP5cEm10	em10KickAction
.text	0x0003B9E0	0xC4	em1b/em10.cpp	local	em10KneeDownAction__FP5cEm10	em10KneeDownAction
.text	0x0003BAA4	0x590	em1b/em10.cpp	local	plem10Kick__FP7cPlayer	plem10Kick
.text	0x0003C034	0x460	em1b/em10.cpp	local	plem10Kick2__FP7cPlayer	plem10Kick2
.text	0x0003C494	0x26C	em1b/em10.cpp	global	em10ActEvtSetFS	em10ActEvtSetFS
.text	0x0003C700	0x178	em1b/em10.cpp	local	em10FSAction__FP5cEm10	em10FSAction
.text	0x0003C878	0x1BC	em1b/em10.cpp	local	plem10FS__FP7cPlayer	plem10FS
.text	0x0003CA34	0x224	em1b/em10.cpp	local	plem10KneeKick__FP7cPlayer	plem10KneeKick
.text	0x0003CC58	0x2EC	em1b/em10.cpp	local	plem10NeckBreak__FP7cPlayer	plem10NeckBreak
.text	0x0003CF44	0x470	em1b/em10.cpp	local	plem10Showtay__FP7cPlayer	plem10Showtay
.text	0x0003D3B4	0x294	em1b/em10.cpp	global	em10ActEvtSetTrade__FP5cEm10	em10ActEvtSetTrade
.text	0x0003D648	0x94	em1b/em10.cpp	local	em10TradeAction__FP5cEm10	em10TradeAction
.text	0x0003D6DC	0xC	em1b/em10.cpp	global	plem10KickCamMove	plem10KickCamMove
.text	0x0003D6E8	0x50	em1b/em10.cpp	global	em10SetCrash__FP5cEm10f	em10SetCrash
.text	0x0003D738	0x230	em1b/em10.cpp	global	em10CrashCk__FP5cEm10	em10CrashCk
.text	0x0003D968	0x110	em1b/em10.cpp	global	em10MouthPartsReset__FP5cEm10	em10MouthPartsReset
.text	0x0003DA78	0x6D0	em1b/em10.cpp	global	em10RoofDmCk__FP5cEm10	em10RoofDmCk
.text	0x0003E148	0x380	em1b/em10.cpp	global	em10FootSe__FP5cEm10	em10FootSe
.text	0x0003E4C8	0x128	em1b/em10.cpp	global	em10DootAtkCk	em10DootAtkCk
.text	0x0003E5F0	0x1A0	em1b/em10.cpp	global	em10ThrowNearCk	em10ThrowNearCk
.text	0x0003E790	0x18	em1b/em10.cpp	global	checkThrow__5cEm10	cEm10::checkThrow
.text	0x0003E7A8	0x18	em1b/em10.cpp	global	ckResetEnable__5cEm10	cEm10::ckResetEnable
.text	0x0003E7C0	0xC	em1b/em10.cpp	global	chgSet__5cEm10Uc	cEm10::chgSet
.text	0x0003E7CC	0x318	em1b/em10.cpp	global	setReset__5cEm10	cEm10::setReset
.text	0x0003EAE4	0x18	em1b/em10.cpp	global	setEvtMotion__5cEm10PvN31	cEm10::setEvtMotion
.text	0x0003EAFC	0x18	em1b/em10.cpp	global	setGondolaMotion__5cEm10PvN31	cEm10::setGondolaMotion
.text	0x0003EB14	0x8	em1b/em10.cpp	global	setR11DMotion__5cEm10Pv	cEm10::setR11DMotion
.text	0x0003EB1C	0x18	em1b/em10.cpp	global	setDrill__5cEm10PvN31	cEm10::setDrill
.text	0x0003EB34	0x7C	em1b/em10.cpp	global	setGatling__5cEm10P11cObjGatlingPvN32	cEm10::setGatling
.text	0x0003EBB0	0x8	em1b/em10.cpp	global	setGatlingMode__5cEm10Uc	cEm10::setGatlingMode
.text	0x0003EBB8	0x2C	em1b/em10.cpp	global	setUFOCatch__5cEm10PvT1	cEm10::setUFOCatch
.text	0x0003EBE4	0xF0	em1b/em10.cpp	global	setLost__5cEm10	cEm10::setLost
.text	0x0003ECD4	0x100	em1b/em10.cpp	global	em10BlendMotSet	em10BlendMotSet
.text	0x0003EDD4	0x448	em1b/em10.cpp	global	em10HideRtnCk	em10HideRtnCk
.text	0x0003F21C	0x340	em1b/em10.cpp	global	em10HideRtnCk2__FP5cEm10	em10HideRtnCk2
.text	0x0003F55C	0x1A8	em1b/em10.cpp	global	em10HideToStepCk__FP5cEm10i	em10HideToStepCk
.text	0x0003F704	0x110	em1b/em10.cpp	global	em10BowgunMove__FP5cEm10	em10BowgunMove
.text	0x0003F814	0x10C	em1b/em10.cpp	global	em10BehindSeCk	em10BehindSeCk
.text	0x0003F920	0x584	em1b/em10.cpp	global	em10SetDmVal__FP5cEm10	em10SetDmVal
.text	0x0003FEA4	0x78	em1b/em10.cpp	global	em10SearchTruck	em10SearchTruck
.text	0x0003FF1C	0xE8	em1b/em10.cpp	global	em10SearchParasite	em10SearchParasite
.text	0x00040004	0x94	em1b/em10.cpp	global	em10ParasiteGoOut	em10ParasiteGoOut
.text	0x00040098	0x124	em1b/em10.cpp	global	em10SetDamageVoice__FP5cEm10ii	em10SetDamageVoice
.text	0x000401BC	0xD0	em1b/em10.cpp	global	em10ChgParasiteCk__FP5cEm10	em10ChgParasiteCk
.text	0x0004028C	0x110	em1b/em10.cpp	global	em10SetDmWaterEff__FP5cEm10i	em10SetDmWaterEff
.text	0x0004039C	0x424	em1b/em10.cpp	global	em10SetTakeawayPos	em10SetTakeawayPos
.text	0x000407C0	0x168	em1b/em10.cpp	global	em10SetTakeawayPosUpdate	em10SetTakeawayPosUpdate
.text	0x00040928	0x11C	em1b/em10.cpp	global	em10ReturnPosCk	em10ReturnPosCk
.text	0x00040A44	0x33C	em1b/em10.cpp	global	em10GotoPosCk__FP5cEm10	em10GotoPosCk
.text	0x00040D80	0x134	em1b/em10.cpp	global	em10SetWaterEff__FP5cEm10	em10SetWaterEff
.text	0x00040EB4	0x138	em1b/em10.cpp	global	em10ReturnCk	em10ReturnCk
.text	0x00040FEC	0x1CC	em1b/em10.cpp	global	em10BombNeckMove__FP5cEm10	em10BombNeckMove
.text	0x000411B8	0x128	em1b/em10.cpp	global	em10ScreenInCk	em10ScreenInCk
.text	0x000412E0	0x180	em1b/em10.cpp	global	em10ThrowScaCk	em10ThrowScaCk
.text	0x00041460	0x140	em1b/em10.cpp	global	em10BombThrowScaCk	em10BombThrowScaCk
.text	0x000415A0	0x80	em1b/em10.cpp	global	em10SetAtkWait	em10SetAtkWait
.text	0x00041620	0x114	em1b/em10.cpp	global	em10IgnitionCk__FP5cEm10	em10IgnitionCk
.text	0x00041734	0x164	em1b/em10.cpp	global	em10ClawStickCK__FP5cEm10	em10ClawStickCK
.text	0x00041898	0xA0	em1b/em10.cpp	global	em10FindLostCk__FP5cEm10	em10FindLostCk
.text	0x00041938	0x25C	em1b/em10.cpp	global	em10PlHeadLost	em10PlHeadLost
.text	0x00041B94	0x1C0	em1b/em10.cpp	global	em10BombThrow__FP5cEm10	em10BombThrow
.text	0x00041D54	0x68	em1b/em10.cpp	global	em10GetGondola__FP5cEm10	em10GetGondola
.text	0x00041DBC	0x18C	em1b/em10.cpp	global	em10ChainSet__FP5cEm10	em10ChainSet
.text	0x00041F48	0x180	em1b/em10.cpp	global	em10BeltSet__FP5cEm10	em10BeltSet
.text	0x000420C8	0x844	em1b/em10.cpp	global	em10ClawMove__FP5cEm10	em10ClawMove
.text	0x0004290C	0x110	em1b/em10.cpp	global	em10ArmorCk__FP5cEm10i	em10ArmorCk
.text	0x00042A1C	0x224	em1b/em10.cpp	global	em10CoreBreak__FP5cEm10i	em10CoreBreak
.text	0x00042C40	0x9C	em1b/em10.cpp	global	setWeapon__5cEm10PvT1i	cEm10::setWeapon
.text	0x00042CDC	0x18	em1b/em10.cpp	global	ckWeapon__5cEm10	cEm10::ckWeapon
.text	0x00042CF4	0x18	em1b/em10.cpp	global	ckTakeAway__5cEm10	cEm10::ckTakeAway
.text	0x00042D0C	0x3C	em1b/em10.cpp	global	ckR305BomberEnable__5cEm10	cEm10::ckR305BomberEnable
.text	0x00042D48	0x104	em1b/em10.cpp	global	em10FallWaterCk	em10FallWaterCk
.text	0x00042E4C	0xF8	em1b/em10.cpp	global	em10GetPower	em10GetPower
.text	0x00042F44	0xD0	em1b/em10.cpp	global	em10GatlingRollMove__FP5cEm10	em10GatlingRollMove
.text	0x00043014	0xF4	em1b/em10.cpp	global	Em1fClothSet__FP6cModelP7PlCloth	Em1fClothSet
.text	0x00043108	0x38	em1b/em10.cpp	global	Em1fClothMove__FP6cModelP7PlCloth	Em1fClothMove
.text	0x00043140	0x170	em1b/em10.cpp	global	em10SetPoint__FP5cEm10	em10SetPoint
.text	0x000432B0	0xBC	em1b/em10.cpp	global	countActiveWork__t8cManager1Z6cLight	cManager<cLight>::countActiveWork
.text	0x0004336C	0x158	em1b/em10.cpp	global	create__t8cManager1Z6cLighti	cManager<cLight>::create
.text	0x000434C4	0x48	em1b/em10.cpp	global	_._5cUnit	cUnit::~cUnit
.text	0x0004350C	0x4	em1b/em10.cpp	global	beginEvent__5cUnit	cUnit::beginEvent
.text	0x00043510	0x4	em1b/em10.cpp	global	endEvent__5cUnit	cUnit::endEvent
.text	0x00043514	0x4	em1b/em10.cpp	global	__dl__5cUnitPvUi	cUnit::operator delete
.text	0x00043518	0x3B8	em1b/em10_tmpl.cpp	global	fn_em1b_43518	.
.text	0x000438D0	0x4C	em1b/em1b_set.cpp	global	_prolog	_prolog
.text	0x0004391C	0x4	em1b/em1b_set.cpp	global	_epilog	_epilog
.text	0x00043920	0x4	em1b/em1b_set.cpp	global	_unresolved	_unresolved
.text	0x00043924	0x38	em1b/em1b_set.cpp	global	Em1bInit__FP3cEm	Em1bInit
.text	0x0004395C	0x654	em1b/em1b_set.cpp	global	Em1bSet__FP5cEm10	Em1bSet
.text	0x00043FB0	0x11C	em1b/em1b_set.cpp	global	Em1bWeaponSet__FP5cEm10	Em1bWeaponSet
.rodata	0x000000AC	0x4	em1b/em10.cpp	local	lbl_em1b_rodata_AC	lbl_em1b_rodata_AC
.rodata	0x000000B0	0x4	em1b/em10.cpp	local	lbl_em1b_rodata_B0	lbl_em1b_rodata_B0
.rodata	0x000000B4	0x4	em1b/em10.cpp	local	lbl_em1b_rodata_B4	lbl_em1b_rodata_B4
.rodata	0x000000B8	0x4	em1b/em10.cpp	local	lbl_em1b_rodata_B8	lbl_em1b_rodata_B8
.rodata	0x000000BC	0x24	em1b/em10.cpp	local	lbl_em1b_rodata_BC	lbl_em1b_rodata_BC
.rodata	0x000000E0	0x4	em1b/em10.cpp	local	lbl_em1b_rodata_E0	lbl_em1b_rodata_E0
.rodata	0x000000E4	0x4	em1b/em10.cpp	local	lbl_em1b_rodata_E4	lbl_em1b_rodata_E4
.rodata	0x000000E8	0x4	em1b/em10.cpp	local	lbl_em1b_rodata_E8	lbl_em1b_rodata_E8
.rodata	0x000000EC	0x4	em1b/em10.cpp	local	lbl_em1b_rodata_EC	lbl_em1b_rodata_EC
.rodata	0x000000F0	0x4	em1b/em10.cpp	local	lbl_em1b_rodata_F0	lbl_em1b_rodata_F0
.rodata	0x000000F4	0x4	em1b/em10.cpp	local	lbl_em1b_rodata_F4	lbl_em1b_rodata_F4
.rodata	0x000000F8	0x4	em1b/em10.cpp	local	lbl_em1b_rodata_F8	lbl_em1b_rodata_F8
.rodata	0x000000FC	0x4	em1b/em10.cpp	local	lbl_em1b_rodata_FC	lbl_em1b_rodata_FC
.rodata	0x00000100	0x4	em1b/em10.cpp	local	lbl_em1b_rodata_100	lbl_em1b_rodata_100
.rodata	0x00000104	0x4	em1b/em10.cpp	local	lbl_em1b_rodata_104	lbl_em1b_rodata_104
.rodata	0x00000108	0x4	em1b/em10.cpp	local	lbl_em1b_rodata_108	lbl_em1b_rodata_108
.rodata	0x0000010C	0x4	em1b/em10.cpp	local	lbl_em1b_rodata_10C	lbl_em1b_rodata_10C
.rodata	0x00000110	0x4	em1b/em10.cpp	local	lbl_em1b_rodata_110	lbl_em1b_rodata_110
.rodata	0x00000114	0x4	em1b/em10.cpp	local	lbl_em1b_rodata_114	lbl_em1b_rodata_114
.rodata	0x00000118	0x4	em1b/em10.cpp	local	lbl_em1b_rodata_118	lbl_em1b_rodata_118
.rodata	0x0000011C	0x4	em1b/em10.cpp	local	lbl_em1b_rodata_11C	lbl_em1b_rodata_11C
.rodata	0x00000120	0x4	em1b/em10.cpp	local	lbl_em1b_rodata_120	lbl_em1b_rodata_120
.rodata	0x00000124	0x4	em1b/em10.cpp	local	lbl_em1b_rodata_124	lbl_em1b_rodata_124
.rodata	0x00000128	0x4	em1b/em10.cpp	local	lbl_em1b_rodata_128	lbl_em1b_rodata_128
.rodata	0x0000012C	0xC	em1b/em10.cpp	local	ofs.471	ofs.471
.rodata	0x00000138	0xC	em1b/em10.cpp	local	size.472	size.472
.rodata	0x00000144	0x18	em1b/em10.cpp	local	lbl_em1b_rodata_144	lbl_em1b_rodata_144
.rodata	0x0000015C	0x4	em1b/em10.cpp	local	lbl_em1b_rodata_15C	lbl_em1b_rodata_15C
.rodata	0x00000160	0x4	em1b/em10.cpp	local	lbl_em1b_rodata_160	lbl_em1b_rodata_160
.rodata	0x00000164	0x4	em1b/em10.cpp	local	lbl_em1b_rodata_164	lbl_em1b_rodata_164
.rodata	0x00000168	0x4	em1b/em10.cpp	local	lbl_em1b_rodata_168	lbl_em1b_rodata_168
.rodata	0x0000016C	0x4	em1b/em10.cpp	local	lbl_em1b_rodata_16C	lbl_em1b_rodata_16C
.rodata	0x00000170	0x4	em1b/em10.cpp	local	lbl_em1b_rodata_170	lbl_em1b_rodata_170
.rodata	0x00000174	0x4	em1b/em10.cpp	local	lbl_em1b_rodata_174	lbl_em1b_rodata_174
.rodata	0x00000178	0x4	em1b/em10.cpp	local	lbl_em1b_rodata_178	lbl_em1b_rodata_178
.rodata	0x0000017C	0x4	em1b/em10.cpp	local	lbl_em1b_rodata_17C	lbl_em1b_rodata_17C
.rodata	0x00000180	0x4	em1b/em10.cpp	local	lbl_em1b_rodata_180	lbl_em1b_rodata_180
.rodata	0x00000184	0x4	em1b/em10.cpp	local	lbl_em1b_rodata_184	lbl_em1b_rodata_184
.rodata	0x00000188	0x4	em1b/em10.cpp	local	lbl_em1b_rodata_188	lbl_em1b_rodata_188
.rodata	0x0000018C	0x4	em1b/em10.cpp	local	lbl_em1b_rodata_18C	lbl_em1b_rodata_18C
.rodata	0x00000190	0x4	em1b/em10.cpp	local	lbl_em1b_rodata_190	lbl_em1b_rodata_190
.rodata	0x00000194	0x4	em1b/em10.cpp	local	lbl_em1b_rodata_194	lbl_em1b_rodata_194
.rodata	0x00000198	0x4	em1b/em10.cpp	local	lbl_em1b_rodata_198	lbl_em1b_rodata_198
.rodata	0x0000019C	0x4	em1b/em10.cpp	local	lbl_em1b_rodata_19C	lbl_em1b_rodata_19C
.rodata	0x000001A0	0x4	em1b/em10.cpp	local	lbl_em1b_rodata_1A0	lbl_em1b_rodata_1A0
.rodata	0x000001A4	0x4	em1b/em10.cpp	local	lbl_em1b_rodata_1A4	lbl_em1b_rodata_1A4
.rodata	0x000001A8	0x4	em1b/em10.cpp	local	lbl_em1b_rodata_1A8	lbl_em1b_rodata_1A8
.rodata	0x000001AC	0x4	em1b/em10.cpp	local	lbl_em1b_rodata_1AC	lbl_em1b_rodata_1AC
.rodata	0x000001B0	0x4	em1b/em10.cpp	local	lbl_em1b_rodata_1B0	lbl_em1b_rodata_1B0
.rodata	0x000001B4	0x4	em1b/em10.cpp	local	lbl_em1b_rodata_1B4	lbl_em1b_rodata_1B4
.rodata	0x000001B8	0x4	em1b/em10.cpp	local	lbl_em1b_rodata_1B8	lbl_em1b_rodata_1B8
.rodata	0x000001BC	0x4	em1b/em10.cpp	local	lbl_em1b_rodata_1BC	lbl_em1b_rodata_1BC
.rodata	0x000001C0	0x4	em1b/em10.cpp	local	lbl_em1b_rodata_1C0	lbl_em1b_rodata_1C0
.rodata	0x000001C4	0x4	em1b/em10.cpp	local	lbl_em1b_rodata_1C4	lbl_em1b_rodata_1C4
.rodata	0x000001C8	0x4	em1b/em10.cpp	local	lbl_em1b_rodata_1C8	lbl_em1b_rodata_1C8
.rodata	0x000001CC	0x4	em1b/em10.cpp	local	lbl_em1b_rodata_1CC	lbl_em1b_rodata_1CC
.rodata	0x000001D0	0x4	em1b/em10.cpp	local	lbl_em1b_rodata_1D0	lbl_em1b_rodata_1D0
.rodata	0x000001D4	0x4	em1b/em10.cpp	local	lbl_em1b_rodata_1D4	lbl_em1b_rodata_1D4
.rodata	0x000001D8	0x4	em1b/em10.cpp	local	lbl_em1b_rodata_1D8	lbl_em1b_rodata_1D8
.rodata	0x000001DC	0x4	em1b/em10.cpp	local	lbl_em1b_rodata_1DC	lbl_em1b_rodata_1DC
.rodata	0x000001E0	0x4	em1b/em10.cpp	local	lbl_em1b_rodata_1E0	lbl_em1b_rodata_1E0
.rodata	0x000001E4	0x4	em1b/em10.cpp	local	lbl_em1b_rodata_1E4	lbl_em1b_rodata_1E4
.rodata	0x000001E8	0x4	em1b/em10.cpp	local	lbl_em1b_rodata_1E8	lbl_em1b_rodata_1E8
.rodata	0x000001EC	0x4	em1b/em10.cpp	local	lbl_em1b_rodata_1EC	lbl_em1b_rodata_1EC
.rodata	0x000001F0	0x4	em1b/em10.cpp	local	lbl_em1b_rodata_1F0	lbl_em1b_rodata_1F0
.rodata	0x000001F4	0x4	em1b/em10.cpp	local	lbl_em1b_rodata_1F4	lbl_em1b_rodata_1F4
.rodata	0x000001F8	0x4	em1b/em10.cpp	local	lbl_em1b_rodata_1F8	lbl_em1b_rodata_1F8
.rodata	0x000001FC	0x4	em1b/em10.cpp	local	lbl_em1b_rodata_1FC	lbl_em1b_rodata_1FC
.rodata	0x00000200	0x4	em1b/em10.cpp	local	lbl_em1b_rodata_200	lbl_em1b_rodata_200
.rodata	0x00000204	0x4	em1b/em10.cpp	local	lbl_em1b_rodata_204	lbl_em1b_rodata_204
.rodata	0x00000208	0x4	em1b/em10.cpp	local	lbl_em1b_rodata_208	lbl_em1b_rodata_208
.rodata	0x0000020C	0x4	em1b/em10.cpp	local	lbl_em1b_rodata_20C	lbl_em1b_rodata_20C
.rodata	0x00000210	0x4	em1b/em10.cpp	local	lbl_em1b_rodata_210	lbl_em1b_rodata_210
.rodata	0x00000214	0x4	em1b/em10.cpp	local	lbl_em1b_rodata_214	lbl_em1b_rodata_214
.rodata	0x00000218	0x4	em1b/em10.cpp	local	lbl_em1b_rodata_218	lbl_em1b_rodata_218
.rodata	0x0000021C	0x4	em1b/em10.cpp	local	lbl_em1b_rodata_21C	lbl_em1b_rodata_21C
.rodata	0x00000220	0x4	em1b/em10.cpp	local	lbl_em1b_rodata_220	lbl_em1b_rodata_220
.rodata	0x00000224	0x4	em1b/em10.cpp	local	lbl_em1b_rodata_224	lbl_em1b_rodata_224
.rodata	0x00000228	0x4	em1b/em10.cpp	local	lbl_em1b_rodata_228	lbl_em1b_rodata_228
.rodata	0x0000022C	0x4	em1b/em10.cpp	local	lbl_em1b_rodata_22C	lbl_em1b_rodata_22C
.rodata	0x00000230	0x4	em1b/em10.cpp	local	lbl_em1b_rodata_230	lbl_em1b_rodata_230
.rodata	0x00000234	0x4	em1b/em10.cpp	local	lbl_em1b_rodata_234	lbl_em1b_rodata_234
.rodata	0x00000238	0x4	em1b/em10.cpp	local	lbl_em1b_rodata_238	lbl_em1b_rodata_238
.rodata	0x0000023C	0x4	em1b/em10.cpp	local	lbl_em1b_rodata_23C	lbl_em1b_rodata_23C
.rodata	0x00000240	0x4	em1b/em10.cpp	local	lbl_em1b_rodata_240	lbl_em1b_rodata_240
.rodata	0x00000244	0x4	em1b/em10.cpp	local	lbl_em1b_rodata_244	lbl_em1b_rodata_244
.rodata	0x00000248	0x4	em1b/em10.cpp	local	lbl_em1b_rodata_248	lbl_em1b_rodata_248
.rodata	0x0000024C	0x4	em1b/em10.cpp	local	lbl_em1b_rodata_24C	lbl_em1b_rodata_24C
.rodata	0x00000250	0x4	em1b/em10.cpp	local	lbl_em1b_rodata_250	lbl_em1b_rodata_250
.rodata	0x00000254	0x4	em1b/em10.cpp	local	lbl_em1b_rodata_254	lbl_em1b_rodata_254
.rodata	0x00000258	0x4	em1b/em10.cpp	local	lbl_em1b_rodata_258	lbl_em1b_rodata_258
.rodata	0x0000025C	0x4	em1b/em10.cpp	local	lbl_em1b_rodata_25C	lbl_em1b_rodata_25C
.rodata	0x00000260	0x4	em1b/em10.cpp	local	lbl_em1b_rodata_260	lbl_em1b_rodata_260
.rodata	0x00000264	0x4	em1b/em10.cpp	local	lbl_em1b_rodata_264	lbl_em1b_rodata_264
.rodata	0x00000268	0x4	em1b/em10.cpp	local	lbl_em1b_rodata_268	lbl_em1b_rodata_268
.rodata	0x0000026C	0x4	em1b/em10.cpp	local	lbl_em1b_rodata_26C	lbl_em1b_rodata_26C
.rodata	0x00000270	0x4	em1b/em10.cpp	local	lbl_em1b_rodata_270	lbl_em1b_rodata_270
.rodata	0x00000274	0x4	em1b/em10.cpp	local	lbl_em1b_rodata_274	lbl_em1b_rodata_274
.rodata	0x00000278	0x4	em1b/em10.cpp	local	lbl_em1b_rodata_278	lbl_em1b_rodata_278
.rodata	0x0000027C	0x4	em1b/em10.cpp	local	lbl_em1b_rodata_27C	lbl_em1b_rodata_27C
.rodata	0x00000280	0x4	em1b/em10.cpp	local	lbl_em1b_rodata_280	lbl_em1b_rodata_280
.rodata	0x00000284	0x4	em1b/em10.cpp	local	lbl_em1b_rodata_284	lbl_em1b_rodata_284
.rodata	0x00000288	0x4	em1b/em10.cpp	local	lbl_em1b_rodata_288	lbl_em1b_rodata_288
.rodata	0x0000028C	0x4	em1b/em10.cpp	local	lbl_em1b_rodata_28C	lbl_em1b_rodata_28C
.rodata	0x00000290	0x4	em1b/em10.cpp	local	lbl_em1b_rodata_290	lbl_em1b_rodata_290
.rodata	0x00000294	0x4	em1b/em10.cpp	local	lbl_em1b_rodata_294	lbl_em1b_rodata_294
.rodata	0x00000298	0x4	em1b/em10.cpp	local	lbl_em1b_rodata_298	lbl_em1b_rodata_298
.rodata	0x0000029C	0x4	em1b/em10.cpp	local	lbl_em1b_rodata_29C	lbl_em1b_rodata_29C
.rodata	0x000002A0	0x4	em1b/em10.cpp	local	lbl_em1b_rodata_2A0	lbl_em1b_rodata_2A0
.rodata	0x000002A4	0x4	em1b/em10.cpp	local	lbl_em1b_rodata_2A4	lbl_em1b_rodata_2A4
.rodata	0x000002A8	0x4	em1b/em10.cpp	local	lbl_em1b_rodata_2A8	lbl_em1b_rodata_2A8
.rodata	0x000002AC	0x4	em1b/em10.cpp	local	lbl_em1b_rodata_2AC	lbl_em1b_rodata_2AC
.rodata	0x000002B0	0x4	em1b/em10.cpp	local	lbl_em1b_rodata_2B0	lbl_em1b_rodata_2B0
.rodata	0x000002B4	0x4	em1b/em10.cpp	local	lbl_em1b_rodata_2B4	lbl_em1b_rodata_2B4
.rodata	0x000002B8	0x4	em1b/em10.cpp	local	lbl_em1b_rodata_2B8	lbl_em1b_rodata_2B8
.rodata	0x000002BC	0x4	em1b/em10.cpp	local	lbl_em1b_rodata_2BC	lbl_em1b_rodata_2BC
.rodata	0x000002C0	0x4	em1b/em10.cpp	local	lbl_em1b_rodata_2C0	lbl_em1b_rodata_2C0
.rodata	0x000002C4	0x4	em1b/em10.cpp	local	lbl_em1b_rodata_2C4	lbl_em1b_rodata_2C4
.rodata	0x000002C8	0x4	em1b/em10.cpp	local	lbl_em1b_rodata_2C8	lbl_em1b_rodata_2C8
.rodata	0x000002CC	0x4	em1b/em10.cpp	local	lbl_em1b_rodata_2CC	lbl_em1b_rodata_2CC
.rodata	0x000002D0	0x4	em1b/em10.cpp	local	lbl_em1b_rodata_2D0	lbl_em1b_rodata_2D0
.rodata	0x000002D4	0x4	em1b/em10.cpp	local	lbl_em1b_rodata_2D4	lbl_em1b_rodata_2D4
.rodata	0x000002D8	0x4	em1b/em10.cpp	local	lbl_em1b_rodata_2D8	lbl_em1b_rodata_2D8
.rodata	0x000002DC	0x4	em1b/em10.cpp	local	lbl_em1b_rodata_2DC	lbl_em1b_rodata_2DC
.rodata	0x000002E0	0x4	em1b/em10.cpp	local	lbl_em1b_rodata_2E0	lbl_em1b_rodata_2E0
.rodata	0x000002E4	0x4	em1b/em10.cpp	local	lbl_em1b_rodata_2E4	lbl_em1b_rodata_2E4
.rodata	0x000002E8	0x4	em1b/em10.cpp	local	lbl_em1b_rodata_2E8	lbl_em1b_rodata_2E8
.rodata	0x000002EC	0x4	em1b/em10.cpp	local	lbl_em1b_rodata_2EC	lbl_em1b_rodata_2EC
.rodata	0x000002F0	0x4	em1b/em10.cpp	local	lbl_em1b_rodata_2F0	lbl_em1b_rodata_2F0
.rodata	0x000002F4	0x4	em1b/em10.cpp	local	lbl_em1b_rodata_2F4	lbl_em1b_rodata_2F4
.rodata	0x000002F8	0x4	em1b/em10.cpp	local	lbl_em1b_rodata_2F8	lbl_em1b_rodata_2F8
.rodata	0x000002FC	0x4	em1b/em10.cpp	local	lbl_em1b_rodata_2FC	lbl_em1b_rodata_2FC
.rodata	0x00000300	0x4	em1b/em10.cpp	local	lbl_em1b_rodata_300	lbl_em1b_rodata_300
.rodata	0x00000304	0x4	em1b/em10.cpp	local	lbl_em1b_rodata_304	lbl_em1b_rodata_304
.rodata	0x00000308	0x4	em1b/em10.cpp	local	lbl_em1b_rodata_308	lbl_em1b_rodata_308
.rodata	0x0000030C	0x4	em1b/em10.cpp	local	lbl_em1b_rodata_30C	lbl_em1b_rodata_30C
.rodata	0x00000310	0x4	em1b/em10.cpp	local	lbl_em1b_rodata_310	lbl_em1b_rodata_310
.rodata	0x00000314	0x4	em1b/em10.cpp	local	lbl_em1b_rodata_314	lbl_em1b_rodata_314
.rodata	0x00000318	0x4	em1b/em10.cpp	local	lbl_em1b_rodata_318	lbl_em1b_rodata_318
.rodata	0x0000031C	0x4	em1b/em10.cpp	local	lbl_em1b_rodata_31C	lbl_em1b_rodata_31C
.rodata	0x00000320	0x4	em1b/em10.cpp	local	lbl_em1b_rodata_320	lbl_em1b_rodata_320
.rodata	0x00000324	0x4	em1b/em10.cpp	local	lbl_em1b_rodata_324	lbl_em1b_rodata_324
.rodata	0x00000328	0xC	em1b/em10.cpp	local	lbl_em1b_rodata_328	lbl_em1b_rodata_328
.rodata	0x00000334	0x18	em1b/em10.cpp	local	lbl_em1b_rodata_334	lbl_em1b_rodata_334
.rodata	0x0000034C	0x18	em1b/em10.cpp	local	lbl_em1b_rodata_34C	lbl_em1b_rodata_34C
.rodata	0x00000364	0x4	em1b/em10.cpp	local	lbl_em1b_rodata_364	lbl_em1b_rodata_364
.rodata	0x00000368	0x4	em1b/em10.cpp	local	lbl_em1b_rodata_368	lbl_em1b_rodata_368
.rodata	0x0000036C	0x4	em1b/em10.cpp	local	lbl_em1b_rodata_36C	lbl_em1b_rodata_36C
.rodata	0x00000370	0x4	em1b/em10.cpp	local	lbl_em1b_rodata_370	lbl_em1b_rodata_370
.rodata	0x00000374	0x4	em1b/em10.cpp	local	lbl_em1b_rodata_374	lbl_em1b_rodata_374
.rodata	0x00000378	0x4	em1b/em10.cpp	local	lbl_em1b_rodata_378	lbl_em1b_rodata_378
.rodata	0x0000037C	0x4	em1b/em10.cpp	local	lbl_em1b_rodata_37C	lbl_em1b_rodata_37C
.rodata	0x00000380	0x4	em1b/em10.cpp	local	lbl_em1b_rodata_380	lbl_em1b_rodata_380
.rodata	0x00000384	0x4	em1b/em10.cpp	local	lbl_em1b_rodata_384	lbl_em1b_rodata_384
.rodata	0x00000388	0x4	em1b/em10.cpp	local	lbl_em1b_rodata_388	lbl_em1b_rodata_388
.rodata	0x0000038C	0x4	em1b/em10.cpp	local	lbl_em1b_rodata_38C	lbl_em1b_rodata_38C
.rodata	0x00000390	0x4	em1b/em10.cpp	local	lbl_em1b_rodata_390	lbl_em1b_rodata_390
.rodata	0x00000394	0x4	em1b/em10.cpp	local	lbl_em1b_rodata_394	lbl_em1b_rodata_394
.rodata	0x00000398	0x4	em1b/em10.cpp	local	lbl_em1b_rodata_398	lbl_em1b_rodata_398
.rodata	0x0000039C	0x4	em1b/em10.cpp	local	lbl_em1b_rodata_39C	lbl_em1b_rodata_39C
.rodata	0x000003A0	0x4	em1b/em10.cpp	local	lbl_em1b_rodata_3A0	lbl_em1b_rodata_3A0
.rodata	0x000003A4	0x4	em1b/em10.cpp	local	lbl_em1b_rodata_3A4	lbl_em1b_rodata_3A4
.rodata	0x000003A8	0x4	em1b/em10.cpp	local	lbl_em1b_rodata_3A8	lbl_em1b_rodata_3A8
.rodata	0x000003AC	0x4	em1b/em10.cpp	local	lbl_em1b_rodata_3AC	lbl_em1b_rodata_3AC
.rodata	0x000003B0	0x4	em1b/em10.cpp	local	lbl_em1b_rodata_3B0	lbl_em1b_rodata_3B0
.rodata	0x000003B4	0x4	em1b/em10.cpp	local	lbl_em1b_rodata_3B4	lbl_em1b_rodata_3B4
.rodata	0x000003B8	0x4	em1b/em10.cpp	local	lbl_em1b_rodata_3B8	lbl_em1b_rodata_3B8
.rodata	0x000003BC	0x4	em1b/em10.cpp	local	lbl_em1b_rodata_3BC	lbl_em1b_rodata_3BC
.rodata	0x000003C0	0x4	em1b/em10.cpp	local	lbl_em1b_rodata_3C0	lbl_em1b_rodata_3C0
.rodata	0x000003C4	0x4	em1b/em10.cpp	local	lbl_em1b_rodata_3C4	lbl_em1b_rodata_3C4
.rodata	0x000003C8	0x4	em1b/em10.cpp	local	lbl_em1b_rodata_3C8	lbl_em1b_rodata_3C8
.rodata	0x000003CC	0x4	em1b/em10.cpp	local	lbl_em1b_rodata_3CC	lbl_em1b_rodata_3CC
.rodata	0x000003D0	0x4	em1b/em10.cpp	local	lbl_em1b_rodata_3D0	lbl_em1b_rodata_3D0
.rodata	0x000003D4	0x4	em1b/em10.cpp	local	lbl_em1b_rodata_3D4	lbl_em1b_rodata_3D4
.rodata	0x000003D8	0x4	em1b/em10.cpp	local	lbl_em1b_rodata_3D8	lbl_em1b_rodata_3D8
.rodata	0x000003DC	0x4	em1b/em10.cpp	local	lbl_em1b_rodata_3DC	lbl_em1b_rodata_3DC
.rodata	0x000003E0	0x4	em1b/em10.cpp	local	lbl_em1b_rodata_3E0	lbl_em1b_rodata_3E0
.rodata	0x000003E4	0x4	em1b/em10.cpp	local	lbl_em1b_rodata_3E4	lbl_em1b_rodata_3E4
.rodata	0x000003E8	0x4	em1b/em10.cpp	local	lbl_em1b_rodata_3E8	lbl_em1b_rodata_3E8
.rodata	0x000003EC	0x4	em1b/em10.cpp	local	lbl_em1b_rodata_3EC	lbl_em1b_rodata_3EC
.rodata	0x000003F0	0x4	em1b/em10.cpp	local	lbl_em1b_rodata_3F0	lbl_em1b_rodata_3F0
.rodata	0x000003F4	0x4	em1b/em10.cpp	local	lbl_em1b_rodata_3F4	lbl_em1b_rodata_3F4
.rodata	0x000003F8	0x4	em1b/em10.cpp	local	lbl_em1b_rodata_3F8	lbl_em1b_rodata_3F8
.rodata	0x000003FC	0x4	em1b/em10.cpp	local	lbl_em1b_rodata_3FC	lbl_em1b_rodata_3FC
.rodata	0x00000400	0x4	em1b/em10.cpp	local	lbl_em1b_rodata_400	lbl_em1b_rodata_400
.rodata	0x00000404	0x4	em1b/em10.cpp	local	lbl_em1b_rodata_404	lbl_em1b_rodata_404
.rodata	0x00000408	0x4	em1b/em10.cpp	local	lbl_em1b_rodata_408	lbl_em1b_rodata_408
.rodata	0x0000040C	0x4	em1b/em10.cpp	local	lbl_em1b_rodata_40C	lbl_em1b_rodata_40C
.rodata	0x00000410	0x4	em1b/em10.cpp	local	lbl_em1b_rodata_410	lbl_em1b_rodata_410
.rodata	0x00000414	0x4	em1b/em10.cpp	local	lbl_em1b_rodata_414	lbl_em1b_rodata_414
.rodata	0x00000418	0x4	em1b/em10.cpp	local	lbl_em1b_rodata_418	lbl_em1b_rodata_418
.rodata	0x0000041C	0x4	em1b/em10.cpp	local	lbl_em1b_rodata_41C	lbl_em1b_rodata_41C
.rodata	0x00000420	0x4	em1b/em10.cpp	local	lbl_em1b_rodata_420	lbl_em1b_rodata_420
.rodata	0x00000424	0x4	em1b/em10.cpp	local	lbl_em1b_rodata_424	lbl_em1b_rodata_424
.rodata	0x00000428	0x4	em1b/em10.cpp	local	lbl_em1b_rodata_428	lbl_em1b_rodata_428
.rodata	0x0000042C	0x4	em1b/em10.cpp	local	lbl_em1b_rodata_42C	lbl_em1b_rodata_42C
.rodata	0x00000430	0x4	em1b/em10.cpp	local	lbl_em1b_rodata_430	lbl_em1b_rodata_430
.rodata	0x00000434	0x4	em1b/em10.cpp	local	lbl_em1b_rodata_434	lbl_em1b_rodata_434
.rodata	0x00000438	0x4	em1b/em10.cpp	local	lbl_em1b_rodata_438	lbl_em1b_rodata_438
.rodata	0x0000043C	0x4	em1b/em10.cpp	local	lbl_em1b_rodata_43C	lbl_em1b_rodata_43C
.rodata	0x00000440	0x4	em1b/em10.cpp	local	lbl_em1b_rodata_440	lbl_em1b_rodata_440
.rodata	0x00000444	0x4	em1b/em10.cpp	local	lbl_em1b_rodata_444	lbl_em1b_rodata_444
.rodata	0x00000448	0x4	em1b/em10.cpp	local	lbl_em1b_rodata_448	lbl_em1b_rodata_448
.rodata	0x0000044C	0x4	em1b/em10.cpp	local	lbl_em1b_rodata_44C	lbl_em1b_rodata_44C
.rodata	0x00000450	0x4	em1b/em10.cpp	local	lbl_em1b_rodata_450	lbl_em1b_rodata_450
.rodata	0x00000454	0x4	em1b/em10.cpp	local	lbl_em1b_rodata_454	lbl_em1b_rodata_454
.rodata	0x00000458	0x4	em1b/em10.cpp	local	lbl_em1b_rodata_458	lbl_em1b_rodata_458
.rodata	0x0000045C	0x4	em1b/em10.cpp	local	lbl_em1b_rodata_45C	lbl_em1b_rodata_45C
.rodata	0x00000460	0x4	em1b/em10.cpp	local	lbl_em1b_rodata_460	lbl_em1b_rodata_460
.rodata	0x00000464	0x4	em1b/em10.cpp	local	lbl_em1b_rodata_464	lbl_em1b_rodata_464
.rodata	0x00000468	0x4	em1b/em10.cpp	local	lbl_em1b_rodata_468	lbl_em1b_rodata_468
.rodata	0x0000046C	0x4	em1b/em10.cpp	local	lbl_em1b_rodata_46C	lbl_em1b_rodata_46C
.rodata	0x00000470	0x4	em1b/em10.cpp	local	lbl_em1b_rodata_470	lbl_em1b_rodata_470
.rodata	0x00000474	0x4	em1b/em10.cpp	local	lbl_em1b_rodata_474	lbl_em1b_rodata_474
.rodata	0x00000478	0x4	em1b/em10.cpp	local	lbl_em1b_rodata_478	lbl_em1b_rodata_478
.rodata	0x0000047C	0x4	em1b/em10.cpp	local	lbl_em1b_rodata_47C	lbl_em1b_rodata_47C
.rodata	0x00000480	0x4	em1b/em10.cpp	local	lbl_em1b_rodata_480	lbl_em1b_rodata_480
.rodata	0x00000484	0x4	em1b/em10.cpp	local	lbl_em1b_rodata_484	lbl_em1b_rodata_484
.rodata	0x00000488	0x4	em1b/em10.cpp	local	lbl_em1b_rodata_488	lbl_em1b_rodata_488
.rodata	0x0000048C	0x4	em1b/em10.cpp	local	lbl_em1b_rodata_48C	lbl_em1b_rodata_48C
.rodata	0x00000490	0x4	em1b/em10.cpp	local	lbl_em1b_rodata_490	lbl_em1b_rodata_490
.rodata	0x00000494	0x4	em1b/em10.cpp	local	lbl_em1b_rodata_494	lbl_em1b_rodata_494
.rodata	0x00000498	0x4	em1b/em10.cpp	local	lbl_em1b_rodata_498	lbl_em1b_rodata_498
.rodata	0x0000049C	0x4	em1b/em10.cpp	local	lbl_em1b_rodata_49C	lbl_em1b_rodata_49C
.rodata	0x000004A0	0x4	em1b/em10.cpp	local	lbl_em1b_rodata_4A0	lbl_em1b_rodata_4A0
.rodata	0x000004A4	0x4	em1b/em10.cpp	local	lbl_em1b_rodata_4A4	lbl_em1b_rodata_4A4
.rodata	0x000004A8	0x4	em1b/em10.cpp	local	lbl_em1b_rodata_4A8	lbl_em1b_rodata_4A8
.rodata	0x000004AC	0x4	em1b/em10.cpp	local	lbl_em1b_rodata_4AC	lbl_em1b_rodata_4AC
.rodata	0x000004B0	0x4	em1b/em10.cpp	local	lbl_em1b_rodata_4B0	lbl_em1b_rodata_4B0
.rodata	0x000004B4	0x4	em1b/em10.cpp	local	lbl_em1b_rodata_4B4	lbl_em1b_rodata_4B4
.rodata	0x000004B8	0x4	em1b/em10.cpp	local	lbl_em1b_rodata_4B8	lbl_em1b_rodata_4B8
.rodata	0x000004BC	0x4	em1b/em10.cpp	local	lbl_em1b_rodata_4BC	lbl_em1b_rodata_4BC
.rodata	0x000004C0	0x4	em1b/em10.cpp	local	lbl_em1b_rodata_4C0	lbl_em1b_rodata_4C0
.rodata	0x000004C4	0x4	em1b/em10.cpp	local	lbl_em1b_rodata_4C4	lbl_em1b_rodata_4C4
.rodata	0x000004C8	0x4	em1b/em10.cpp	local	lbl_em1b_rodata_4C8	lbl_em1b_rodata_4C8
.rodata	0x000004CC	0x4	em1b/em10.cpp	local	lbl_em1b_rodata_4CC	lbl_em1b_rodata_4CC
.rodata	0x000004D0	0x4	em1b/em10.cpp	local	lbl_em1b_rodata_4D0	lbl_em1b_rodata_4D0
.rodata	0x000004D4	0x4	em1b/em10.cpp	local	lbl_em1b_rodata_4D4	lbl_em1b_rodata_4D4
.rodata	0x000004D8	0x4	em1b/em10.cpp	local	lbl_em1b_rodata_4D8	lbl_em1b_rodata_4D8
.rodata	0x000004DC	0x4	em1b/em10.cpp	local	lbl_em1b_rodata_4DC	lbl_em1b_rodata_4DC
.rodata	0x000004E0	0x4	em1b/em10.cpp	local	lbl_em1b_rodata_4E0	lbl_em1b_rodata_4E0
.rodata	0x000004E4	0x4	em1b/em10.cpp	local	lbl_em1b_rodata_4E4	lbl_em1b_rodata_4E4
.rodata	0x000004E8	0x4	em1b/em10.cpp	local	lbl_em1b_rodata_4E8	lbl_em1b_rodata_4E8
.rodata	0x000004EC	0x4	em1b/em10.cpp	local	lbl_em1b_rodata_4EC	lbl_em1b_rodata_4EC
.rodata	0x000004F0	0x4	em1b/em10.cpp	local	lbl_em1b_rodata_4F0	lbl_em1b_rodata_4F0
.rodata	0x000004F4	0x4	em1b/em10.cpp	local	lbl_em1b_rodata_4F4	lbl_em1b_rodata_4F4
.rodata	0x000004F8	0x4	em1b/em10.cpp	local	lbl_em1b_rodata_4F8	lbl_em1b_rodata_4F8
.rodata	0x000004FC	0x4	em1b/em10.cpp	local	lbl_em1b_rodata_4FC	lbl_em1b_rodata_4FC
.rodata	0x00000500	0x4	em1b/em10.cpp	local	lbl_em1b_rodata_500	lbl_em1b_rodata_500
.rodata	0x00000504	0x4	em1b/em10.cpp	local	lbl_em1b_rodata_504	lbl_em1b_rodata_504
.rodata	0x00000508	0x4	em1b/em10.cpp	local	lbl_em1b_rodata_508	lbl_em1b_rodata_508
.rodata	0x0000050C	0x4	em1b/em10.cpp	local	lbl_em1b_rodata_50C	lbl_em1b_rodata_50C
.rodata	0x00000510	0x4	em1b/em10.cpp	local	lbl_em1b_rodata_510	lbl_em1b_rodata_510
.rodata	0x00000514	0x4	em1b/em10.cpp	local	lbl_em1b_rodata_514	lbl_em1b_rodata_514
.rodata	0x00000518	0x4	em1b/em10.cpp	local	lbl_em1b_rodata_518	lbl_em1b_rodata_518
.rodata	0x0000051C	0x4	em1b/em10.cpp	local	lbl_em1b_rodata_51C	lbl_em1b_rodata_51C
.rodata	0x00000520	0x4	em1b/em10.cpp	local	lbl_em1b_rodata_520	lbl_em1b_rodata_520
.rodata	0x00000524	0x4	em1b/em10.cpp	local	lbl_em1b_rodata_524	lbl_em1b_rodata_524
.rodata	0x00000528	0x4	em1b/em10.cpp	local	lbl_em1b_rodata_528	lbl_em1b_rodata_528
.rodata	0x0000052C	0x4	em1b/em10.cpp	local	lbl_em1b_rodata_52C	lbl_em1b_rodata_52C
.rodata	0x00000530	0x4	em1b/em10.cpp	local	lbl_em1b_rodata_530	lbl_em1b_rodata_530
.rodata	0x00000534	0x4	em1b/em10.cpp	local	lbl_em1b_rodata_534	lbl_em1b_rodata_534
.rodata	0x00000538	0x4	em1b/em10.cpp	local	lbl_em1b_rodata_538	lbl_em1b_rodata_538
.rodata	0x0000053C	0x4	em1b/em10.cpp	local	lbl_em1b_rodata_53C	lbl_em1b_rodata_53C
.rodata	0x00000540	0x4	em1b/em10.cpp	local	lbl_em1b_rodata_540	lbl_em1b_rodata_540
.rodata	0x00000544	0x4	em1b/em10.cpp	local	lbl_em1b_rodata_544	lbl_em1b_rodata_544
.rodata	0x00000548	0x4	em1b/em10.cpp	local	lbl_em1b_rodata_548	lbl_em1b_rodata_548
.rodata	0x0000054C	0x4	em1b/em10.cpp	local	lbl_em1b_rodata_54C	lbl_em1b_rodata_54C
.rodata	0x00000550	0x4	em1b/em10.cpp	local	lbl_em1b_rodata_550	lbl_em1b_rodata_550
.rodata	0x00000554	0x4	em1b/em10.cpp	local	lbl_em1b_rodata_554	lbl_em1b_rodata_554
.rodata	0x00000558	0x4	em1b/em10.cpp	local	lbl_em1b_rodata_558	lbl_em1b_rodata_558
.rodata	0x0000055C	0x4	em1b/em10.cpp	local	lbl_em1b_rodata_55C	lbl_em1b_rodata_55C
.rodata	0x00000560	0x4	em1b/em10.cpp	local	lbl_em1b_rodata_560	lbl_em1b_rodata_560
.rodata	0x00000564	0x4	em1b/em10.cpp	local	lbl_em1b_rodata_564	lbl_em1b_rodata_564
.rodata	0x00000568	0x4	em1b/em10.cpp	local	lbl_em1b_rodata_568	lbl_em1b_rodata_568
.rodata	0x0000056C	0x4	em1b/em10.cpp	local	lbl_em1b_rodata_56C	lbl_em1b_rodata_56C
.rodata	0x00000570	0x4	em1b/em10.cpp	local	lbl_em1b_rodata_570	lbl_em1b_rodata_570
.rodata	0x00000574	0x4	em1b/em10.cpp	local	lbl_em1b_rodata_574	lbl_em1b_rodata_574
.rodata	0x00000578	0x4	em1b/em10.cpp	local	lbl_em1b_rodata_578	lbl_em1b_rodata_578
.rodata	0x0000057C	0x4	em1b/em10.cpp	local	lbl_em1b_rodata_57C	lbl_em1b_rodata_57C
.rodata	0x00000580	0x4	em1b/em10.cpp	local	lbl_em1b_rodata_580	lbl_em1b_rodata_580
.rodata	0x00000584	0x4	em1b/em10.cpp	local	lbl_em1b_rodata_584	lbl_em1b_rodata_584
.rodata	0x00000588	0x4	em1b/em10.cpp	local	lbl_em1b_rodata_588	lbl_em1b_rodata_588
.rodata	0x0000058C	0x4	em1b/em10.cpp	local	lbl_em1b_rodata_58C	lbl_em1b_rodata_58C
.rodata	0x00000590	0x4	em1b/em10.cpp	local	lbl_em1b_rodata_590	lbl_em1b_rodata_590
.rodata	0x00000594	0x4	em1b/em10.cpp	local	lbl_em1b_rodata_594	lbl_em1b_rodata_594
.rodata	0x00000598	0x4	em1b/em10.cpp	local	lbl_em1b_rodata_598	lbl_em1b_rodata_598
.rodata	0x0000059C	0x4	em1b/em10.cpp	local	lbl_em1b_rodata_59C	lbl_em1b_rodata_59C
.rodata	0x000005A0	0x4	em1b/em10.cpp	local	lbl_em1b_rodata_5A0	lbl_em1b_rodata_5A0
.rodata	0x000005A4	0x4	em1b/em10.cpp	local	lbl_em1b_rodata_5A4	lbl_em1b_rodata_5A4
.rodata	0x000005A8	0x4	em1b/em10.cpp	local	lbl_em1b_rodata_5A8	lbl_em1b_rodata_5A8
.rodata	0x000005AC	0x4	em1b/em10.cpp	local	lbl_em1b_rodata_5AC	lbl_em1b_rodata_5AC
.rodata	0x000005B0	0x4	em1b/em10.cpp	local	lbl_em1b_rodata_5B0	lbl_em1b_rodata_5B0
.rodata	0x000005B4	0x4	em1b/em10.cpp	local	lbl_em1b_rodata_5B4	lbl_em1b_rodata_5B4
.rodata	0x000005B8	0x4	em1b/em10.cpp	local	lbl_em1b_rodata_5B8	lbl_em1b_rodata_5B8
.rodata	0x000005BC	0x4	em1b/em10.cpp	local	lbl_em1b_rodata_5BC	lbl_em1b_rodata_5BC
.rodata	0x000005C0	0x4	em1b/em10.cpp	local	lbl_em1b_rodata_5C0	lbl_em1b_rodata_5C0
.rodata	0x000005C4	0x4	em1b/em10.cpp	local	lbl_em1b_rodata_5C4	lbl_em1b_rodata_5C4
.rodata	0x000005C8	0x4	em1b/em10.cpp	local	lbl_em1b_rodata_5C8	lbl_em1b_rodata_5C8
.rodata	0x000005CC	0x4	em1b/em10.cpp	local	lbl_em1b_rodata_5CC	lbl_em1b_rodata_5CC
.rodata	0x000005D0	0x4	em1b/em10.cpp	local	lbl_em1b_rodata_5D0	lbl_em1b_rodata_5D0
.rodata	0x000005D4	0x4	em1b/em10.cpp	local	lbl_em1b_rodata_5D4	lbl_em1b_rodata_5D4
.rodata	0x000005D8	0x4	em1b/em10.cpp	local	lbl_em1b_rodata_5D8	lbl_em1b_rodata_5D8
.rodata	0x000005DC	0x4	em1b/em10.cpp	local	lbl_em1b_rodata_5DC	lbl_em1b_rodata_5DC
.rodata	0x000005E0	0x4	em1b/em10.cpp	local	lbl_em1b_rodata_5E0	lbl_em1b_rodata_5E0
.rodata	0x000005E4	0x4	em1b/em10.cpp	local	lbl_em1b_rodata_5E4	lbl_em1b_rodata_5E4
.rodata	0x000005E8	0x4	em1b/em10.cpp	local	lbl_em1b_rodata_5E8	lbl_em1b_rodata_5E8
.rodata	0x000005EC	0x4	em1b/em10.cpp	local	lbl_em1b_rodata_5EC	lbl_em1b_rodata_5EC
.rodata	0x000005F0	0x4	em1b/em10.cpp	local	lbl_em1b_rodata_5F0	lbl_em1b_rodata_5F0
.rodata	0x000005F4	0x4	em1b/em10.cpp	local	lbl_em1b_rodata_5F4	lbl_em1b_rodata_5F4
.rodata	0x000005F8	0x4	em1b/em10.cpp	local	lbl_em1b_rodata_5F8	lbl_em1b_rodata_5F8
.rodata	0x000005FC	0x4	em1b/em10.cpp	local	lbl_em1b_rodata_5FC	lbl_em1b_rodata_5FC
.rodata	0x00000600	0x4	em1b/em10.cpp	local	lbl_em1b_rodata_600	lbl_em1b_rodata_600
.rodata	0x00000604	0x4	em1b/em10.cpp	local	lbl_em1b_rodata_604	lbl_em1b_rodata_604
.rodata	0x00000608	0x4	em1b/em10.cpp	local	lbl_em1b_rodata_608	lbl_em1b_rodata_608
.rodata	0x0000060C	0x4	em1b/em10.cpp	local	lbl_em1b_rodata_60C	lbl_em1b_rodata_60C
.rodata	0x00000610	0x4	em1b/em10.cpp	local	lbl_em1b_rodata_610	lbl_em1b_rodata_610
.rodata	0x00000614	0x4	em1b/em10.cpp	local	lbl_em1b_rodata_614	lbl_em1b_rodata_614
.rodata	0x00000618	0x4	em1b/em10.cpp	local	lbl_em1b_rodata_618	lbl_em1b_rodata_618
.rodata	0x0000061C	0x4	em1b/em10.cpp	local	lbl_em1b_rodata_61C	lbl_em1b_rodata_61C
.rodata	0x00000620	0x4	em1b/em10.cpp	local	lbl_em1b_rodata_620	lbl_em1b_rodata_620
.rodata	0x00000624	0x4	em1b/em10.cpp	local	lbl_em1b_rodata_624	lbl_em1b_rodata_624
.rodata	0x00000628	0x4	em1b/em10.cpp	local	lbl_em1b_rodata_628	lbl_em1b_rodata_628
.rodata	0x0000062C	0x4	em1b/em10.cpp	local	lbl_em1b_rodata_62C	lbl_em1b_rodata_62C
.rodata	0x00000630	0x4	em1b/em10.cpp	local	lbl_em1b_rodata_630	lbl_em1b_rodata_630
.rodata	0x00000634	0x4	em1b/em10.cpp	local	lbl_em1b_rodata_634	lbl_em1b_rodata_634
.rodata	0x00000638	0x4	em1b/em10.cpp	local	lbl_em1b_rodata_638	lbl_em1b_rodata_638
.rodata	0x0000063C	0x4	em1b/em10.cpp	local	lbl_em1b_rodata_63C	lbl_em1b_rodata_63C
.rodata	0x00000640	0x4	em1b/em10.cpp	local	lbl_em1b_rodata_640	lbl_em1b_rodata_640
.rodata	0x00000644	0x4	em1b/em10.cpp	local	lbl_em1b_rodata_644	lbl_em1b_rodata_644
.rodata	0x00000648	0x4	em1b/em10.cpp	local	lbl_em1b_rodata_648	lbl_em1b_rodata_648
.rodata	0x0000064C	0x4	em1b/em10.cpp	local	lbl_em1b_rodata_64C	lbl_em1b_rodata_64C
.rodata	0x00000650	0x4	em1b/em10.cpp	local	lbl_em1b_rodata_650	lbl_em1b_rodata_650
.rodata	0x00000654	0x4	em1b/em10.cpp	local	lbl_em1b_rodata_654	lbl_em1b_rodata_654
.rodata	0x00000658	0x4	em1b/em10.cpp	local	lbl_em1b_rodata_658	lbl_em1b_rodata_658
.rodata	0x0000065C	0x4	em1b/em10.cpp	local	lbl_em1b_rodata_65C	lbl_em1b_rodata_65C
.rodata	0x00000660	0x4	em1b/em10.cpp	local	lbl_em1b_rodata_660	lbl_em1b_rodata_660
.rodata	0x00000664	0x4	em1b/em10.cpp	local	lbl_em1b_rodata_664	lbl_em1b_rodata_664
.rodata	0x00000668	0x4	em1b/em10.cpp	local	lbl_em1b_rodata_668	lbl_em1b_rodata_668
.rodata	0x0000066C	0x4	em1b/em10.cpp	local	lbl_em1b_rodata_66C	lbl_em1b_rodata_66C
.rodata	0x00000670	0x4	em1b/em10.cpp	local	lbl_em1b_rodata_670	lbl_em1b_rodata_670
.rodata	0x00000674	0x4	em1b/em10.cpp	local	lbl_em1b_rodata_674	lbl_em1b_rodata_674
.rodata	0x00000678	0x4	em1b/em10.cpp	local	lbl_em1b_rodata_678	lbl_em1b_rodata_678
.rodata	0x0000067C	0x4	em1b/em10.cpp	local	lbl_em1b_rodata_67C	lbl_em1b_rodata_67C
.rodata	0x00000680	0x4	em1b/em10.cpp	local	lbl_em1b_rodata_680	lbl_em1b_rodata_680
.rodata	0x00000684	0x4	em1b/em10.cpp	local	lbl_em1b_rodata_684	lbl_em1b_rodata_684
.rodata	0x00000688	0x4	em1b/em10.cpp	local	lbl_em1b_rodata_688	lbl_em1b_rodata_688
.rodata	0x0000068C	0x4	em1b/em10.cpp	local	lbl_em1b_rodata_68C	lbl_em1b_rodata_68C
.rodata	0x00000690	0x4	em1b/em10.cpp	local	lbl_em1b_rodata_690	lbl_em1b_rodata_690
.rodata	0x00000694	0x4	em1b/em10.cpp	local	lbl_em1b_rodata_694	lbl_em1b_rodata_694
.rodata	0x00000698	0x4	em1b/em10.cpp	local	lbl_em1b_rodata_698	lbl_em1b_rodata_698
.rodata	0x0000069C	0x4	em1b/em10.cpp	local	lbl_em1b_rodata_69C	lbl_em1b_rodata_69C
.rodata	0x000006A0	0x4	em1b/em10.cpp	local	lbl_em1b_rodata_6A0	lbl_em1b_rodata_6A0
.rodata	0x000006A4	0x4	em1b/em10.cpp	local	lbl_em1b_rodata_6A4	lbl_em1b_rodata_6A4
.rodata	0x000006A8	0x4	em1b/em10.cpp	local	lbl_em1b_rodata_6A8	lbl_em1b_rodata_6A8
.rodata	0x000006AC	0x4	em1b/em10.cpp	local	lbl_em1b_rodata_6AC	lbl_em1b_rodata_6AC
.rodata	0x000006B0	0x4	em1b/em10.cpp	local	lbl_em1b_rodata_6B0	lbl_em1b_rodata_6B0
.rodata	0x000006B4	0x4	em1b/em10.cpp	local	lbl_em1b_rodata_6B4	lbl_em1b_rodata_6B4
.rodata	0x000006B8	0x4	em1b/em10.cpp	local	lbl_em1b_rodata_6B8	lbl_em1b_rodata_6B8
.rodata	0x000006BC	0x4	em1b/em10.cpp	local	lbl_em1b_rodata_6BC	lbl_em1b_rodata_6BC
.rodata	0x000006C0	0x4	em1b/em10.cpp	local	lbl_em1b_rodata_6C0	lbl_em1b_rodata_6C0
.rodata	0x000006C4	0x4	em1b/em10.cpp	local	lbl_em1b_rodata_6C4	lbl_em1b_rodata_6C4
.rodata	0x000006C8	0x4	em1b/em10.cpp	local	lbl_em1b_rodata_6C8	lbl_em1b_rodata_6C8
.rodata	0x000006CC	0x4	em1b/em10.cpp	local	lbl_em1b_rodata_6CC	lbl_em1b_rodata_6CC
.rodata	0x000006D0	0x4	em1b/em10.cpp	local	lbl_em1b_rodata_6D0	lbl_em1b_rodata_6D0
.rodata	0x000006D4	0x4	em1b/em10.cpp	local	lbl_em1b_rodata_6D4	lbl_em1b_rodata_6D4
.rodata	0x000006D8	0x4	em1b/em10.cpp	local	lbl_em1b_rodata_6D8	lbl_em1b_rodata_6D8
.rodata	0x000006DC	0x4	em1b/em10.cpp	local	lbl_em1b_rodata_6DC	lbl_em1b_rodata_6DC
.rodata	0x000006E0	0x4	em1b/em10.cpp	local	lbl_em1b_rodata_6E0	lbl_em1b_rodata_6E0
.rodata	0x000006E4	0x4	em1b/em10.cpp	local	lbl_em1b_rodata_6E4	lbl_em1b_rodata_6E4
.rodata	0x000006E8	0x4	em1b/em10.cpp	local	lbl_em1b_rodata_6E8	lbl_em1b_rodata_6E8
.rodata	0x000006EC	0x4	em1b/em10.cpp	local	lbl_em1b_rodata_6EC	lbl_em1b_rodata_6EC
.rodata	0x000006F0	0x4	em1b/em10.cpp	local	lbl_em1b_rodata_6F0	lbl_em1b_rodata_6F0
.rodata	0x000006F4	0x4	em1b/em10.cpp	local	lbl_em1b_rodata_6F4	lbl_em1b_rodata_6F4
.rodata	0x000006F8	0x4	em1b/em10.cpp	local	lbl_em1b_rodata_6F8	lbl_em1b_rodata_6F8
.rodata	0x000006FC	0x4	em1b/em10.cpp	local	lbl_em1b_rodata_6FC	lbl_em1b_rodata_6FC
.rodata	0x00000700	0x4	em1b/em10.cpp	local	lbl_em1b_rodata_700	lbl_em1b_rodata_700
.rodata	0x00000704	0x4	em1b/em10.cpp	local	lbl_em1b_rodata_704	lbl_em1b_rodata_704
.rodata	0x00000708	0x4	em1b/em10.cpp	local	lbl_em1b_rodata_708	lbl_em1b_rodata_708
.rodata	0x0000070C	0x4	em1b/em10.cpp	local	lbl_em1b_rodata_70C	lbl_em1b_rodata_70C
.rodata	0x00000710	0x4	em1b/em10.cpp	local	lbl_em1b_rodata_710	lbl_em1b_rodata_710
.rodata	0x00000714	0x4	em1b/em10.cpp	local	lbl_em1b_rodata_714	lbl_em1b_rodata_714
.rodata	0x00000718	0x4	em1b/em10.cpp	local	lbl_em1b_rodata_718	lbl_em1b_rodata_718
.rodata	0x0000071C	0x4	em1b/em10.cpp	local	lbl_em1b_rodata_71C	lbl_em1b_rodata_71C
.rodata	0x00000720	0x4	em1b/em10.cpp	local	lbl_em1b_rodata_720	lbl_em1b_rodata_720
.rodata	0x00000724	0x4	em1b/em10.cpp	local	lbl_em1b_rodata_724	lbl_em1b_rodata_724
.rodata	0x00000728	0x4	em1b/em10.cpp	local	lbl_em1b_rodata_728	lbl_em1b_rodata_728
.rodata	0x0000072C	0x4	em1b/em10.cpp	local	lbl_em1b_rodata_72C	lbl_em1b_rodata_72C
.rodata	0x00000730	0x4	em1b/em10.cpp	local	lbl_em1b_rodata_730	lbl_em1b_rodata_730
.rodata	0x00000734	0x4	em1b/em10.cpp	local	lbl_em1b_rodata_734	lbl_em1b_rodata_734
.rodata	0x00000738	0x4	em1b/em10.cpp	local	lbl_em1b_rodata_738	lbl_em1b_rodata_738
.rodata	0x0000073C	0x4	em1b/em10.cpp	local	lbl_em1b_rodata_73C	lbl_em1b_rodata_73C
.rodata	0x00000740	0x4	em1b/em10.cpp	local	lbl_em1b_rodata_740	lbl_em1b_rodata_740
.rodata	0x00000744	0x4	em1b/em10.cpp	local	lbl_em1b_rodata_744	lbl_em1b_rodata_744
.rodata	0x00000748	0x4	em1b/em10.cpp	local	lbl_em1b_rodata_748	lbl_em1b_rodata_748
.rodata	0x0000074C	0x4	em1b/em10.cpp	local	lbl_em1b_rodata_74C	lbl_em1b_rodata_74C
.rodata	0x00000750	0x4	em1b/em10.cpp	local	lbl_em1b_rodata_750	lbl_em1b_rodata_750
.rodata	0x00000754	0x4	em1b/em10.cpp	local	lbl_em1b_rodata_754	lbl_em1b_rodata_754
.rodata	0x00000758	0x4	em1b/em10.cpp	local	lbl_em1b_rodata_758	lbl_em1b_rodata_758
.rodata	0x0000075C	0x4	em1b/em10.cpp	local	lbl_em1b_rodata_75C	lbl_em1b_rodata_75C
.rodata	0x00000760	0x4	em1b/em10.cpp	local	lbl_em1b_rodata_760	lbl_em1b_rodata_760
.rodata	0x00000764	0x4	em1b/em10.cpp	local	lbl_em1b_rodata_764	lbl_em1b_rodata_764
.rodata	0x00000768	0x4	em1b/em10.cpp	local	lbl_em1b_rodata_768	lbl_em1b_rodata_768
.rodata	0x0000076C	0x4	em1b/em10.cpp	local	lbl_em1b_rodata_76C	lbl_em1b_rodata_76C
.rodata	0x00000770	0x4	em1b/em10.cpp	local	lbl_em1b_rodata_770	lbl_em1b_rodata_770
.rodata	0x00000774	0x4	em1b/em10.cpp	local	lbl_em1b_rodata_774	lbl_em1b_rodata_774
.rodata	0x00000778	0x4	em1b/em10.cpp	local	lbl_em1b_rodata_778	lbl_em1b_rodata_778
.rodata	0x0000077C	0x4	em1b/em10.cpp	local	lbl_em1b_rodata_77C	lbl_em1b_rodata_77C
.rodata	0x00000780	0x4	em1b/em10.cpp	local	lbl_em1b_rodata_780	lbl_em1b_rodata_780
.rodata	0x00000784	0x4	em1b/em10.cpp	local	lbl_em1b_rodata_784	lbl_em1b_rodata_784
.rodata	0x00000788	0x4	em1b/em10.cpp	local	lbl_em1b_rodata_788	lbl_em1b_rodata_788
.rodata	0x0000078C	0x4	em1b/em10.cpp	local	lbl_em1b_rodata_78C	lbl_em1b_rodata_78C
.rodata	0x00000790	0x4	em1b/em10.cpp	local	lbl_em1b_rodata_790	lbl_em1b_rodata_790
.rodata	0x00000794	0x4	em1b/em10.cpp	local	lbl_em1b_rodata_794	lbl_em1b_rodata_794
.rodata	0x00000798	0x4	em1b/em10.cpp	local	lbl_em1b_rodata_798	lbl_em1b_rodata_798
.rodata	0x0000079C	0x4	em1b/em10.cpp	local	lbl_em1b_rodata_79C	lbl_em1b_rodata_79C
.rodata	0x000007A0	0x4	em1b/em10.cpp	local	lbl_em1b_rodata_7A0	lbl_em1b_rodata_7A0
.rodata	0x000007A4	0x4	em1b/em10.cpp	local	lbl_em1b_rodata_7A4	lbl_em1b_rodata_7A4
.rodata	0x000007A8	0x4	em1b/em10.cpp	local	lbl_em1b_rodata_7A8	lbl_em1b_rodata_7A8
.rodata	0x000007AC	0x4	em1b/em10.cpp	local	lbl_em1b_rodata_7AC	lbl_em1b_rodata_7AC
.rodata	0x000007B0	0x4	em1b/em10.cpp	local	lbl_em1b_rodata_7B0	lbl_em1b_rodata_7B0
.rodata	0x000007B4	0x4	em1b/em10.cpp	local	lbl_em1b_rodata_7B4	lbl_em1b_rodata_7B4
.rodata	0x000007B8	0x4	em1b/em10.cpp	local	lbl_em1b_rodata_7B8	lbl_em1b_rodata_7B8
.rodata	0x000007BC	0x4	em1b/em10.cpp	local	lbl_em1b_rodata_7BC	lbl_em1b_rodata_7BC
.rodata	0x000007C0	0x4	em1b/em10.cpp	local	lbl_em1b_rodata_7C0	lbl_em1b_rodata_7C0
.rodata	0x000007C4	0x4	em1b/em10.cpp	local	lbl_em1b_rodata_7C4	lbl_em1b_rodata_7C4
.rodata	0x000007C8	0x4	em1b/em10.cpp	local	lbl_em1b_rodata_7C8	lbl_em1b_rodata_7C8
.rodata	0x000007CC	0x4	em1b/em10.cpp	local	lbl_em1b_rodata_7CC	lbl_em1b_rodata_7CC
.rodata	0x000007D0	0x4	em1b/em10.cpp	local	lbl_em1b_rodata_7D0	lbl_em1b_rodata_7D0
.rodata	0x000007D4	0x4	em1b/em10.cpp	local	lbl_em1b_rodata_7D4	lbl_em1b_rodata_7D4
.rodata	0x000007D8	0x4	em1b/em10.cpp	local	lbl_em1b_rodata_7D8	lbl_em1b_rodata_7D8
.rodata	0x000007DC	0x4	em1b/em10.cpp	local	lbl_em1b_rodata_7DC	lbl_em1b_rodata_7DC
.rodata	0x000007E0	0x4	em1b/em10.cpp	local	lbl_em1b_rodata_7E0	lbl_em1b_rodata_7E0
.rodata	0x000007E4	0x4	em1b/em10.cpp	local	lbl_em1b_rodata_7E4	lbl_em1b_rodata_7E4
.rodata	0x000007E8	0x4	em1b/em10.cpp	local	lbl_em1b_rodata_7E8	lbl_em1b_rodata_7E8
.rodata	0x000007EC	0x4	em1b/em10.cpp	local	lbl_em1b_rodata_7EC	lbl_em1b_rodata_7EC
.rodata	0x000007F0	0x4	em1b/em10.cpp	local	lbl_em1b_rodata_7F0	lbl_em1b_rodata_7F0
.rodata	0x000007F4	0x4	em1b/em10.cpp	local	lbl_em1b_rodata_7F4	lbl_em1b_rodata_7F4
.rodata	0x000007F8	0x4	em1b/em10.cpp	local	lbl_em1b_rodata_7F8	lbl_em1b_rodata_7F8
.rodata	0x000007FC	0x4	em1b/em10.cpp	local	lbl_em1b_rodata_7FC	lbl_em1b_rodata_7FC
.rodata	0x00000800	0x4	em1b/em10.cpp	local	lbl_em1b_rodata_800	lbl_em1b_rodata_800
.rodata	0x00000804	0x4	em1b/em10.cpp	local	lbl_em1b_rodata_804	lbl_em1b_rodata_804
.rodata	0x00000808	0x4	em1b/em10.cpp	local	lbl_em1b_rodata_808	lbl_em1b_rodata_808
.rodata	0x0000080C	0x4	em1b/em10.cpp	local	lbl_em1b_rodata_80C	lbl_em1b_rodata_80C
.rodata	0x00000810	0x4	em1b/em10.cpp	local	lbl_em1b_rodata_810	lbl_em1b_rodata_810
.rodata	0x00000814	0x4	em1b/em10.cpp	local	lbl_em1b_rodata_814	lbl_em1b_rodata_814
.rodata	0x00000818	0x4	em1b/em10.cpp	local	lbl_em1b_rodata_818	lbl_em1b_rodata_818
.rodata	0x0000081C	0x4	em1b/em10.cpp	local	lbl_em1b_rodata_81C	lbl_em1b_rodata_81C
.rodata	0x00000820	0x4	em1b/em10.cpp	local	lbl_em1b_rodata_820	lbl_em1b_rodata_820
.rodata	0x00000824	0x4	em1b/em10.cpp	local	lbl_em1b_rodata_824	lbl_em1b_rodata_824
.rodata	0x00000828	0x4	em1b/em10.cpp	local	lbl_em1b_rodata_828	lbl_em1b_rodata_828
.rodata	0x0000082C	0x4	em1b/em10.cpp	local	lbl_em1b_rodata_82C	lbl_em1b_rodata_82C
.rodata	0x00000830	0x4	em1b/em10.cpp	local	lbl_em1b_rodata_830	lbl_em1b_rodata_830
.rodata	0x00000834	0x4	em1b/em10.cpp	local	lbl_em1b_rodata_834	lbl_em1b_rodata_834
.rodata	0x00000838	0x4	em1b/em10.cpp	local	lbl_em1b_rodata_838	lbl_em1b_rodata_838
.rodata	0x0000083C	0x4	em1b/em10.cpp	local	lbl_em1b_rodata_83C	lbl_em1b_rodata_83C
.rodata	0x00000840	0x4	em1b/em10.cpp	local	lbl_em1b_rodata_840	lbl_em1b_rodata_840
.rodata	0x00000844	0x4	em1b/em10.cpp	local	lbl_em1b_rodata_844	lbl_em1b_rodata_844
.rodata	0x00000848	0x4	em1b/em10.cpp	local	lbl_em1b_rodata_848	lbl_em1b_rodata_848
.rodata	0x0000084C	0x4	em1b/em10.cpp	local	lbl_em1b_rodata_84C	lbl_em1b_rodata_84C
.rodata	0x00000850	0x4	em1b/em10.cpp	local	lbl_em1b_rodata_850	lbl_em1b_rodata_850
.rodata	0x00000854	0x4	em1b/em10.cpp	local	lbl_em1b_rodata_854	lbl_em1b_rodata_854
.rodata	0x00000858	0x4	em1b/em10.cpp	local	lbl_em1b_rodata_858	lbl_em1b_rodata_858
.rodata	0x0000085C	0x4	em1b/em10.cpp	local	lbl_em1b_rodata_85C	lbl_em1b_rodata_85C
.rodata	0x00000860	0x4	em1b/em10.cpp	local	lbl_em1b_rodata_860	lbl_em1b_rodata_860
.rodata	0x00000864	0x4	em1b/em10.cpp	local	lbl_em1b_rodata_864	lbl_em1b_rodata_864
.rodata	0x00000868	0x4	em1b/em10.cpp	local	lbl_em1b_rodata_868	lbl_em1b_rodata_868
.rodata	0x0000086C	0x4	em1b/em10.cpp	local	lbl_em1b_rodata_86C	lbl_em1b_rodata_86C
.rodata	0x00000870	0x4	em1b/em10.cpp	local	lbl_em1b_rodata_870	lbl_em1b_rodata_870
.rodata	0x00000874	0x4	em1b/em10.cpp	local	lbl_em1b_rodata_874	lbl_em1b_rodata_874
.rodata	0x00000878	0x4	em1b/em10.cpp	local	lbl_em1b_rodata_878	lbl_em1b_rodata_878
.rodata	0x0000087C	0x4	em1b/em10.cpp	local	lbl_em1b_rodata_87C	lbl_em1b_rodata_87C
.rodata	0x00000880	0x4	em1b/em10.cpp	local	lbl_em1b_rodata_880	lbl_em1b_rodata_880
.rodata	0x00000884	0x4	em1b/em10.cpp	local	lbl_em1b_rodata_884	lbl_em1b_rodata_884
.rodata	0x00000888	0x4	em1b/em10.cpp	local	lbl_em1b_rodata_888	lbl_em1b_rodata_888
.rodata	0x0000088C	0x4	em1b/em10.cpp	local	lbl_em1b_rodata_88C	lbl_em1b_rodata_88C
.rodata	0x00000890	0x4	em1b/em10.cpp	local	lbl_em1b_rodata_890	lbl_em1b_rodata_890
.rodata	0x00000894	0x4	em1b/em10.cpp	local	lbl_em1b_rodata_894	lbl_em1b_rodata_894
.rodata	0x00000898	0x4	em1b/em10.cpp	local	lbl_em1b_rodata_898	lbl_em1b_rodata_898
.rodata	0x0000089C	0x4	em1b/em10.cpp	local	lbl_em1b_rodata_89C	lbl_em1b_rodata_89C
.rodata	0x000008A0	0x4	em1b/em10.cpp	local	lbl_em1b_rodata_8A0	lbl_em1b_rodata_8A0
.rodata	0x000008A4	0x4	em1b/em10.cpp	local	lbl_em1b_rodata_8A4	lbl_em1b_rodata_8A4
.rodata	0x000008A8	0x4	em1b/em10.cpp	local	lbl_em1b_rodata_8A8	lbl_em1b_rodata_8A8
.rodata	0x000008AC	0x4	em1b/em10.cpp	local	lbl_em1b_rodata_8AC	lbl_em1b_rodata_8AC
.rodata	0x000008B0	0x4	em1b/em10.cpp	local	lbl_em1b_rodata_8B0	lbl_em1b_rodata_8B0
.rodata	0x000008B4	0x4	em1b/em10.cpp	local	lbl_em1b_rodata_8B4	lbl_em1b_rodata_8B4
.rodata	0x000008B8	0x4	em1b/em10.cpp	local	lbl_em1b_rodata_8B8	lbl_em1b_rodata_8B8
.rodata	0x000008BC	0x4	em1b/em10.cpp	local	lbl_em1b_rodata_8BC	lbl_em1b_rodata_8BC
.rodata	0x000008C0	0x4	em1b/em10.cpp	local	lbl_em1b_rodata_8C0	lbl_em1b_rodata_8C0
.rodata	0x000008C4	0x4	em1b/em10.cpp	local	lbl_em1b_rodata_8C4	lbl_em1b_rodata_8C4
.rodata	0x000008C8	0x4	em1b/em10.cpp	local	lbl_em1b_rodata_8C8	lbl_em1b_rodata_8C8
.rodata	0x000008CC	0x4	em1b/em10.cpp	local	lbl_em1b_rodata_8CC	lbl_em1b_rodata_8CC
.rodata	0x000008D0	0x4	em1b/em10.cpp	local	lbl_em1b_rodata_8D0	lbl_em1b_rodata_8D0
.rodata	0x000008D4	0x4	em1b/em10.cpp	local	lbl_em1b_rodata_8D4	lbl_em1b_rodata_8D4
.rodata	0x000008D8	0x4	em1b/em10.cpp	local	lbl_em1b_rodata_8D8	lbl_em1b_rodata_8D8
.rodata	0x000008DC	0x4	em1b/em10.cpp	local	lbl_em1b_rodata_8DC	lbl_em1b_rodata_8DC
.rodata	0x000008E0	0x4	em1b/em10.cpp	local	lbl_em1b_rodata_8E0	lbl_em1b_rodata_8E0
.rodata	0x000008E4	0x4	em1b/em10.cpp	local	lbl_em1b_rodata_8E4	lbl_em1b_rodata_8E4
.rodata	0x000008E8	0x4	em1b/em10.cpp	local	lbl_em1b_rodata_8E8	lbl_em1b_rodata_8E8
.rodata	0x000008EC	0x4	em1b/em10.cpp	local	lbl_em1b_rodata_8EC	lbl_em1b_rodata_8EC
.rodata	0x000008F0	0x4	em1b/em10.cpp	local	lbl_em1b_rodata_8F0	lbl_em1b_rodata_8F0
.rodata	0x000008F4	0x4	em1b/em10.cpp	local	lbl_em1b_rodata_8F4	lbl_em1b_rodata_8F4
.rodata	0x000008F8	0x4	em1b/em10.cpp	local	lbl_em1b_rodata_8F8	lbl_em1b_rodata_8F8
.rodata	0x000008FC	0x4	em1b/em10.cpp	local	lbl_em1b_rodata_8FC	lbl_em1b_rodata_8FC
.rodata	0x00000900	0x4	em1b/em10.cpp	local	lbl_em1b_rodata_900	lbl_em1b_rodata_900
.rodata	0x00000904	0x4	em1b/em10.cpp	local	lbl_em1b_rodata_904	lbl_em1b_rodata_904
.rodata	0x00000908	0x4	em1b/em10.cpp	local	lbl_em1b_rodata_908	lbl_em1b_rodata_908
.rodata	0x0000090C	0x4	em1b/em10.cpp	local	lbl_em1b_rodata_90C	lbl_em1b_rodata_90C
.rodata	0x00000910	0x4	em1b/em10.cpp	local	lbl_em1b_rodata_910	lbl_em1b_rodata_910
.rodata	0x00000914	0x4	em1b/em10.cpp	local	lbl_em1b_rodata_914	lbl_em1b_rodata_914
.rodata	0x00000918	0x4	em1b/em10.cpp	local	lbl_em1b_rodata_918	lbl_em1b_rodata_918
.rodata	0x0000091C	0x4	em1b/em10.cpp	local	lbl_em1b_rodata_91C	lbl_em1b_rodata_91C
.rodata	0x00000920	0x4	em1b/em10.cpp	local	lbl_em1b_rodata_920	lbl_em1b_rodata_920
.rodata	0x00000924	0x4	em1b/em10.cpp	local	lbl_em1b_rodata_924	lbl_em1b_rodata_924
.rodata	0x00000928	0x4	em1b/em10.cpp	local	lbl_em1b_rodata_928	lbl_em1b_rodata_928
.rodata	0x0000092C	0x4	em1b/em10.cpp	local	lbl_em1b_rodata_92C	lbl_em1b_rodata_92C
.rodata	0x00000930	0x4	em1b/em10.cpp	local	lbl_em1b_rodata_930	lbl_em1b_rodata_930
.rodata	0x00000934	0x4	em1b/em10.cpp	local	lbl_em1b_rodata_934	lbl_em1b_rodata_934
.rodata	0x00000938	0x4	em1b/em10.cpp	local	lbl_em1b_rodata_938	lbl_em1b_rodata_938
.rodata	0x0000093C	0x4	em1b/em10.cpp	local	lbl_em1b_rodata_93C	lbl_em1b_rodata_93C
.rodata	0x00000940	0x4	em1b/em10.cpp	local	lbl_em1b_rodata_940	lbl_em1b_rodata_940
.rodata	0x00000944	0x4	em1b/em10.cpp	local	lbl_em1b_rodata_944	lbl_em1b_rodata_944
.rodata	0x00000948	0x4	em1b/em10.cpp	local	lbl_em1b_rodata_948	lbl_em1b_rodata_948
.rodata	0x0000094C	0x4	em1b/em10.cpp	local	lbl_em1b_rodata_94C	lbl_em1b_rodata_94C
.rodata	0x00000950	0x4	em1b/em10.cpp	local	lbl_em1b_rodata_950	lbl_em1b_rodata_950
.rodata	0x00000954	0x4	em1b/em10.cpp	local	lbl_em1b_rodata_954	lbl_em1b_rodata_954
.rodata	0x00000958	0x4	em1b/em10.cpp	local	lbl_em1b_rodata_958	lbl_em1b_rodata_958
.rodata	0x0000095C	0x4	em1b/em10.cpp	local	lbl_em1b_rodata_95C	lbl_em1b_rodata_95C
.rodata	0x00000960	0x4	em1b/em10.cpp	local	lbl_em1b_rodata_960	lbl_em1b_rodata_960
.rodata	0x00000964	0x4	em1b/em10.cpp	local	lbl_em1b_rodata_964	lbl_em1b_rodata_964
.rodata	0x00000968	0x4	em1b/em10.cpp	local	lbl_em1b_rodata_968	lbl_em1b_rodata_968
.rodata	0x0000096C	0x4	em1b/em10.cpp	local	lbl_em1b_rodata_96C	lbl_em1b_rodata_96C
.rodata	0x00000970	0x4	em1b/em10.cpp	local	lbl_em1b_rodata_970	lbl_em1b_rodata_970
.rodata	0x00000974	0x4	em1b/em10.cpp	local	lbl_em1b_rodata_974	lbl_em1b_rodata_974
.rodata	0x00000978	0x4	em1b/em10.cpp	local	lbl_em1b_rodata_978	lbl_em1b_rodata_978
.rodata	0x0000097C	0x4	em1b/em10.cpp	local	lbl_em1b_rodata_97C	lbl_em1b_rodata_97C
.rodata	0x00000980	0x4	em1b/em10.cpp	local	lbl_em1b_rodata_980	lbl_em1b_rodata_980
.rodata	0x00000984	0x4	em1b/em10.cpp	local	lbl_em1b_rodata_984	lbl_em1b_rodata_984
.rodata	0x00000988	0x4	em1b/em10.cpp	local	lbl_em1b_rodata_988	lbl_em1b_rodata_988
.rodata	0x0000098C	0x4	em1b/em10.cpp	local	lbl_em1b_rodata_98C	lbl_em1b_rodata_98C
.rodata	0x00000990	0x4	em1b/em10.cpp	local	lbl_em1b_rodata_990	lbl_em1b_rodata_990
.rodata	0x00000994	0x4	em1b/em10.cpp	local	lbl_em1b_rodata_994	lbl_em1b_rodata_994
.rodata	0x00000998	0x4	em1b/em10.cpp	local	lbl_em1b_rodata_998	lbl_em1b_rodata_998
.rodata	0x0000099C	0x4	em1b/em10.cpp	local	lbl_em1b_rodata_99C	lbl_em1b_rodata_99C
.rodata	0x000009A0	0x4	em1b/em10.cpp	local	lbl_em1b_rodata_9A0	lbl_em1b_rodata_9A0
.rodata	0x000009A4	0x4	em1b/em10.cpp	local	lbl_em1b_rodata_9A4	lbl_em1b_rodata_9A4
.rodata	0x000009A8	0x4	em1b/em10.cpp	local	lbl_em1b_rodata_9A8	lbl_em1b_rodata_9A8
.rodata	0x000009AC	0x4	em1b/em10.cpp	local	lbl_em1b_rodata_9AC	lbl_em1b_rodata_9AC
.rodata	0x000009B0	0x4	em1b/em10.cpp	local	lbl_em1b_rodata_9B0	lbl_em1b_rodata_9B0
.rodata	0x000009B4	0x4	em1b/em10.cpp	local	lbl_em1b_rodata_9B4	lbl_em1b_rodata_9B4
.rodata	0x000009B8	0x4	em1b/em10.cpp	local	lbl_em1b_rodata_9B8	lbl_em1b_rodata_9B8
.rodata	0x000009BC	0x4	em1b/em10.cpp	local	lbl_em1b_rodata_9BC	lbl_em1b_rodata_9BC
.rodata	0x000009C0	0x4	em1b/em10.cpp	local	lbl_em1b_rodata_9C0	lbl_em1b_rodata_9C0
.rodata	0x000009C4	0x4	em1b/em10.cpp	local	lbl_em1b_rodata_9C4	lbl_em1b_rodata_9C4
.rodata	0x000009C8	0x4	em1b/em10.cpp	local	lbl_em1b_rodata_9C8	lbl_em1b_rodata_9C8
.rodata	0x000009CC	0x4	em1b/em10.cpp	local	lbl_em1b_rodata_9CC	lbl_em1b_rodata_9CC
.rodata	0x000009D0	0x4	em1b/em10.cpp	local	lbl_em1b_rodata_9D0	lbl_em1b_rodata_9D0
.rodata	0x000009D4	0x4	em1b/em10.cpp	local	lbl_em1b_rodata_9D4	lbl_em1b_rodata_9D4
.rodata	0x000009D8	0x4	em1b/em10.cpp	local	lbl_em1b_rodata_9D8	lbl_em1b_rodata_9D8
.rodata	0x000009DC	0x4	em1b/em10.cpp	local	lbl_em1b_rodata_9DC	lbl_em1b_rodata_9DC
.rodata	0x000009E0	0x4	em1b/em10.cpp	local	lbl_em1b_rodata_9E0	lbl_em1b_rodata_9E0
.rodata	0x000009E4	0x4	em1b/em10.cpp	local	lbl_em1b_rodata_9E4	lbl_em1b_rodata_9E4
.rodata	0x000009E8	0x4	em1b/em10.cpp	local	lbl_em1b_rodata_9E8	lbl_em1b_rodata_9E8
.rodata	0x000009EC	0x4	em1b/em10.cpp	local	lbl_em1b_rodata_9EC	lbl_em1b_rodata_9EC
.rodata	0x000009F0	0x4	em1b/em10.cpp	local	lbl_em1b_rodata_9F0	lbl_em1b_rodata_9F0
.rodata	0x000009F4	0x4	em1b/em10.cpp	local	lbl_em1b_rodata_9F4	lbl_em1b_rodata_9F4
.rodata	0x000009F8	0x4	em1b/em10.cpp	local	lbl_em1b_rodata_9F8	lbl_em1b_rodata_9F8
.rodata	0x000009FC	0x4	em1b/em10.cpp	local	lbl_em1b_rodata_9FC	lbl_em1b_rodata_9FC
.rodata	0x00000A00	0x4	em1b/em10.cpp	local	lbl_em1b_rodata_A00	lbl_em1b_rodata_A00
.rodata	0x00000A04	0x4	em1b/em10.cpp	local	lbl_em1b_rodata_A04	lbl_em1b_rodata_A04
.rodata	0x00000A08	0x4	em1b/em10.cpp	local	lbl_em1b_rodata_A08	lbl_em1b_rodata_A08
.rodata	0x00000A0C	0x4	em1b/em10.cpp	local	lbl_em1b_rodata_A0C	lbl_em1b_rodata_A0C
.rodata	0x00000A10	0x4	em1b/em10.cpp	local	lbl_em1b_rodata_A10	lbl_em1b_rodata_A10
.rodata	0x00000A14	0x4	em1b/em10.cpp	local	lbl_em1b_rodata_A14	lbl_em1b_rodata_A14
.rodata	0x00000A18	0x4	em1b/em10.cpp	local	lbl_em1b_rodata_A18	lbl_em1b_rodata_A18
.rodata	0x00000A1C	0x4	em1b/em10.cpp	local	lbl_em1b_rodata_A1C	lbl_em1b_rodata_A1C
.rodata	0x00000A20	0x4	em1b/em10.cpp	local	lbl_em1b_rodata_A20	lbl_em1b_rodata_A20
.rodata	0x00000A24	0x4	em1b/em10.cpp	local	lbl_em1b_rodata_A24	lbl_em1b_rodata_A24
.rodata	0x00000A28	0x4	em1b/em10.cpp	local	lbl_em1b_rodata_A28	lbl_em1b_rodata_A28
.rodata	0x00000A2C	0x4	em1b/em10.cpp	local	lbl_em1b_rodata_A2C	lbl_em1b_rodata_A2C
.rodata	0x00000A30	0x4	em1b/em10.cpp	local	lbl_em1b_rodata_A30	lbl_em1b_rodata_A30
.rodata	0x00000A34	0x4	em1b/em10.cpp	local	lbl_em1b_rodata_A34	lbl_em1b_rodata_A34
.rodata	0x00000A38	0x4	em1b/em10.cpp	local	lbl_em1b_rodata_A38	lbl_em1b_rodata_A38
.rodata	0x00000A3C	0x4	em1b/em10.cpp	local	lbl_em1b_rodata_A3C	lbl_em1b_rodata_A3C
.rodata	0x00000A40	0x4	em1b/em10.cpp	local	lbl_em1b_rodata_A40	lbl_em1b_rodata_A40
.rodata	0x00000A44	0x4	em1b/em10.cpp	local	lbl_em1b_rodata_A44	lbl_em1b_rodata_A44
.rodata	0x00000A48	0x4	em1b/em10.cpp	local	lbl_em1b_rodata_A48	lbl_em1b_rodata_A48
.rodata	0x00000A4C	0x4	em1b/em10.cpp	local	lbl_em1b_rodata_A4C	lbl_em1b_rodata_A4C
.rodata	0x00000A50	0x4	em1b/em10.cpp	local	lbl_em1b_rodata_A50	lbl_em1b_rodata_A50
.rodata	0x00000A54	0x4	em1b/em10.cpp	local	lbl_em1b_rodata_A54	lbl_em1b_rodata_A54
.rodata	0x00000A58	0x4	em1b/em10.cpp	local	lbl_em1b_rodata_A58	lbl_em1b_rodata_A58
.rodata	0x00000A5C	0x4	em1b/em10.cpp	local	lbl_em1b_rodata_A5C	lbl_em1b_rodata_A5C
.rodata	0x00000A60	0x4	em1b/em10.cpp	local	lbl_em1b_rodata_A60	lbl_em1b_rodata_A60
.rodata	0x00000A64	0x4	em1b/em10.cpp	local	lbl_em1b_rodata_A64	lbl_em1b_rodata_A64
.rodata	0x00000A68	0x8	em1b/em10.cpp	local	lbl_em1b_rodata_A68	lbl_em1b_rodata_A68
.rodata	0x00000A70	0x4	em1b/em10.cpp	local	lbl_em1b_rodata_A70	lbl_em1b_rodata_A70
.rodata	0x00000A74	0x4	em1b/em10.cpp	local	lbl_em1b_rodata_A74	lbl_em1b_rodata_A74
.rodata	0x00000A78	0x4	em1b/em10.cpp	local	lbl_em1b_rodata_A78	lbl_em1b_rodata_A78
.rodata	0x00000A7C	0x4	em1b/em10.cpp	local	lbl_em1b_rodata_A7C	lbl_em1b_rodata_A7C
.rodata	0x00000A80	0x4	em1b/em10.cpp	local	lbl_em1b_rodata_A80	lbl_em1b_rodata_A80
.rodata	0x00000A84	0x4	em1b/em10.cpp	local	lbl_em1b_rodata_A84	lbl_em1b_rodata_A84
.rodata	0x00000A88	0x4	em1b/em10.cpp	local	lbl_em1b_rodata_A88	lbl_em1b_rodata_A88
.rodata	0x00000A8C	0x4	em1b/em10.cpp	local	lbl_em1b_rodata_A8C	lbl_em1b_rodata_A8C
.rodata	0x00000A90	0x4	em1b/em10.cpp	local	lbl_em1b_rodata_A90	lbl_em1b_rodata_A90
.rodata	0x00000A94	0x4	em1b/em10.cpp	local	lbl_em1b_rodata_A94	lbl_em1b_rodata_A94
.rodata	0x00000A98	0x4	em1b/em10.cpp	local	lbl_em1b_rodata_A98	lbl_em1b_rodata_A98
.rodata	0x00000A9C	0x4	em1b/em10.cpp	local	lbl_em1b_rodata_A9C	lbl_em1b_rodata_A9C
.rodata	0x00000AA0	0x4	em1b/em10.cpp	local	lbl_em1b_rodata_AA0	lbl_em1b_rodata_AA0
.rodata	0x00000AA4	0x4	em1b/em10.cpp	local	lbl_em1b_rodata_AA4	lbl_em1b_rodata_AA4
.rodata	0x00000AA8	0x4	em1b/em10.cpp	local	lbl_em1b_rodata_AA8	lbl_em1b_rodata_AA8
.rodata	0x00000AAC	0x4	em1b/em10.cpp	local	lbl_em1b_rodata_AAC	lbl_em1b_rodata_AAC
.rodata	0x00000AB0	0x4	em1b/em10.cpp	local	lbl_em1b_rodata_AB0	lbl_em1b_rodata_AB0
.rodata	0x00000AB4	0x4	em1b/em10.cpp	local	lbl_em1b_rodata_AB4	lbl_em1b_rodata_AB4
.rodata	0x00000AB8	0x8	em1b/em10.cpp	local	lbl_em1b_rodata_AB8	lbl_em1b_rodata_AB8
.rodata	0x00000AC0	0x4	em1b/em10.cpp	local	lbl_em1b_rodata_AC0	lbl_em1b_rodata_AC0
.rodata	0x00000AC4	0x4	em1b/em10.cpp	local	lbl_em1b_rodata_AC4	lbl_em1b_rodata_AC4
.rodata	0x00000AC8	0x4	em1b/em10.cpp	local	lbl_em1b_rodata_AC8	lbl_em1b_rodata_AC8
.rodata	0x00000ACC	0x4	em1b/em10.cpp	local	lbl_em1b_rodata_ACC	lbl_em1b_rodata_ACC
.rodata	0x00000AD0	0x4	em1b/em10.cpp	local	lbl_em1b_rodata_AD0	lbl_em1b_rodata_AD0
.rodata	0x00000AD4	0x4	em1b/em10.cpp	local	lbl_em1b_rodata_AD4	lbl_em1b_rodata_AD4
.rodata	0x00000AD8	0x4	em1b/em10.cpp	local	lbl_em1b_rodata_AD8	lbl_em1b_rodata_AD8
.rodata	0x00000ADC	0x4	em1b/em10.cpp	local	lbl_em1b_rodata_ADC	lbl_em1b_rodata_ADC
.rodata	0x00000AE0	0x4	em1b/em10.cpp	local	lbl_em1b_rodata_AE0	lbl_em1b_rodata_AE0
.rodata	0x00000AE4	0x4	em1b/em10.cpp	local	lbl_em1b_rodata_AE4	lbl_em1b_rodata_AE4
.rodata	0x00000AE8	0x4	em1b/em10.cpp	local	lbl_em1b_rodata_AE8	lbl_em1b_rodata_AE8
.rodata	0x00000AEC	0x4	em1b/em10.cpp	local	lbl_em1b_rodata_AEC	lbl_em1b_rodata_AEC
.rodata	0x00000AF0	0x4	em1b/em10.cpp	local	lbl_em1b_rodata_AF0	lbl_em1b_rodata_AF0
.rodata	0x00000AF4	0x4	em1b/em10.cpp	local	lbl_em1b_rodata_AF4	lbl_em1b_rodata_AF4
.rodata	0x00000AF8	0x4	em1b/em10.cpp	local	lbl_em1b_rodata_AF8	lbl_em1b_rodata_AF8
.rodata	0x00000AFC	0x4	em1b/em10.cpp	local	lbl_em1b_rodata_AFC	lbl_em1b_rodata_AFC
.rodata	0x00000B00	0x4	em1b/em10.cpp	local	lbl_em1b_rodata_B00	lbl_em1b_rodata_B00
.rodata	0x00000B04	0x4	em1b/em10.cpp	local	lbl_em1b_rodata_B04	lbl_em1b_rodata_B04
.rodata	0x00000B08	0x4	em1b/em10.cpp	local	lbl_em1b_rodata_B08	lbl_em1b_rodata_B08
.rodata	0x00000B0C	0x4	em1b/em10.cpp	local	lbl_em1b_rodata_B0C	lbl_em1b_rodata_B0C
.rodata	0x00000B10	0x4	em1b/em10.cpp	local	lbl_em1b_rodata_B10	lbl_em1b_rodata_B10
.rodata	0x00000B14	0x4	em1b/em10.cpp	local	lbl_em1b_rodata_B14	lbl_em1b_rodata_B14
.rodata	0x00000B18	0x4	em1b/em10.cpp	local	lbl_em1b_rodata_B18	lbl_em1b_rodata_B18
.rodata	0x00000B1C	0x4	em1b/em10.cpp	local	lbl_em1b_rodata_B1C	lbl_em1b_rodata_B1C
.rodata	0x00000B20	0x4	em1b/em10.cpp	local	lbl_em1b_rodata_B20	lbl_em1b_rodata_B20
.rodata	0x00000B24	0x4	em1b/em10.cpp	local	lbl_em1b_rodata_B24	lbl_em1b_rodata_B24
.rodata	0x00000B28	0x4	em1b/em10.cpp	local	lbl_em1b_rodata_B28	lbl_em1b_rodata_B28
.rodata	0x00000B2C	0x4	em1b/em10.cpp	local	lbl_em1b_rodata_B2C	lbl_em1b_rodata_B2C
.rodata	0x00000B30	0x4	em1b/em10.cpp	local	lbl_em1b_rodata_B30	lbl_em1b_rodata_B30
.rodata	0x00000B34	0x4	em1b/em10.cpp	local	lbl_em1b_rodata_B34	lbl_em1b_rodata_B34
.rodata	0x00000B38	0x4	em1b/em10.cpp	local	lbl_em1b_rodata_B38	lbl_em1b_rodata_B38
.rodata	0x00000B3C	0x4	em1b/em10.cpp	local	lbl_em1b_rodata_B3C	lbl_em1b_rodata_B3C
.rodata	0x00000B40	0x4	em1b/em10.cpp	local	lbl_em1b_rodata_B40	lbl_em1b_rodata_B40
.rodata	0x00000B44	0x4	em1b/em10.cpp	local	lbl_em1b_rodata_B44	lbl_em1b_rodata_B44
.rodata	0x00000B48	0x4	em1b/em10.cpp	local	lbl_em1b_rodata_B48	lbl_em1b_rodata_B48
.rodata	0x00000B4C	0x4	em1b/em10.cpp	local	lbl_em1b_rodata_B4C	lbl_em1b_rodata_B4C
.rodata	0x00000B50	0x4	em1b/em10.cpp	local	lbl_em1b_rodata_B50	lbl_em1b_rodata_B50
.rodata	0x00000B54	0x4	em1b/em10.cpp	local	lbl_em1b_rodata_B54	lbl_em1b_rodata_B54
.rodata	0x00000B58	0x4	em1b/em10.cpp	local	lbl_em1b_rodata_B58	lbl_em1b_rodata_B58
.rodata	0x00000B5C	0x4	em1b/em10.cpp	local	lbl_em1b_rodata_B5C	lbl_em1b_rodata_B5C
.rodata	0x00000B60	0x4	em1b/em10.cpp	local	lbl_em1b_rodata_B60	lbl_em1b_rodata_B60
.rodata	0x00000B64	0x4	em1b/em10.cpp	local	lbl_em1b_rodata_B64	lbl_em1b_rodata_B64
.rodata	0x00000B68	0x4	em1b/em10.cpp	local	lbl_em1b_rodata_B68	lbl_em1b_rodata_B68
.rodata	0x00000B6C	0x4	em1b/em10.cpp	local	lbl_em1b_rodata_B6C	lbl_em1b_rodata_B6C
.rodata	0x00000B70	0x4	em1b/em10.cpp	local	lbl_em1b_rodata_B70	lbl_em1b_rodata_B70
.rodata	0x00000B74	0x4	em1b/em10.cpp	local	lbl_em1b_rodata_B74	lbl_em1b_rodata_B74
.rodata	0x00000B78	0x4	em1b/em10.cpp	local	lbl_em1b_rodata_B78	lbl_em1b_rodata_B78
.rodata	0x00000B7C	0x4	em1b/em10.cpp	local	lbl_em1b_rodata_B7C	lbl_em1b_rodata_B7C
.rodata	0x00000B80	0x4	em1b/em10.cpp	local	lbl_em1b_rodata_B80	lbl_em1b_rodata_B80
.rodata	0x00000B84	0x4	em1b/em10.cpp	local	lbl_em1b_rodata_B84	lbl_em1b_rodata_B84
.rodata	0x00000B88	0x4	em1b/em10.cpp	local	lbl_em1b_rodata_B88	lbl_em1b_rodata_B88
.rodata	0x00000B8C	0x4	em1b/em10.cpp	local	lbl_em1b_rodata_B8C	lbl_em1b_rodata_B8C
.rodata	0x00000B90	0x4	em1b/em10.cpp	local	lbl_em1b_rodata_B90	lbl_em1b_rodata_B90
.rodata	0x00000B94	0x4	em1b/em10.cpp	local	lbl_em1b_rodata_B94	lbl_em1b_rodata_B94
.rodata	0x00000B98	0x4	em1b/em10.cpp	local	lbl_em1b_rodata_B98	lbl_em1b_rodata_B98
.rodata	0x00000B9C	0x4	em1b/em10.cpp	local	lbl_em1b_rodata_B9C	lbl_em1b_rodata_B9C
.rodata	0x00000BA0	0x4	em1b/em10.cpp	local	lbl_em1b_rodata_BA0	lbl_em1b_rodata_BA0
.rodata	0x00000BA4	0x4	em1b/em10.cpp	local	lbl_em1b_rodata_BA4	lbl_em1b_rodata_BA4
.rodata	0x00000BA8	0x4	em1b/em10.cpp	local	lbl_em1b_rodata_BA8	lbl_em1b_rodata_BA8
.rodata	0x00000BAC	0x4	em1b/em10.cpp	local	lbl_em1b_rodata_BAC	lbl_em1b_rodata_BAC
.rodata	0x00000BB0	0x4	em1b/em10.cpp	local	lbl_em1b_rodata_BB0	lbl_em1b_rodata_BB0
.rodata	0x00000BB4	0x4	em1b/em10.cpp	local	lbl_em1b_rodata_BB4	lbl_em1b_rodata_BB4
.rodata	0x00000BB8	0x4	em1b/em10.cpp	local	lbl_em1b_rodata_BB8	lbl_em1b_rodata_BB8
.rodata	0x00000BBC	0x4	em1b/em10.cpp	local	lbl_em1b_rodata_BBC	lbl_em1b_rodata_BBC
.rodata	0x00000BC0	0x4	em1b/em10.cpp	local	lbl_em1b_rodata_BC0	lbl_em1b_rodata_BC0
.rodata	0x00000BC4	0x4	em1b/em10.cpp	local	lbl_em1b_rodata_BC4	lbl_em1b_rodata_BC4
.rodata	0x00000BC8	0x4	em1b/em10.cpp	local	lbl_em1b_rodata_BC8	lbl_em1b_rodata_BC8
.rodata	0x00000BCC	0x4	em1b/em10.cpp	local	lbl_em1b_rodata_BCC	lbl_em1b_rodata_BCC
.rodata	0x00000BD0	0x4	em1b/em10.cpp	local	lbl_em1b_rodata_BD0	lbl_em1b_rodata_BD0
.rodata	0x00000BD4	0x4	em1b/em10.cpp	local	lbl_em1b_rodata_BD4	lbl_em1b_rodata_BD4
.rodata	0x00000BD8	0x4	em1b/em10.cpp	local	lbl_em1b_rodata_BD8	lbl_em1b_rodata_BD8
.rodata	0x00000BDC	0xC	em1b/em10.cpp	local	lbl_em1b_rodata_BDC	lbl_em1b_rodata_BDC
.rodata	0x00000BE8	0x4	em1b/em10.cpp	local	lbl_em1b_rodata_BE8	lbl_em1b_rodata_BE8
.rodata	0x00000BEC	0x4	em1b/em10.cpp	local	lbl_em1b_rodata_BEC	lbl_em1b_rodata_BEC
.rodata	0x00000BF0	0x4	em1b/em10.cpp	local	lbl_em1b_rodata_BF0	lbl_em1b_rodata_BF0
.rodata	0x00000BF4	0x4	em1b/em10.cpp	local	lbl_em1b_rodata_BF4	lbl_em1b_rodata_BF4
.rodata	0x00000BF8	0x4	em1b/em10.cpp	local	lbl_em1b_rodata_BF8	lbl_em1b_rodata_BF8
.rodata	0x00000BFC	0x4	em1b/em10.cpp	local	lbl_em1b_rodata_BFC	lbl_em1b_rodata_BFC
.rodata	0x00000C00	0x4	em1b/em10.cpp	local	lbl_em1b_rodata_C00	lbl_em1b_rodata_C00
.rodata	0x00000C04	0x4	em1b/em10.cpp	local	lbl_em1b_rodata_C04	lbl_em1b_rodata_C04
.rodata	0x00000C08	0x4	em1b/em10.cpp	local	lbl_em1b_rodata_C08	lbl_em1b_rodata_C08
.rodata	0x00000C0C	0x4	em1b/em10.cpp	local	lbl_em1b_rodata_C0C	lbl_em1b_rodata_C0C
.rodata	0x00000C10	0x4	em1b/em10.cpp	local	lbl_em1b_rodata_C10	lbl_em1b_rodata_C10
.rodata	0x00000C14	0x4	em1b/em10.cpp	local	lbl_em1b_rodata_C14	lbl_em1b_rodata_C14
.rodata	0x00000C18	0x4	em1b/em10.cpp	local	lbl_em1b_rodata_C18	lbl_em1b_rodata_C18
.rodata	0x00000C1C	0x4	em1b/em10.cpp	local	lbl_em1b_rodata_C1C	lbl_em1b_rodata_C1C
.rodata	0x00000C20	0x4	em1b/em10.cpp	local	lbl_em1b_rodata_C20	lbl_em1b_rodata_C20
.rodata	0x00000C24	0x4	em1b/em10.cpp	local	lbl_em1b_rodata_C24	lbl_em1b_rodata_C24
.rodata	0x00000C28	0x4	em1b/em10.cpp	local	lbl_em1b_rodata_C28	lbl_em1b_rodata_C28
.rodata	0x00000C2C	0x4	em1b/em10.cpp	local	lbl_em1b_rodata_C2C	lbl_em1b_rodata_C2C
.rodata	0x00000C30	0x4	em1b/em10.cpp	local	lbl_em1b_rodata_C30	lbl_em1b_rodata_C30
.rodata	0x00000C34	0x4	em1b/em10.cpp	local	lbl_em1b_rodata_C34	lbl_em1b_rodata_C34
.rodata	0x00000C38	0x4	em1b/em10.cpp	local	lbl_em1b_rodata_C38	lbl_em1b_rodata_C38
.rodata	0x00000C3C	0x4	em1b/em10.cpp	local	lbl_em1b_rodata_C3C	lbl_em1b_rodata_C3C
.rodata	0x00000C40	0x4	em1b/em10.cpp	local	lbl_em1b_rodata_C40	lbl_em1b_rodata_C40
.rodata	0x00000C44	0x4	em1b/em10.cpp	local	lbl_em1b_rodata_C44	lbl_em1b_rodata_C44
.rodata	0x00000C48	0x4	em1b/em10.cpp	local	lbl_em1b_rodata_C48	lbl_em1b_rodata_C48
.rodata	0x00000C4C	0x4	em1b/em10.cpp	local	lbl_em1b_rodata_C4C	lbl_em1b_rodata_C4C
.rodata	0x00000C50	0x4	em1b/em10.cpp	local	lbl_em1b_rodata_C50	lbl_em1b_rodata_C50
.rodata	0x00000C54	0x4	em1b/em10.cpp	local	lbl_em1b_rodata_C54	lbl_em1b_rodata_C54
.rodata	0x00000C58	0x4	em1b/em10.cpp	local	lbl_em1b_rodata_C58	lbl_em1b_rodata_C58
.rodata	0x00000C5C	0x4	em1b/em10.cpp	local	lbl_em1b_rodata_C5C	lbl_em1b_rodata_C5C
.rodata	0x00000C60	0x4	em1b/em10.cpp	local	lbl_em1b_rodata_C60	lbl_em1b_rodata_C60
.rodata	0x00000C64	0x4	em1b/em10.cpp	local	lbl_em1b_rodata_C64	lbl_em1b_rodata_C64
.rodata	0x00000C68	0x4	em1b/em10.cpp	local	lbl_em1b_rodata_C68	lbl_em1b_rodata_C68
.rodata	0x00000C6C	0x4	em1b/em10.cpp	local	lbl_em1b_rodata_C6C	lbl_em1b_rodata_C6C
.rodata	0x00000C70	0x4	em1b/em10.cpp	local	lbl_em1b_rodata_C70	lbl_em1b_rodata_C70
.rodata	0x00000C74	0x4	em1b/em10.cpp	local	lbl_em1b_rodata_C74	lbl_em1b_rodata_C74
.rodata	0x00000C78	0x4	em1b/em10.cpp	local	lbl_em1b_rodata_C78	lbl_em1b_rodata_C78
.rodata	0x00000C7C	0x4	em1b/em10.cpp	local	lbl_em1b_rodata_C7C	lbl_em1b_rodata_C7C
.rodata	0x00000C80	0x4	em1b/em10.cpp	local	lbl_em1b_rodata_C80	lbl_em1b_rodata_C80
.rodata	0x00000C84	0x4	em1b/em10.cpp	local	lbl_em1b_rodata_C84	lbl_em1b_rodata_C84
.rodata	0x00000C88	0x4	em1b/em10.cpp	local	lbl_em1b_rodata_C88	lbl_em1b_rodata_C88
.rodata	0x00000C8C	0x4	em1b/em10.cpp	local	lbl_em1b_rodata_C8C	lbl_em1b_rodata_C8C
.rodata	0x00000C90	0x4	em1b/em10.cpp	local	lbl_em1b_rodata_C90	lbl_em1b_rodata_C90
.rodata	0x00000C94	0x4	em1b/em10.cpp	local	lbl_em1b_rodata_C94	lbl_em1b_rodata_C94
.rodata	0x00000C98	0x4	em1b/em10.cpp	local	lbl_em1b_rodata_C98	lbl_em1b_rodata_C98
.rodata	0x00000C9C	0x4	em1b/em10.cpp	local	lbl_em1b_rodata_C9C	lbl_em1b_rodata_C9C
.rodata	0x00000CA0	0x4	em1b/em10.cpp	local	lbl_em1b_rodata_CA0	lbl_em1b_rodata_CA0
.rodata	0x00000CA4	0x4	em1b/em10.cpp	local	lbl_em1b_rodata_CA4	lbl_em1b_rodata_CA4
.rodata	0x00000CA8	0x4	em1b/em10.cpp	local	lbl_em1b_rodata_CA8	lbl_em1b_rodata_CA8
.rodata	0x00000CAC	0x4	em1b/em10.cpp	local	lbl_em1b_rodata_CAC	lbl_em1b_rodata_CAC
.rodata	0x00000CB0	0x4	em1b/em10.cpp	local	lbl_em1b_rodata_CB0	lbl_em1b_rodata_CB0
.rodata	0x00000CB4	0x4	em1b/em10.cpp	local	lbl_em1b_rodata_CB4	lbl_em1b_rodata_CB4
.rodata	0x00000CB8	0x4	em1b/em10.cpp	local	lbl_em1b_rodata_CB8	lbl_em1b_rodata_CB8
.rodata	0x00000CBC	0x4	em1b/em10.cpp	local	lbl_em1b_rodata_CBC	lbl_em1b_rodata_CBC
.rodata	0x00000CC0	0x4	em1b/em10.cpp	local	lbl_em1b_rodata_CC0	lbl_em1b_rodata_CC0
.rodata	0x00000CC4	0x4	em1b/em10.cpp	local	lbl_em1b_rodata_CC4	lbl_em1b_rodata_CC4
.rodata	0x00000CC8	0x4	em1b/em10.cpp	local	lbl_em1b_rodata_CC8	lbl_em1b_rodata_CC8
.rodata	0x00000CCC	0x4	em1b/em10.cpp	local	lbl_em1b_rodata_CCC	lbl_em1b_rodata_CCC
.rodata	0x00000CD0	0x4	em1b/em10.cpp	local	lbl_em1b_rodata_CD0	lbl_em1b_rodata_CD0
.rodata	0x00000CD4	0x4	em1b/em10.cpp	local	lbl_em1b_rodata_CD4	lbl_em1b_rodata_CD4
.rodata	0x00000CD8	0x4	em1b/em10.cpp	local	lbl_em1b_rodata_CD8	lbl_em1b_rodata_CD8
.rodata	0x00000CDC	0x4	em1b/em10.cpp	local	lbl_em1b_rodata_CDC	lbl_em1b_rodata_CDC
.rodata	0x00000CE0	0x4	em1b/em10.cpp	local	lbl_em1b_rodata_CE0	lbl_em1b_rodata_CE0
.rodata	0x00000CE4	0x4	em1b/em10.cpp	local	lbl_em1b_rodata_CE4	lbl_em1b_rodata_CE4
.rodata	0x00000CE8	0x4	em1b/em10.cpp	local	lbl_em1b_rodata_CE8	lbl_em1b_rodata_CE8
.rodata	0x00000CEC	0x4	em1b/em10.cpp	local	lbl_em1b_rodata_CEC	lbl_em1b_rodata_CEC
.rodata	0x00000CF0	0x4	em1b/em10.cpp	local	lbl_em1b_rodata_CF0	lbl_em1b_rodata_CF0
.rodata	0x00000CF4	0x4	em1b/em10.cpp	local	lbl_em1b_rodata_CF4	lbl_em1b_rodata_CF4
.rodata	0x00000CF8	0x4	em1b/em10.cpp	local	lbl_em1b_rodata_CF8	lbl_em1b_rodata_CF8
.rodata	0x00000CFC	0x4	em1b/em10.cpp	local	lbl_em1b_rodata_CFC	lbl_em1b_rodata_CFC
.rodata	0x00000D00	0x4	em1b/em10.cpp	local	lbl_em1b_rodata_D00	lbl_em1b_rodata_D00
.rodata	0x00000D04	0x4	em1b/em10.cpp	local	lbl_em1b_rodata_D04	lbl_em1b_rodata_D04
.rodata	0x00000D08	0x4	em1b/em10.cpp	local	lbl_em1b_rodata_D08	lbl_em1b_rodata_D08
.rodata	0x00000D0C	0x4	em1b/em10.cpp	local	lbl_em1b_rodata_D0C	lbl_em1b_rodata_D0C
.rodata	0x00000D10	0x4	em1b/em10.cpp	local	lbl_em1b_rodata_D10	lbl_em1b_rodata_D10
.rodata	0x00000D14	0x4	em1b/em10.cpp	local	lbl_em1b_rodata_D14	lbl_em1b_rodata_D14
.rodata	0x00000D18	0x4	em1b/em10.cpp	local	lbl_em1b_rodata_D18	lbl_em1b_rodata_D18
.rodata	0x00000D1C	0x4	em1b/em10.cpp	local	lbl_em1b_rodata_D1C	lbl_em1b_rodata_D1C
.rodata	0x00000D20	0x4	em1b/em10.cpp	local	lbl_em1b_rodata_D20	lbl_em1b_rodata_D20
.rodata	0x00000D24	0x4	em1b/em10.cpp	local	lbl_em1b_rodata_D24	lbl_em1b_rodata_D24
.rodata	0x00000D28	0x4	em1b/em10.cpp	local	lbl_em1b_rodata_D28	lbl_em1b_rodata_D28
.rodata	0x00000D2C	0x4	em1b/em10.cpp	local	lbl_em1b_rodata_D2C	lbl_em1b_rodata_D2C
.rodata	0x00000D30	0x4	em1b/em10.cpp	local	lbl_em1b_rodata_D30	lbl_em1b_rodata_D30
.rodata	0x00000D34	0x4	em1b/em10.cpp	local	lbl_em1b_rodata_D34	lbl_em1b_rodata_D34
.rodata	0x00000D38	0x4	em1b/em10.cpp	local	lbl_em1b_rodata_D38	lbl_em1b_rodata_D38
.rodata	0x00000D3C	0x4	em1b/em10.cpp	local	lbl_em1b_rodata_D3C	lbl_em1b_rodata_D3C
.rodata	0x00000D40	0x4	em1b/em10.cpp	local	lbl_em1b_rodata_D40	lbl_em1b_rodata_D40
.rodata	0x00000D44	0x4	em1b/em10.cpp	local	lbl_em1b_rodata_D44	lbl_em1b_rodata_D44
.rodata	0x00000D48	0x4	em1b/em10.cpp	local	lbl_em1b_rodata_D48	lbl_em1b_rodata_D48
.rodata	0x00000D4C	0x4	em1b/em10.cpp	local	lbl_em1b_rodata_D4C	lbl_em1b_rodata_D4C
.rodata	0x00000D50	0x4	em1b/em10.cpp	local	lbl_em1b_rodata_D50	lbl_em1b_rodata_D50
.rodata	0x00000D54	0x4	em1b/em10.cpp	local	lbl_em1b_rodata_D54	lbl_em1b_rodata_D54
.rodata	0x00000D58	0x4	em1b/em10.cpp	local	lbl_em1b_rodata_D58	lbl_em1b_rodata_D58
.rodata	0x00000D5C	0x4	em1b/em10.cpp	local	lbl_em1b_rodata_D5C	lbl_em1b_rodata_D5C
.rodata	0x00000D60	0x4	em1b/em10.cpp	local	lbl_em1b_rodata_D60	lbl_em1b_rodata_D60
.rodata	0x00000D64	0x4	em1b/em10.cpp	local	lbl_em1b_rodata_D64	lbl_em1b_rodata_D64
.rodata	0x00000D68	0x4	em1b/em10.cpp	local	lbl_em1b_rodata_D68	lbl_em1b_rodata_D68
.rodata	0x00000D6C	0x4	em1b/em10.cpp	local	lbl_em1b_rodata_D6C	lbl_em1b_rodata_D6C
.rodata	0x00000D70	0x4	em1b/em10.cpp	local	lbl_em1b_rodata_D70	lbl_em1b_rodata_D70
.rodata	0x00000D74	0x4	em1b/em10.cpp	local	lbl_em1b_rodata_D74	lbl_em1b_rodata_D74
.rodata	0x00000D78	0x4	em1b/em10.cpp	local	lbl_em1b_rodata_D78	lbl_em1b_rodata_D78
.rodata	0x00000D7C	0x4	em1b/em10.cpp	local	lbl_em1b_rodata_D7C	lbl_em1b_rodata_D7C
.rodata	0x00000D80	0x4	em1b/em10.cpp	local	lbl_em1b_rodata_D80	lbl_em1b_rodata_D80
.rodata	0x00000D84	0x4	em1b/em10.cpp	local	lbl_em1b_rodata_D84	lbl_em1b_rodata_D84
.rodata	0x00000D88	0x4	em1b/em10.cpp	local	lbl_em1b_rodata_D88	lbl_em1b_rodata_D88
.rodata	0x00000D8C	0x4	em1b/em10.cpp	local	lbl_em1b_rodata_D8C	lbl_em1b_rodata_D8C
.rodata	0x00000D90	0x4	em1b/em10.cpp	local	lbl_em1b_rodata_D90	lbl_em1b_rodata_D90
.rodata	0x00000D94	0x4	em1b/em10.cpp	local	lbl_em1b_rodata_D94	lbl_em1b_rodata_D94
.rodata	0x00000D98	0x4	em1b/em10.cpp	local	lbl_em1b_rodata_D98	lbl_em1b_rodata_D98
.rodata	0x00000D9C	0x4	em1b/em10.cpp	local	lbl_em1b_rodata_D9C	lbl_em1b_rodata_D9C
.rodata	0x00000DA0	0x4	em1b/em10.cpp	local	lbl_em1b_rodata_DA0	lbl_em1b_rodata_DA0
.rodata	0x00000DA4	0x4	em1b/em10.cpp	local	lbl_em1b_rodata_DA4	lbl_em1b_rodata_DA4
.rodata	0x00000DA8	0x4	em1b/em10.cpp	local	lbl_em1b_rodata_DA8	lbl_em1b_rodata_DA8
.rodata	0x00000DAC	0x4	em1b/em10.cpp	local	lbl_em1b_rodata_DAC	lbl_em1b_rodata_DAC
.rodata	0x00000DB0	0x4	em1b/em10.cpp	local	lbl_em1b_rodata_DB0	lbl_em1b_rodata_DB0
.rodata	0x00000DB4	0x4	em1b/em10.cpp	local	lbl_em1b_rodata_DB4	lbl_em1b_rodata_DB4
.rodata	0x00000DB8	0x4	em1b/em10.cpp	local	lbl_em1b_rodata_DB8	lbl_em1b_rodata_DB8
.rodata	0x00000DBC	0x4	em1b/em10.cpp	local	lbl_em1b_rodata_DBC	lbl_em1b_rodata_DBC
.rodata	0x00000DC0	0x4	em1b/em10.cpp	local	lbl_em1b_rodata_DC0	lbl_em1b_rodata_DC0
.rodata	0x00000DC4	0x4	em1b/em10.cpp	local	lbl_em1b_rodata_DC4	lbl_em1b_rodata_DC4
.rodata	0x00000DC8	0x4	em1b/em10.cpp	local	lbl_em1b_rodata_DC8	lbl_em1b_rodata_DC8
.rodata	0x00000DCC	0x4	em1b/em10.cpp	local	lbl_em1b_rodata_DCC	lbl_em1b_rodata_DCC
.rodata	0x00000DD0	0x4	em1b/em10.cpp	local	lbl_em1b_rodata_DD0	lbl_em1b_rodata_DD0
.rodata	0x00000DD4	0x4	em1b/em10.cpp	local	lbl_em1b_rodata_DD4	lbl_em1b_rodata_DD4
.rodata	0x00000DD8	0x4	em1b/em10.cpp	local	lbl_em1b_rodata_DD8	lbl_em1b_rodata_DD8
.rodata	0x00000DDC	0x4	em1b/em10.cpp	local	lbl_em1b_rodata_DDC	lbl_em1b_rodata_DDC
.rodata	0x00000DE0	0x4	em1b/em10.cpp	local	lbl_em1b_rodata_DE0	lbl_em1b_rodata_DE0
.rodata	0x00000DE4	0x4	em1b/em10.cpp	local	lbl_em1b_rodata_DE4	lbl_em1b_rodata_DE4
.rodata	0x00000DE8	0x4	em1b/em10.cpp	local	lbl_em1b_rodata_DE8	lbl_em1b_rodata_DE8
.rodata	0x00000DEC	0x4	em1b/em10.cpp	local	lbl_em1b_rodata_DEC	lbl_em1b_rodata_DEC
.rodata	0x00000DF0	0x4	em1b/em10.cpp	local	lbl_em1b_rodata_DF0	lbl_em1b_rodata_DF0
.rodata	0x00000DF4	0x4	em1b/em10.cpp	local	lbl_em1b_rodata_DF4	lbl_em1b_rodata_DF4
.rodata	0x00000DF8	0x4	em1b/em10.cpp	local	lbl_em1b_rodata_DF8	lbl_em1b_rodata_DF8
.rodata	0x00000DFC	0x4	em1b/em10.cpp	local	lbl_em1b_rodata_DFC	lbl_em1b_rodata_DFC
.rodata	0x00000E00	0x4	em1b/em10.cpp	local	lbl_em1b_rodata_E00	lbl_em1b_rodata_E00
.rodata	0x00000E04	0x4	em1b/em10.cpp	local	lbl_em1b_rodata_E04	lbl_em1b_rodata_E04
.rodata	0x00000E08	0x4	em1b/em10.cpp	local	lbl_em1b_rodata_E08	lbl_em1b_rodata_E08
.rodata	0x00000E0C	0x4	em1b/em10.cpp	local	lbl_em1b_rodata_E0C	lbl_em1b_rodata_E0C
.rodata	0x00000E10	0x4	em1b/em10.cpp	local	lbl_em1b_rodata_E10	lbl_em1b_rodata_E10
.rodata	0x00000E14	0x4	em1b/em10.cpp	local	lbl_em1b_rodata_E14	lbl_em1b_rodata_E14
.rodata	0x00000E18	0x4	em1b/em10.cpp	local	lbl_em1b_rodata_E18	lbl_em1b_rodata_E18
.rodata	0x00000E1C	0x4	em1b/em10.cpp	local	lbl_em1b_rodata_E1C	lbl_em1b_rodata_E1C
.rodata	0x00000E20	0x4	em1b/em10.cpp	local	lbl_em1b_rodata_E20	lbl_em1b_rodata_E20
.rodata	0x00000E24	0x4	em1b/em10.cpp	local	lbl_em1b_rodata_E24	lbl_em1b_rodata_E24
.rodata	0x00000E28	0x4	em1b/em10.cpp	local	lbl_em1b_rodata_E28	lbl_em1b_rodata_E28
.rodata	0x00000E2C	0x4	em1b/em10.cpp	local	lbl_em1b_rodata_E2C	lbl_em1b_rodata_E2C
.rodata	0x00000E30	0x4	em1b/em10.cpp	local	lbl_em1b_rodata_E30	lbl_em1b_rodata_E30
.rodata	0x00000E34	0x4	em1b/em10.cpp	local	lbl_em1b_rodata_E34	lbl_em1b_rodata_E34
.rodata	0x00000E38	0x4	em1b/em10.cpp	local	lbl_em1b_rodata_E38	lbl_em1b_rodata_E38
.rodata	0x00000E3C	0x4	em1b/em10.cpp	local	lbl_em1b_rodata_E3C	lbl_em1b_rodata_E3C
.rodata	0x00000E40	0x4	em1b/em10.cpp	local	lbl_em1b_rodata_E40	lbl_em1b_rodata_E40
.rodata	0x00000E44	0x4	em1b/em10.cpp	local	lbl_em1b_rodata_E44	lbl_em1b_rodata_E44
.rodata	0x00000E48	0x4	em1b/em10.cpp	local	lbl_em1b_rodata_E48	lbl_em1b_rodata_E48
.rodata	0x00000E4C	0x4	em1b/em10.cpp	local	lbl_em1b_rodata_E4C	lbl_em1b_rodata_E4C
.rodata	0x00000E50	0x4	em1b/em10.cpp	local	lbl_em1b_rodata_E50	lbl_em1b_rodata_E50
.rodata	0x00000E54	0x4	em1b/em10.cpp	local	lbl_em1b_rodata_E54	lbl_em1b_rodata_E54
.rodata	0x00000E58	0x4	em1b/em10.cpp	local	lbl_em1b_rodata_E58	lbl_em1b_rodata_E58
.rodata	0x00000E5C	0x4	em1b/em10.cpp	local	lbl_em1b_rodata_E5C	lbl_em1b_rodata_E5C
.rodata	0x00000E60	0x4	em1b/em10.cpp	local	lbl_em1b_rodata_E60	lbl_em1b_rodata_E60
.rodata	0x00000E64	0x4	em1b/em10.cpp	local	lbl_em1b_rodata_E64	lbl_em1b_rodata_E64
.rodata	0x00000E68	0x4	em1b/em10.cpp	local	lbl_em1b_rodata_E68	lbl_em1b_rodata_E68
.rodata	0x00000E6C	0x4	em1b/em10.cpp	local	lbl_em1b_rodata_E6C	lbl_em1b_rodata_E6C
.rodata	0x00000E70	0x4	em1b/em10.cpp	local	lbl_em1b_rodata_E70	lbl_em1b_rodata_E70
.rodata	0x00000E74	0x4	em1b/em10.cpp	local	lbl_em1b_rodata_E74	lbl_em1b_rodata_E74
.rodata	0x00000E78	0x4	em1b/em10.cpp	local	lbl_em1b_rodata_E78	lbl_em1b_rodata_E78
.rodata	0x00000E7C	0x4	em1b/em10.cpp	local	lbl_em1b_rodata_E7C	lbl_em1b_rodata_E7C
.rodata	0x00000E80	0x4	em1b/em10.cpp	local	lbl_em1b_rodata_E80	lbl_em1b_rodata_E80
.rodata	0x00000E84	0x4	em1b/em10.cpp	local	lbl_em1b_rodata_E84	lbl_em1b_rodata_E84
.rodata	0x00000E88	0x4	em1b/em10.cpp	local	lbl_em1b_rodata_E88	lbl_em1b_rodata_E88
.rodata	0x00000E8C	0x4	em1b/em10.cpp	local	lbl_em1b_rodata_E8C	lbl_em1b_rodata_E8C
.rodata	0x00000E90	0x4	em1b/em10.cpp	local	lbl_em1b_rodata_E90	lbl_em1b_rodata_E90
.rodata	0x00000E94	0x4	em1b/em10.cpp	local	lbl_em1b_rodata_E94	lbl_em1b_rodata_E94
.rodata	0x00000E98	0x4	em1b/em10.cpp	local	lbl_em1b_rodata_E98	lbl_em1b_rodata_E98
.rodata	0x00000E9C	0x4	em1b/em10.cpp	local	lbl_em1b_rodata_E9C	lbl_em1b_rodata_E9C
.rodata	0x00000EA0	0x4	em1b/em10.cpp	local	lbl_em1b_rodata_EA0	lbl_em1b_rodata_EA0
.rodata	0x00000EA4	0x4	em1b/em10.cpp	local	lbl_em1b_rodata_EA4	lbl_em1b_rodata_EA4
.rodata	0x00000EA8	0x4	em1b/em10.cpp	local	lbl_em1b_rodata_EA8	lbl_em1b_rodata_EA8
.rodata	0x00000EAC	0x4	em1b/em10.cpp	local	lbl_em1b_rodata_EAC	lbl_em1b_rodata_EAC
.rodata	0x00000EB0	0x4	em1b/em10.cpp	local	lbl_em1b_rodata_EB0	lbl_em1b_rodata_EB0
.rodata	0x00000EB4	0x4	em1b/em10.cpp	local	lbl_em1b_rodata_EB4	lbl_em1b_rodata_EB4
.rodata	0x00000EB8	0x4	em1b/em10.cpp	local	lbl_em1b_rodata_EB8	lbl_em1b_rodata_EB8
.rodata	0x00000EBC	0x4	em1b/em10.cpp	local	lbl_em1b_rodata_EBC	lbl_em1b_rodata_EBC
.rodata	0x00000EC0	0x4	em1b/em10.cpp	local	lbl_em1b_rodata_EC0	lbl_em1b_rodata_EC0
.rodata	0x00000EC4	0x4	em1b/em10.cpp	local	lbl_em1b_rodata_EC4	lbl_em1b_rodata_EC4
.rodata	0x00000EC8	0x4	em1b/em10.cpp	local	lbl_em1b_rodata_EC8	lbl_em1b_rodata_EC8
.rodata	0x00000ECC	0x4	em1b/em10.cpp	local	lbl_em1b_rodata_ECC	lbl_em1b_rodata_ECC
.rodata	0x00000ED0	0x4	em1b/em10.cpp	local	lbl_em1b_rodata_ED0	lbl_em1b_rodata_ED0
.rodata	0x00000ED4	0x4	em1b/em10.cpp	local	lbl_em1b_rodata_ED4	lbl_em1b_rodata_ED4
.rodata	0x00000ED8	0x4	em1b/em10.cpp	local	lbl_em1b_rodata_ED8	lbl_em1b_rodata_ED8
.rodata	0x00000EDC	0x4	em1b/em10.cpp	local	lbl_em1b_rodata_EDC	lbl_em1b_rodata_EDC
.rodata	0x00000EE0	0x4	em1b/em10.cpp	local	lbl_em1b_rodata_EE0	lbl_em1b_rodata_EE0
.rodata	0x00000EE4	0x4	em1b/em10.cpp	local	lbl_em1b_rodata_EE4	lbl_em1b_rodata_EE4
.rodata	0x00000EE8	0x4	em1b/em10.cpp	local	lbl_em1b_rodata_EE8	lbl_em1b_rodata_EE8
.rodata	0x00000EEC	0x4	em1b/em10.cpp	local	lbl_em1b_rodata_EEC	lbl_em1b_rodata_EEC
.rodata	0x00000EF0	0x4	em1b/em10.cpp	local	lbl_em1b_rodata_EF0	lbl_em1b_rodata_EF0
.rodata	0x00000EF4	0x4	em1b/em10.cpp	local	lbl_em1b_rodata_EF4	lbl_em1b_rodata_EF4
.rodata	0x00000EF8	0x4	em1b/em10.cpp	local	lbl_em1b_rodata_EF8	lbl_em1b_rodata_EF8
.rodata	0x00000EFC	0x4	em1b/em10.cpp	local	lbl_em1b_rodata_EFC	lbl_em1b_rodata_EFC
.rodata	0x00000F00	0x4	em1b/em10.cpp	local	lbl_em1b_rodata_F00	lbl_em1b_rodata_F00
.rodata	0x00000F04	0x4	em1b/em10.cpp	local	lbl_em1b_rodata_F04	lbl_em1b_rodata_F04
.rodata	0x00000F08	0x4	em1b/em10.cpp	local	lbl_em1b_rodata_F08	lbl_em1b_rodata_F08
.rodata	0x00000F0C	0x4	em1b/em10.cpp	local	lbl_em1b_rodata_F0C	lbl_em1b_rodata_F0C
.rodata	0x00000F10	0x4	em1b/em10.cpp	local	lbl_em1b_rodata_F10	lbl_em1b_rodata_F10
.rodata	0x00000F14	0x4	em1b/em10.cpp	local	lbl_em1b_rodata_F14	lbl_em1b_rodata_F14
.rodata	0x00000F18	0x4	em1b/em10.cpp	local	lbl_em1b_rodata_F18	lbl_em1b_rodata_F18
.rodata	0x00000F1C	0x4	em1b/em10.cpp	local	lbl_em1b_rodata_F1C	lbl_em1b_rodata_F1C
.rodata	0x00000F20	0x4	em1b/em10.cpp	local	lbl_em1b_rodata_F20	lbl_em1b_rodata_F20
.rodata	0x00000F24	0x4	em1b/em10.cpp	local	lbl_em1b_rodata_F24	lbl_em1b_rodata_F24
.rodata	0x00000F28	0x4	em1b/em10.cpp	local	lbl_em1b_rodata_F28	lbl_em1b_rodata_F28
.rodata	0x00000F2C	0x20	em1b/em10.cpp	local	lbl_em1b_rodata_F2C	lbl_em1b_rodata_F2C
.rodata	0x00000F4C	0x4	em1b/em10.cpp	local	lbl_em1b_rodata_F4C	lbl_em1b_rodata_F4C
.rodata	0x00000F50	0x4	em1b/em10.cpp	local	lbl_em1b_rodata_F50	lbl_em1b_rodata_F50
.rodata	0x00000F54	0x4	em1b/em10.cpp	local	lbl_em1b_rodata_F54	lbl_em1b_rodata_F54
.rodata	0x00000F58	0x4	em1b/em10.cpp	local	lbl_em1b_rodata_F58	lbl_em1b_rodata_F58
.rodata	0x00000F5C	0x4	em1b/em10.cpp	local	lbl_em1b_rodata_F5C	lbl_em1b_rodata_F5C
.rodata	0x00000F60	0x4	em1b/em10.cpp	local	lbl_em1b_rodata_F60	lbl_em1b_rodata_F60
.rodata	0x00000F64	0x4	em1b/em10.cpp	local	lbl_em1b_rodata_F64	lbl_em1b_rodata_F64
.rodata	0x00000F68	0x4	em1b/em10.cpp	local	lbl_em1b_rodata_F68	lbl_em1b_rodata_F68
.rodata	0x00000F6C	0x4	em1b/em10.cpp	local	lbl_em1b_rodata_F6C	lbl_em1b_rodata_F6C
.rodata	0x00000F70	0x4	em1b/em10.cpp	local	lbl_em1b_rodata_F70	lbl_em1b_rodata_F70
.rodata	0x00000F74	0x4	em1b/em10.cpp	local	lbl_em1b_rodata_F74	lbl_em1b_rodata_F74
.rodata	0x00000F78	0x4	em1b/em10.cpp	local	lbl_em1b_rodata_F78	lbl_em1b_rodata_F78
.rodata	0x00000F7C	0x4	em1b/em10.cpp	local	lbl_em1b_rodata_F7C	lbl_em1b_rodata_F7C
.rodata	0x00000F80	0x4	em1b/em10.cpp	local	lbl_em1b_rodata_F80	lbl_em1b_rodata_F80
.rodata	0x00000F84	0x4	em1b/em10.cpp	local	lbl_em1b_rodata_F84	lbl_em1b_rodata_F84
.rodata	0x00000F88	0x4	em1b/em10.cpp	local	lbl_em1b_rodata_F88	lbl_em1b_rodata_F88
.rodata	0x00000F8C	0x4	em1b/em10.cpp	local	lbl_em1b_rodata_F8C	lbl_em1b_rodata_F8C
.rodata	0x00000F90	0x4	em1b/em10.cpp	local	lbl_em1b_rodata_F90	lbl_em1b_rodata_F90
.rodata	0x00000F94	0x4	em1b/em10.cpp	local	lbl_em1b_rodata_F94	lbl_em1b_rodata_F94
.rodata	0x00000F98	0x4	em1b/em10.cpp	local	lbl_em1b_rodata_F98	lbl_em1b_rodata_F98
.rodata	0x00000F9C	0x4	em1b/em10.cpp	local	lbl_em1b_rodata_F9C	lbl_em1b_rodata_F9C
.rodata	0x00000FA0	0x4	em1b/em10.cpp	local	lbl_em1b_rodata_FA0	lbl_em1b_rodata_FA0
.rodata	0x00000FA4	0x4	em1b/em10.cpp	local	lbl_em1b_rodata_FA4	lbl_em1b_rodata_FA4
.rodata	0x00000FA8	0x4	em1b/em10.cpp	local	lbl_em1b_rodata_FA8	lbl_em1b_rodata_FA8
.rodata	0x00000FAC	0x4	em1b/em10.cpp	local	lbl_em1b_rodata_FAC	lbl_em1b_rodata_FAC
.rodata	0x00000FB0	0x4	em1b/em10.cpp	local	lbl_em1b_rodata_FB0	lbl_em1b_rodata_FB0
.rodata	0x00000FB4	0x4	em1b/em10.cpp	local	lbl_em1b_rodata_FB4	lbl_em1b_rodata_FB4
.rodata	0x00000FB8	0x4	em1b/em10.cpp	local	lbl_em1b_rodata_FB8	lbl_em1b_rodata_FB8
.rodata	0x00000FBC	0x4	em1b/em10.cpp	local	lbl_em1b_rodata_FBC	lbl_em1b_rodata_FBC
.rodata	0x00000FC0	0x4	em1b/em10.cpp	local	lbl_em1b_rodata_FC0	lbl_em1b_rodata_FC0
.rodata	0x00000FC4	0x4	em1b/em10.cpp	local	lbl_em1b_rodata_FC4	lbl_em1b_rodata_FC4
.rodata	0x00000FC8	0x4	em1b/em10.cpp	local	lbl_em1b_rodata_FC8	lbl_em1b_rodata_FC8
.rodata	0x00000FCC	0x4	em1b/em10.cpp	local	lbl_em1b_rodata_FCC	lbl_em1b_rodata_FCC
.rodata	0x00000FD0	0x4	em1b/em10.cpp	local	lbl_em1b_rodata_FD0	lbl_em1b_rodata_FD0
.rodata	0x00000FD4	0x4	em1b/em10.cpp	local	lbl_em1b_rodata_FD4	lbl_em1b_rodata_FD4
.rodata	0x00000FD8	0x4	em1b/em10.cpp	local	lbl_em1b_rodata_FD8	lbl_em1b_rodata_FD8
.rodata	0x00000FDC	0x4	em1b/em10.cpp	local	lbl_em1b_rodata_FDC	lbl_em1b_rodata_FDC
.rodata	0x00000FE0	0x4	em1b/em10.cpp	local	lbl_em1b_rodata_FE0	lbl_em1b_rodata_FE0
.rodata	0x00000FE4	0x4	em1b/em10.cpp	local	lbl_em1b_rodata_FE4	lbl_em1b_rodata_FE4
.rodata	0x00000FE8	0x4	em1b/em10.cpp	local	lbl_em1b_rodata_FE8	lbl_em1b_rodata_FE8
.rodata	0x00000FEC	0x4	em1b/em10.cpp	local	lbl_em1b_rodata_FEC	lbl_em1b_rodata_FEC
.rodata	0x00000FF0	0x4	em1b/em10.cpp	local	lbl_em1b_rodata_FF0	lbl_em1b_rodata_FF0
.rodata	0x00000FF4	0x4	em1b/em10.cpp	local	lbl_em1b_rodata_FF4	lbl_em1b_rodata_FF4
.rodata	0x00000FF8	0x4	em1b/em10.cpp	local	lbl_em1b_rodata_FF8	lbl_em1b_rodata_FF8
.rodata	0x00000FFC	0x4	em1b/em10.cpp	local	lbl_em1b_rodata_FFC	lbl_em1b_rodata_FFC
.rodata	0x00001000	0x4	em1b/em10.cpp	local	lbl_em1b_rodata_1000	lbl_em1b_rodata_1000
.rodata	0x00001004	0x4	em1b/em10.cpp	local	lbl_em1b_rodata_1004	lbl_em1b_rodata_1004
.rodata	0x00001008	0x4	em1b/em10.cpp	local	lbl_em1b_rodata_1008	lbl_em1b_rodata_1008
.rodata	0x0000100C	0x4	em1b/em10.cpp	local	lbl_em1b_rodata_100C	lbl_em1b_rodata_100C
.rodata	0x00001010	0x4	em1b/em10.cpp	local	lbl_em1b_rodata_1010	lbl_em1b_rodata_1010
.rodata	0x00001014	0x4	em1b/em10.cpp	local	lbl_em1b_rodata_1014	lbl_em1b_rodata_1014
.rodata	0x00001018	0x4	em1b/em10.cpp	local	lbl_em1b_rodata_1018	lbl_em1b_rodata_1018
.rodata	0x0000101C	0x4	em1b/em10.cpp	local	lbl_em1b_rodata_101C	lbl_em1b_rodata_101C
.rodata	0x00001020	0x4	em1b/em10.cpp	local	lbl_em1b_rodata_1020	lbl_em1b_rodata_1020
.rodata	0x00001024	0x4	em1b/em10.cpp	local	lbl_em1b_rodata_1024	lbl_em1b_rodata_1024
.rodata	0x00001028	0x4	em1b/em10.cpp	local	lbl_em1b_rodata_1028	lbl_em1b_rodata_1028
.rodata	0x0000102C	0x4	em1b/em10.cpp	local	lbl_em1b_rodata_102C	lbl_em1b_rodata_102C
.rodata	0x00001030	0x4	em1b/em10.cpp	local	lbl_em1b_rodata_1030	lbl_em1b_rodata_1030
.rodata	0x00001034	0x4	em1b/em10.cpp	local	lbl_em1b_rodata_1034	lbl_em1b_rodata_1034
.rodata	0x00001038	0x4	em1b/em10.cpp	local	lbl_em1b_rodata_1038	lbl_em1b_rodata_1038
.rodata	0x0000103C	0x4	em1b/em10.cpp	local	lbl_em1b_rodata_103C	lbl_em1b_rodata_103C
.rodata	0x00001040	0x4	em1b/em10.cpp	local	lbl_em1b_rodata_1040	lbl_em1b_rodata_1040
.rodata	0x00001044	0x4	em1b/em10.cpp	local	lbl_em1b_rodata_1044	lbl_em1b_rodata_1044
.rodata	0x00001048	0x4	em1b/em10.cpp	local	lbl_em1b_rodata_1048	lbl_em1b_rodata_1048
.rodata	0x0000104C	0x4	em1b/em10.cpp	local	lbl_em1b_rodata_104C	lbl_em1b_rodata_104C
.rodata	0x00001050	0x4	em1b/em10.cpp	local	lbl_em1b_rodata_1050	lbl_em1b_rodata_1050
.rodata	0x00001054	0x4	em1b/em10.cpp	local	lbl_em1b_rodata_1054	lbl_em1b_rodata_1054
.rodata	0x00001058	0x4	em1b/em10.cpp	local	lbl_em1b_rodata_1058	lbl_em1b_rodata_1058
.rodata	0x0000105C	0x4	em1b/em10.cpp	local	lbl_em1b_rodata_105C	lbl_em1b_rodata_105C
.rodata	0x00001060	0x4	em1b/em10.cpp	local	lbl_em1b_rodata_1060	lbl_em1b_rodata_1060
.rodata	0x00001064	0x4	em1b/em10.cpp	local	lbl_em1b_rodata_1064	lbl_em1b_rodata_1064
.rodata	0x00001068	0x4	em1b/em10.cpp	local	lbl_em1b_rodata_1068	lbl_em1b_rodata_1068
.rodata	0x0000106C	0x4	em1b/em10.cpp	local	lbl_em1b_rodata_106C	lbl_em1b_rodata_106C
.rodata	0x00001070	0x4	em1b/em10.cpp	local	lbl_em1b_rodata_1070	lbl_em1b_rodata_1070
.rodata	0x00001074	0x4	em1b/em10.cpp	local	lbl_em1b_rodata_1074	lbl_em1b_rodata_1074
.rodata	0x00001078	0x4	em1b/em10.cpp	local	lbl_em1b_rodata_1078	lbl_em1b_rodata_1078
.rodata	0x0000107C	0x4	em1b/em10.cpp	local	lbl_em1b_rodata_107C	lbl_em1b_rodata_107C
.rodata	0x00001080	0x4	em1b/em10.cpp	local	lbl_em1b_rodata_1080	lbl_em1b_rodata_1080
.rodata	0x00001084	0x4	em1b/em10.cpp	local	lbl_em1b_rodata_1084	lbl_em1b_rodata_1084
.rodata	0x00001088	0x4	em1b/em10.cpp	local	lbl_em1b_rodata_1088	lbl_em1b_rodata_1088
.rodata	0x0000108C	0x4	em1b/em10.cpp	local	lbl_em1b_rodata_108C	lbl_em1b_rodata_108C
.rodata	0x00001090	0x4	em1b/em10.cpp	local	lbl_em1b_rodata_1090	lbl_em1b_rodata_1090
.rodata	0x00001094	0x4	em1b/em10.cpp	local	lbl_em1b_rodata_1094	lbl_em1b_rodata_1094
.rodata	0x00001098	0x4	em1b/em10.cpp	local	lbl_em1b_rodata_1098	lbl_em1b_rodata_1098
.rodata	0x0000109C	0x4	em1b/em10.cpp	local	lbl_em1b_rodata_109C	lbl_em1b_rodata_109C
.rodata	0x000010A0	0x4	em1b/em10.cpp	local	lbl_em1b_rodata_10A0	lbl_em1b_rodata_10A0
.rodata	0x000010A4	0x4	em1b/em10.cpp	local	lbl_em1b_rodata_10A4	lbl_em1b_rodata_10A4
.rodata	0x000010A8	0x4	em1b/em10.cpp	local	lbl_em1b_rodata_10A8	lbl_em1b_rodata_10A8
.rodata	0x000010AC	0x4	em1b/em10.cpp	local	lbl_em1b_rodata_10AC	lbl_em1b_rodata_10AC
.rodata	0x000010B0	0x4	em1b/em10.cpp	local	lbl_em1b_rodata_10B0	lbl_em1b_rodata_10B0
.rodata	0x000010B4	0x4	em1b/em10.cpp	local	lbl_em1b_rodata_10B4	lbl_em1b_rodata_10B4
.rodata	0x000010B8	0x4	em1b/em10.cpp	local	lbl_em1b_rodata_10B8	lbl_em1b_rodata_10B8
.rodata	0x000010BC	0x4	em1b/em10.cpp	local	lbl_em1b_rodata_10BC	lbl_em1b_rodata_10BC
.rodata	0x000010C0	0x4	em1b/em10.cpp	local	lbl_em1b_rodata_10C0	lbl_em1b_rodata_10C0
.rodata	0x000010C4	0x4	em1b/em10.cpp	local	lbl_em1b_rodata_10C4	lbl_em1b_rodata_10C4
.rodata	0x000010C8	0x4	em1b/em10.cpp	local	lbl_em1b_rodata_10C8	lbl_em1b_rodata_10C8
.rodata	0x000010CC	0x4	em1b/em10.cpp	local	lbl_em1b_rodata_10CC	lbl_em1b_rodata_10CC
.rodata	0x000010D0	0x4	em1b/em10.cpp	local	lbl_em1b_rodata_10D0	lbl_em1b_rodata_10D0
.rodata	0x000010D4	0x4	em1b/em10.cpp	local	lbl_em1b_rodata_10D4	lbl_em1b_rodata_10D4
.rodata	0x000010D8	0x4	em1b/em10.cpp	local	lbl_em1b_rodata_10D8	lbl_em1b_rodata_10D8
.rodata	0x000010DC	0x4	em1b/em10.cpp	local	lbl_em1b_rodata_10DC	lbl_em1b_rodata_10DC
.rodata	0x000010E0	0x4	em1b/em10.cpp	local	lbl_em1b_rodata_10E0	lbl_em1b_rodata_10E0
.rodata	0x000010E4	0x4	em1b/em10.cpp	local	lbl_em1b_rodata_10E4	lbl_em1b_rodata_10E4
.rodata	0x000010E8	0x4	em1b/em10.cpp	local	lbl_em1b_rodata_10E8	lbl_em1b_rodata_10E8
.rodata	0x000010EC	0x4	em1b/em10.cpp	local	lbl_em1b_rodata_10EC	lbl_em1b_rodata_10EC
.rodata	0x000010F0	0x4	em1b/em10.cpp	local	lbl_em1b_rodata_10F0	lbl_em1b_rodata_10F0
.rodata	0x000010F4	0x4	em1b/em10.cpp	local	lbl_em1b_rodata_10F4	lbl_em1b_rodata_10F4
.rodata	0x000010F8	0x4	em1b/em10.cpp	local	lbl_em1b_rodata_10F8	lbl_em1b_rodata_10F8
.rodata	0x000010FC	0x4	em1b/em10.cpp	local	lbl_em1b_rodata_10FC	lbl_em1b_rodata_10FC
.rodata	0x00001100	0x4	em1b/em10.cpp	local	lbl_em1b_rodata_1100	lbl_em1b_rodata_1100
.rodata	0x00001104	0x4	em1b/em10.cpp	local	lbl_em1b_rodata_1104	lbl_em1b_rodata_1104
.rodata	0x00001108	0x4	em1b/em10.cpp	local	lbl_em1b_rodata_1108	lbl_em1b_rodata_1108
.rodata	0x0000110C	0x4	em1b/em10.cpp	local	lbl_em1b_rodata_110C	lbl_em1b_rodata_110C
.rodata	0x00001110	0x4	em1b/em10.cpp	local	lbl_em1b_rodata_1110	lbl_em1b_rodata_1110
.rodata	0x00001114	0x4	em1b/em10.cpp	local	lbl_em1b_rodata_1114	lbl_em1b_rodata_1114
.rodata	0x00001118	0x4	em1b/em10.cpp	local	lbl_em1b_rodata_1118	lbl_em1b_rodata_1118
.rodata	0x0000111C	0x4	em1b/em10.cpp	local	lbl_em1b_rodata_111C	lbl_em1b_rodata_111C
.rodata	0x00001120	0x4	em1b/em10.cpp	local	lbl_em1b_rodata_1120	lbl_em1b_rodata_1120
.rodata	0x00001124	0x4	em1b/em10.cpp	local	lbl_em1b_rodata_1124	lbl_em1b_rodata_1124
.rodata	0x00001128	0x4	em1b/em10.cpp	local	lbl_em1b_rodata_1128	lbl_em1b_rodata_1128
.rodata	0x0000112C	0x4	em1b/em10.cpp	local	lbl_em1b_rodata_112C	lbl_em1b_rodata_112C
.rodata	0x00001130	0x4	em1b/em10.cpp	local	lbl_em1b_rodata_1130	lbl_em1b_rodata_1130
.rodata	0x00001134	0x4	em1b/em10.cpp	local	lbl_em1b_rodata_1134	lbl_em1b_rodata_1134
.rodata	0x00001138	0x4	em1b/em10.cpp	local	lbl_em1b_rodata_1138	lbl_em1b_rodata_1138
.rodata	0x0000113C	0x4	em1b/em10.cpp	local	lbl_em1b_rodata_113C	lbl_em1b_rodata_113C
.rodata	0x00001140	0x4	em1b/em10.cpp	local	lbl_em1b_rodata_1140	lbl_em1b_rodata_1140
.rodata	0x00001144	0x4	em1b/em10.cpp	local	lbl_em1b_rodata_1144	lbl_em1b_rodata_1144
.rodata	0x00001148	0x4	em1b/em10.cpp	local	lbl_em1b_rodata_1148	lbl_em1b_rodata_1148
.rodata	0x0000114C	0x4	em1b/em10.cpp	local	lbl_em1b_rodata_114C	lbl_em1b_rodata_114C
.rodata	0x00001150	0x4	em1b/em10.cpp	local	lbl_em1b_rodata_1150	lbl_em1b_rodata_1150
.rodata	0x00001154	0x4	em1b/em10.cpp	local	lbl_em1b_rodata_1154	lbl_em1b_rodata_1154
.rodata	0x00001158	0x4	em1b/em10.cpp	local	lbl_em1b_rodata_1158	lbl_em1b_rodata_1158
.rodata	0x0000115C	0x4	em1b/em10.cpp	local	lbl_em1b_rodata_115C	lbl_em1b_rodata_115C
.rodata	0x00001160	0x4	em1b/em10.cpp	local	lbl_em1b_rodata_1160	lbl_em1b_rodata_1160
.rodata	0x00001164	0x4	em1b/em10.cpp	local	lbl_em1b_rodata_1164	lbl_em1b_rodata_1164
.rodata	0x00001168	0x4	em1b/em10.cpp	local	lbl_em1b_rodata_1168	lbl_em1b_rodata_1168
.rodata	0x0000116C	0x4	em1b/em10.cpp	local	lbl_em1b_rodata_116C	lbl_em1b_rodata_116C
.rodata	0x00001170	0x4	em1b/em10.cpp	local	lbl_em1b_rodata_1170	lbl_em1b_rodata_1170
.rodata	0x00001174	0x4	em1b/em10.cpp	local	lbl_em1b_rodata_1174	lbl_em1b_rodata_1174
.rodata	0x00001178	0x4	em1b/em10.cpp	local	lbl_em1b_rodata_1178	lbl_em1b_rodata_1178
.rodata	0x0000117C	0x4	em1b/em10.cpp	local	lbl_em1b_rodata_117C	lbl_em1b_rodata_117C
.rodata	0x00001180	0x4	em1b/em10.cpp	local	lbl_em1b_rodata_1180	lbl_em1b_rodata_1180
.rodata	0x00001184	0x4	em1b/em10.cpp	local	lbl_em1b_rodata_1184	lbl_em1b_rodata_1184
.rodata	0x00001188	0x4	em1b/em10.cpp	local	lbl_em1b_rodata_1188	lbl_em1b_rodata_1188
.rodata	0x0000118C	0x4	em1b/em10.cpp	local	lbl_em1b_rodata_118C	lbl_em1b_rodata_118C
.rodata	0x00001190	0x4	em1b/em10.cpp	local	lbl_em1b_rodata_1190	lbl_em1b_rodata_1190
.rodata	0x00001194	0x4	em1b/em10.cpp	local	lbl_em1b_rodata_1194	lbl_em1b_rodata_1194
.rodata	0x00001198	0x4	em1b/em10.cpp	local	lbl_em1b_rodata_1198	lbl_em1b_rodata_1198
.rodata	0x0000119C	0x4	em1b/em10.cpp	local	lbl_em1b_rodata_119C	lbl_em1b_rodata_119C
.rodata	0x000011A0	0x4	em1b/em10.cpp	local	lbl_em1b_rodata_11A0	lbl_em1b_rodata_11A0
.rodata	0x000011A4	0x4	em1b/em10.cpp	local	lbl_em1b_rodata_11A4	lbl_em1b_rodata_11A4
.rodata	0x000011A8	0x4	em1b/em10.cpp	local	lbl_em1b_rodata_11A8	lbl_em1b_rodata_11A8
.rodata	0x000011AC	0x4	em1b/em10.cpp	local	lbl_em1b_rodata_11AC	lbl_em1b_rodata_11AC
.rodata	0x000011B0	0x4	em1b/em10.cpp	local	lbl_em1b_rodata_11B0	lbl_em1b_rodata_11B0
.rodata	0x000011B4	0x4	em1b/em10.cpp	local	lbl_em1b_rodata_11B4	lbl_em1b_rodata_11B4
.rodata	0x000011B8	0x4	em1b/em10.cpp	local	lbl_em1b_rodata_11B8	lbl_em1b_rodata_11B8
.rodata	0x000011BC	0x4	em1b/em10.cpp	local	lbl_em1b_rodata_11BC	lbl_em1b_rodata_11BC
.rodata	0x000011C0	0x4	em1b/em10.cpp	local	lbl_em1b_rodata_11C0	lbl_em1b_rodata_11C0
.rodata	0x000011C4	0x4	em1b/em10.cpp	local	lbl_em1b_rodata_11C4	lbl_em1b_rodata_11C4
.rodata	0x000011C8	0x4	em1b/em10.cpp	local	lbl_em1b_rodata_11C8	lbl_em1b_rodata_11C8
.rodata	0x000011CC	0x4	em1b/em10.cpp	local	lbl_em1b_rodata_11CC	lbl_em1b_rodata_11CC
.rodata	0x000011D0	0x4	em1b/em10.cpp	local	lbl_em1b_rodata_11D0	lbl_em1b_rodata_11D0
.rodata	0x000011D4	0x4	em1b/em10.cpp	local	lbl_em1b_rodata_11D4	lbl_em1b_rodata_11D4
.rodata	0x000011D8	0x4	em1b/em10.cpp	local	lbl_em1b_rodata_11D8	lbl_em1b_rodata_11D8
.rodata	0x000011DC	0x4	em1b/em10.cpp	local	lbl_em1b_rodata_11DC	lbl_em1b_rodata_11DC
.rodata	0x000011E0	0x4	em1b/em10.cpp	local	lbl_em1b_rodata_11E0	lbl_em1b_rodata_11E0
.rodata	0x000011E4	0x4	em1b/em10.cpp	local	lbl_em1b_rodata_11E4	lbl_em1b_rodata_11E4
.rodata	0x000011E8	0x4	em1b/em10.cpp	local	lbl_em1b_rodata_11E8	lbl_em1b_rodata_11E8
.rodata	0x000011EC	0x4	em1b/em10.cpp	local	lbl_em1b_rodata_11EC	lbl_em1b_rodata_11EC
.rodata	0x000011F0	0x4	em1b/em10.cpp	local	lbl_em1b_rodata_11F0	lbl_em1b_rodata_11F0
.rodata	0x000011F4	0x4	em1b/em10.cpp	local	lbl_em1b_rodata_11F4	lbl_em1b_rodata_11F4
.rodata	0x000011F8	0x4	em1b/em10.cpp	local	lbl_em1b_rodata_11F8	lbl_em1b_rodata_11F8
.rodata	0x000011FC	0x4	em1b/em10.cpp	local	lbl_em1b_rodata_11FC	lbl_em1b_rodata_11FC
.rodata	0x00001200	0x4	em1b/em10.cpp	local	lbl_em1b_rodata_1200	lbl_em1b_rodata_1200
.rodata	0x00001204	0x4	em1b/em10.cpp	local	lbl_em1b_rodata_1204	lbl_em1b_rodata_1204
.rodata	0x00001208	0x4	em1b/em10.cpp	local	lbl_em1b_rodata_1208	lbl_em1b_rodata_1208
.rodata	0x0000120C	0x4	em1b/em10.cpp	local	lbl_em1b_rodata_120C	lbl_em1b_rodata_120C
.rodata	0x00001210	0x4	em1b/em10.cpp	local	lbl_em1b_rodata_1210	lbl_em1b_rodata_1210
.rodata	0x00001214	0x4	em1b/em10.cpp	local	lbl_em1b_rodata_1214	lbl_em1b_rodata_1214
.rodata	0x00001218	0x4	em1b/em10.cpp	local	lbl_em1b_rodata_1218	lbl_em1b_rodata_1218
.rodata	0x0000121C	0x4	em1b/em10.cpp	local	lbl_em1b_rodata_121C	lbl_em1b_rodata_121C
.rodata	0x00001220	0x4	em1b/em10.cpp	local	lbl_em1b_rodata_1220	lbl_em1b_rodata_1220
.rodata	0x00001224	0x4	em1b/em10.cpp	local	lbl_em1b_rodata_1224	lbl_em1b_rodata_1224
.rodata	0x00001228	0x4	em1b/em10.cpp	local	lbl_em1b_rodata_1228	lbl_em1b_rodata_1228
.rodata	0x0000122C	0x4	em1b/em10.cpp	local	lbl_em1b_rodata_122C	lbl_em1b_rodata_122C
.rodata	0x00001230	0x4	em1b/em10.cpp	local	lbl_em1b_rodata_1230	lbl_em1b_rodata_1230
.rodata	0x00001234	0x4	em1b/em10.cpp	local	lbl_em1b_rodata_1234	lbl_em1b_rodata_1234
.rodata	0x00001238	0x4	em1b/em10.cpp	local	lbl_em1b_rodata_1238	lbl_em1b_rodata_1238
.rodata	0x0000123C	0x4	em1b/em10.cpp	local	lbl_em1b_rodata_123C	lbl_em1b_rodata_123C
.rodata	0x00001240	0x4	em1b/em10.cpp	local	lbl_em1b_rodata_1240	lbl_em1b_rodata_1240
.rodata	0x00001244	0x4	em1b/em10.cpp	local	lbl_em1b_rodata_1244	lbl_em1b_rodata_1244
.rodata	0x00001248	0x4	em1b/em10.cpp	local	lbl_em1b_rodata_1248	lbl_em1b_rodata_1248
.rodata	0x0000124C	0x4	em1b/em10.cpp	local	lbl_em1b_rodata_124C	lbl_em1b_rodata_124C
.rodata	0x00001250	0x4	em1b/em10.cpp	local	lbl_em1b_rodata_1250	lbl_em1b_rodata_1250
.rodata	0x00001254	0x4	em1b/em10.cpp	local	lbl_em1b_rodata_1254	lbl_em1b_rodata_1254
.rodata	0x00001258	0x4	em1b/em10.cpp	local	lbl_em1b_rodata_1258	lbl_em1b_rodata_1258
.rodata	0x0000125C	0x4	em1b/em10.cpp	local	lbl_em1b_rodata_125C	lbl_em1b_rodata_125C
.rodata	0x00001260	0x4	em1b/em10.cpp	local	lbl_em1b_rodata_1260	lbl_em1b_rodata_1260
.rodata	0x00001264	0x4	em1b/em10.cpp	local	lbl_em1b_rodata_1264	lbl_em1b_rodata_1264
.rodata	0x00001268	0x4	em1b/em10.cpp	local	lbl_em1b_rodata_1268	lbl_em1b_rodata_1268
.rodata	0x0000126C	0x4	em1b/em10.cpp	local	lbl_em1b_rodata_126C	lbl_em1b_rodata_126C
.rodata	0x00001270	0x4	em1b/em10.cpp	local	lbl_em1b_rodata_1270	lbl_em1b_rodata_1270
.rodata	0x00001274	0x4	em1b/em10.cpp	local	lbl_em1b_rodata_1274	lbl_em1b_rodata_1274
.rodata	0x00001278	0x4	em1b/em10.cpp	local	lbl_em1b_rodata_1278	lbl_em1b_rodata_1278
.rodata	0x0000127C	0x4	em1b/em10.cpp	local	lbl_em1b_rodata_127C	lbl_em1b_rodata_127C
.rodata	0x00001280	0x4	em1b/em10.cpp	local	lbl_em1b_rodata_1280	lbl_em1b_rodata_1280
.rodata	0x00001284	0x4	em1b/em10.cpp	local	lbl_em1b_rodata_1284	lbl_em1b_rodata_1284
.rodata	0x00001288	0x4	em1b/em10.cpp	local	lbl_em1b_rodata_1288	lbl_em1b_rodata_1288
.rodata	0x0000128C	0x4	em1b/em10.cpp	local	lbl_em1b_rodata_128C	lbl_em1b_rodata_128C
.rodata	0x00001290	0x4	em1b/em10.cpp	local	lbl_em1b_rodata_1290	lbl_em1b_rodata_1290
.rodata	0x00001294	0x4	em1b/em10.cpp	local	lbl_em1b_rodata_1294	lbl_em1b_rodata_1294
.rodata	0x00001298	0x4	em1b/em10.cpp	local	lbl_em1b_rodata_1298	lbl_em1b_rodata_1298
.rodata	0x0000129C	0x4	em1b/em10.cpp	local	lbl_em1b_rodata_129C	lbl_em1b_rodata_129C
.rodata	0x000012A0	0x4	em1b/em10.cpp	local	lbl_em1b_rodata_12A0	lbl_em1b_rodata_12A0
.rodata	0x000012A4	0x4	em1b/em10.cpp	local	lbl_em1b_rodata_12A4	lbl_em1b_rodata_12A4
.rodata	0x000012A8	0x4	em1b/em10.cpp	local	lbl_em1b_rodata_12A8	lbl_em1b_rodata_12A8
.rodata	0x000012AC	0x4	em1b/em10.cpp	local	lbl_em1b_rodata_12AC	lbl_em1b_rodata_12AC
.rodata	0x000012B0	0x4	em1b/em10.cpp	local	lbl_em1b_rodata_12B0	lbl_em1b_rodata_12B0
.rodata	0x000012B4	0x4	em1b/em10.cpp	local	lbl_em1b_rodata_12B4	lbl_em1b_rodata_12B4
.rodata	0x000012B8	0x4	em1b/em10.cpp	local	lbl_em1b_rodata_12B8	lbl_em1b_rodata_12B8
.rodata	0x000012BC	0x4	em1b/em10.cpp	local	lbl_em1b_rodata_12BC	lbl_em1b_rodata_12BC
.rodata	0x000012C0	0x4	em1b/em10.cpp	local	lbl_em1b_rodata_12C0	lbl_em1b_rodata_12C0
.rodata	0x000012C4	0x4	em1b/em10.cpp	local	lbl_em1b_rodata_12C4	lbl_em1b_rodata_12C4
.rodata	0x000012C8	0x4	em1b/em10.cpp	local	lbl_em1b_rodata_12C8	lbl_em1b_rodata_12C8
.rodata	0x000012CC	0x4	em1b/em10.cpp	local	lbl_em1b_rodata_12CC	lbl_em1b_rodata_12CC
.rodata	0x000012D0	0x4	em1b/em10.cpp	local	lbl_em1b_rodata_12D0	lbl_em1b_rodata_12D0
.rodata	0x000012D4	0x4	em1b/em10.cpp	local	lbl_em1b_rodata_12D4	lbl_em1b_rodata_12D4
.rodata	0x000012D8	0x4	em1b/em10.cpp	local	lbl_em1b_rodata_12D8	lbl_em1b_rodata_12D8
.rodata	0x000012DC	0x4	em1b/em10.cpp	local	lbl_em1b_rodata_12DC	lbl_em1b_rodata_12DC
.rodata	0x000012E0	0x4	em1b/em10.cpp	local	lbl_em1b_rodata_12E0	lbl_em1b_rodata_12E0
.rodata	0x000012E4	0x4	em1b/em10.cpp	local	lbl_em1b_rodata_12E4	lbl_em1b_rodata_12E4
.rodata	0x000012E8	0x4	em1b/em10.cpp	local	lbl_em1b_rodata_12E8	lbl_em1b_rodata_12E8
.rodata	0x000012EC	0x4	em1b/em10.cpp	local	lbl_em1b_rodata_12EC	lbl_em1b_rodata_12EC
.rodata	0x000012F0	0x4	em1b/em10.cpp	local	lbl_em1b_rodata_12F0	lbl_em1b_rodata_12F0
.rodata	0x000012F4	0x4	em1b/em10.cpp	local	lbl_em1b_rodata_12F4	lbl_em1b_rodata_12F4
.rodata	0x000012F8	0x4	em1b/em10.cpp	local	lbl_em1b_rodata_12F8	lbl_em1b_rodata_12F8
.rodata	0x000012FC	0x4	em1b/em10.cpp	local	lbl_em1b_rodata_12FC	lbl_em1b_rodata_12FC
.rodata	0x00001300	0x4	em1b/em10.cpp	local	lbl_em1b_rodata_1300	lbl_em1b_rodata_1300
.rodata	0x00001304	0x4	em1b/em10.cpp	local	lbl_em1b_rodata_1304	lbl_em1b_rodata_1304
.rodata	0x00001308	0x4	em1b/em10.cpp	local	lbl_em1b_rodata_1308	lbl_em1b_rodata_1308
.rodata	0x0000130C	0x4	em1b/em10.cpp	local	lbl_em1b_rodata_130C	lbl_em1b_rodata_130C
.rodata	0x00001310	0x4	em1b/em10.cpp	local	lbl_em1b_rodata_1310	lbl_em1b_rodata_1310
.rodata	0x00001314	0x4	em1b/em10.cpp	local	lbl_em1b_rodata_1314	lbl_em1b_rodata_1314
.rodata	0x00001318	0x4	em1b/em10.cpp	local	lbl_em1b_rodata_1318	lbl_em1b_rodata_1318
.rodata	0x0000131C	0x4	em1b/em10.cpp	local	lbl_em1b_rodata_131C	lbl_em1b_rodata_131C
.rodata	0x00001320	0x4	em1b/em10.cpp	local	lbl_em1b_rodata_1320	lbl_em1b_rodata_1320
.rodata	0x00001324	0x4	em1b/em10.cpp	local	lbl_em1b_rodata_1324	lbl_em1b_rodata_1324
.rodata	0x00001328	0x4	em1b/em10.cpp	local	lbl_em1b_rodata_1328	lbl_em1b_rodata_1328
.rodata	0x0000132C	0x4	em1b/em10.cpp	local	lbl_em1b_rodata_132C	lbl_em1b_rodata_132C
.rodata	0x00001330	0x4	em1b/em10.cpp	local	lbl_em1b_rodata_1330	lbl_em1b_rodata_1330
.rodata	0x00001334	0x4	em1b/em10.cpp	local	lbl_em1b_rodata_1334	lbl_em1b_rodata_1334
.rodata	0x00001338	0x4	em1b/em10.cpp	local	lbl_em1b_rodata_1338	lbl_em1b_rodata_1338
.rodata	0x0000133C	0x4	em1b/em10.cpp	local	lbl_em1b_rodata_133C	lbl_em1b_rodata_133C
.rodata	0x00001340	0x4	em1b/em10.cpp	local	lbl_em1b_rodata_1340	lbl_em1b_rodata_1340
.rodata	0x00001344	0x4	em1b/em10.cpp	local	lbl_em1b_rodata_1344	lbl_em1b_rodata_1344
.rodata	0x00001348	0x4	em1b/em10.cpp	local	lbl_em1b_rodata_1348	lbl_em1b_rodata_1348
.rodata	0x0000134C	0x4	em1b/em10.cpp	local	lbl_em1b_rodata_134C	lbl_em1b_rodata_134C
.rodata	0x00001350	0x4	em1b/em10.cpp	local	lbl_em1b_rodata_1350	lbl_em1b_rodata_1350
.rodata	0x00001354	0x4	em1b/em10.cpp	local	lbl_em1b_rodata_1354	lbl_em1b_rodata_1354
.rodata	0x00001358	0x4	em1b/em10.cpp	local	lbl_em1b_rodata_1358	lbl_em1b_rodata_1358
.rodata	0x0000135C	0x4	em1b/em10.cpp	local	lbl_em1b_rodata_135C	lbl_em1b_rodata_135C
.rodata	0x00001360	0x4	em1b/em10.cpp	local	lbl_em1b_rodata_1360	lbl_em1b_rodata_1360
.rodata	0x00001364	0x4	em1b/em10.cpp	local	lbl_em1b_rodata_1364	lbl_em1b_rodata_1364
.rodata	0x00001368	0x4	em1b/em10.cpp	local	lbl_em1b_rodata_1368	lbl_em1b_rodata_1368
.rodata	0x0000136C	0x4	em1b/em10.cpp	local	lbl_em1b_rodata_136C	lbl_em1b_rodata_136C
.rodata	0x00001370	0x4	em1b/em10.cpp	local	lbl_em1b_rodata_1370	lbl_em1b_rodata_1370
.rodata	0x00001374	0x4	em1b/em10.cpp	local	lbl_em1b_rodata_1374	lbl_em1b_rodata_1374
.rodata	0x00001378	0x4	em1b/em10.cpp	local	lbl_em1b_rodata_1378	lbl_em1b_rodata_1378
.rodata	0x0000137C	0x4	em1b/em10.cpp	local	lbl_em1b_rodata_137C	lbl_em1b_rodata_137C
.rodata	0x00001380	0x4	em1b/em10.cpp	local	lbl_em1b_rodata_1380	lbl_em1b_rodata_1380
.rodata	0x00001384	0x4	em1b/em10.cpp	local	lbl_em1b_rodata_1384	lbl_em1b_rodata_1384
.rodata	0x00001388	0x4	em1b/em10.cpp	local	lbl_em1b_rodata_1388	lbl_em1b_rodata_1388
.rodata	0x0000138C	0x4	em1b/em10.cpp	local	lbl_em1b_rodata_138C	lbl_em1b_rodata_138C
.rodata	0x00001390	0x4	em1b/em10.cpp	local	lbl_em1b_rodata_1390	lbl_em1b_rodata_1390
.rodata	0x00001394	0x4	em1b/em10.cpp	local	lbl_em1b_rodata_1394	lbl_em1b_rodata_1394
.rodata	0x00001398	0x4	em1b/em10.cpp	local	lbl_em1b_rodata_1398	lbl_em1b_rodata_1398
.rodata	0x0000139C	0x4	em1b/em10.cpp	local	lbl_em1b_rodata_139C	lbl_em1b_rodata_139C
.rodata	0x000013A0	0x4	em1b/em10.cpp	local	lbl_em1b_rodata_13A0	lbl_em1b_rodata_13A0
.rodata	0x000013A4	0x4	em1b/em10.cpp	local	lbl_em1b_rodata_13A4	lbl_em1b_rodata_13A4
.rodata	0x000013A8	0x4	em1b/em10.cpp	local	lbl_em1b_rodata_13A8	lbl_em1b_rodata_13A8
.rodata	0x000013AC	0x4	em1b/em10.cpp	local	lbl_em1b_rodata_13AC	lbl_em1b_rodata_13AC
.rodata	0x000013B0	0x4	em1b/em10.cpp	local	lbl_em1b_rodata_13B0	lbl_em1b_rodata_13B0
.rodata	0x000013B4	0x4	em1b/em10.cpp	local	lbl_em1b_rodata_13B4	lbl_em1b_rodata_13B4
.rodata	0x000013B8	0x4	em1b/em10.cpp	local	lbl_em1b_rodata_13B8	lbl_em1b_rodata_13B8
.rodata	0x000013BC	0x4	em1b/em10.cpp	local	lbl_em1b_rodata_13BC	lbl_em1b_rodata_13BC
.rodata	0x000013C0	0x4	em1b/em10.cpp	local	lbl_em1b_rodata_13C0	lbl_em1b_rodata_13C0
.rodata	0x000013C4	0x4	em1b/em10.cpp	local	lbl_em1b_rodata_13C4	lbl_em1b_rodata_13C4
.rodata	0x000013C8	0x4	em1b/em10.cpp	local	lbl_em1b_rodata_13C8	lbl_em1b_rodata_13C8
.rodata	0x000013CC	0x4	em1b/em10.cpp	local	lbl_em1b_rodata_13CC	lbl_em1b_rodata_13CC
.rodata	0x000013D0	0x14	em1b/em10.cpp	local	lbl_em1b_rodata_13D0	lbl_em1b_rodata_13D0
.rodata	0x000013E4	0x4	em1b/em10.cpp	local	lbl_em1b_rodata_13E4	lbl_em1b_rodata_13E4
.rodata	0x000013E8	0x4	em1b/em10.cpp	local	lbl_em1b_rodata_13E8	lbl_em1b_rodata_13E8
.rodata	0x000013EC	0x4	em1b/em10.cpp	local	lbl_em1b_rodata_13EC	lbl_em1b_rodata_13EC
.rodata	0x000013F0	0x4	em1b/em10.cpp	local	lbl_em1b_rodata_13F0	lbl_em1b_rodata_13F0
.rodata	0x000013F4	0x4	em1b/em10.cpp	local	lbl_em1b_rodata_13F4	lbl_em1b_rodata_13F4
.rodata	0x000013F8	0x4	em1b/em10.cpp	local	lbl_em1b_rodata_13F8	lbl_em1b_rodata_13F8
.rodata	0x000013FC	0x4	em1b/em10.cpp	local	lbl_em1b_rodata_13FC	lbl_em1b_rodata_13FC
.rodata	0x00001400	0x4	em1b/em10.cpp	local	lbl_em1b_rodata_1400	lbl_em1b_rodata_1400
.rodata	0x00001404	0x4	em1b/em10.cpp	local	lbl_em1b_rodata_1404	lbl_em1b_rodata_1404
.rodata	0x00001408	0x4	em1b/em10.cpp	local	lbl_em1b_rodata_1408	lbl_em1b_rodata_1408
.rodata	0x0000140C	0x4	em1b/em10.cpp	local	lbl_em1b_rodata_140C	lbl_em1b_rodata_140C
.rodata	0x00001410	0x4	em1b/em10.cpp	local	lbl_em1b_rodata_1410	lbl_em1b_rodata_1410
.rodata	0x00001414	0x4	em1b/em10.cpp	local	lbl_em1b_rodata_1414	lbl_em1b_rodata_1414
.rodata	0x00001418	0x4	em1b/em10.cpp	local	lbl_em1b_rodata_1418	lbl_em1b_rodata_1418
.rodata	0x0000141C	0x4	em1b/em10.cpp	local	lbl_em1b_rodata_141C	lbl_em1b_rodata_141C
.rodata	0x00001420	0x4	em1b/em10.cpp	local	lbl_em1b_rodata_1420	lbl_em1b_rodata_1420
.rodata	0x00001424	0x4	em1b/em10.cpp	local	lbl_em1b_rodata_1424	lbl_em1b_rodata_1424
.rodata	0x00001428	0x4	em1b/em10.cpp	local	lbl_em1b_rodata_1428	lbl_em1b_rodata_1428
.rodata	0x0000142C	0x4	em1b/em10.cpp	local	lbl_em1b_rodata_142C	lbl_em1b_rodata_142C
.rodata	0x00001430	0x4	em1b/em10.cpp	local	lbl_em1b_rodata_1430	lbl_em1b_rodata_1430
.rodata	0x00001434	0x4	em1b/em10.cpp	local	lbl_em1b_rodata_1434	lbl_em1b_rodata_1434
.rodata	0x00001438	0x4	em1b/em10.cpp	local	lbl_em1b_rodata_1438	lbl_em1b_rodata_1438
.rodata	0x0000143C	0x4	em1b/em10.cpp	local	lbl_em1b_rodata_143C	lbl_em1b_rodata_143C
.rodata	0x00001440	0x4	em1b/em10.cpp	local	lbl_em1b_rodata_1440	lbl_em1b_rodata_1440
.rodata	0x00001444	0x4	em1b/em10.cpp	local	lbl_em1b_rodata_1444	lbl_em1b_rodata_1444
.rodata	0x00001448	0x4	em1b/em10.cpp	local	lbl_em1b_rodata_1448	lbl_em1b_rodata_1448
.rodata	0x0000144C	0x4	em1b/em10.cpp	local	lbl_em1b_rodata_144C	lbl_em1b_rodata_144C
.rodata	0x00001450	0x4	em1b/em10.cpp	local	lbl_em1b_rodata_1450	lbl_em1b_rodata_1450
.rodata	0x00001454	0x4	em1b/em10.cpp	local	lbl_em1b_rodata_1454	lbl_em1b_rodata_1454
.rodata	0x00001458	0x4	em1b/em10.cpp	local	lbl_em1b_rodata_1458	lbl_em1b_rodata_1458
.rodata	0x0000145C	0x4	em1b/em10.cpp	local	lbl_em1b_rodata_145C	lbl_em1b_rodata_145C
.rodata	0x00001460	0x4	em1b/em10.cpp	local	lbl_em1b_rodata_1460	lbl_em1b_rodata_1460
.rodata	0x00001464	0x4	em1b/em10.cpp	local	lbl_em1b_rodata_1464	lbl_em1b_rodata_1464
.rodata	0x00001468	0x4	em1b/em10.cpp	local	lbl_em1b_rodata_1468	lbl_em1b_rodata_1468
.rodata	0x0000146C	0x4	em1b/em10.cpp	local	lbl_em1b_rodata_146C	lbl_em1b_rodata_146C
.rodata	0x00001470	0x4	em1b/em10.cpp	local	lbl_em1b_rodata_1470	lbl_em1b_rodata_1470
.rodata	0x00001474	0x4	em1b/em10.cpp	local	lbl_em1b_rodata_1474	lbl_em1b_rodata_1474
.rodata	0x00001478	0x4	em1b/em10.cpp	local	lbl_em1b_rodata_1478	lbl_em1b_rodata_1478
.rodata	0x0000147C	0x4	em1b/em10.cpp	local	lbl_em1b_rodata_147C	lbl_em1b_rodata_147C
.rodata	0x00001480	0x4	em1b/em10.cpp	local	lbl_em1b_rodata_1480	lbl_em1b_rodata_1480
.rodata	0x00001484	0x4	em1b/em10.cpp	local	lbl_em1b_rodata_1484	lbl_em1b_rodata_1484
.rodata	0x00001488	0x4	em1b/em10.cpp	local	lbl_em1b_rodata_1488	lbl_em1b_rodata_1488
.rodata	0x0000148C	0x4	em1b/em10.cpp	local	lbl_em1b_rodata_148C	lbl_em1b_rodata_148C
.rodata	0x00001490	0x4	em1b/em10.cpp	local	lbl_em1b_rodata_1490	lbl_em1b_rodata_1490
.rodata	0x00001494	0x4	em1b/em10.cpp	local	lbl_em1b_rodata_1494	lbl_em1b_rodata_1494
.rodata	0x00001498	0x4	em1b/em10.cpp	local	lbl_em1b_rodata_1498	lbl_em1b_rodata_1498
.rodata	0x0000149C	0x4	em1b/em10.cpp	local	lbl_em1b_rodata_149C	lbl_em1b_rodata_149C
.rodata	0x000014A0	0x4	em1b/em10.cpp	local	lbl_em1b_rodata_14A0	lbl_em1b_rodata_14A0
.rodata	0x000014A4	0x4	em1b/em10.cpp	local	lbl_em1b_rodata_14A4	lbl_em1b_rodata_14A4
.rodata	0x000014A8	0x4	em1b/em10.cpp	local	lbl_em1b_rodata_14A8	lbl_em1b_rodata_14A8
.rodata	0x000014AC	0x4	em1b/em10.cpp	local	lbl_em1b_rodata_14AC	lbl_em1b_rodata_14AC
.rodata	0x000014B0	0x4	em1b/em10.cpp	local	lbl_em1b_rodata_14B0	lbl_em1b_rodata_14B0
.rodata	0x000014B4	0x4	em1b/em10.cpp	local	lbl_em1b_rodata_14B4	lbl_em1b_rodata_14B4
.rodata	0x000014B8	0x4	em1b/em10.cpp	local	lbl_em1b_rodata_14B8	lbl_em1b_rodata_14B8
.rodata	0x000014BC	0x4	em1b/em10.cpp	local	lbl_em1b_rodata_14BC	lbl_em1b_rodata_14BC
.rodata	0x000014C0	0x4	em1b/em10.cpp	local	lbl_em1b_rodata_14C0	lbl_em1b_rodata_14C0
.rodata	0x000014C4	0x4	em1b/em10.cpp	local	lbl_em1b_rodata_14C4	lbl_em1b_rodata_14C4
.rodata	0x000014C8	0x4	em1b/em10.cpp	local	lbl_em1b_rodata_14C8	lbl_em1b_rodata_14C8
.rodata	0x000014CC	0x4	em1b/em10.cpp	local	lbl_em1b_rodata_14CC	lbl_em1b_rodata_14CC
.rodata	0x000014D0	0x4	em1b/em10.cpp	local	lbl_em1b_rodata_14D0	lbl_em1b_rodata_14D0
.rodata	0x000014D4	0x4	em1b/em10.cpp	local	lbl_em1b_rodata_14D4	lbl_em1b_rodata_14D4
.rodata	0x000014D8	0x4	em1b/em10.cpp	local	lbl_em1b_rodata_14D8	lbl_em1b_rodata_14D8
.rodata	0x000014DC	0x4	em1b/em10.cpp	local	lbl_em1b_rodata_14DC	lbl_em1b_rodata_14DC
.rodata	0x000014E0	0x4	em1b/em10.cpp	local	lbl_em1b_rodata_14E0	lbl_em1b_rodata_14E0
.rodata	0x000014E4	0x4	em1b/em10.cpp	local	lbl_em1b_rodata_14E4	lbl_em1b_rodata_14E4
.rodata	0x000014E8	0x4	em1b/em10.cpp	local	lbl_em1b_rodata_14E8	lbl_em1b_rodata_14E8
.rodata	0x000014EC	0x4	em1b/em10.cpp	local	lbl_em1b_rodata_14EC	lbl_em1b_rodata_14EC
.rodata	0x000014F0	0x4	em1b/em10.cpp	local	lbl_em1b_rodata_14F0	lbl_em1b_rodata_14F0
.rodata	0x000014F4	0x4	em1b/em10.cpp	local	lbl_em1b_rodata_14F4	lbl_em1b_rodata_14F4
.rodata	0x000014F8	0x4	em1b/em10.cpp	local	lbl_em1b_rodata_14F8	lbl_em1b_rodata_14F8
.rodata	0x000014FC	0x4	em1b/em10.cpp	local	lbl_em1b_rodata_14FC	lbl_em1b_rodata_14FC
.rodata	0x00001500	0x4	em1b/em10.cpp	local	lbl_em1b_rodata_1500	lbl_em1b_rodata_1500
.rodata	0x00001504	0x4	em1b/em10.cpp	local	lbl_em1b_rodata_1504	lbl_em1b_rodata_1504
.rodata	0x00001508	0x4	em1b/em10.cpp	local	lbl_em1b_rodata_1508	lbl_em1b_rodata_1508
.rodata	0x0000150C	0x4	em1b/em10.cpp	local	lbl_em1b_rodata_150C	lbl_em1b_rodata_150C
.rodata	0x00001510	0x4	em1b/em10.cpp	local	lbl_em1b_rodata_1510	lbl_em1b_rodata_1510
.rodata	0x00001514	0x4	em1b/em10.cpp	local	lbl_em1b_rodata_1514	lbl_em1b_rodata_1514
.rodata	0x00001518	0x4	em1b/em10.cpp	local	lbl_em1b_rodata_1518	lbl_em1b_rodata_1518
.rodata	0x0000151C	0x4	em1b/em10.cpp	local	lbl_em1b_rodata_151C	lbl_em1b_rodata_151C
.rodata	0x00001520	0x4	em1b/em10.cpp	local	lbl_em1b_rodata_1520	lbl_em1b_rodata_1520
.rodata	0x00001524	0x4	em1b/em10.cpp	local	lbl_em1b_rodata_1524	lbl_em1b_rodata_1524
.rodata	0x00001528	0x4	em1b/em10.cpp	local	lbl_em1b_rodata_1528	lbl_em1b_rodata_1528
.rodata	0x0000152C	0x4	em1b/em10.cpp	local	lbl_em1b_rodata_152C	lbl_em1b_rodata_152C
.rodata	0x00001530	0x4	em1b/em10.cpp	local	lbl_em1b_rodata_1530	lbl_em1b_rodata_1530
.rodata	0x00001534	0x4	em1b/em10.cpp	local	lbl_em1b_rodata_1534	lbl_em1b_rodata_1534
.rodata	0x00001538	0x4	em1b/em10.cpp	local	lbl_em1b_rodata_1538	lbl_em1b_rodata_1538
.rodata	0x0000153C	0x4	em1b/em10.cpp	local	lbl_em1b_rodata_153C	lbl_em1b_rodata_153C
.rodata	0x00001540	0x4	em1b/em10.cpp	local	lbl_em1b_rodata_1540	lbl_em1b_rodata_1540
.rodata	0x00001544	0x4	em1b/em10.cpp	local	lbl_em1b_rodata_1544	lbl_em1b_rodata_1544
.rodata	0x00001548	0x4	em1b/em10.cpp	local	lbl_em1b_rodata_1548	lbl_em1b_rodata_1548
.rodata	0x0000154C	0x4	em1b/em10.cpp	local	lbl_em1b_rodata_154C	lbl_em1b_rodata_154C
.rodata	0x00001550	0x4	em1b/em10.cpp	local	lbl_em1b_rodata_1550	lbl_em1b_rodata_1550
.rodata	0x00001554	0x4	em1b/em10.cpp	local	lbl_em1b_rodata_1554	lbl_em1b_rodata_1554
.rodata	0x00001558	0x4	em1b/em10.cpp	local	lbl_em1b_rodata_1558	lbl_em1b_rodata_1558
.rodata	0x0000155C	0x4	em1b/em10.cpp	local	lbl_em1b_rodata_155C	lbl_em1b_rodata_155C
.rodata	0x00001560	0x4	em1b/em10.cpp	local	lbl_em1b_rodata_1560	lbl_em1b_rodata_1560
.rodata	0x00001564	0x4	em1b/em10.cpp	local	lbl_em1b_rodata_1564	lbl_em1b_rodata_1564
.rodata	0x00001568	0x4	em1b/em10.cpp	local	lbl_em1b_rodata_1568	lbl_em1b_rodata_1568
.rodata	0x0000156C	0x4	em1b/em10.cpp	local	lbl_em1b_rodata_156C	lbl_em1b_rodata_156C
.rodata	0x00001570	0x4	em1b/em10.cpp	local	lbl_em1b_rodata_1570	lbl_em1b_rodata_1570
.rodata	0x00001574	0x4	em1b/em10.cpp	local	lbl_em1b_rodata_1574	lbl_em1b_rodata_1574
.rodata	0x00001578	0x4	em1b/em10.cpp	local	lbl_em1b_rodata_1578	lbl_em1b_rodata_1578
.rodata	0x0000157C	0x4	em1b/em10.cpp	local	lbl_em1b_rodata_157C	lbl_em1b_rodata_157C
.rodata	0x00001580	0x4	em1b/em10.cpp	local	lbl_em1b_rodata_1580	lbl_em1b_rodata_1580
.rodata	0x00001584	0x4	em1b/em10.cpp	local	lbl_em1b_rodata_1584	lbl_em1b_rodata_1584
.rodata	0x00001588	0x4	em1b/em10.cpp	local	lbl_em1b_rodata_1588	lbl_em1b_rodata_1588
.rodata	0x0000158C	0x4	em1b/em10.cpp	local	lbl_em1b_rodata_158C	lbl_em1b_rodata_158C
.rodata	0x00001590	0x4	em1b/em10.cpp	local	lbl_em1b_rodata_1590	lbl_em1b_rodata_1590
.rodata	0x00001594	0x4	em1b/em10.cpp	local	lbl_em1b_rodata_1594	lbl_em1b_rodata_1594
.rodata	0x00001598	0x4	em1b/em10.cpp	local	lbl_em1b_rodata_1598	lbl_em1b_rodata_1598
.rodata	0x0000159C	0x4	em1b/em10.cpp	local	lbl_em1b_rodata_159C	lbl_em1b_rodata_159C
.rodata	0x000015A0	0x4	em1b/em10.cpp	local	lbl_em1b_rodata_15A0	lbl_em1b_rodata_15A0
.rodata	0x000015A4	0x4	em1b/em10.cpp	local	lbl_em1b_rodata_15A4	lbl_em1b_rodata_15A4
.rodata	0x000015A8	0x4	em1b/em10.cpp	local	lbl_em1b_rodata_15A8	lbl_em1b_rodata_15A8
.rodata	0x000015AC	0x4	em1b/em10.cpp	local	lbl_em1b_rodata_15AC	lbl_em1b_rodata_15AC
.rodata	0x000015B0	0x4	em1b/em10.cpp	local	lbl_em1b_rodata_15B0	lbl_em1b_rodata_15B0
.rodata	0x000015B4	0x4	em1b/em10.cpp	local	lbl_em1b_rodata_15B4	lbl_em1b_rodata_15B4
.rodata	0x000015B8	0x4	em1b/em10.cpp	local	lbl_em1b_rodata_15B8	lbl_em1b_rodata_15B8
.rodata	0x000015BC	0x4	em1b/em10.cpp	local	lbl_em1b_rodata_15BC	lbl_em1b_rodata_15BC
.rodata	0x000015C0	0x4	em1b/em10.cpp	local	lbl_em1b_rodata_15C0	lbl_em1b_rodata_15C0
.rodata	0x000015C4	0x4	em1b/em10.cpp	local	lbl_em1b_rodata_15C4	lbl_em1b_rodata_15C4
.rodata	0x000015C8	0x4	em1b/em10.cpp	local	lbl_em1b_rodata_15C8	lbl_em1b_rodata_15C8
.rodata	0x000015CC	0x4	em1b/em10.cpp	local	lbl_em1b_rodata_15CC	lbl_em1b_rodata_15CC
.rodata	0x000015D0	0x4	em1b/em10.cpp	local	lbl_em1b_rodata_15D0	lbl_em1b_rodata_15D0
.rodata	0x000015D4	0x4	em1b/em10.cpp	local	lbl_em1b_rodata_15D4	lbl_em1b_rodata_15D4
.rodata	0x000015D8	0x4	em1b/em10.cpp	local	lbl_em1b_rodata_15D8	lbl_em1b_rodata_15D8
.rodata	0x000015DC	0x4	em1b/em10.cpp	local	lbl_em1b_rodata_15DC	lbl_em1b_rodata_15DC
.rodata	0x000015E0	0x4	em1b/em10.cpp	local	lbl_em1b_rodata_15E0	lbl_em1b_rodata_15E0
.rodata	0x000015E4	0x4	em1b/em10.cpp	local	lbl_em1b_rodata_15E4	lbl_em1b_rodata_15E4
.rodata	0x000015E8	0x4	em1b/em10.cpp	local	lbl_em1b_rodata_15E8	lbl_em1b_rodata_15E8
.rodata	0x000015EC	0x4	em1b/em10.cpp	local	lbl_em1b_rodata_15EC	lbl_em1b_rodata_15EC
.rodata	0x000015F0	0x4	em1b/em10.cpp	local	lbl_em1b_rodata_15F0	lbl_em1b_rodata_15F0
.rodata	0x000015F4	0x4	em1b/em10.cpp	local	lbl_em1b_rodata_15F4	lbl_em1b_rodata_15F4
.rodata	0x000015F8	0x4	em1b/em10.cpp	local	lbl_em1b_rodata_15F8	lbl_em1b_rodata_15F8
.rodata	0x000015FC	0x4	em1b/em10.cpp	local	lbl_em1b_rodata_15FC	lbl_em1b_rodata_15FC
.rodata	0x00001600	0x4	em1b/em10.cpp	local	lbl_em1b_rodata_1600	lbl_em1b_rodata_1600
.rodata	0x00001604	0x4	em1b/em10.cpp	local	lbl_em1b_rodata_1604	lbl_em1b_rodata_1604
.rodata	0x00001608	0x8	em1b/em10.cpp	local	lbl_em1b_rodata_1608	lbl_em1b_rodata_1608
.rodata	0x00001610	0x8	em1b/em10.cpp	local	lbl_em1b_rodata_1610	lbl_em1b_rodata_1610
.rodata	0x00001618	0x8	em1b/em10.cpp	local	lbl_em1b_rodata_1618	lbl_em1b_rodata_1618
.rodata	0x00001620	0x8	em1b/em10.cpp	local	lbl_em1b_rodata_1620	lbl_em1b_rodata_1620
.rodata	0x00001628	0x8	em1b/em10.cpp	local	lbl_em1b_rodata_1628	lbl_em1b_rodata_1628
.rodata	0x00001630	0x8	em1b/em10.cpp	local	lbl_em1b_rodata_1630	lbl_em1b_rodata_1630
.rodata	0x00001638	0x4	em1b/em10.cpp	local	lbl_em1b_rodata_1638	lbl_em1b_rodata_1638
.rodata	0x0000163C	0x4	em1b/em10.cpp	local	lbl_em1b_rodata_163C	lbl_em1b_rodata_163C
.rodata	0x00001640	0x4	em1b/em10.cpp	local	lbl_em1b_rodata_1640	lbl_em1b_rodata_1640
.rodata	0x00001644	0x4	em1b/em10.cpp	local	lbl_em1b_rodata_1644	lbl_em1b_rodata_1644
.rodata	0x00001648	0x30	em1b/em10.cpp	local	lbl_em1b_rodata_1648	lbl_em1b_rodata_1648
.rodata	0x00001678	0x4	em1b/em10.cpp	local	lbl_em1b_rodata_1678	lbl_em1b_rodata_1678
.rodata	0x0000167C	0x4	em1b/em10.cpp	local	lbl_em1b_rodata_167C	lbl_em1b_rodata_167C
.rodata	0x00001680	0x4	em1b/em10.cpp	local	lbl_em1b_rodata_1680	lbl_em1b_rodata_1680
.rodata	0x00001684	0x4	em1b/em10.cpp	local	lbl_em1b_rodata_1684	lbl_em1b_rodata_1684
.rodata	0x00001688	0x4	em1b/em10.cpp	local	lbl_em1b_rodata_1688	lbl_em1b_rodata_1688
.rodata	0x0000168C	0x4	em1b/em10.cpp	local	lbl_em1b_rodata_168C	lbl_em1b_rodata_168C
.rodata	0x00001690	0x4	em1b/em10.cpp	local	lbl_em1b_rodata_1690	lbl_em1b_rodata_1690
.rodata	0x00001694	0x4	em1b/em10.cpp	local	lbl_em1b_rodata_1694	lbl_em1b_rodata_1694
.rodata	0x00001698	0x4	em1b/em10.cpp	local	lbl_em1b_rodata_1698	lbl_em1b_rodata_1698
.rodata	0x0000169C	0x4	em1b/em10.cpp	local	lbl_em1b_rodata_169C	lbl_em1b_rodata_169C
.rodata	0x000016A0	0x4	em1b/em10.cpp	local	lbl_em1b_rodata_16A0	lbl_em1b_rodata_16A0
.rodata	0x000016A4	0x4	em1b/em10.cpp	local	lbl_em1b_rodata_16A4	lbl_em1b_rodata_16A4
.rodata	0x000016A8	0x4	em1b/em10.cpp	local	lbl_em1b_rodata_16A8	lbl_em1b_rodata_16A8
.rodata	0x000016AC	0x4	em1b/em10.cpp	local	lbl_em1b_rodata_16AC	lbl_em1b_rodata_16AC
.rodata	0x000016B0	0x4	em1b/em10.cpp	local	lbl_em1b_rodata_16B0	lbl_em1b_rodata_16B0
.rodata	0x000016B4	0x4	em1b/em10.cpp	local	lbl_em1b_rodata_16B4	lbl_em1b_rodata_16B4
.rodata	0x000016B8	0x4	em1b/em10.cpp	local	lbl_em1b_rodata_16B8	lbl_em1b_rodata_16B8
.rodata	0x000016BC	0x4	em1b/em10.cpp	local	lbl_em1b_rodata_16BC	lbl_em1b_rodata_16BC
.rodata	0x000016C0	0x4	em1b/em10.cpp	local	lbl_em1b_rodata_16C0	lbl_em1b_rodata_16C0
.rodata	0x000016C4	0x4	em1b/em10.cpp	local	lbl_em1b_rodata_16C4	lbl_em1b_rodata_16C4
.rodata	0x000016C8	0x4	em1b/em10.cpp	local	lbl_em1b_rodata_16C8	lbl_em1b_rodata_16C8
.rodata	0x000016CC	0x4	em1b/em10.cpp	local	lbl_em1b_rodata_16CC	lbl_em1b_rodata_16CC
.rodata	0x000016D0	0x4	em1b/em10.cpp	local	lbl_em1b_rodata_16D0	lbl_em1b_rodata_16D0
.rodata	0x000016D4	0x4	em1b/em10.cpp	local	lbl_em1b_rodata_16D4	lbl_em1b_rodata_16D4
.rodata	0x000016D8	0x4	em1b/em10.cpp	local	lbl_em1b_rodata_16D8	lbl_em1b_rodata_16D8
.rodata	0x000016DC	0x4	em1b/em10.cpp	local	lbl_em1b_rodata_16DC	lbl_em1b_rodata_16DC
.rodata	0x000016E0	0x4	em1b/em10.cpp	local	lbl_em1b_rodata_16E0	lbl_em1b_rodata_16E0
.rodata	0x000016E4	0x4	em1b/em10.cpp	local	lbl_em1b_rodata_16E4	lbl_em1b_rodata_16E4
.rodata	0x000016E8	0x4	em1b/em10.cpp	local	lbl_em1b_rodata_16E8	lbl_em1b_rodata_16E8
.rodata	0x000016EC	0x4	em1b/em10.cpp	local	lbl_em1b_rodata_16EC	lbl_em1b_rodata_16EC
.rodata	0x000016F0	0x4	em1b/em10.cpp	local	lbl_em1b_rodata_16F0	lbl_em1b_rodata_16F0
.rodata	0x000016F4	0x4	em1b/em10.cpp	local	lbl_em1b_rodata_16F4	lbl_em1b_rodata_16F4
.rodata	0x000016F8	0x4	em1b/em10.cpp	local	lbl_em1b_rodata_16F8	lbl_em1b_rodata_16F8
.rodata	0x000016FC	0x4	em1b/em10.cpp	local	lbl_em1b_rodata_16FC	lbl_em1b_rodata_16FC
.rodata	0x00001700	0x4	em1b/em10.cpp	local	lbl_em1b_rodata_1700	lbl_em1b_rodata_1700
.rodata	0x00001704	0x4	em1b/em10.cpp	local	lbl_em1b_rodata_1704	lbl_em1b_rodata_1704
.rodata	0x00001708	0x4	em1b/em10.cpp	local	lbl_em1b_rodata_1708	lbl_em1b_rodata_1708
.rodata	0x0000170C	0x4	em1b/em10.cpp	local	lbl_em1b_rodata_170C	lbl_em1b_rodata_170C
.rodata	0x00001710	0x8	em1b/em10.cpp	local	lbl_em1b_rodata_1710	lbl_em1b_rodata_1710
.rodata	0x00001718	0x8	em1b/em10.cpp	local	lbl_em1b_rodata_1718	lbl_em1b_rodata_1718
.rodata	0x00001720	0x4	em1b/em10.cpp	local	lbl_em1b_rodata_1720	lbl_em1b_rodata_1720
.rodata	0x00001724	0x4	em1b/em10.cpp	local	lbl_em1b_rodata_1724	lbl_em1b_rodata_1724
.rodata	0x00001728	0x4	em1b/em10.cpp	local	lbl_em1b_rodata_1728	lbl_em1b_rodata_1728
.rodata	0x0000172C	0x4	em1b/em10.cpp	local	lbl_em1b_rodata_172C	lbl_em1b_rodata_172C
.rodata	0x00001730	0x4	em1b/em10.cpp	local	lbl_em1b_rodata_1730	lbl_em1b_rodata_1730
.rodata	0x00001734	0x4	em1b/em10.cpp	local	lbl_em1b_rodata_1734	lbl_em1b_rodata_1734
.rodata	0x00001738	0x4	em1b/em10.cpp	local	lbl_em1b_rodata_1738	lbl_em1b_rodata_1738
.rodata	0x0000173C	0x4	em1b/em10.cpp	local	lbl_em1b_rodata_173C	lbl_em1b_rodata_173C
.rodata	0x00001740	0x4	em1b/em10.cpp	local	lbl_em1b_rodata_1740	lbl_em1b_rodata_1740
.rodata	0x00001744	0x4	em1b/em10.cpp	local	lbl_em1b_rodata_1744	lbl_em1b_rodata_1744
.rodata	0x00001748	0x4	em1b/em10.cpp	local	lbl_em1b_rodata_1748	lbl_em1b_rodata_1748
.rodata	0x0000174C	0x4	em1b/em10.cpp	local	lbl_em1b_rodata_174C	lbl_em1b_rodata_174C
.rodata	0x00001750	0x4	em1b/em10.cpp	local	lbl_em1b_rodata_1750	lbl_em1b_rodata_1750
.rodata	0x00001754	0x4	em1b/em10.cpp	local	lbl_em1b_rodata_1754	lbl_em1b_rodata_1754
.rodata	0x00001758	0x4	em1b/em10.cpp	local	lbl_em1b_rodata_1758	lbl_em1b_rodata_1758
.rodata	0x0000175C	0x4	em1b/em10.cpp	local	lbl_em1b_rodata_175C	lbl_em1b_rodata_175C
.rodata	0x00001760	0x4	em1b/em10.cpp	local	lbl_em1b_rodata_1760	lbl_em1b_rodata_1760
.rodata	0x00001764	0x4	em1b/em10.cpp	local	lbl_em1b_rodata_1764	lbl_em1b_rodata_1764
.rodata	0x00001768	0x4	em1b/em10.cpp	local	lbl_em1b_rodata_1768	lbl_em1b_rodata_1768
.rodata	0x0000176C	0x4	em1b/em10.cpp	local	lbl_em1b_rodata_176C	lbl_em1b_rodata_176C
.rodata	0x00001770	0x4	em1b/em10.cpp	local	lbl_em1b_rodata_1770	lbl_em1b_rodata_1770
.rodata	0x00001774	0x4	em1b/em10.cpp	local	lbl_em1b_rodata_1774	lbl_em1b_rodata_1774
.rodata	0x00001778	0x4	em1b/em10.cpp	local	lbl_em1b_rodata_1778	lbl_em1b_rodata_1778
.rodata	0x0000177C	0x4	em1b/em10.cpp	local	lbl_em1b_rodata_177C	lbl_em1b_rodata_177C
.rodata	0x00001780	0x4	em1b/em10.cpp	local	lbl_em1b_rodata_1780	lbl_em1b_rodata_1780
.rodata	0x00001784	0x4	em1b/em10.cpp	local	lbl_em1b_rodata_1784	lbl_em1b_rodata_1784
.rodata	0x00001788	0x4	em1b/em10.cpp	local	lbl_em1b_rodata_1788	lbl_em1b_rodata_1788
.rodata	0x0000178C	0x4	em1b/em10.cpp	local	lbl_em1b_rodata_178C	lbl_em1b_rodata_178C
.rodata	0x00001790	0x4	em1b/em10.cpp	local	lbl_em1b_rodata_1790	lbl_em1b_rodata_1790
.rodata	0x00001794	0x4	em1b/em10.cpp	local	lbl_em1b_rodata_1794	lbl_em1b_rodata_1794
.rodata	0x00001798	0x4	em1b/em10.cpp	local	lbl_em1b_rodata_1798	lbl_em1b_rodata_1798
.rodata	0x0000179C	0x4	em1b/em10.cpp	local	lbl_em1b_rodata_179C	lbl_em1b_rodata_179C
.rodata	0x000017A0	0x4	em1b/em10.cpp	local	lbl_em1b_rodata_17A0	lbl_em1b_rodata_17A0
.rodata	0x000017A4	0x4	em1b/em10.cpp	local	lbl_em1b_rodata_17A4	lbl_em1b_rodata_17A4
.rodata	0x000017A8	0x4	em1b/em10.cpp	local	lbl_em1b_rodata_17A8	lbl_em1b_rodata_17A8
.rodata	0x000017AC	0x4	em1b/em10.cpp	local	lbl_em1b_rodata_17AC	lbl_em1b_rodata_17AC
.rodata	0x000017B0	0x4	em1b/em10.cpp	local	lbl_em1b_rodata_17B0	lbl_em1b_rodata_17B0
.rodata	0x000017B4	0x4	em1b/em10.cpp	local	lbl_em1b_rodata_17B4	lbl_em1b_rodata_17B4
.rodata	0x000017B8	0x4	em1b/em10.cpp	local	lbl_em1b_rodata_17B8	lbl_em1b_rodata_17B8
.rodata	0x000017BC	0x4	em1b/em10.cpp	local	lbl_em1b_rodata_17BC	lbl_em1b_rodata_17BC
.rodata	0x000017C0	0x4	em1b/em10.cpp	local	lbl_em1b_rodata_17C0	lbl_em1b_rodata_17C0
.rodata	0x000017C4	0x4	em1b/em10.cpp	local	lbl_em1b_rodata_17C4	lbl_em1b_rodata_17C4
.rodata	0x000017C8	0x4	em1b/em10.cpp	local	lbl_em1b_rodata_17C8	lbl_em1b_rodata_17C8
.rodata	0x000017CC	0x4	em1b/em10.cpp	local	lbl_em1b_rodata_17CC	lbl_em1b_rodata_17CC
.rodata	0x000017D0	0x4	em1b/em10.cpp	local	lbl_em1b_rodata_17D0	lbl_em1b_rodata_17D0
.rodata	0x000017D4	0x4	em1b/em10.cpp	local	lbl_em1b_rodata_17D4	lbl_em1b_rodata_17D4
.rodata	0x000017D8	0x4	em1b/em10.cpp	local	lbl_em1b_rodata_17D8	lbl_em1b_rodata_17D8
.rodata	0x000017DC	0x4	em1b/em10.cpp	local	lbl_em1b_rodata_17DC	lbl_em1b_rodata_17DC
.rodata	0x000017E0	0x4	em1b/em10.cpp	local	lbl_em1b_rodata_17E0	lbl_em1b_rodata_17E0
.rodata	0x000017E4	0x4	em1b/em10.cpp	local	lbl_em1b_rodata_17E4	lbl_em1b_rodata_17E4
.rodata	0x000017E8	0x4	em1b/em10.cpp	local	lbl_em1b_rodata_17E8	lbl_em1b_rodata_17E8
.rodata	0x000017EC	0x4	em1b/em10.cpp	local	lbl_em1b_rodata_17EC	lbl_em1b_rodata_17EC
.rodata	0x000017F0	0x4	em1b/em10.cpp	local	lbl_em1b_rodata_17F0	lbl_em1b_rodata_17F0
.rodata	0x000017F4	0x38	em1b/em10.cpp	local	lbl_em1b_rodata_17F4	lbl_em1b_rodata_17F4
.rodata	0x0000182C	0x4	em1b/em10.cpp	local	lbl_em1b_rodata_182C	lbl_em1b_rodata_182C
.rodata	0x00001830	0x4	em1b/em10.cpp	local	lbl_em1b_rodata_1830	lbl_em1b_rodata_1830
.rodata	0x00001834	0x4	em1b/em10.cpp	local	lbl_em1b_rodata_1834	lbl_em1b_rodata_1834
.rodata	0x00001838	0x4	em1b/em10.cpp	local	lbl_em1b_rodata_1838	lbl_em1b_rodata_1838
.rodata	0x0000183C	0x4	em1b/em10.cpp	local	lbl_em1b_rodata_183C	lbl_em1b_rodata_183C
.rodata	0x00001840	0x4	em1b/em10.cpp	local	lbl_em1b_rodata_1840	lbl_em1b_rodata_1840
.rodata	0x00001844	0x4	em1b/em10.cpp	local	lbl_em1b_rodata_1844	lbl_em1b_rodata_1844
.rodata	0x00001848	0x4	em1b/em10.cpp	local	lbl_em1b_rodata_1848	lbl_em1b_rodata_1848
.rodata	0x0000184C	0x4	em1b/em10.cpp	local	lbl_em1b_rodata_184C	lbl_em1b_rodata_184C
.rodata	0x00001850	0x4	em1b/em10.cpp	local	lbl_em1b_rodata_1850	lbl_em1b_rodata_1850
.rodata	0x00001854	0x4	em1b/em10.cpp	local	lbl_em1b_rodata_1854	lbl_em1b_rodata_1854
.rodata	0x00001858	0x4	em1b/em10.cpp	local	lbl_em1b_rodata_1858	lbl_em1b_rodata_1858
.rodata	0x0000185C	0x4	em1b/em10.cpp	local	lbl_em1b_rodata_185C	lbl_em1b_rodata_185C
.rodata	0x00001860	0x4	em1b/em10.cpp	local	lbl_em1b_rodata_1860	lbl_em1b_rodata_1860
.rodata	0x00001864	0x4	em1b/em10.cpp	local	lbl_em1b_rodata_1864	lbl_em1b_rodata_1864
.rodata	0x00001868	0x4	em1b/em10.cpp	local	lbl_em1b_rodata_1868	lbl_em1b_rodata_1868
.rodata	0x0000186C	0x4	em1b/em10.cpp	local	lbl_em1b_rodata_186C	lbl_em1b_rodata_186C
.rodata	0x00001870	0x4	em1b/em10.cpp	local	lbl_em1b_rodata_1870	lbl_em1b_rodata_1870
.rodata	0x00001874	0x4	em1b/em10.cpp	local	lbl_em1b_rodata_1874	lbl_em1b_rodata_1874
.rodata	0x00001878	0x4	em1b/em10.cpp	local	lbl_em1b_rodata_1878	lbl_em1b_rodata_1878
.rodata	0x0000187C	0x4	em1b/em10.cpp	local	lbl_em1b_rodata_187C	lbl_em1b_rodata_187C
.rodata	0x00001880	0x4	em1b/em10.cpp	local	lbl_em1b_rodata_1880	lbl_em1b_rodata_1880
.rodata	0x00001884	0x4	em1b/em10.cpp	local	lbl_em1b_rodata_1884	lbl_em1b_rodata_1884
.rodata	0x00001888	0x4	em1b/em10.cpp	local	lbl_em1b_rodata_1888	lbl_em1b_rodata_1888
.rodata	0x0000188C	0x4	em1b/em10.cpp	local	lbl_em1b_rodata_188C	lbl_em1b_rodata_188C
.rodata	0x00001890	0x4	em1b/em10.cpp	local	lbl_em1b_rodata_1890	lbl_em1b_rodata_1890
.rodata	0x00001894	0x4	em1b/em10.cpp	local	lbl_em1b_rodata_1894	lbl_em1b_rodata_1894
.rodata	0x00001898	0x4	em1b/em10.cpp	local	lbl_em1b_rodata_1898	lbl_em1b_rodata_1898
.rodata	0x0000189C	0x4	em1b/em10.cpp	local	lbl_em1b_rodata_189C	lbl_em1b_rodata_189C
.rodata	0x000018A0	0x4	em1b/em10.cpp	local	lbl_em1b_rodata_18A0	lbl_em1b_rodata_18A0
.rodata	0x000018A4	0x4	em1b/em10.cpp	local	lbl_em1b_rodata_18A4	lbl_em1b_rodata_18A4
.rodata	0x000018A8	0x4	em1b/em10.cpp	local	lbl_em1b_rodata_18A8	lbl_em1b_rodata_18A8
.rodata	0x000018AC	0x4	em1b/em10.cpp	local	lbl_em1b_rodata_18AC	lbl_em1b_rodata_18AC
.rodata	0x000018B0	0x4	em1b/em10.cpp	local	lbl_em1b_rodata_18B0	lbl_em1b_rodata_18B0
.rodata	0x000018B4	0x4	em1b/em10.cpp	local	lbl_em1b_rodata_18B4	lbl_em1b_rodata_18B4
.rodata	0x000018B8	0x4	em1b/em10.cpp	local	lbl_em1b_rodata_18B8	lbl_em1b_rodata_18B8
.rodata	0x000018BC	0x4	em1b/em10.cpp	local	lbl_em1b_rodata_18BC	lbl_em1b_rodata_18BC
.rodata	0x000018C0	0x4	em1b/em10.cpp	local	lbl_em1b_rodata_18C0	lbl_em1b_rodata_18C0
.rodata	0x000018C4	0x4	em1b/em10.cpp	local	lbl_em1b_rodata_18C4	lbl_em1b_rodata_18C4
.rodata	0x000018C8	0x4	em1b/em10.cpp	local	lbl_em1b_rodata_18C8	lbl_em1b_rodata_18C8
.rodata	0x000018CC	0x4	em1b/em10.cpp	local	lbl_em1b_rodata_18CC	lbl_em1b_rodata_18CC
.rodata	0x000018D0	0x4	em1b/em10.cpp	local	lbl_em1b_rodata_18D0	lbl_em1b_rodata_18D0
.rodata	0x000018D4	0x4	em1b/em10.cpp	local	lbl_em1b_rodata_18D4	lbl_em1b_rodata_18D4
.rodata	0x000018D8	0x4	em1b/em10.cpp	local	lbl_em1b_rodata_18D8	lbl_em1b_rodata_18D8
.rodata	0x000018DC	0x4	em1b/em10.cpp	local	lbl_em1b_rodata_18DC	lbl_em1b_rodata_18DC
.rodata	0x000018E0	0x4	em1b/em10.cpp	local	lbl_em1b_rodata_18E0	lbl_em1b_rodata_18E0
.rodata	0x000018E4	0x4	em1b/em10.cpp	local	lbl_em1b_rodata_18E4	lbl_em1b_rodata_18E4
.rodata	0x000018E8	0x4	em1b/em10.cpp	local	lbl_em1b_rodata_18E8	lbl_em1b_rodata_18E8
.rodata	0x000018EC	0x4	em1b/em10.cpp	local	lbl_em1b_rodata_18EC	lbl_em1b_rodata_18EC
.rodata	0x000018F0	0x4	em1b/em10.cpp	local	lbl_em1b_rodata_18F0	lbl_em1b_rodata_18F0
.rodata	0x000018F4	0x4	em1b/em10.cpp	local	lbl_em1b_rodata_18F4	lbl_em1b_rodata_18F4
.rodata	0x000018F8	0x4	em1b/em10.cpp	local	lbl_em1b_rodata_18F8	lbl_em1b_rodata_18F8
.rodata	0x000018FC	0x4	em1b/em10.cpp	local	lbl_em1b_rodata_18FC	lbl_em1b_rodata_18FC
.rodata	0x00001900	0x4	em1b/em10.cpp	local	lbl_em1b_rodata_1900	lbl_em1b_rodata_1900
.rodata	0x00001904	0x4	em1b/em10.cpp	local	lbl_em1b_rodata_1904	lbl_em1b_rodata_1904
.rodata	0x00001908	0x4	em1b/em10.cpp	local	lbl_em1b_rodata_1908	lbl_em1b_rodata_1908
.rodata	0x0000190C	0x4	em1b/em10.cpp	local	lbl_em1b_rodata_190C	lbl_em1b_rodata_190C
.rodata	0x00001910	0x4	em1b/em10.cpp	local	lbl_em1b_rodata_1910	lbl_em1b_rodata_1910
.rodata	0x00001914	0x4	em1b/em10.cpp	local	lbl_em1b_rodata_1914	lbl_em1b_rodata_1914
.rodata	0x00001918	0x4	em1b/em10.cpp	local	lbl_em1b_rodata_1918	lbl_em1b_rodata_1918
.rodata	0x0000191C	0x4	em1b/em10.cpp	local	lbl_em1b_rodata_191C	lbl_em1b_rodata_191C
.rodata	0x00001920	0x4	em1b/em10.cpp	local	lbl_em1b_rodata_1920	lbl_em1b_rodata_1920
.rodata	0x00001924	0x4	em1b/em10.cpp	local	lbl_em1b_rodata_1924	lbl_em1b_rodata_1924
.rodata	0x00001928	0x4	em1b/em10.cpp	local	lbl_em1b_rodata_1928	lbl_em1b_rodata_1928
.rodata	0x0000192C	0x4	em1b/em10.cpp	local	lbl_em1b_rodata_192C	lbl_em1b_rodata_192C
.rodata	0x00001930	0x4	em1b/em10.cpp	local	lbl_em1b_rodata_1930	lbl_em1b_rodata_1930
.rodata	0x00001934	0x4	em1b/em10.cpp	local	lbl_em1b_rodata_1934	lbl_em1b_rodata_1934
.rodata	0x00001938	0x4	em1b/em10.cpp	local	lbl_em1b_rodata_1938	lbl_em1b_rodata_1938
.rodata	0x0000193C	0x4	em1b/em10.cpp	local	lbl_em1b_rodata_193C	lbl_em1b_rodata_193C
.rodata	0x00001940	0x4	em1b/em10.cpp	local	lbl_em1b_rodata_1940	lbl_em1b_rodata_1940
.rodata	0x00001944	0x4	em1b/em10.cpp	local	lbl_em1b_rodata_1944	lbl_em1b_rodata_1944
.rodata	0x00001948	0x8	em1b/em10.cpp	local	lbl_em1b_rodata_1948	lbl_em1b_rodata_1948
.rodata	0x00001950	0x8	em1b/em10.cpp	local	lbl_em1b_rodata_1950	lbl_em1b_rodata_1950
.rodata	0x00001958	0x8	em1b/em10.cpp	local	lbl_em1b_rodata_1958	lbl_em1b_rodata_1958
.rodata	0x00001960	0x8	em1b/em10.cpp	local	lbl_em1b_rodata_1960	lbl_em1b_rodata_1960
.rodata	0x00001968	0x4	em1b/em10.cpp	local	lbl_em1b_rodata_1968	lbl_em1b_rodata_1968
.rodata	0x0000196C	0x4	em1b/em10.cpp	local	lbl_em1b_rodata_196C	lbl_em1b_rodata_196C
.rodata	0x00001970	0x4	em1b/em10.cpp	local	lbl_em1b_rodata_1970	lbl_em1b_rodata_1970
.rodata	0x00001974	0x4	em1b/em10.cpp	local	lbl_em1b_rodata_1974	lbl_em1b_rodata_1974
.rodata	0x00001978	0x4	em1b/em10.cpp	local	lbl_em1b_rodata_1978	lbl_em1b_rodata_1978
.rodata	0x0000197C	0x4	em1b/em10.cpp	local	lbl_em1b_rodata_197C	lbl_em1b_rodata_197C
.rodata	0x00001980	0x4	em1b/em10.cpp	local	lbl_em1b_rodata_1980	lbl_em1b_rodata_1980
.rodata	0x00001984	0x4	em1b/em10.cpp	local	lbl_em1b_rodata_1984	lbl_em1b_rodata_1984
.rodata	0x00001988	0x4	em1b/em10.cpp	local	lbl_em1b_rodata_1988	lbl_em1b_rodata_1988
.rodata	0x0000198C	0x4	em1b/em10.cpp	local	lbl_em1b_rodata_198C	lbl_em1b_rodata_198C
.rodata	0x00001990	0x4	em1b/em10.cpp	local	lbl_em1b_rodata_1990	lbl_em1b_rodata_1990
.rodata	0x00001994	0x4	em1b/em10.cpp	local	lbl_em1b_rodata_1994	lbl_em1b_rodata_1994
.rodata	0x00001998	0x4	em1b/em10.cpp	local	lbl_em1b_rodata_1998	lbl_em1b_rodata_1998
.rodata	0x0000199C	0x4	em1b/em10.cpp	local	lbl_em1b_rodata_199C	lbl_em1b_rodata_199C
.rodata	0x000019A0	0x4	em1b/em10.cpp	local	lbl_em1b_rodata_19A0	lbl_em1b_rodata_19A0
.rodata	0x000019A4	0x4	em1b/em10.cpp	local	lbl_em1b_rodata_19A4	lbl_em1b_rodata_19A4
.rodata	0x000019A8	0x4	em1b/em10.cpp	local	lbl_em1b_rodata_19A8	lbl_em1b_rodata_19A8
.rodata	0x000019AC	0x4	em1b/em10.cpp	local	lbl_em1b_rodata_19AC	lbl_em1b_rodata_19AC
.rodata	0x000019B0	0x4	em1b/em10.cpp	local	lbl_em1b_rodata_19B0	lbl_em1b_rodata_19B0
.rodata	0x000019B4	0x4	em1b/em10.cpp	local	lbl_em1b_rodata_19B4	lbl_em1b_rodata_19B4
.rodata	0x000019B8	0x4	em1b/em10.cpp	local	lbl_em1b_rodata_19B8	lbl_em1b_rodata_19B8
.rodata	0x000019BC	0x4	em1b/em10.cpp	local	lbl_em1b_rodata_19BC	lbl_em1b_rodata_19BC
.rodata	0x000019C0	0x4	em1b/em10.cpp	local	lbl_em1b_rodata_19C0	lbl_em1b_rodata_19C0
.rodata	0x000019C4	0x4	em1b/em10.cpp	local	lbl_em1b_rodata_19C4	lbl_em1b_rodata_19C4
.rodata	0x000019C8	0x4	em1b/em10.cpp	local	lbl_em1b_rodata_19C8	lbl_em1b_rodata_19C8
.rodata	0x000019CC	0x4	em1b/em10.cpp	local	lbl_em1b_rodata_19CC	lbl_em1b_rodata_19CC
.rodata	0x000019D0	0x4	em1b/em10.cpp	local	lbl_em1b_rodata_19D0	lbl_em1b_rodata_19D0
.rodata	0x000019D4	0x4	em1b/em10.cpp	local	lbl_em1b_rodata_19D4	lbl_em1b_rodata_19D4
.rodata	0x000019D8	0x4	em1b/em10.cpp	local	lbl_em1b_rodata_19D8	lbl_em1b_rodata_19D8
.rodata	0x000019DC	0x4	em1b/em10.cpp	local	lbl_em1b_rodata_19DC	lbl_em1b_rodata_19DC
.rodata	0x000019E0	0x4	em1b/em10.cpp	local	lbl_em1b_rodata_19E0	lbl_em1b_rodata_19E0
.rodata	0x000019E4	0x4	em1b/em10.cpp	local	lbl_em1b_rodata_19E4	lbl_em1b_rodata_19E4
.rodata	0x000019E8	0x4	em1b/em10.cpp	local	lbl_em1b_rodata_19E8	lbl_em1b_rodata_19E8
.rodata	0x000019EC	0x4	em1b/em10.cpp	local	lbl_em1b_rodata_19EC	lbl_em1b_rodata_19EC
.rodata	0x000019F0	0x4	em1b/em10.cpp	local	lbl_em1b_rodata_19F0	lbl_em1b_rodata_19F0
.rodata	0x000019F4	0x4	em1b/em10.cpp	local	lbl_em1b_rodata_19F4	lbl_em1b_rodata_19F4
.rodata	0x000019F8	0x4	em1b/em10.cpp	local	lbl_em1b_rodata_19F8	lbl_em1b_rodata_19F8
.rodata	0x000019FC	0x4	em1b/em10.cpp	local	lbl_em1b_rodata_19FC	lbl_em1b_rodata_19FC
.rodata	0x00001A00	0x4	em1b/em10.cpp	local	lbl_em1b_rodata_1A00	lbl_em1b_rodata_1A00
.rodata	0x00001A04	0x4	em1b/em10.cpp	local	lbl_em1b_rodata_1A04	lbl_em1b_rodata_1A04
.rodata	0x00001A08	0x4	em1b/em10.cpp	local	lbl_em1b_rodata_1A08	lbl_em1b_rodata_1A08
.rodata	0x00001A0C	0x4	em1b/em10.cpp	local	lbl_em1b_rodata_1A0C	lbl_em1b_rodata_1A0C
.rodata	0x00001A10	0x4	em1b/em10.cpp	local	lbl_em1b_rodata_1A10	lbl_em1b_rodata_1A10
.rodata	0x00001A14	0x4	em1b/em10.cpp	local	lbl_em1b_rodata_1A14	lbl_em1b_rodata_1A14
.rodata	0x00001A18	0x4	em1b/em10.cpp	local	lbl_em1b_rodata_1A18	lbl_em1b_rodata_1A18
.rodata	0x00001A1C	0x4	em1b/em10.cpp	local	lbl_em1b_rodata_1A1C	lbl_em1b_rodata_1A1C
.rodata	0x00001A20	0x4	em1b/em10.cpp	local	lbl_em1b_rodata_1A20	lbl_em1b_rodata_1A20
.rodata	0x00001A24	0x4	em1b/em10.cpp	local	lbl_em1b_rodata_1A24	lbl_em1b_rodata_1A24
.rodata	0x00001A28	0x4	em1b/em10.cpp	local	lbl_em1b_rodata_1A28	lbl_em1b_rodata_1A28
.rodata	0x00001A2C	0x4	em1b/em10.cpp	local	lbl_em1b_rodata_1A2C	lbl_em1b_rodata_1A2C
.rodata	0x00001A30	0x4	em1b/em10.cpp	local	lbl_em1b_rodata_1A30	lbl_em1b_rodata_1A30
.rodata	0x00001A34	0x4	em1b/em10.cpp	local	lbl_em1b_rodata_1A34	lbl_em1b_rodata_1A34
.rodata	0x00001A38	0x4	em1b/em10.cpp	local	lbl_em1b_rodata_1A38	lbl_em1b_rodata_1A38
.rodata	0x00001A3C	0x4	em1b/em10.cpp	local	lbl_em1b_rodata_1A3C	lbl_em1b_rodata_1A3C
.rodata	0x00001A40	0x4	em1b/em10.cpp	local	lbl_em1b_rodata_1A40	lbl_em1b_rodata_1A40
.rodata	0x00001A44	0x4	em1b/em10.cpp	local	lbl_em1b_rodata_1A44	lbl_em1b_rodata_1A44
.rodata	0x00001A48	0x4	em1b/em10.cpp	local	lbl_em1b_rodata_1A48	lbl_em1b_rodata_1A48
.rodata	0x00001A4C	0x4	em1b/em10.cpp	local	lbl_em1b_rodata_1A4C	lbl_em1b_rodata_1A4C
.rodata	0x00001A50	0x4	em1b/em10.cpp	local	lbl_em1b_rodata_1A50	lbl_em1b_rodata_1A50
.rodata	0x00001A54	0x1C	em1b/em10.cpp	local	lbl_em1b_rodata_1A54	lbl_em1b_rodata_1A54
.rodata	0x00001A70	0x4	em1b/em10.cpp	local	lbl_em1b_rodata_1A70	lbl_em1b_rodata_1A70
.rodata	0x00001A74	0x4	em1b/em10.cpp	local	lbl_em1b_rodata_1A74	lbl_em1b_rodata_1A74
.rodata	0x00001A78	0x4	em1b/em10.cpp	local	lbl_em1b_rodata_1A78	lbl_em1b_rodata_1A78
.rodata	0x00001A7C	0x4	em1b/em10.cpp	local	lbl_em1b_rodata_1A7C	lbl_em1b_rodata_1A7C
.rodata	0x00001A80	0x1C	em1b/em10.cpp	local	lbl_em1b_rodata_1A80	lbl_em1b_rodata_1A80
.rodata	0x00001A9C	0x4	em1b/em10.cpp	local	lbl_em1b_rodata_1A9C	lbl_em1b_rodata_1A9C
.rodata	0x00001AA0	0x4	em1b/em10.cpp	local	lbl_em1b_rodata_1AA0	lbl_em1b_rodata_1AA0
.rodata	0x00001AA4	0x4	em1b/em10.cpp	local	lbl_em1b_rodata_1AA4	lbl_em1b_rodata_1AA4
.rodata	0x00001AA8	0x4	em1b/em10.cpp	local	lbl_em1b_rodata_1AA8	lbl_em1b_rodata_1AA8
.rodata	0x00001AAC	0x4	em1b/em10.cpp	local	lbl_em1b_rodata_1AAC	lbl_em1b_rodata_1AAC
.rodata	0x00001AB0	0x4	em1b/em10.cpp	local	lbl_em1b_rodata_1AB0	lbl_em1b_rodata_1AB0
.rodata	0x00001AB4	0x4	em1b/em10.cpp	local	lbl_em1b_rodata_1AB4	lbl_em1b_rodata_1AB4
.rodata	0x00001AB8	0x4	em1b/em10.cpp	local	lbl_em1b_rodata_1AB8	lbl_em1b_rodata_1AB8
.rodata	0x00001ABC	0x4	em1b/em10.cpp	local	lbl_em1b_rodata_1ABC	lbl_em1b_rodata_1ABC
.rodata	0x00001AC0	0x4	em1b/em10.cpp	local	lbl_em1b_rodata_1AC0	lbl_em1b_rodata_1AC0
.rodata	0x00001AC4	0x4	em1b/em10.cpp	local	lbl_em1b_rodata_1AC4	lbl_em1b_rodata_1AC4
.rodata	0x00001AC8	0x4	em1b/em10.cpp	local	lbl_em1b_rodata_1AC8	lbl_em1b_rodata_1AC8
.rodata	0x00001ACC	0x4	em1b/em10.cpp	local	lbl_em1b_rodata_1ACC	lbl_em1b_rodata_1ACC
.rodata	0x00001AD0	0x4	em1b/em10.cpp	local	lbl_em1b_rodata_1AD0	lbl_em1b_rodata_1AD0
.rodata	0x00001AD4	0x4	em1b/em10.cpp	local	lbl_em1b_rodata_1AD4	lbl_em1b_rodata_1AD4
.rodata	0x00001AD8	0x4	em1b/em10.cpp	local	lbl_em1b_rodata_1AD8	lbl_em1b_rodata_1AD8
.rodata	0x00001ADC	0x4	em1b/em10.cpp	local	lbl_em1b_rodata_1ADC	lbl_em1b_rodata_1ADC
.rodata	0x00001AE0	0x4	em1b/em10.cpp	local	lbl_em1b_rodata_1AE0	lbl_em1b_rodata_1AE0
.rodata	0x00001AE4	0x4	em1b/em10.cpp	local	lbl_em1b_rodata_1AE4	lbl_em1b_rodata_1AE4
.rodata	0x00001AE8	0x4	em1b/em10.cpp	local	lbl_em1b_rodata_1AE8	lbl_em1b_rodata_1AE8
.rodata	0x00001AEC	0x4	em1b/em10.cpp	local	lbl_em1b_rodata_1AEC	lbl_em1b_rodata_1AEC
.rodata	0x00001AF0	0x4	em1b/em10.cpp	local	lbl_em1b_rodata_1AF0	lbl_em1b_rodata_1AF0
.rodata	0x00001AF4	0x4	em1b/em10.cpp	local	lbl_em1b_rodata_1AF4	lbl_em1b_rodata_1AF4
.rodata	0x00001AF8	0x4	em1b/em10.cpp	local	lbl_em1b_rodata_1AF8	lbl_em1b_rodata_1AF8
.rodata	0x00001AFC	0x4	em1b/em10.cpp	local	lbl_em1b_rodata_1AFC	lbl_em1b_rodata_1AFC
.rodata	0x00001B00	0x4	em1b/em10.cpp	local	lbl_em1b_rodata_1B00	lbl_em1b_rodata_1B00
.rodata	0x00001B04	0x4	em1b/em10.cpp	local	lbl_em1b_rodata_1B04	lbl_em1b_rodata_1B04
.rodata	0x00001B08	0x4	em1b/em10.cpp	local	lbl_em1b_rodata_1B08	lbl_em1b_rodata_1B08
.rodata	0x00001B0C	0x4	em1b/em10.cpp	local	lbl_em1b_rodata_1B0C	lbl_em1b_rodata_1B0C
.rodata	0x00001B10	0x28	em1b/em10.cpp	local	lbl_em1b_rodata_1B10	lbl_em1b_rodata_1B10
.rodata	0x00001B38	0x28	em1b/em10.cpp	local	lbl_em1b_rodata_1B38	lbl_em1b_rodata_1B38
.rodata	0x00001B60	0x38	em1b/em10.cpp	local	lbl_em1b_rodata_1B60	lbl_em1b_rodata_1B60
.rodata	0x00001B98	0x48	em1b/em10.cpp	local	lbl_em1b_rodata_1B98	lbl_em1b_rodata_1B98
.rodata	0x00001BE0	0x138	em1b/em10.cpp	global	_vt.5cEm10	_vt.5cEm10
.rodata	0x00001D18	0x28	em1b/em10.cpp	global	_vt.5cUnit	_vt.5cUnit
.rodata	0x00001DBC	0x28	em1b/em10_tmpl.cpp	local	lbl_em1b_rodata_1DBC	lbl_em1b_rodata_1DBC
.rodata	0x00001DE4	0x28	em1b/em10_tmpl.cpp	local	lbl_em1b_rodata_1DE4	lbl_em1b_rodata_1DE4
.rodata	0x00001E0C	0x38	em1b/em10_tmpl.cpp	local	lbl_em1b_rodata_1E0C	lbl_em1b_rodata_1E0C
.rodata	0x00001E44	0x28	em1b/em10_tmpl.cpp	local	lbl_em1b_rodata_1E44	lbl_em1b_rodata_1E44
.rodata	0x00001E6C	0x1C	em1b/em10_tmpl.cpp	local	lbl_em1b_rodata_1E6C	lbl_em1b_rodata_1E6C
.rodata	0x00001EC4	0x10	em1b/em1b_set.cpp	local	lbl_em1b_rodata_1EC4	lbl_em1b_rodata_1EC4
.data	0x00000000	0x4	em1b/em10.cpp	global	Em10SetFunc	Em10SetFunc
.data	0x00000004	0x14	em1b/em10.cpp	local	Em10_R0_move_tbl	Em10_R0_move_tbl
.data	0x00000018	0x370	em1b/em10.cpp	local	Em10_R1_move_tbl	Em10_R1_move_tbl
.data	0x00000388	0x58	em1b/em10.cpp	local	Em10_R1_dmg_tbl	Em10_R1_dmg_tbl
.data	0x000003E0	0x18	em1b/em10.cpp	local	Em10_R1_die_tbl	Em10_R1_die_tbl
.data	0x000003F8	0xB8	em1b/em10.cpp	local	Em10DmSetWep_tbl	Em10DmSetWep_tbl
.data	0x000004B0	0xA0	em1b/em10.cpp	local	em10_xflip_tbl	em10_xflip_tbl
.data	0x00000550	0x130	em1b/em10.cpp	local	Em10AtkTbl	Em10AtkTbl
.data	0x00000680	0x24	em1b/em10.cpp	local	em10_r101_bucket_pos	em10_r101_bucket_pos
.data	0x000006A4	0x24	em1b/em10.cpp	local	em10_r101_bucket_pos2	em10_r101_bucket_pos2
.data	0x000006C8	0x54	em1b/em10.cpp	local	em10_r101_cart_route	em10_r101_cart_route
.data	0x0000071C	0xC	em1b/em10.cpp	local	em10_campos2_r	em10_campos2_r
.data	0x00000728	0xC	em1b/em10.cpp	local	em10_campos2_l	em10_campos2_l
.data	0x00000734	0xF8	em1b/em10.cpp	local	em10_campos2_cam	em10_campos2_cam
.data	0x0000082C	0xC	em1b/em10.cpp	local	em10_hide_ofs_r	em10_hide_ofs_r
.data	0x00000838	0xC	em1b/em10.cpp	local	em10_hide_ofs_l	em10_hide_ofs_l
.data	0x00000844	0x4	em1b/em10.cpp	local	em10_chain_parts	em10_chain_parts
.data	0x00000848	0x4	em1b/em10.cpp	local	em10_chain_up	em10_chain_up
.data	0x0000084C	0x4	em1b/em10.cpp	local	em10_chain_down	em10_chain_down
.data	0x00000850	0xB4	em1b/em10.cpp	global	em10_chain_at	em10_chain_at
.data	0x00000904	0x8	em1b/em10.cpp	local	em10_belt_parts	em10_belt_parts
.data	0x0000090C	0x8	em1b/em10.cpp	local	em10_belt_up	em10_belt_up
.data	0x00000914	0x8	em1b/em10.cpp	local	em10_belt_down	em10_belt_down
.data	0x0000091C	0x20	em1b/em10.cpp	local	em10_belt_max	em10_belt_max
.data	0x0000093C	0x6	em1b/em10.cpp	local	em1f_cloth_parts	em1f_cloth_parts
.data	0x00000944	0x6	em1b/em10.cpp	local	em1f_cloth_up	em1f_cloth_up
.data	0x0000094C	0x6	em1b/em10.cpp	local	em1f_cloth_down	em1f_cloth_down
.data	0x00000954	0x18	em1b/em10.cpp	local	em1f_cloth_max	em1f_cloth_max
.data	0x0000096C	0x24	em1b/em10.cpp	global	em1f_cloth_at	em1f_cloth_at
.bss	0x00000000	0x34	em1b/em10.cpp	global	common_em1b	common_em1b
