address	size	section	unit	scope	name	demangled
0x800034A0	0x3F8	.text	game/cam_ctrl.cpp	global	HermiteExport__13CameraControlP9CameraCutPUc	CameraControl::HermiteExport
0x80003898	0x18	.text	game/cam_ctrl.cpp	global	IsChangeCamera__13CameraControl	CameraControl::IsChangeCamera
0x800038B0	0x58	.text	game/cam_ctrl.cpp	global	Comeback__13CameraControli	CameraControl::Comeback
0x80003908	0x18	.text	game/cam_ctrl.cpp	global	Disable__13CameraControl	CameraControl::Disable
0x80003920	0x38	.text	game/cam_ctrl.cpp	global	AreaCheckOnOff__13CameraControli	CameraControl::AreaCheckOnOff
0x80003958	0xC	.text	game/cam_ctrl.cpp	global	AreaNum__13CameraControl	CameraControl::AreaNum
0x80003964	0xC	.text	game/cam_ctrl.cpp	global	CurrentAreaNo__13CameraControl	CameraControl::CurrentAreaNo
0x80003970	0xC	.text	game/cam_ctrl.cpp	global	CurrentCameraNo__13CameraControl	CameraControl::CurrentCameraNo
0x8000397C	0x64	.text	game/cam_ctrl.cpp	global	DataSearch__13CameraControli	CameraControl::DataSearch
0x800039E0	0x94	.text	game/cam_ctrl.cpp	global	LerpDataSearch__13CameraControliiii	CameraControl::LerpDataSearch
0x80003A74	0x1E4	.text	game/cam_ctrl.cpp	global	calcAddr__13CameraControlP16CameraDataHeader	CameraControl::calcAddr
0x80003C58	0x40	.text	game/cam_ctrl.cpp	global	RoomDataRead__13CameraControlP16CameraDataHeader	CameraControl::RoomDataRead
0x80003C98	0x28	.text	game/cam_ctrl.cpp	global	CoreDataRead__13CameraControlP16CameraDataHeader	CameraControl::CoreDataRead
0x80003CC0	0x3F4	.text	game/cam_ctrl.cpp	global	cameraHitCheck__FP3VecN30	cameraHitCheck
0x800040B4	0x7C	.text	game/cam_ctrl.cpp	global	CameraSetCutData__FP6CAMERAP9CameraCut	CameraSetCutData
0x80004130	0x5C	.text	game/cam_ctrl.cpp	global	AreaOnOff__13CameraControliii	CameraControl::AreaOnOff
0x8000418C	0x64	.text	game/cam_ctrl.cpp	global	SetAreaAttr__13CameraControliiUc	CameraControl::SetAreaAttr
0x800041F0	0x68	.text	game/cam_ctrl.cpp	global	UnsetAreaAttr__13CameraControliiUc	CameraControl::UnsetAreaAttr
0x80004258	0xD4	.text	game/cam_ctrl.cpp	global	CutCall__13CameraControli	CameraControl::CutCall
0x8000432C	0x444	.text	game/cam_ctrl.cpp	global	switchCamera__13CameraControlP13CameraAreaRec	CameraControl::switchCamera
0x80004770	0x30	.text	game/cam_ctrl.cpp	global	areaAttr__FP14CameraAreaInfoUcUc	areaAttr
0x800047A0	0x128	.text	game/cam_ctrl.cpp	global	areaHit__FP3VecP14CameraAreaInfof	areaHit
0x800048C8	0x168	.text	game/cam_ctrl.cpp	global	area_hit_p3__FP3VecP14CameraAreaInfo	area_hit_p3
0x80004A30	0x1F4	.text	game/cam_ctrl.cpp	global	area_hit_pN__FP3VecP14CameraAreaInfo	area_hit_pN
0x80004C24	0x470	.text	game/cam_ctrl.cpp	global	areaHitCheck__13CameraControl	CameraControl::areaHitCheck
0x80005094	0x268	.text	game/cam_ctrl.cpp	global	roomInit__13CameraControl	CameraControl::roomInit
0x800052FC	0x18C	.text	game/cam_ctrl.cpp	global	Check__13CameraControl	CameraControl::Check
0x80005488	0x6F8	.text	game/cam_ctrl.cpp	global	Move__13CameraControl	CameraControl::Move
0x80005B80	0x88	.text	game/cam_ctrl.cpp	global	CalcAim__13CameraControlP9CameraCut	CameraControl::CalcAim
0x80005C08	0xC	.text	game/cam_ctrl.cpp	global	getCameraPitch__13CameraControl	CameraControl::getCameraPitch
0x80005C14	0x5C	.text	game/cam_ctrl.cpp	global	set__19CameraInterpolationiP11CameraParam	CameraInterpolation::set
0x80005C70	0x200	.text	game/cam_ctrl.cpp	global	move__19CameraInterpolationP11CameraParam	CameraInterpolation::move
0x80005E70	0x5C	.text	game/cam_ctrl.cpp	global	init__12CameraSmoothP11CameraParam	CameraSmooth::init
0x80005ECC	0x128	.text	game/cam_ctrl.cpp	global	move__12CameraSmoothP11CameraParam	CameraSmooth::move
0x80005FF4	0x4	.text	game/cam_ctrl.cpp	global	r0_Wait__13CameraControl	CameraControl::r0_Wait
0x80005FF8	0x418	.text	game/cam_ctrl.cpp	global	r0_Debug__13CameraControl	CameraControl::r0_Debug
0x80006410	0xAC	.text	game/cam_ctrl.cpp	global	r0_Fix__13CameraControl	CameraControl::r0_Fix
0x800064BC	0x1C0	.text	game/cam_ctrl.cpp	global	r0_Pan__13CameraControl	CameraControl::r0_Pan
0x8000667C	0x1AC	.text	game/cam_ctrl.cpp	global	r0_Track__13CameraControl	CameraControl::r0_Track
0x80006828	0x1EC	.text	game/cam_ctrl.cpp	global	r0_RailPan__13CameraControl	CameraControl::r0_RailPan
0x80006A14	0x4	.text	game/cam_ctrl.cpp	global	r0_UpCut__13CameraControl	CameraControl::r0_UpCut
0x80006A18	0xDC0	.text	game/cam_ctrl.cpp	global	r0_RailBehind__13CameraControl	CameraControl::r0_RailBehind
0x800077D8	0x730	.text	game/cam_ctrl.cpp	global	r0_Free__13CameraControl	CameraControl::r0_Free
0x80007F08	0x18	.text	game/cam_ctrl.cpp	global	CamCtrlShoulderSetSearchFrame__Fs	CamCtrlShoulderSetSearchFrame
0x80007F20	0x24	.text	game/cam_ctrl.cpp	global	CamCtrlShoulderSetAim__FP3Vec	CamCtrlShoulderSetAim
0x80007F44	0x1C	.text	game/cam_ctrl.cpp	global	resetCameraAngle__13CameraControl	CameraControl::resetCameraAngle
0x80007F60	0x1C	.text	game/cam_ctrl.cpp	global	getCameraDirection__13CameraControl	CameraControl::getCameraDirection
0x80007F7C	0x3F0	.text	game/cam_ctrl.cpp	global	Parametrize__FP9CameraCutP13CameraBSpline	Parametrize
0x8000836C	0x118	.text	game/cam_ctrl.cpp	global	BSpline__FP13CameraBSplineP6CAMERAi	BSpline
0x80008484	0x2F0	.text	game/cam_ctrl.cpp	global	searchRail__FP13CameraBSplineP9CameraCutP3Veci	searchRail
0x80008774	0x1D8	.text	game/cam_ctrl.cpp	global	debugDrawRail__13CameraControlP9CameraCut	CameraControl::debugDrawRail
0x8000894C	0xB8	.text	game/cam_ctrl.cpp	global	UpCutCall__13CameraControliP3VecN22i	CameraControl::UpCutCall
0x80008A04	0x48	.text	game/cam_ctrl.cpp	global	startPushObject__13CameraControl	CameraControl::startPushObject
0x80008A4C	0x5C	.text	game/cam_ctrl.cpp	global	endPushObject__13CameraControl	CameraControl::endPushObject
0x80008AA8	0xA8	.text	game/cam_ctrl.cpp	global	StartLookDownEm__13CameraControlPv	CameraControl::StartLookDownEm
0x80008B50	0x6C	.text	game/cam_ctrl.cpp	global	EndLookDownEm__13CameraControl	CameraControl::EndLookDownEm
0x80008BBC	0x80	.text	game/cam_ctrl.cpp	global	startScope__13CameraControlP3VecT1	CameraControl::startScope
0x80008C3C	0x94	.text	game/cam_ctrl.cpp	global	endScope__13CameraControl	CameraControl::endScope
0x80008CD0	0x50	.text	game/cam_ctrl.cpp	global	getTrajectory__13CameraControlP3VecT1	CameraControl::getTrajectory
0x80008D20	0x48	.text	game/cam_ctrl.cpp	global	saveScopeParam__13CameraControl	CameraControl::saveScopeParam
0x80008D68	0x48	.text	game/cam_ctrl.cpp	global	loadScopeParam__13CameraControl	CameraControl::loadScopeParam
0x80008DB0	0x24	.text	game/cam_ctrl.cpp	global	SetBinocularRange__13CameraControlffff	CameraControl::SetBinocularRange
0x80008DD4	0x90	.text	game/cam_ctrl.cpp	global	HoldBinocular__13CameraControlPvT1P3VecT3	CameraControl::HoldBinocular
0x80008E64	0x8C	.text	game/cam_ctrl.cpp	global	LowerBinocular__13CameraControl	CameraControl::LowerBinocular
0x80008EF0	0x1C	.text	game/cam_ctrl.cpp	global	GetBinocularIDAddr__13CameraControlPPvT1	CameraControl::GetBinocularIDAddr
0x80008F0C	0x80	.text	game/cam_ctrl.cpp	global	MotionSet__13CameraControlPvif	CameraControl::MotionSet
0x80008F8C	0x18	.text	game/cam_ctrl.cpp	global	IsMotionSet__13CameraControl	CameraControl::IsMotionSet
0x80008FA4	0x2C	.text	game/cam_ctrl.cpp	global	IsMotionEnd__13CameraControl	CameraControl::IsMotionEnd
0x80008FD0	0xC	.text	game/cam_ctrl.cpp	global	setMotionBaseMatPtr__13CameraControlPA2_A3_f	CameraControl::setMotionBaseMatPtr
0x80008FDC	0xC	.text	game/cam_ctrl.cpp	global	getMotionInfoPtr__13CameraControl	CameraControl::getMotionInfoPtr
0x80008FE8	0x34	.text	game/cam_ctrl.cpp	global	clearAttachCamera__13CameraControl	CameraControl::clearAttachCamera
0x8000901C	0xA8	.text	game/cam_ctrl.cpp	global	registAttachCamera__13CameraControlP12AttachCameraP6cModel	CameraControl::registAttachCamera
0x800090C4	0x58	.text	game/cam_ctrl.cpp	global	deleteAttachCamera__13CameraControlP12AttachCameraP6cModel	CameraControl::deleteAttachCamera
0x8000911C	0x5C	.text	game/cam_ctrl.cpp	global	getAttachModel__13CameraControlP6cModel	CameraControl::getAttachModel
0x80009178	0x80	.text	game/cam_ctrl.cpp	global	getAttachCamera__13CameraControlP6cModel	CameraControl::getAttachCamera
0x800091F8	0x1D8	.text	game/cam_ctrl.cpp	global	checkAttachCamera__13CameraControl	CameraControl::checkAttachCamera
0x800093D0	0xDC	.text	game/cam_ctrl.cpp	global	cameraDataVersion__FPc	cameraDataVersion
0x800094AC	0x48	.text	game/cam_ctrl.cpp	global	log__t8cManager1Z6cLightPCce	cManager<cLight>::log
0x800094F4	0xBC	.text	game/cam_ctrl.cpp	global	countActiveWork__t8cManager1Z6cLight	cManager<cLight>::countActiveWork
0x800095B0	0x158	.text	game/cam_ctrl.cpp	global	create__t8cManager1Z6cLighti	cManager<cLight>::create
0x80009708	0x24	.text	game/cam_ctrl.cpp	global	create__t8cManager1Z6cLight	cManager<cLight>::create
0x8000972C	0x4	.text	game/cam_ctrl.cpp	global	__static_initialization_and_destruction_0	__static_initialization_and_destruction_0
0x80009730	0x2C	.text	game/cam_ctrl.cpp	global	_GLOBAL_.I.g_pToolCamData	global constructors keyed to g_pToolCamData
0x8000975C	0x2C	.text	game/cam_ctrl.cpp	global	_GLOBAL_.D.g_pToolCamData	global destructors keyed to g_pToolCamData
0x80009788	0xA0	.text	game/card.cpp	global	debugInfoDisp	debugInfoDisp
0x80009828	0x34	.text	game/card.cpp	global	__5cCard	cCard::cCard
0x8000985C	0x48	.text	game/card.cpp	global	_._5cCard	cCard::~cCard
0x800098A4	0x38	.text	game/card.cpp	global	CardInit	CardInit
0x800098DC	0x140	.text	game/card.cpp	global	slotSelect__5cCard	cCard::slotSelect
0x80009A1C	0x368	.text	game/card.cpp	global	inSlotCheck__5cCard	cCard::inSlotCheck
0x80009D84	0x90C	.text	game/card.cpp	global	dataSelect__5cCard	cCard::dataSelect
0x8000A690	0x47C	.text	game/card.cpp	global	loadMain__5cCard	cCard::loadMain
0x8000AB0C	0x484	.text	game/card.cpp	global	makeSaveData__5cCard	cCard::makeSaveData
0x8000AF90	0x2B4	.text	game/card.cpp	global	makeSystemSaveData__5cCard	cCard::makeSystemSaveData
0x8000B244	0x734	.text	game/card.cpp	global	saveMain__5cCard	cCard::saveMain
0x8000B978	0x27C	.text	game/card.cpp	global	exit__5cCard	cCard::exit
0x8000BBF4	0x80	.text	game/card.cpp	global	workDestroy__5cCard	cCard::workDestroy
0x8000BC74	0x404	.text	game/card.cpp	global	format__5cCard	cCard::format
0x8000C078	0x308	.text	game/card.cpp	global	fileDelete__5cCard	cCard::fileDelete
0x8000C380	0x854	.text	game/card.cpp	global	errorDisp__5cCard	cCard::errorDisp
0x8000CBD4	0x18	.text	game/card.cpp	global	errorSet__5cCardi	cCard::errorSet
0x8000CBEC	0x37C	.text	game/card.cpp	global	initialize__5cCardi	cCard::initialize
0x8000CF68	0xEC	.text	game/card.cpp	global	initSub__5cCard	cCard::initSub
0x8000D054	0x148	.text	game/card.cpp	global	workAlloc__5cCard	cCard::workAlloc
0x8000D19C	0xCC	.text	game/card.cpp	global	getUseMemSize__5cCard	cCard::getUseMemSize
0x8000D268	0xA8	.text	game/card.cpp	global	fileCreate__5cCardPUciP8CardSlot	cCard::fileCreate
0x8000D310	0xA4	.text	game/card.cpp	global	makeCardStatus__5cCardP8CardSlot	cCard::makeCardStatus
0x8000D3B4	0x214	.text	game/card.cpp	global	firstCheck00__5cCard	cCard::firstCheck00
0x8000D5C8	0x200	.text	game/card.cpp	global	firstCheck10__5cCard	cCard::firstCheck10
0x8000D7C8	0xE4	.text	game/card.cpp	global	firstCheck20__5cCard	cCard::firstCheck20
0x8000D8AC	0xC	.text	game/card.cpp	global	firstCheck30__5cCard	cCard::firstCheck30
0x8000D8B8	0x10	.text	game/card.cpp	global	CardCheckDone	CardCheckDone
0x8000D8C8	0x128	.text	game/card.cpp	global	MainLoop__5cCardi	cCard::MainLoop
0x8000D9F0	0x180	.text	game/card.cpp	global	CardMainTask	CardMainTask
0x8000DB70	0x68	.text	game/card.cpp	global	CardLoad	CardLoad
0x8000DBD8	0xBC	.text	game/card.cpp	global	CardSave	CardSave
0x8000DC94	0x48	.text	game/card.cpp	global	CardSysSave	CardSysSave
0x8000DCDC	0x5C	.text	game/card.cpp	global	CardFirstCheck	CardFirstCheck
0x8000DD38	0xE0	.text	game/card.cpp	global	existCheck__5cCardiP8CardSlot	cCard::existCheck
0x8000DE18	0x144	.text	game/card.cpp	global	mount__5cCardPUcP8CardSlot	cCard::mount
0x8000DF5C	0x88	.text	game/card.cpp	global	unmount__5cCardi	cCard::unmount
0x8000DFE4	0x120	.text	game/card.cpp	global	verifyCheck__5cCardPUcP8CardSlot	cCard::verifyCheck
0x8000E104	0x1F4	.text	game/card.cpp	global	freeCheck__5cCardPUcP8CardSlot	cCard::freeCheck
0x8000E2F8	0xCC	.text	game/card.cpp	global	fileOpen__5cCardP8CardSlot	cCard::fileOpen
0x8000E3C4	0x90	.text	game/card.cpp	global	fileClose__5cCardP8CardSlot	cCard::fileClose
0x8000E454	0x5A4	.text	game/card.cpp	global	saveFileCheck__5cCardPUcP8CardSlot	cCard::saveFileCheck
0x8000E9F8	0x128	.text	game/card.cpp	global	systemFileCheck__5cCardPUcP8CardSlot	cCard::systemFileCheck
0x8000EB20	0xBC	.text	game/card.cpp	global	fileRead__5cCardPUcPvllP8CardSlot	cCard::fileRead
0x8000EBDC	0xA8	.text	game/card.cpp	global	fileWrite__5cCardPUcPviP8CardSlot	cCard::fileWrite
0x8000EC84	0x2A8	.text	game/card.cpp	global	sysfileRead__5cCardPUcT1i	cCard::sysfileRead
0x8000EF2C	0x464	.text	game/card.cpp	global	createSysfile__5cCard	cCard::createSysfile
0x8000F390	0xB0	.text	game/card.cpp	global	screenTrans__5cCard	cCard::screenTrans
0x8000F440	0x68	.text	game/card.cpp	global	cardMesSet__5cCardiiUl	cCard::cardMesSet
0x8000F4A8	0xA0	.text	game/card.cpp	global	calcTplAddr__5cCardP10TEXPalette	cCard::calcTplAddr
0x8000F548	0x54	.text	game/card.cpp	global	setMsgWindow__5cCardii	cCard::setMsgWindow
0x8000F59C	0x54	.text	game/card.cpp	global	CRCInit	CRCInit
0x8000F5F0	0x48	.text	game/card.cpp	global	CRCCalc	CRCCalc
0x8000F638	0x58	.text	game/card.cpp	global	CRCVerify	CRCVerify
0x8000F690	0x90	.text	game/card.cpp	global	CardDbgCacheSet	CardDbgCacheSet
0x8000F720	0xA90	.text	game/card.cpp	global	dispSaveInfo__FiP8SaveInfoii	dispSaveInfo
0x800101B0	0x104	.text	game/card.cpp	global	updateSaveInfo__6CardIDP5cCard	CardID::updateSaveInfo
0x800102B4	0x3EC	.text	game/card.cpp	global	init__6CardIDiP7CardArc	CardID::init
0x800106A0	0x1F8	.text	game/card.cpp	global	move__6CardIDP5cCard	CardID::move
0x80010898	0x130	.text	game/card.cpp	global	wait__6CardIDP5cCard	CardID::wait
0x800109C8	0x50	.text	game/card.cpp	global	start__6CardIDP5cCard	CardID::start
0x80010A18	0xF4	.text	game/card.cpp	global	normal__6CardIDP5cCard	CardID::normal
0x80010B0C	0x2DC	.text	game/card.cpp	global	up_down__6CardIDP5cCard	CardID::up_down
0x80010DE8	0x114	.text	game/card.cpp	global	save__6CardIDP5cCard	CardID::save
0x80010EFC	0x40	.text	game/card.cpp	global	quit__6CardID	CardID::quit
0x80010F3C	0x8	.text	game/card.cpp	global	setAction__6CardIDi	CardID::setAction
0x80010F44	0x94	.text	game/card.cpp	global	setMsgBG	setMsgBG
0x80010FD8	0x48	.text	game/ctrl01.cpp	global	log__t8cManager1Z5cCtrlPCce	cManager<cCtrl>::log
0x80011020	0x30	.text	game/ctrl11.cpp	global	move__7cCtrl11	cCtrl11::move
0x80011050	0xA4	.text	game/ctrl11.cpp	global	GetCtrlCtrl11__Fv	GetCtrlCtrl11
0x800110F4	0x90	.text	game/ctrl11.cpp	global	Ctrl11SetSe__FP5cCtrlP6cModelsUsi	Ctrl11SetSe
0x80011184	0x98	.text	game/ctrl11.cpp	global	Ctrl11SetSe2__FP5cCtrlP6cModelsUsiUs	Ctrl11SetSe2
0x8001121C	0xA0	.text	game/ctrl11.cpp	global	Ctrl11StopAndSetSe__FP5cCtrlP6cModelsUsi	Ctrl11StopAndSetSe
0x800112BC	0x84	.text	game/ctrl11.cpp	global	Ctrl11SetSeEm38__FP5cCtrlP6cModelUs	Ctrl11SetSeEm38
0x80011340	0xBC	.text	game/ctrl11.cpp	global	countActiveWork__t8cManager1Z5cCtrl	cManager<cCtrl>::countActiveWork
0x800113FC	0x170	.text	game/ctrl11.cpp	global	createBack__t8cManager1Z5cCtrli	cManager<cCtrl>::createBack
0x8001156C	0x4	.text	game/ctrl11.cpp	global	beginEvent__5cUnit	cUnit::beginEvent
0x80011570	0x4	.text	game/ctrl11.cpp	global	endEvent__5cUnit	cUnit::endEvent
0x80011574	0x20	.text	game/ctrl11.cpp	global	_._7cCtrl11	cCtrl11::~cCtrl11
0x80011594	0x48	.text	game/ctrl11.cpp	global	_._5cUnit	cUnit::~cUnit
0x800115DC	0x4	.text	game/ctrl11.cpp	global	__dl__5cUnitPvUi	cUnit::operator delete
0x800115E0	0x4C	.text	game/ctrl12.cpp	global	move__7cCtrl12	cCtrl12::move
0x8001162C	0xA4	.text	game/ctrl12.cpp	global	GetCtrlCtrl12__Fv	GetCtrlCtrl12
0x800116D0	0x2C	.text	game/ctrl12.cpp	global	Ctrl12Set__FP5cCtrlis	Ctrl12Set
0x800116FC	0x44	.text	game/ctrl12.cpp	global	Ctrl12Ck__FP5cCtrli	Ctrl12Ck
0x80011740	0x34	.text	game/ctrl12.cpp	global	Ctrl12CntAdd__FP5cCtrlii	Ctrl12CntAdd
0x80011774	0x48	.text	game/ctrl12.cpp	global	Ctrl12CntCk__FP5cCtrliUs	Ctrl12CntCk
0x800117BC	0x98	.text	game/ctrl12.cpp	global	Ctrl12GetTexRenderEm2b__FP5cCtrl	Ctrl12GetTexRenderEm2b
0x80011854	0x5C	.text	game/ctrl12.cpp	global	Ctrl12GetTexRenderEm2c__FP5cCtrl	Ctrl12GetTexRenderEm2c
0x800118B0	0x5C	.text	game/ctrl12.cpp	global	Ctrl12GetTexRenderEm32__FP5cCtrl	Ctrl12GetTexRenderEm32
0x8001190C	0x20	.text	game/ctrl12.cpp	global	_._7cCtrl12	cCtrl12::~cCtrl12
0x8001192C	0x268	.text	game/ctrl14.cpp	global	GetCtrlDragon__FUl	GetCtrlDragon
0x80011B94	0x290	.text	game/ctrl14.cpp	global	move__7cCtrl14	cCtrl14::move
0x80011E24	0x38	.text	game/ctrl14.cpp	global	getBaseMtx__7cCtrl14PA3_fi	cCtrl14::getBaseMtx
0x80011E5C	0x2C	.text	game/ctrl14.cpp	global	getPos__7cCtrl14P3Vec	cCtrl14::getPos
0x80011E88	0x20	.text	game/ctrl14.cpp	global	getDir__7cCtrl14	cCtrl14::getDir
0x80011EA8	0x54	.text	game/ctrl14.cpp	global	getDir2__7cCtrl14	cCtrl14::getDir2
0x80011EFC	0x16C	.text	game/ctrl14.cpp	global	addWidth__7cCtrl14f	cCtrl14::addWidth
0x80012068	0xCC	.text	game/ctrl14.cpp	global	addHeight__7cCtrl14f	cCtrl14::addHeight
0x80012134	0x90	.text	game/ctrl14.cpp	global	addDir__7cCtrl14f	cCtrl14::addDir
0x800121C4	0x60	.text	game/ctrl14.cpp	global	setDir__7cCtrl14f	cCtrl14::setDir
0x80012224	0x70	.text	game/ctrl14.cpp	global	resetDir__7cCtrl14	cCtrl14::resetDir
0x80012294	0xE0	.text	game/ctrl14.cpp	global	setFire__7cCtrl14	cCtrl14::setFire
0x80012374	0xD8	.text	game/ctrl14.cpp	global	ckHitFire__7cCtrl14P3Vec	cCtrl14::ckHitFire
0x8001244C	0x21C	.text	game/ctrl14.cpp	global	ckHitFireBlocked__7cCtrl14	cCtrl14::ckHitFireBlocked
0x80012668	0x20	.text	game/ctrl14.cpp	global	_._7cCtrl14	cCtrl14::~cCtrl14
0x80012688	0x25C	.text	game/emBar.cpp	global	SetBar	SetBar
0x800128E4	0x19C	.text	game/emBar.cpp	global	emBarDmCk	emBarDmCk
0x80012A80	0x134	.text	game/emBar.cpp	global	emBarSetBreak	emBarSetBreak
0x80012BB4	0x58	.text	game/emBar.cpp	global	move__6cEmBar	cEmBar::move
0x80012C0C	0x1C	.text	game/emBar.cpp	global	emBar_R0_Init	emBar_R0_Init
0x80012C28	0x34	.text	game/emBar.cpp	global	emBar_R0_Move	emBar_R0_Move
0x80012C5C	0x11C	.text	game/emBar.cpp	global	emBar_R1_Set	emBar_R1_Set
0x80012D78	0x30	.text	game/emBar.cpp	global	emBarActEscape	emBarActEscape
0x80012DA8	0xB4	.text	game/emBar.cpp	global	plemEscape	plemEscape
0x80012E5C	0x84	.text	game/emBar.cpp	global	emBar_R1_Break	emBar_R1_Break
0x80012EE0	0x64	.text	game/emBar.cpp	global	emBarYarareInit	emBarYarareInit
0x80012F44	0x8	.text	game/emBar.cpp	global	setEff__6cEmBarUc	cEmBar::setEff
0x80012F4C	0x8	.text	game/emBar.cpp	global	setMotion__6cEmBarPv	cEmBar::setMotion
0x80012F54	0x18C	.text	game/emBar.cpp	global	emBarHitCk	emBarHitCk
0x800130E0	0x48	.text	game/emBar.cpp	global	log__t8cManager1Z3cEmPCce	cManager<cEm>::log
0x80013128	0xBC	.text	game/emBar.cpp	global	countActiveWork__t8cManager1Z3cEm	cManager<cEm>::countActiveWork
0x800131E4	0x158	.text	game/emBar.cpp	global	create__t8cManager1Z3cEmi	cManager<cEm>::create
0x8001333C	0x20	.text	game/emBar.cpp	global	_._6cEmBar	cEmBar::~cEmBar
0x8001335C	0x330	.text	game/emwep.cpp	global	SetWeapon	SetWeapon
0x8001368C	0x44	.text	game/emwep.cpp	global	beginEvent__6cEmWepUl	cEmWep::beginEvent
0x800136D0	0x53C	.text	game/emwep.cpp	global	emWepDmCk	emWepDmCk
0x80013C0C	0x1D8	.text	game/emwep.cpp	global	move__6cEmWep	cEmWep::move
0x80013DE4	0x1C	.text	game/emwep.cpp	global	emWep_R0_Init	emWep_R0_Init
0x80013E00	0x38	.text	game/emwep.cpp	global	emWep_R0_Move	emWep_R0_Move
0x80013E38	0x10C	.text	game/emwep.cpp	global	emWep_R1_Set	emWep_R1_Set
0x80013F44	0x174	.text	game/emwep.cpp	global	emWep_R1_LostWait	emWep_R1_LostWait
0x800140B8	0xA4	.text	game/emwep.cpp	global	emWep_R1_Lost	emWep_R1_Lost
0x8001415C	0x68	.text	game/emwep.cpp	local	emWep_R1_Parent	emWep_R1_Parent
0x800141C4	0x8C8	.text	game/emwep.cpp	global	emWep_R1_Fall	emWep_R1_Fall
0x80014A8C	0x48C	.text	game/emwep.cpp	global	emWep_R1_Throw	emWep_R1_Throw
0x80014F18	0x344	.text	game/emwep.cpp	global	emWep_R1_ThrowScythe	emWep_R1_ThrowScythe
0x8001525C	0x7C8	.text	game/emwep.cpp	global	emWep_R1_Shot	emWep_R1_Shot
0x80015A24	0x5E8	.text	game/emwep.cpp	global	emWep_R1_ShotArrow	emWep_R1_ShotArrow
0x8001600C	0x25C	.text	game/emwep.cpp	global	emWep_R1_Rocket	emWep_R1_Rocket
0x80016268	0x238	.text	game/emwep.cpp	global	emWepRocketBobm	emWepRocketBobm
0x800164A0	0x190	.text	game/emwep.cpp	global	emWepArrowBomb	emWepArrowBomb
0x80016630	0x624	.text	game/emwep.cpp	global	emWep_R1_BombThrow	emWep_R1_BombThrow
0x80016C54	0x450	.text	game/emwep.cpp	global	emWep_R1_FlashThrow	emWep_R1_FlashThrow
0x800170A4	0x508	.text	game/emwep.cpp	global	emWep_R1_GrenadeThrow	emWep_R1_GrenadeThrow
0x800175AC	0xDC	.text	game/emwep.cpp	global	emWepEscapeAction	emWepEscapeAction
0x80017688	0x1FC	.text	game/emwep.cpp	global	plemEscape_80017688	plemEscape
0x80017884	0x2C0	.text	game/emwep.cpp	global	plemBackjump	plemBackjump
0x80017B44	0x200	.text	game/emwep.cpp	global	plemFrontEscape	plemFrontEscape
0x80017D44	0x258	.text	game/emwep.cpp	global	emWepEscapeCamMove	emWepEscapeCamMove
0x80017F9C	0x4C	.text	game/emwep.cpp	global	setParent__6cEmWepP3cEmii	cEmWep::setParent
0x80017FE8	0x1EC	.text	game/emwep.cpp	global	setFall__6cEmWepiP3Vecf	cEmWep::setFall
0x800181D4	0x21C	.text	game/emwep.cpp	global	setThrow__6cEmWepP3VecP9EmAtkInfof	cEmWep::setThrow
0x800183F0	0x1C4	.text	game/emwep.cpp	global	setThrowScythe__6cEmWepP3VecP9EmAtkInfo	cEmWep::setThrowScythe
0x800185B4	0x224	.text	game/emwep.cpp	global	setShot__6cEmWepP3VecP9EmAtkInfo	cEmWep::setShot
0x800187D8	0x224	.text	game/emwep.cpp	global	setShotArrow__6cEmWepP3VecP9EmAtkInfo	cEmWep::setShotArrow
0x800189FC	0x21C	.text	game/emwep.cpp	global	setRocket__6cEmWepP3cEmP3VecP9EmAtkInfo	cEmWep::setRocket
0x80018C18	0x1FC	.text	game/emwep.cpp	global	setBombThrow__6cEmWepP3Veci	cEmWep::setBombThrow
0x80018E14	0x1E0	.text	game/emwep.cpp	global	setFlashThrow__6cEmWepP3Veci	cEmWep::setFlashThrow
0x80018FF4	0x21C	.text	game/emwep.cpp	global	setGrenadeThrow__6cEmWepP3VeciPvN33	cEmWep::setGrenadeThrow
0x80019210	0x1C	.text	game/emwep.cpp	global	setSeFall__6cEmWepUcUcUc	cEmWep::setSeFall
0x8001922C	0x14	.text	game/emwep.cpp	global	setSeDamage__6cEmWepUcUcUc	cEmWep::setSeDamage
0x80019240	0x14	.text	game/emwep.cpp	global	setSeHit__6cEmWepUcUcUc	cEmWep::setSeHit
0x80019254	0x14	.text	game/emwep.cpp	global	setSeHitWall__6cEmWepUcUcUc	cEmWep::setSeHitWall
0x80019268	0x18	.text	game/emwep.cpp	global	setSeThrow__6cEmWepUcUcUcUc	cEmWep::setSeThrow
0x80019280	0x1C	.text	game/emwep.cpp	global	setSeAlways__6cEmWepUcUcUcUc	cEmWep::setSeAlways
0x8001929C	0x10	.text	game/emwep.cpp	global	setEffFall__6cEmWepUcUc	cEmWep::setEffFall
0x800192AC	0x10	.text	game/emwep.cpp	global	setEffDamage__6cEmWepUcUc	cEmWep::setEffDamage
0x800192BC	0x10	.text	game/emwep.cpp	global	setEffHit__6cEmWepUcUc	cEmWep::setEffHit
0x800192CC	0x10	.text	game/emwep.cpp	global	setEffWater__6cEmWepUcUc	cEmWep::setEffWater
0x800192DC	0x4C	.text	game/emwep.cpp	global	setEffAlways__6cEmWepUcUc	cEmWep::setEffAlways
0x80019328	0x3C	.text	game/emwep.cpp	global	setEffAlways2__6cEmWepUcUcUcP3VecUs	cEmWep::setEffAlways2
0x80019364	0x84	.text	game/emwep.cpp	global	setYarare__6cEmWepffP3Vec	cEmWep::setYarare
0x800193E8	0x84	.text	game/emwep.cpp	global	setYarareCube__6cEmWepfffP3Vec	cEmWep::setYarareCube
0x8001946C	0x34	.text	game/emwep.cpp	global	setTransMode__6cEmWepi	cEmWep::setTransMode
0x800194A0	0x8	.text	game/emwep.cpp	global	setAtNo__6cEmWepi	cEmWep::setAtNo
0x800194A8	0x30	.text	game/emwep.cpp	global	setLost__6cEmWep	cEmWep::setLost
0x800194D8	0x3C	.text	game/emwep.cpp	global	setWaitDrop__6cEmWep	cEmWep::setWaitDrop
0x80019514	0x208	.text	game/emwep.cpp	global	emWepPlHeadLost	emWepPlHeadLost
0x8001971C	0x28C	.text	game/emwep.cpp	global	emWepShotHitVaseCk	emWepShotHitVaseCk
0x800199A8	0x278	.text	game/emwep.cpp	global	emWepShotHitWindowCk	emWepShotHitWindowCk
0x80019C20	0xFC	.text	game/emwep.cpp	global	setCloth__6cEmWepP6cModel	cEmWep::setCloth
0x80019D1C	0xA8	.text	game/emwep.cpp	global	moveCloth__6cEmWep	cEmWep::moveCloth
0x80019DC4	0x370	.text	game/emwep.cpp	global	setParentMatCalc__6cEmWepi	cEmWep::setParentMatCalc
0x8001A134	0x170	.text	game/emwep.cpp	global	createBack__t8cManager1Z3cEmi	cManager<cEm>::createBack
0x8001A2A4	0x20	.text	game/emwep.cpp	global	_._6cEmWep	cEmWep::~cEmWep
0x8001A2C4	0xAC	.text	game/item.cpp	global	healing	healing
0x8001A370	0x78	.text	game/item.cpp	global	lifeLevel__Fisi	lifeLevel
0x8001A3E8	0xD4	.text	game/item.cpp	global	getPowerRatio	getPowerRatio
0x8001A4BC	0x7C	.text	game/item.cpp	global	getSpeedRatio	getSpeedRatio
0x8001A538	0x7C	.text	game/item.cpp	global	getReloadRatio	getReloadRatio
0x8001A5B4	0x60	.text	game/item.cpp	global	getBulletRatio	getBulletRatio
0x8001A614	0x68	.text	game/item.cpp	global	clear__8cItemMgr	cItemMgr::clear
0x8001A67C	0x208	.text	game/item.cpp	global	set_game__8cItemMgri	cItemMgr::set_game
0x8001A884	0x210	.text	game/item.cpp	global	set_ada__8cItemMgri	cItemMgr::set_ada
0x8001AA94	0x6FC	.text	game/item.cpp	global	set_char__8cItemMgri	cItemMgr::set_char
0x8001B190	0x368	.text	game/item.cpp	global	set_stage1__8cItemMgri	cItemMgr::set_stage1
0x8001B4F8	0x6C8	.text	game/item.cpp	global	set_stage2__8cItemMgri	cItemMgr::set_stage2
0x8001BBC0	0x558	.text	game/item.cpp	global	set_stage3__8cItemMgri	cItemMgr::set_stage3
0x8001C118	0x2F0	.text	game/item.cpp	global	set_range__8cItemMgri	cItemMgr::set_range
0x8001C408	0xA9C	.text	game/item.cpp	global	set_debug__8cItemMgri	cItemMgr::set_debug
0x8001CEA4	0x228	.text	game/item.cpp	global	setUp__8cItemMgri	cItemMgr::setUp
0x8001D0CC	0x2EC	.text	game/item.cpp	global	gameInit__8cItemMgr	cItemMgr::gameInit
0x8001D3B8	0x44	.text	game/item.cpp	global	roomInit__8cItemMgr	cItemMgr::roomInit
0x8001D3FC	0x104	.text	game/item.cpp	global	init__8cItemMgr	cItemMgr::init
0x8001D500	0x508	.text	game/item.cpp	global	itemInfo	itemInfo
0x8001DA08	0x154	.text	game/item.cpp	global	construct__8cItemMgrP8ItemWorkUs	cItemMgr::construct
0x8001DB5C	0x24	.text	game/item.cpp	global	at__8cItemMgri	cItemMgr::at
0x8001DB80	0x3C	.text	game/item.cpp	global	searchAt__8cItemMgrP8ItemWork	cItemMgr::searchAt
0x8001DBBC	0x98	.text	game/item.cpp	global	gld_order	gld_order
0x8001DC54	0x40	.text	game/item.cpp	global	gld_cmp	gld_cmp
0x8001DC94	0x23C	.text	game/item.cpp	global	makeItemList__8cItemMgrPUciPScT3	cItemMgr::makeItemList
0x8001DED0	0x70	.text	game/item.cpp	global	search__8cItemMgrUs	cItemMgr::search
0x8001DF40	0x80	.text	game/item.cpp	global	minimumSearch__8cItemMgrUs	cItemMgr::minimumSearch
0x8001DFC0	0x10	.text	game/item.cpp	global	order_cmp	order_cmp
0x8001DFD0	0xC8	.text	game/item.cpp	global	ordering__8cItemMgrUs	cItemMgr::ordering
0x8001E098	0x3C	.text	game/item.cpp	global	addMoney	addMoney
0x8001E0D4	0x2E8	.text	game/item.cpp	global	get__8cItemMgrUsi	cItemMgr::get
0x8001E3BC	0x470	.text	game/item.cpp	global	use__8cItemMgrP8ItemWork	cItemMgr::use
0x8001E82C	0x144	.text	game/item.cpp	global	erase__8cItemMgrP8ItemWork	cItemMgr::erase
0x8001E970	0x38	.text	game/item.cpp	global	dump__8cItemMgrUs	cItemMgr::dump
0x8001E9A8	0x54	.text	game/item.cpp	global	dump__8cItemMgrP8ItemWork	cItemMgr::dump
0x8001E9FC	0x3C	.text	game/item.cpp	global	dumpAll__8cItemMgrP8ItemWork	cItemMgr::dumpAll
0x8001EA38	0xAC	.text	game/item.cpp	global	dumpType__8cItemMgri	cItemMgr::dumpType
0x8001EAE4	0x70	.text	game/item.cpp	global	num__8cItemMgriUc	cItemMgr::num
0x8001EB54	0x70	.text	game/item.cpp	global	num__8cItemMgri	cItemMgr::num
0x8001EBC4	0x14	.text	game/item.cpp	global	num__8cItemMgrP8ItemWork	cItemMgr::num
0x8001EBD8	0x40	.text	game/item.cpp	global	itemCombineCheck	itemCombineCheck
0x8001EC18	0x78	.text	game/item.cpp	global	itemCombine	itemCombine
0x8001EC90	0x424	.text	game/item.cpp	global	combine__8cItemMgrP8ItemWorkT1i	cItemMgr::combine
0x8001F0B4	0x210	.text	game/item.cpp	global	partsCombine__8cItemMgrP8ItemWorkT1	cItemMgr::partsCombine
0x8001F2C4	0x24	.text	game/item.cpp	global	available__8cItemMgrUs	cItemMgr::available
0x8001F2E8	0x38	.text	game/item.cpp	global	flagclear__8cItemMgr	cItemMgr::flagclear
0x8001F320	0x28	.text	game/item.cpp	global	check__8cItemMgrUs	cItemMgr::check
0x8001F348	0x8	.text	game/item.cpp	global	bareHand	bareHand
0x8001F350	0x120	.text	game/item.cpp	global	arm__8cItemMgrP8ItemWork	cItemMgr::arm
0x8001F470	0x28	.text	game/item.cpp	global	reloadable__8cItemMgr	cItemMgr::reloadable
0x8001F498	0x11C	.text	game/item.cpp	global	reloadable__8cItemMgrP8ItemWorki	cItemMgr::reloadable
0x8001F5B4	0x28	.text	game/item.cpp	global	reload__8cItemMgr	cItemMgr::reload
0x8001F5DC	0x1A4	.text	game/item.cpp	global	reload__8cItemMgrP8ItemWorki	cItemMgr::reload
0x8001F780	0x68	.text	game/item.cpp	global	reload_main	reload_main
0x8001F7E8	0xAC	.text	game/item.cpp	global	trigger__8cItemMgr	cItemMgr::trigger
0x8001F894	0x124	.text	game/item.cpp	global	trigger__8cItemMgrP8ItemWork	cItemMgr::trigger
0x8001F9B8	0xF8	.text	game/item.cpp	global	weaponId__8cItemMgrP8ItemWork	cItemMgr::weaponId
0x8001FAB0	0xEC	.text	game/item.cpp	global	weaponParts__8cItemMgrP8ItemWorki	cItemMgr::weaponParts
0x8001FB9C	0x84	.text	game/item.cpp	global	bulletNumTotal__8cItemMgri	cItemMgr::bulletNumTotal
0x8001FC20	0x20	.text	game/item.cpp	global	bulletNum__8cItemMgr	cItemMgr::bulletNum
0x8001FC40	0x80	.text	game/item.cpp	global	bulletNumCurrent__8cItemMgr	cItemMgr::bulletNumCurrent
0x8001FCC0	0xBC	.text	game/item.cpp	global	bulletNum__8cItemMgrUs	cItemMgr::bulletNum
0x8001FD7C	0xE0	.text	game/item.cpp	global	bulletNum__8cItemMgrP8ItemWork	cItemMgr::bulletNum
0x8001FE5C	0x8	.text	game/item.cpp	global	saveDataSize__8cItemMgr	cItemMgr::saveDataSize
0x8001FE64	0x188	.text	game/item.cpp	global	save__8cItemMgrPv	cItemMgr::save
0x8001FFEC	0x174	.text	game/item.cpp	global	load__8cItemMgrPv	cItemMgr::load
0x80020160	0xF8	.text	game/item.cpp	global	offboardDump__8cItemMgrP8ItemWork	cItemMgr::offboardDump
0x80020258	0x218	.text	game/item.cpp	global	takeOver__8cItemMgr	cItemMgr::takeOver
0x80020470	0xB8	.text	game/item.cpp	global	countFiles__8cItemMgr	cItemMgr::countFiles
0x80020528	0x94	.text	game/item.cpp	global	WeaponNo2WeaponId__FUcUc	WeaponNo2WeaponId
0x800205BC	0x80	.text	game/item.cpp	global	WeaponId2WeaponNo	WeaponId2WeaponNo
0x8002063C	0x80	.text	game/item.cpp	global	WeaponId2WeaponType	WeaponId2WeaponType
0x800206BC	0x90	.text	game/item.cpp	global	WeaponId2BulletId	WeaponId2BulletId
0x8002074C	0x94	.text	game/item.cpp	global	WeaponId2ChargeNum	WeaponId2ChargeNum
0x800207E0	0x44	.text	game/item.cpp	global	WeaponId2MaxLevel	WeaponId2MaxLevel
0x80020824	0x1C8	.text	game/item.cpp	global	debugNumDisp__8cItemMgri	cItemMgr::debugNumDisp
0x800209EC	0x5C	.text	game/item.cpp	global	debugWeapon__8cItemMgrUs	cItemMgr::debugWeapon
0x80020A48	0xC	.text	game/light_area.cpp	global	LightAreaInit	LightAreaInit
0x80020A54	0xC	.text	game/light_area.cpp	global	LightAreaDataLoad	LightAreaDataLoad
0x80020A60	0xD4	.text	game/light_area.cpp	global	LightAreaUpdate	LightAreaUpdate
0x80020B34	0x2FC	.text	game/light_area.cpp	global	LightAreaUpdateSub	LightAreaUpdateSub
0x80020E30	0x64	.text	game/lightInfo.cpp	global	__10cLightInfo	cLightInfo::cLightInfo
0x80020E94	0x13C	.text	game/lightInfo.cpp	global	init2__10cLightInfoiiPC3VecT3i	cLightInfo::init2
0x80020FD0	0x38	.text	game/lightInfo.cpp	global	getLightNum__10cLightInfo	cLightInfo::getLightNum
0x80021008	0xE0	.text	game/lightInfo.cpp	global	updateMatrix__10cLightInfoP6cModel	cLightInfo::updateMatrix
0x800210E8	0xF0	.text	game/lightInfo.cpp	global	getPos__10cLightInfoP6cModelP3Vec	cLightInfo::getPos
0x800211D8	0x4C	.text	game/lightPath.cpp	global	getSize__16cLightPathHeader	cLightPathHeader::getSize
0x80021224	0x64	.text	game/lightPath.cpp	global	getPathData__16cLightPathHeaderUl	cLightPathHeader::getPathData
0x80021288	0x28	.text	game/lightPath.cpp	global	getSize__14cLightPathData	cLightPathData::getSize
0x800212B0	0x70	.text	game/lightPath.cpp	global	setPath__10cLightPathP14cLightPathDataUc	cLightPath::setPath
0x80021320	0xCC	.text	game/lightPath.cpp	global	movePath__10cLightPath	cLightPath::movePath
0x800213EC	0x54	.text	game/map_obj.cpp	global	__7cMapMgr	cMapMgr::cMapMgr
0x80021440	0xA8	.text	game/map_obj.cpp	global	construct__7cMapMgrP4cMapUl	cMapMgr::construct
0x800214E8	0x74	.text	game/map_obj.cpp	global	room__7cMapMgrii	cMapMgr::room
0x8002155C	0xAC	.text	game/map_obj.cpp	global	move__7cMapMgr	cMapMgr::move
0x80021608	0x9C	.text	game/map_obj.cpp	global	dispInfo__7cMapMgr	cMapMgr::dispInfo
0x800216A4	0x50	.text	game/map_obj.cpp	global	__4cMap	cMap::cMap
0x800216F4	0x20	.text	game/map_obj.cpp	global	move__4cMap	cMap::move
0x80021714	0x50	.text	game/map_obj.cpp	global	__t8cManager1Z4cMapUlUc	cManager<cMap>::cManager
0x80021764	0x8	.text	game/map_obj.cpp	local	setName__t8cManager1Z4cMapPCc	cManager<cMap>::setName
0x8002176C	0xB0	.text	game/map_obj.cpp	global	dieCheck__t8cManager1Z4cMap	cManager<cMap>::dieCheck
0x8002181C	0x48	.text	game/map_obj.cpp	global	log__t8cManager1Z4cMapPCce	cManager<cMap>::log
0x80021864	0x54	.text	game/map_obj.cpp	local	__static_initialization_and_destruction_0_80021864	__static_initialization_and_destruction_0
0x800218B8	0x20	.text	game/map_obj.cpp	global	_._4cMap	cMap::~cMap
0x800218D8	0x34	.text	game/map_obj.cpp	global	_._7cMapMgr	cMapMgr::~cMapMgr
0x8002190C	0x38	.text	game/map_obj.cpp	global	memAlloc__7cMapMgrUl	cMapMgr::memAlloc
0x80021944	0x24	.text	game/map_obj.cpp	global	memFree__7cMapMgrPv	cMapMgr::memFree
0x80021968	0x28	.text	game/map_obj.cpp	global	memClear__7cMapMgrP4cMapUl	cMapMgr::memClear
0x80021990	0x34	.text	game/map_obj.cpp	global	_._t8cManager1Z4cMap	cManager<cMap>::~cManager
0x800219C4	0x218	.text	game/map_obj.cpp	global	destroy__t8cManager1Z4cMapP4cMap	cManager<cMap>::destroy
0x80021BDC	0x2C	.text	game/map_obj.cpp	global	global_constructors_keyed_to_cMapMgr_cMapMgr	global constructors keyed to cMapMgr::cMapMgr
0x80021C08	0x2C	.text	game/map_obj.cpp	global	global_destructors_keyed_to_cMapMgr_cMapMgr	global destructors keyed to cMapMgr::cMapMgr
0x80021C34	0x60	.text	game/mercenaries.cpp	global	MercSysInitStage	MercSysInitStage
0x80021C94	0x398	.text	game/mercenaries.cpp	global	MercSysInitRoom	MercSysInitRoom
0x8002202C	0x368	.text	game/mercenaries.cpp	global	MercSysMoveStart	MercSysMoveStart
0x80022394	0x768	.text	game/mercenaries.cpp	global	MercSysMoveScore	MercSysMoveScore
0x80022AFC	0x1EC	.text	game/mercenaries.cpp	global	MercSysMoveMain	MercSysMoveMain
0x80022CE8	0x2D0	.text	game/mercenaries.cpp	global	MercSysResultInit	MercSysResultInit
0x80022FB8	0x390	.text	game/mercenaries.cpp	global	MercSysResultMove	MercSysResultMove
0x80023348	0x104	.text	game/mercenaries.cpp	global	MercSysGetSaveWork	MercSysGetSaveWork
0x8002344C	0x12C	.text	game/mercenaries.cpp	global	MercSysSetSaveWork	MercSysSetSaveWork
0x80023578	0x184	.text	game/mercenaries.cpp	global	MercSysSetPoint	MercSysSetPoint
0x800236FC	0x80	.text	game/mercenaries.cpp	global	MercSysSetAddTime	MercSysSetAddTime
0x8002377C	0xA4	.text	game/mercenaries.cpp	global	MercSysSetBonusTime	MercSysSetBonusTime
0x80023820	0x78	.text	game/mercenaries.cpp	global	IdSetTrans	IdSetTrans
0x80023898	0x88	.text	game/mercenaries.cpp	global	IdSetAnmStart	IdSetAnmStart
0x80023920	0x6C	.text	game/mercenaries.cpp	global	IdSetColInit	IdSetColInit
0x8002398C	0x78	.text	game/mercenaries.cpp	local	IdSetColLoop	IdSetColLoop
0x80023A04	0xD0	.text	game/mercenaries.cpp	global	IdSetColStart	IdSetColStart
0x80023AD4	0x140	.text	game/mercenaries.cpp	global	IdSetNum	IdSetNum
0x80023C14	0x68	.text	game/mercenaries.cpp	global	IdSetTexNo	IdSetTexNo
0x80023C7C	0x64	.text	game/mercenaries.cpp	global	IdIsAnimEnd	IdIsAnimEnd
0x80023CE0	0x174	.text	game/mercenaries.cpp	global	init__6MercIDi	MercID::init
0x80023E54	0x3C	.text	game/mercenaries.cpp	global	set__6MercID	MercID::set
0x80023E90	0x54	.text	game/mercenaries.cpp	global	kill__6MercID	MercID::kill
0x80023EE4	0x58	.text	game/mercenaries.cpp	global	dispMissionStart__6MercID	MercID::dispMissionStart
0x80023F3C	0x58	.text	game/mercenaries.cpp	global	dispTimeUp__6MercID	MercID::dispTimeUp
0x80023F94	0x174	.text	game/mercenaries.cpp	global	init__10MercResultP11MercSysWork	MercResult::init
0x80024108	0x62C	.text	game/mercenaries.cpp	global	move__10MercResultP11MercSysWork	MercResult::move
0x80024734	0x38	.text	game/mercenaries.cpp	global	quit__10MercResult	MercResult::quit
0x8002476C	0xF0	.text	game/mercenaries.cpp	global	init__9AdaResult	AdaResult::init
0x8002485C	0x1A0	.text	game/mercenaries.cpp	global	move__9AdaResulti	AdaResult::move
0x800249FC	0x38	.text	game/mercenaries.cpp	global	quit__9AdaResult	AdaResult::quit
0x80024A34	0x18	.text	game/mercenaries.cpp	global	checkState__9CountDownUl	CountDown::checkState
0x80024A4C	0x118	.text	game/merchant.cpp	global	merchant_stage1_full	merchant_stage1_full
0x80024B64	0xE8	.text	game/merchant.cpp	global	merchant_stage2_full	merchant_stage2_full
0x80024C4C	0xA4	.text	game/merchant.cpp	global	merchant_stage3_full	merchant_stage3_full
0x80024CF0	0xC4	.text	game/merchant.cpp	global	MerchantGameInit	MerchantGameInit
0x80024DB4	0x78	.text	game/merchant.cpp	global	Merchant2ndRoundInit	Merchant2ndRoundInit
0x80024E2C	0x8F8	.text	game/merchant.cpp	global	MerchantRoomInit	MerchantRoomInit
0x80025724	0x8	.text	game/merchant.cpp	global	MerchantDataSize	MerchantDataSize
0x8002572C	0x78	.text	game/merchant.cpp	global	MerchantDataSave	MerchantDataSave
0x800257A4	0x78	.text	game/merchant.cpp	global	MerchantDataLoad	MerchantDataLoad
0x8002581C	0x48	.text	game/merchant.cpp	global	stockDataInit	stockDataInit
0x80025864	0x98	.text	game/merchant.cpp	global	add_stock	add_stock
0x800258FC	0x16C	.text	game/merchant.cpp	global	stockDataAdd	stockDataAdd
0x80025A68	0x4C	.text	game/merchant.cpp	global	levelDataInit	levelDataInit
0x80025AB4	0x1CC	.text	game/merchant.cpp	global	levelDataAdd	levelDataAdd
0x80025C80	0x18	.text	game/merchant.cpp	global	setChar__17MerchantCharacterP12MerchantInfoP12MerchantDataP10PriceEntryT3P10LevelPrice	MerchantCharacter::setChar
0x80025C98	0x74	.text	game/merchant.cpp	global	__8MerchantP17MerchantCharacter	Merchant::Merchant
0x80025D0C	0xEC	.text	game/merchant.cpp	global	save__8MerchantP12MerchantData	Merchant::save
0x80025DF8	0x130	.text	game/merchant.cpp	global	load__8MerchantP12MerchantData	Merchant::load
0x80025F28	0x34	.text	game/merchant.cpp	global	stockPtr__8MerchantUs	Merchant::stockPtr
0x80025F5C	0x54	.text	game/merchant.cpp	global	stockAdd__8MerchantUsi	Merchant::stockAdd
0x80025FB0	0x5C	.text	game/merchant.cpp	global	stockSub__8MerchantUsi	Merchant::stockSub
0x8002600C	0x19C	.text	game/merchant.cpp	global	stockNum__8MerchantUs	Merchant::stockNum
0x800261A8	0x3C	.text	game/merchant.cpp	global	stockNew__8MerchantUs	Merchant::stockNew
0x800261E4	0x48	.text	game/merchant.cpp	global	stockNew__8Merchant	Merchant::stockNew
0x8002622C	0x9C	.text	game/merchant.cpp	global	levelPtr__8MerchantUs	Merchant::levelPtr
0x800262C8	0x3C	.text	game/merchant.cpp	global	levelNew__8MerchantUs	Merchant::levelNew
0x80026304	0xA8	.text	game/merchant.cpp	global	levelNew__8Merchant	Merchant::levelNew
0x800263AC	0x48	.text	game/merchant.cpp	global	levelMax__8MerchantUsi	Merchant::levelMax
0x800263F4	0xD0	.text	game/merchant.cpp	global	stockSpecial__8MerchantUs	Merchant::stockSpecial
0x800264C4	0xC0	.text	game/merchant.cpp	global	specialTunable__8MerchantP8ItemWork	Merchant::specialTunable
0x80026584	0xB4	.text	game/merchant.cpp	global	specialTuned__8MerchantP8ItemWork	Merchant::specialTuned
0x80026638	0xF8	.text	game/merchant.cpp	global	tunable__8MerchantP8ItemWork	Merchant::tunable
0x80026730	0x3C	.text	game/merchant.cpp	global	makeList__8Merchant	Merchant::makeList
0x8002676C	0x48	.text	game/merchant.cpp	global	checkSellingItem	checkSellingItem
0x800267B4	0xA4	.text	game/merchant.cpp	global	makeSellingList__8Merchant	Merchant::makeSellingList
0x80026858	0x8	.text	game/merchant.cpp	global	sellingItemNum__8Merchant	Merchant::sellingItemNum
0x80026860	0x18	.text	game/merchant.cpp	global	sellingItemNo__8Merchanti	Merchant::sellingItemNo
0x80026878	0x40	.text	game/merchant.cpp	global	sellingItemId__8MerchantUs	Merchant::sellingItemId
0x800268B8	0x3C	.text	game/merchant.cpp	global	checkExerciseItem	checkExerciseItem
0x800268F4	0x130	.text	game/merchant.cpp	global	makeExerciseList__8Merchant	Merchant::makeExerciseList
0x80026A24	0x8	.text	game/merchant.cpp	global	exerciseItemNum__8Merchant	Merchant::exerciseItemNum
0x80026A2C	0x30	.text	game/merchant.cpp	global	exerciseItemPtr__8Merchanti	Merchant::exerciseItemPtr
0x80026A5C	0x48	.text	game/merchant.cpp	global	exerciseItemNo__8Merchanti	Merchant::exerciseItemNo
0x80026AA4	0x40	.text	game/merchant.cpp	global	exerciseItemId__8MerchantUs	Merchant::exerciseItemId
0x80026AE4	0x14C	.text	game/merchant.cpp	global	buyupPrice__8MerchantUsi	Merchant::buyupPrice
0x80026C30	0x180	.text	game/merchant.cpp	global	buyupPrice__8MerchantP8ItemWorki	Merchant::buyupPrice
0x80026DB0	0xD4	.text	game/merchant.cpp	global	buyup__8MerchantP8ItemWorkiPi	Merchant::buyup
0x80026E84	0x18C	.text	game/merchant.cpp	global	sellPrice__8MerchantUsi	Merchant::sellPrice
0x80027010	0x60	.text	game/merchant.cpp	global	sellUnit__8MerchantUs	Merchant::sellUnit
0x80027070	0x174	.text	game/merchant.cpp	global	sell__8MerchantUsiPi	Merchant::sell
0x800271E4	0xA0	.text	game/merchant.cpp	global	levelupItemNum__8Merchant	Merchant::levelupItemNum
0x80027284	0xDC	.text	game/merchant.cpp	global	levelupItemNo__8Merchanti	Merchant::levelupItemNo
0x80027360	0xEC	.text	game/merchant.cpp	global	levelupItemPtr__8Merchanti	Merchant::levelupItemPtr
0x8002744C	0x40	.text	game/merchant.cpp	global	levelupItemPrice__8MerchantUs	Merchant::levelupItemPrice
0x8002748C	0xD0	.text	game/merchant.cpp	global	levelupPrice__8MerchantUsii	Merchant::levelupPrice
0x8002755C	0x24	.text	game/merchant.cpp	global	levelupPrice__8MerchantP8ItemWorkii	Merchant::levelupPrice
0x80027580	0x4	.text	game/merchant.cpp	local	__static_initialization_and_destruction_0_80027580	__static_initialization_and_destruction_0
0x80027584	0x2C	.text	game/merchant.cpp	global	global_constructors_keyed_to_merchant_info_A	global constructors keyed to merchant_info_A
0x800275B0	0x2C	.text	game/merchant.cpp	global	global_destructors_keyed_to_merchant_info_A	global destructors keyed to merchant_info_A
0x800275DC	0xC	.text	game/mes.cpp	global	getCharCode	getCharCode
0x800275E8	0x10	.text	game/mes.cpp	global	isCtrlCode	isCtrlCode
0x800275F8	0x130	.text	game/mes.cpp	global	__7RomFontPv	RomFont::RomFont
0x80027728	0x124	.text	game/mes.cpp	global	setup__7RomFontPv	RomFont::setup
0x8002784C	0xD0	.text	game/mes.cpp	global	draw__7RomFontiiii	RomFont::draw
0x8002791C	0x44	.text	game/mes.cpp	global	getSize__11MessageFontsPScT2	MessageFont::getSize
0x80027960	0x200	.text	game/mes.cpp	global	create__11MessageFontiiP10TEXPalettePUc	MessageFont::create
0x80027B60	0x38	.text	game/mes.cpp	global	destroy__11MessageFont	MessageFont::destroy
0x80027B98	0x4C	.text	game/mes.cpp	global	getAddr__11MessageDataii	MessageData::getAddr
0x80027BE4	0x28	.text	game/mes.cpp	global	getMesNum__11MessageDatai	MessageData::getMesNum
0x80027C0C	0x18	.text	game/mes.cpp	global	getSpaceWidth__11MessageData	MessageData::getSpaceWidth
0x80027C24	0x94	.text	game/mes.cpp	global	setLayout__14MessageControlii	MessageControl::setLayout
0x80027CB8	0xBC	.text	game/mes.cpp	global	setLanguage__14MessageControli	MessageControl::setLanguage
0x80027D74	0x54	.text	game/mes.cpp	global	setupFont__14MessageControliiP10TEXPalettei	MessageControl::setupFont
0x80027DC8	0x30	.text	game/mes.cpp	global	releaseFont__14MessageControli	MessageControl::releaseFont
0x80027DF8	0xC8	.text	game/mes.cpp	global	loadFont__14MessageControliiPCci	MessageControl::loadFont
0x80027EC0	0x174	.text	game/mes.cpp	global	init__14MessageControl	MessageControl::init
0x80028034	0xA0	.text	game/mes.cpp	global	gameInit__14MessageControl	MessageControl::gameInit
0x800280D4	0x94	.text	game/mes.cpp	global	roomInit__14MessageControl	MessageControl::roomInit
0x80028168	0x60	.text	game/mes.cpp	global	loadCommonFont__14MessageControl	MessageControl::loadCommonFont
0x800281C8	0x5C	.text	game/mes.cpp	global	loadSystemFont__14MessageControl	MessageControl::loadSystemFont
0x80028224	0x154	.text	game/mes.cpp	global	stageInit__14MessageControl	MessageControl::stageInit
0x80028378	0x80	.text	game/mes.cpp	global	loadStageFont__14MessageControl	MessageControl::loadStageFont
0x800283F8	0x80	.text	game/mes.cpp	global	loadEventFont__14MessageControl	MessageControl::loadEventFont
0x80028478	0x10	.text	game/mes.cpp	global	setState__14MessageControlUl	MessageControl::setState
0x80028488	0x10	.text	game/mes.cpp	global	unsetState__14MessageControlUl	MessageControl::unsetState
0x80028498	0x18	.text	game/mes.cpp	global	checkState__14MessageControlUl	MessageControl::checkState
0x800284B0	0x88	.text	game/mes.cpp	global	Move__14MessageControl	MessageControl::Move
0x80028538	0x94	.text	game/mes.cpp	global	Trans__14MessageControl	MessageControl::Trans
0x800285CC	0x18	.text	game/mes.cpp	global	setFontSize__14MessageControliss	MessageControl::setFontSize
0x800285E4	0x194	.text	game/mes.cpp	global	MesSet__14MessageControliiiUliii	MessageControl::MesSet
0x80028778	0x38	.text	game/mes.cpp	global	Delete__14MessageControli	MessageControl::Delete
0x800287B0	0x38	.text	game/mes.cpp	global	WaitEnd__14MessageControli	MessageControl::WaitEnd
0x800287E8	0x1F8	.text	game/mes.cpp	global	init__7MessageiiiUliP11MessageFont	Message::init
0x800289E0	0x1C4	.text	game/mes.cpp	global	move__7Message	Message::move
0x80028BA4	0x458	.text	game/mes.cpp	global	WidthCk__7Message	Message::WidthCk
0x80028FFC	0x154	.text	game/mes.cpp	global	QueSet__7MessageiP11MessageFont	Message::QueSet
0x80029150	0x78	.text	game/mes.cpp	global	setNumber__7MessageUlUs	Message::setNumber
0x800291C8	0x50	.text	game/mes.cpp	global	putSelCursol__7Message	Message::putSelCursol
0x80029218	0x34	.text	game/mes.cpp	global	putNextCursol__7Messagei	Message::putNextCursol
0x8002924C	0x64	.text	game/mes.cpp	global	setJump__7MessageUs	Message::setJump
0x800292B0	0x174	.text	game/mes.cpp	global	setAttribute	setAttribute
0x80029424	0x278	.text	game/mes.cpp	global	draw	draw
0x8002969C	0x80	.text	game/mes.cpp	global	messageCamera	messageCamera
0x8002971C	0x34	.text	game/mes.cpp	global	messageTrans	messageTrans
0x80029750	0x88	.text	game/mes.cpp	global	trans__7Message	Message::trans
0x800297D8	0x170	.text	game/mes.cpp	global	CommandExec__7Message	Message::CommandExec
0x80029948	0x1C	.text	game/mes.cpp	global	CommandArg__7Message	Message::CommandArg
0x80029964	0xC	.text	game/mes.cpp	global	WaitEnd__7Message	Message::WaitEnd
0x80029970	0x88	.text	game/mes.cpp	global	code00__7Message	Message::code00
0x800299F8	0xC0	.text	game/mes.cpp	global	code01__7Message	Message::code01
0x80029AB8	0xE0	.text	game/mes.cpp	global	code02__7Message	Message::code02
0x80029B98	0x3C	.text	game/mes.cpp	global	code03__7Message	Message::code03
0x80029BD4	0x48	.text	game/mes.cpp	global	code04__7Message	Message::code04
0x80029C1C	0x38	.text	game/mes.cpp	global	code05__7Message	Message::code05
0x80029C54	0x30	.text	game/mes.cpp	global	code06__7Message	Message::code06
0x80029C84	0x68	.text	game/mes.cpp	global	code07__7Message	Message::code07
0x80029CEC	0x364	.text	game/mes.cpp	global	code08__7Message	Message::code08
0x8002A050	0x74	.text	game/mes.cpp	global	code09__7Message	Message::code09
0x8002A0C4	0x1E4	.text	game/mes.cpp	global	code0a__7Message	Message::code0a
0x8002A2A8	0x20	.text	game/mes.cpp	global	code0b__7Message	Message::code0b
0x8002A2C8	0x20	.text	game/mes.cpp	global	code0c__7Message	Message::code0c
0x8002A2E8	0x20	.text	game/mes.cpp	global	code0d__7Message	Message::code0d
0x8002A308	0x38	.text	game/mes.cpp	global	code0e__7Message	Message::code0e
0x8002A340	0xA4	.text	game/mes.cpp	global	code0f__7Message	Message::code0f
0x8002A3E4	0x54	.text	game/mes.cpp	global	code10__7Message	Message::code10
0x8002A438	0xB0	.text	game/mes.cpp	global	code11__7Message	Message::code11
0x8002A4E8	0x20	.text	game/mes.cpp	global	code12__7Message	Message::code12
0x8002A508	0xC8	.text	game/mes.cpp	local	__static_initialization_and_destruction_0_8002A508	__static_initialization_and_destruction_0
0x8002A5D0	0x34	.text	game/mes.cpp	global	_._7Message	Message::~Message
0x8002A604	0x88	.text	game/mes.cpp	global	_._14MessageControl	MessageControl::~MessageControl
0x8002A68C	0x2C	.text	game/mes.cpp	global	global_constructors_keyed_to_mes_col_tbl	global constructors keyed to mes_col_tbl
0x8002A6B8	0x2C	.text	game/mes.cpp	global	global_destructors_keyed_to_mes_col_tbl	global destructors keyed to mes_col_tbl
0x8002A6E4	0x244	.text	game/obj13.cpp	global	SetLadder	SetLadder
0x8002A928	0xC0	.text	game/obj13.cpp	global	move__10cObjLadder	cObjLadder::move
0x8002A9E8	0xF0	.text	game/obj13.cpp	global	objLadder_R1_Set	objLadder_R1_Set
0x8002AAD8	0x1C8	.text	game/obj13.cpp	global	objLadder_R1_Fall	objLadder_R1_Fall
0x8002ACA0	0x88	.text	game/obj13.cpp	global	objLadder_R1_Down	objLadder_R1_Down
0x8002AD28	0x100	.text	game/obj13.cpp	global	objLadder_R1_Reset	objLadder_R1_Reset
0x8002AE28	0x8	.text	game/obj13.cpp	global	getStatus__10cObjLadder	cObjLadder::getStatus
0x8002AE30	0x8	.text	game/obj13.cpp	global	getType__10cObjLadder	cObjLadder::getType
0x8002AE38	0x40	.text	game/obj13.cpp	global	ckClimb__10cObjLadder	cObjLadder::ckClimb
0x8002AE78	0xC	.text	game/obj13.cpp	global	setClimb__10cObjLadder	cObjLadder::setClimb
0x8002AE84	0x8	.text	game/obj13.cpp	global	getLadderNum__10cObjLadder	cObjLadder::getLadderNum
0x8002AE8C	0xC	.text	game/obj13.cpp	global	setLadderInfo__10cObjLadderiUc	cObjLadder::setLadderInfo
0x8002AE98	0x20	.text	game/obj13.cpp	global	setStand__10cObjLadder	cObjLadder::setStand
0x8002AEB8	0x98	.text	game/obj13.cpp	global	setDowned__10cObjLadder	cObjLadder::setDowned
0x8002AF50	0xA0	.text	game/obj13.cpp	global	setDown__10cObjLadderPvT1	cObjLadder::setDown
0x8002AFF0	0x154	.text	game/obj13.cpp	global	setDown2__10cObjLadder	cObjLadder::setDown2
0x8002B144	0x28	.text	game/obj13.cpp	global	ckReset__10cObjLadder	cObjLadder::ckReset
0x8002B16C	0xA4	.text	game/obj13.cpp	global	setReset__10cObjLadderi	cObjLadder::setReset
0x8002B210	0x24	.text	game/obj13.cpp	global	setTransOld__10cObjLadder	cObjLadder::setTransOld
0x8002B234	0x34	.text	game/obj13.cpp	global	getTransOld__10cObjLadder	cObjLadder::getTransOld
0x8002B268	0x1C	.text	game/obj13.cpp	global	setOff__10cObjLadder	cObjLadder::setOff
0x8002B284	0x1C	.text	game/obj13.cpp	global	setOn__10cObjLadder	cObjLadder::setOn
0x8002B2A0	0xC	.text	game/obj13.cpp	global	setResetReserve__10cObjLadder	cObjLadder::setResetReserve
0x8002B2AC	0x68	.text	game/obj13.cpp	global	objLadderSatSet	objLadderSatSet
0x8002B314	0x158	.text	game/obj13.cpp	global	objLadderClimbActEvtCk	objLadderClimbActEvtCk
0x8002B46C	0x3C	.text	game/obj13.cpp	global	objLadderActClimb	objLadderActClimb
0x8002B4A8	0x658	.text	game/obj13.cpp	global	plobjLadderClimb	plobjLadderClimb
0x8002BB00	0x1C0	.text	game/obj13.cpp	global	SubLadderClimbCk	SubLadderClimbCk
0x8002BCC0	0x104	.text	game/obj13.cpp	global	SubLadderClimbCk2	SubLadderClimbCk2
0x8002BDC4	0x664	.text	game/obj13.cpp	global	subobjLadderClimb	subobjLadderClimb
0x8002C428	0x138	.text	game/obj13.cpp	global	objLadderClimbCamMove	objLadderClimbCamMove
0x8002C560	0x218	.text	game/obj13.cpp	global	objLadderDownActEvtCk	objLadderDownActEvtCk
0x8002C778	0x48	.text	game/obj13.cpp	global	objLadderActDown	objLadderActDown
0x8002C7C0	0x2C4	.text	game/obj13.cpp	global	plobjLadderDown	plobjLadderDown
0x8002CA84	0x140	.text	game/obj13.cpp	global	objLadderDownCamMove	objLadderDownCamMove
0x8002CBC4	0xCC	.text	game/obj13.cpp	global	objLadderResetActEvtCk	objLadderResetActEvtCk
0x8002CC90	0x3C	.text	game/obj13.cpp	global	objLadderActReset	objLadderActReset
0x8002CCCC	0x1B4	.text	game/obj13.cpp	global	plobjLadderReset	plobjLadderReset
0x8002CE80	0x138	.text	game/obj13.cpp	global	objLadderResetCamMove	objLadderResetCamMove
0x8002CFB8	0xB4	.text	game/obj13.cpp	global	setMotion__10cObjLadderPPv	cObjLadder::setMotion
0x8002D06C	0x1DC	.text	game/obj13.cpp	global	LadderNearCk	LadderNearCk
0x8002D248	0xB4	.text	game/obj13.cpp	global	LadderEventTrans	LadderEventTrans
0x8002D2FC	0x1A4	.text	game/obj13.cpp	global	breakWindow__10cObjLadder	cObjLadder::breakWindow
0x8002D4A0	0x8	.text	game/obj13.cpp	global	setCamera__10cObjLadderi	cObjLadder::setCamera
0x8002D4A8	0x48	.text	game/obj13.cpp	global	log__t8cManager1Z4cObjPCce	cManager<cObj>::log
0x8002D4F0	0xBC	.text	game/obj13.cpp	global	countActiveWork__t8cManager1Z4cObj	cManager<cObj>::countActiveWork
0x8002D5AC	0x158	.text	game/obj13.cpp	global	create__t8cManager1Z4cObji	cManager<cObj>::create
0x8002D704	0x20	.text	game/obj13.cpp	global	_._10cObjLadder	cObjLadder::~cObjLadder
0x8002D724	0x238	.text	game/obj14.cpp	global	SetObjBell__FPvT0P3VecT2	SetObjBell
0x8002D95C	0x50	.text	game/obj14.cpp	global	move__8cObjBell	cObjBell::move
0x8002D9AC	0xDC	.text	game/obj14.cpp	global	obj14_R1_Set	obj14_R1_Set
0x8002DA88	0x94	.text	game/obj14.cpp	global	obj14_R1_Break	obj14_R1_Break
0x8002DB1C	0x78	.text	game/obj14.cpp	global	obj14MatCalc	obj14MatCalc
0x8002DB94	0x318	.text	game/obj14.cpp	global	obj14DmCk	obj14DmCk
0x8002DEAC	0x1C	.text	game/obj14.cpp	global	setBreak__8cObjBell	cObjBell::setBreak
0x8002DEC8	0x18	.text	game/obj14.cpp	global	ckBreakEnable__8cObjBell	cObjBell::ckBreakEnable
0x8002DEE0	0x18	.text	game/obj14.cpp	global	ckBreak__8cObjBell	cObjBell::ckBreak
0x8002DEF8	0xC8	.text	game/obj14.cpp	global	obj14ClothSet	obj14ClothSet
0x8002DFC0	0x24	.text	game/obj14.cpp	global	obj14ClothMove	obj14ClothMove
0x8002DFE4	0x20	.text	game/obj14.cpp	global	_._8cObjBell	cObjBell::~cObjBell
0x8002E004	0x364	.text	game/obj15.cpp	global	SetObjGatling__FPvT0P3VecT2	SetObjGatling
0x8002E368	0xF8	.text	game/obj15.cpp	global	move__11cObjGatling	cObjGatling::move
0x8002E460	0x2D0	.text	game/obj15.cpp	global	obj15_R1_Set	obj15_R1_Set
0x8002E730	0xD8	.text	game/obj15.cpp	global	obj15_R1_Break	obj15_R1_Break
0x8002E808	0x1E4	.text	game/obj15.cpp	global	obj15BarrelMove	obj15BarrelMove
0x8002E9EC	0x90	.text	game/obj15.cpp	global	obj15MatCalc	obj15MatCalc
0x8002EA7C	0x340	.text	game/obj15.cpp	global	obj15GunHitck	obj15GunHitck
0x8002EDBC	0x8	.text	game/obj15.cpp	global	setRide__11cObjGatlingP3cEm	cObjGatling::setRide
0x8002EDC4	0xC	.text	game/obj15.cpp	global	setFire__11cObjGatling	cObjGatling::setFire
0x8002EDD0	0xC	.text	game/obj15.cpp	global	stopFire__11cObjGatling	cObjGatling::stopFire
0x8002EDDC	0x10	.text	game/obj15.cpp	global	ckReload__11cObjGatling	cObjGatling::ckReload
0x8002EDEC	0xC	.text	game/obj15.cpp	global	setReload__11cObjGatling	cObjGatling::setReload
0x8002EDF8	0x10C	.text	game/obj15.cpp	global	obj15DmCk	obj15DmCk
0x8002EF04	0x4C	.text	game/obj15.cpp	global	setEat__11cObjGatlingPvi	cObjGatling::setEat
0x8002EF50	0x8	.text	game/obj15.cpp	global	setMaxRot__11cObjGatlingf	cObjGatling::setMaxRot
0x8002EF58	0x18	.text	game/obj15.cpp	global	ckBreak__11cObjGatling	cObjGatling::ckBreak
0x8002EF70	0x8	.text	game/obj15.cpp	global	setBreakMode__11cObjGatlingUc	cObjGatling::setBreakMode
0x8002EF78	0xC0	.text	game/obj15.cpp	global	setBreak__11cObjGatling	cObjGatling::setBreak
0x8002F038	0x20	.text	game/obj15.cpp	global	_._11cObjGatling	cObjGatling::~cObjGatling
0x8002F058	0x2E0	.text	game/obj16.cpp	global	SetObj16	SetObj16
0x8002F338	0x874	.text	game/obj16.cpp	global	move__6cObj16	cObj16::move
0x8002FBAC	0x44	.text	game/obj16.cpp	global	obj16_R1_Set	obj16_R1_Set
0x8002FBF0	0x66C	.text	game/obj16.cpp	global	obj16_R1_CoreMove	obj16_R1_CoreMove
0x8003025C	0x544	.text	game/obj16.cpp	global	obj16_R1_Atk	obj16_R1_Atk
0x800307A0	0x5CC	.text	game/obj16.cpp	global	obj16_R1_Critical	obj16_R1_Critical
0x80030D6C	0x2B0	.text	game/obj16.cpp	global	obj16_R1_Damage	obj16_R1_Damage
0x8003101C	0x44	.text	game/obj16.cpp	global	MotSetObj16	MotSetObj16
0x80031060	0xE4	.text	game/obj16.cpp	global	obj16MatCalc	obj16MatCalc
0x80031144	0x20	.text	game/obj16.cpp	global	setScale__6cObj16P3Vec	cObj16::setScale
0x80031164	0xC	.text	game/obj16.cpp	global	setDieEff__6cObj16	cObj16::setDieEff
0x80031170	0x18	.text	game/obj16.cpp	global	clearLostWait__6cObj16	cObj16::clearLostWait
0x80031188	0x14	.text	game/obj16.cpp	global	setLostWait__6cObj16i	cObj16::setLostWait
0x8003119C	0x1A4	.text	game/obj16.cpp	global	setMotData__6cObj16PvN10_1	cObj16::setMotData
0x80031340	0x10	.text	game/obj16.cpp	global	setPlDmgMot__6cObj16PvT1	cObj16::setPlDmgMot
0x80031350	0x24	.text	game/obj16.cpp	global	setAtk__6cObj16Uc	cObj16::setAtk
0x80031374	0x24	.text	game/obj16.cpp	global	setCritical__6cObj16	cObj16::setCritical
0x80031398	0x20	.text	game/obj16.cpp	global	setDamage__6cObj16	cObj16::setDamage
0x800313B8	0x18	.text	game/obj16.cpp	global	ckAtkEnable__6cObj16	cObj16::ckAtkEnable
0x800313D0	0x634	.text	game/obj16.cpp	global	obj16AtkCk	obj16AtkCk
0x80031A04	0x1DC	.text	game/obj16.cpp	global	obj16PlHeadLost	obj16PlHeadLost
0x80031BE0	0x3B0	.text	game/obj16.cpp	local	obj16NeckMove	obj16NeckMove
0x80031F90	0x2C	.text	game/obj16.cpp	global	setBurn__6cObj16	cObj16::setBurn
0x80031FBC	0x18	.text	game/obj16.cpp	global	ckAtkHit__6cObj16	cObj16::ckAtkHit
0x80031FD4	0xFC	.text	game/obj16.cpp	global	plemDmMStar	plemDmMStar
0x800320D0	0x170	.text	game/obj16.cpp	global	createBack__t8cManager1Z4cObji	cManager<cObj>::createBack
0x80032240	0x20	.text	game/obj16.cpp	global	_._6cObj16	cObj16::~cObj16
0x80032260	0x70	.text	game/obj19.cpp	global	__8cItemObj	cItemObj::cItemObj
0x800322D0	0x34	.text	game/obj19.cpp	global	move__8cItemObj	cItemObj::move
0x80032304	0xF8	.text	game/obj19.cpp	global	setItemObj__FPvT0P3VecT2	setItemObj
0x800323FC	0x20	.text	game/obj19.cpp	global	_._8cItemObj	cItemObj::~cItemObj
0x8003241C	0x1D4	.text	game/obj1b.cpp	global	SetSpear__FPvT0P3VecT2	SetSpear
0x800325F0	0x38	.text	game/obj1b.cpp	global	beginEvent__9cObjSpearUl	cObjSpear::beginEvent
0x80032628	0x130	.text	game/obj1b.cpp	global	move__9cObjSpear	cObjSpear::move
0x80032758	0x78	.text	game/obj1b.cpp	global	obj1b_R1_Set	obj1b_R1_Set
0x800327D0	0x154	.text	game/obj1b.cpp	global	obj1b_R1_LostWait	obj1b_R1_LostWait
0x80032924	0x60	.text	game/obj1b.cpp	global	obj1b_R1_Lost	obj1b_R1_Lost
0x80032984	0x484	.text	game/obj1b.cpp	global	obj1b_R1_Parent	obj1b_R1_Parent
0x80032E08	0x82C	.text	game/obj1b.cpp	global	obj1b_R1_Fall	obj1b_R1_Fall
0x80033634	0x2D8	.text	game/obj1b.cpp	global	obj1b_R1_Throw	obj1b_R1_Throw
0x8003390C	0x314	.text	game/obj1b.cpp	global	obj1bHitCk	obj1bHitCk
0x80033C20	0x4C	.text	game/obj1b.cpp	global	setParent__9cObjSpearP6cModelii	cObjSpear::setParent
0x80033C6C	0x218	.text	game/obj1b.cpp	global	setFall__9cObjSpearUcP3Vec	cObjSpear::setFall
0x80033E84	0x13C	.text	game/obj1b.cpp	global	setThrow__9cObjSpearP3Vec	cObjSpear::setThrow
0x80033FC0	0x20	.text	game/obj1b.cpp	global	setLost__9cObjSpear	cObjSpear::setLost
0x80033FE0	0x20	.text	game/obj1b.cpp	global	_._9cObjSpear	cObjSpear::~cObjSpear
0x80034000	0x1D8	.text	game/obj1c.cpp	global	SetFloatIsland__FPvT0P3VecT2	SetFloatIsland
0x800341D8	0xE8	.text	game/obj1c.cpp	global	move__6cObj1c	cObj1c::move
0x800342C0	0xDC	.text	game/obj1c.cpp	global	obj1c_R1_Set	obj1c_R1_Set
0x8003439C	0x108	.text	game/obj1c.cpp	global	obj1c_R1_Crash	obj1c_R1_Crash
0x800344A4	0x108	.text	game/obj1c.cpp	global	obj1c_R1_CrashBig	obj1c_R1_CrashBig
0x800345AC	0x84	.text	game/obj1c.cpp	global	setMotion__6cObj1cPvN31	cObj1c::setMotion
0x80034630	0xE4	.text	game/obj1c.cpp	global	setCrash__6cObj1c	cObj1c::setCrash
0x80034714	0x1C0	.text	game/obj1c.cpp	global	setCrashBig__6cObj1cP3Vec	cObj1c::setCrashBig
0x800348D4	0x18	.text	game/obj1c.cpp	global	ckCrash__6cObj1c	cObj1c::ckCrash
0x800348EC	0x15C	.text	game/obj1c.cpp	global	obj1cSpdMove	obj1cSpdMove
0x80034A48	0x20	.text	game/obj1c.cpp	global	_._6cObj1c	cObj1c::~cObj1c
0x80034A68	0x164	.text	game/obj1d.cpp	global	SetChain__FPvT0P3VecT2	SetChain
0x80034BCC	0xA8	.text	game/obj1d.cpp	global	move__9cObjChain	cObjChain::move
0x80034C74	0x78	.text	game/obj1d.cpp	global	obj1d_R1_Set	obj1d_R1_Set
0x80034CEC	0x154	.text	game/obj1d.cpp	global	obj1d_R1_LostWait	obj1d_R1_LostWait
0x80034E40	0x54	.text	game/obj1d.cpp	global	obj1d_R1_Lost	obj1d_R1_Lost
0x80034E94	0x6A0	.text	game/obj1d.cpp	global	obj1d_R1_Parent	obj1d_R1_Parent
0x80035534	0x88	.text	game/obj1d.cpp	global	setParent__9cObjChainP6cModeliP3Veci	cObjChain::setParent
0x800355BC	0x88	.text	game/obj1d.cpp	global	setParent2__9cObjChainP6cModeliP3VeciT3i	cObjChain::setParent2
0x80035644	0x34	.text	game/obj1d.cpp	global	setChain__9cObjChainP8PenCloth	cObjChain::setChain
0x80035678	0x44	.text	game/obj1d.cpp	global	chainMove__9cObjChain	cObjChain::chainMove
0x800356BC	0x20	.text	game/obj1d.cpp	global	_._9cObjChain	cObjChain::~cObjChain
0x800356DC	0x184	.text	game/obj20.cpp	global	SetObaModel	SetObaModel
0x80035860	0x13C	.text	game/obj20.cpp	global	move__12cObjObaModel	cObjObaModel::move
0x8003599C	0x20	.text	game/obj20.cpp	local	_._12cObjObaModel	cObjObaModel::~cObjObaModel
0x800359BC	0x98	.text	game/obj26.cpp	global	move__6cObj26	cObj26::move
0x80035A54	0xBC	.text	game/obj26.cpp	global	obj26_R1_Set	obj26_R1_Set
0x80035B10	0xC4	.text	game/obj26.cpp	global	obj26_R1_Die	obj26_R1_Die
0x80035BD4	0xCC	.text	game/obj26.cpp	global	obj26MatCalc	obj26MatCalc
0x80035CA0	0x20	.text	game/obj26.cpp	global	_._6cObj26	cObj26::~cObj26
0x80035CC0	0x234	.text	game/objBull.cpp	global	SetBull__FPvT0P3VecT2Ul	SetBull
0x80035EF4	0x4C	.text	game/objBull.cpp	global	move__8cObjBull	cObjBull::move
0x80035F40	0xA4	.text	game/objBull.cpp	global	objBull_R0_Set	objBull_R0_Set
0x80035FE4	0x200	.text	game/objBull.cpp	global	objBull_R0_Break1st	objBull_R0_Break1st
0x800361E4	0x140	.text	game/objBull.cpp	global	objBull_R0_To2nd	objBull_R0_To2nd
0x80036324	0x200	.text	game/objBull.cpp	global	objBull_R0_Break2nd	objBull_R0_Break2nd
0x80036524	0x140	.text	game/objBull.cpp	local	objBull_R0_ToLift	objBull_R0_ToLift
0x80036664	0x140	.text	game/objBull.cpp	global	objBull_R0_LiftWait	objBull_R0_LiftWait
0x800367A4	0x1A0	.text	game/objBull.cpp	global	objBull_R0_Lift	objBull_R0_Lift
0x80036944	0x14C	.text	game/objBull.cpp	global	objBull_R0_To3rd	objBull_R0_To3rd
0x80036A90	0x200	.text	game/objBull.cpp	global	objBull_R0_Break3rd	objBull_R0_Break3rd
0x80036C90	0x140	.text	game/objBull.cpp	global	objBull_R0_To4th	objBull_R0_To4th
0x80036DD0	0x200	.text	game/objBull.cpp	global	objBull_R0_Break4th	objBull_R0_Break4th
0x80036FD0	0x270	.text	game/objBull.cpp	global	objBull_R0_Collision	objBull_R0_Collision
0x80037240	0x50	.text	game/objBull.cpp	global	objBullSatClear	objBullSatClear
0x80037290	0x1E0	.text	game/objBull.cpp	global	objBullSatSet	objBullSatSet
0x80037470	0xAC	.text	game/objBull.cpp	global	setMotion__8cObjBullPPv	cObjBull::setMotion
0x8003751C	0x34	.text	game/objBull.cpp	global	objBullPushMtx	objBullPushMtx
0x80037550	0xBC	.text	game/objBull.cpp	local	objBullGetBullNo	objBullGetBullNo
0x8003760C	0xC0	.text	game/objBull.cpp	global	objBullGetBullNo2	objBullGetBullNo2
0x800376CC	0x138	.text	game/objBull.cpp	global	objBullGetAdjust	objBullGetAdjust
0x80037804	0x150	.text	game/objBull.cpp	global	objBullSetAdjust	objBullSetAdjust
0x80037954	0x48	.text	game/objBull.cpp	local	objBullMoveAdjustPL	objBullMoveAdjustPL
0x8003799C	0xC4	.text	game/objBull.cpp	global	objBullMoveAdjustEM	objBullMoveAdjustEM
0x80037A60	0x90	.text	game/objBull.cpp	global	ckBullRide__8cObjBullP3VecPUcT1	cObjBull::ckBullRide
0x80037AF0	0x8C	.text	game/objBull.cpp	global	ckBullRideAdjust__8cObjBullP3VecT1	cObjBull::ckBullRideAdjust
0x80037B7C	0x1D0	.text	game/objBull.cpp	global	objBullHitCk	objBullHitCk
0x80037D4C	0x18	.text	game/objBull.cpp	global	ckGoal__8cObjBull	cObjBull::ckGoal
0x80037D64	0x16C	.text	game/objBull.cpp	global	setRide__8cObjBull	cObjBull::setRide
0x80037ED0	0x18	.text	game/objBull.cpp	global	ckBreak1st__8cObjBull	cObjBull::ckBreak1st
0x80037EE8	0x18	.text	game/objBull.cpp	global	ckBreak2nd__8cObjBull	cObjBull::ckBreak2nd
0x80037F00	0x18	.text	game/objBull.cpp	global	ckBreak3rd__8cObjBull	cObjBull::ckBreak3rd
0x80037F18	0x18	.text	game/objBull.cpp	global	ckBreak4th__8cObjBull	cObjBull::ckBreak4th
0x80037F30	0x18	.text	game/objBull.cpp	global	ckLift__8cObjBull	cObjBull::ckLift
0x80037F48	0x18	.text	game/objBull.cpp	global	ckTruckGo__8cObjBull	cObjBull::ckTruckGo
0x80037F60	0x18	.text	game/objBull.cpp	global	ckLiftWait__8cObjBull	cObjBull::ckLiftWait
0x80037F78	0x1DC	.text	game/objBull.cpp	global	Sub_bull_drive	Sub_bull_drive
0x80038154	0x160	.text	game/objBull.cpp	global	Sub_bull_operation	Sub_bull_operation
0x800382B4	0x1C4	.text	game/objBull.cpp	global	Sub_bull_lookback	Sub_bull_lookback
0x80038478	0x160	.text	game/objBull.cpp	global	Sub_bull_look	Sub_bull_look
0x800385D8	0x270	.text	game/objBull.cpp	global	Sub_dm_bull	Sub_dm_bull
0x80038848	0x6C	.text	game/objBull.cpp	global	setSubBullDrive__8cObjBull	cObjBull::setSubBullDrive
0x800388B4	0x60	.text	game/objBull.cpp	global	setSubBullFinger__8cObjBull	cObjBull::setSubBullFinger
0x80038914	0x6C	.text	game/objBull.cpp	global	setSubBullLookBack__8cObjBull	cObjBull::setSubBullLookBack
0x80038980	0x8	.text	game/objBull.cpp	global	getMoveFrameToLift__8cObjBull	cObjBull::getMoveFrameToLift
0x80038988	0x8	.text	game/objBull.cpp	global	getMoveFrameRtn__8cObjBull	cObjBull::getMoveFrameRtn
0x80038990	0x10	.text	game/objBull.cpp	global	setAdjustMode__8cObjBullUcPFP4cObj_v	cObjBull::setAdjustMode
0x800389A0	0xC	.text	game/objBull.cpp	global	setBreakTruck__8cObjBull	cObjBull::setBreakTruck
0x800389AC	0x1D4	.text	game/objBull.cpp	global	SubCkNearEm	SubCkNearEm
0x80038B80	0x20	.text	game/objBull.cpp	global	_._8cObjBull	cObjBull::~cObjBull
0x80038BA0	0x238	.text	game/objGondola.cpp	global	SetGondola__FPvT0P3VecT2	SetGondola
0x80038DD8	0x64	.text	game/objGondola.cpp	global	move__11cObjGondola	cObjGondola::move
0x80038E3C	0x48	.text	game/objGondola.cpp	global	objGondola_R0_Set	objGondola_R0_Set
0x80038E84	0xD4	.text	game/objGondola.cpp	global	objGondola_R0_Move	objGondola_R0_Move
0x80038F58	0x148	.text	game/objGondola.cpp	global	objGondola_R0_Down	objGondola_R0_Down
0x800390A0	0x218	.text	game/objGondola.cpp	global	objGondola_R0_Up	objGondola_R0_Up
0x800392B8	0x35C	.text	game/objGondola.cpp	global	objGondola_R0_Break	objGondola_R0_Break
0x80039614	0x48	.text	game/objGondola.cpp	global	objGondolaSatClear	objGondolaSatClear
0x8003965C	0x244	.text	game/objGondola.cpp	global	objGondolaSatSet	objGondolaSatSet
0x800398A0	0x60	.text	game/objGondola.cpp	global	setMoveMotion__11cObjGondolaPvi	cObjGondola::setMoveMotion
0x80039900	0x18	.text	game/objGondola.cpp	global	ckRide__11cObjGondola	cObjGondola::ckRide
0x80039918	0xF0	.text	game/objGondola.cpp	global	setRideEm__11cObjGondolaP3cEm	cObjGondola::setRideEm
0x80039A08	0x2C	.text	game/objGondola.cpp	global	setGetOffEm__11cObjGondolaP3cEm	cObjGondola::setGetOffEm
0x80039A34	0x54	.text	game/objGondola.cpp	global	setDamage__11cObjGondola	cObjGondola::setDamage
0x80039A88	0x78	.text	game/objGondola.cpp	global	setBreak__11cObjGondola	cObjGondola::setBreak
0x80039B00	0xF4	.text	game/objGondola.cpp	global	objGondolaRideEmAdjust	objGondolaRideEmAdjust
0x80039BF4	0x130	.text	game/objGondola.cpp	global	setRidePL__11cObjGondola	cObjGondola::setRidePL
0x80039D24	0x2C	.text	game/objGondola.cpp	global	setGetOffPL__11cObjGondola	cObjGondola::setGetOffPL
0x80039D50	0x14	.text	game/objGondola.cpp	global	setSubMotion__11cObjGondolaP10MotionWorkPvT2	cObjGondola::setSubMotion
0x80039D64	0xD8	.text	game/objGondola.cpp	global	setVib__11cObjGondola	cObjGondola::setVib
0x80039E3C	0x20	.text	game/objGondola.cpp	global	_._11cObjGondola	cObjGondola::~cObjGondola
0x80039E5C	0x26C	.text	game/objMissile.cpp	global	SetHeliMissile__FPvT0P3VecT2Uc	SetHeliMissile
0x8003A0C8	0xA8	.text	game/objMissile.cpp	global	move__11cObjMissile	cObjMissile::move
0x8003A170	0x34	.text	game/objMissile.cpp	global	objMissile_R0_Set	objMissile_R0_Set
0x8003A1A4	0x35C	.text	game/objMissile.cpp	global	objMissile_R0_Parent	objMissile_R0_Parent
0x8003A500	0x3F8	.text	game/objMissile.cpp	global	objMissile_R0_FireWait	objMissile_R0_FireWait
0x8003A8F8	0x414	.text	game/objMissile.cpp	global	objMissile_R0_Fire	objMissile_R0_Fire
0x8003AD0C	0x68	.text	game/objMissile.cpp	global	objMissile_R0_Lost	objMissile_R0_Lost
0x8003AD74	0x2C	.text	game/objMissile.cpp	global	setParent__11cObjMissileP6cModelii	cObjMissile::setParent
0x8003ADA0	0x50	.text	game/objMissile.cpp	global	setFire__11cObjMissileP3Vec	cObjMissile::setFire
0x8003ADF0	0x154	.text	game/objMissile.cpp	global	objMissileBomb	objMissileBomb
0x8003AF44	0x20	.text	game/objMissile.cpp	global	_._11cObjMissile	cObjMissile::~cObjMissile
0x8003AF64	0x204	.text	game/objPillar.cpp	global	SetPillar__FPvT0P3VecT2	SetPillar
0x8003B168	0x50	.text	game/objPillar.cpp	global	move__10cObjPillar	cObjPillar::move
0x8003B1B8	0x7C	.text	game/objPillar.cpp	global	objPillar_R0_Set	objPillar_R0_Set
0x8003B234	0x2C0	.text	game/objPillar.cpp	global	objPillar_R0_Break	objPillar_R0_Break
0x8003B4F4	0x5E4	.text	game/objPillar.cpp	global	objPillar_R0_Throw	objPillar_R0_Throw
0x8003BAD8	0x184	.text	game/objPillar.cpp	global	objPillar_R0_Escape	objPillar_R0_Escape
0x8003BC5C	0x248	.text	game/objPillar.cpp	global	objPillar_R0_Fall	objPillar_R0_Fall
0x8003BEA4	0x8	.text	game/objPillar.cpp	global	setMotion__10cObjPillarPv	cObjPillar::setMotion
0x8003BEAC	0x18	.text	game/objPillar.cpp	global	ckSet__10cObjPillar	cObjPillar::ckSet
0x8003BEC4	0xE4	.text	game/objPillar.cpp	global	setBreak__10cObjPillarP3VecPvT2	cObjPillar::setBreak
0x8003BFA8	0xD0	.text	game/objPillar.cpp	global	setThrow__10cObjPillarPvN41	cObjPillar::setThrow
0x8003C078	0x98	.text	game/objPillar.cpp	global	setFall__10cObjPillarPvT1	cObjPillar::setFall
0x8003C110	0x1E0	.text	game/objPillar.cpp	global	objPillarAtkCk	objPillarAtkCk
0x8003C2F0	0x4C	.text	game/objPillar.cpp	global	EscapeAction	EscapeAction
0x8003C33C	0x20C	.text	game/objPillar.cpp	local	plemEscape_8003C33C	plemEscape
0x8003C548	0x260	.text	game/objPillar.cpp	global	EscapeCamMove	EscapeCamMove
0x8003C7A8	0x64	.text	game/objPillar.cpp	global	EscapeAction2	EscapeAction2
0x8003C80C	0x118	.text	game/objPillar.cpp	global	plemEscape2	plemEscape2
0x8003C924	0xC8	.text	game/objPillar.cpp	global	objPillarEatSet	objPillarEatSet
0x8003C9EC	0x20	.text	game/objPillar.cpp	global	_._10cObjPillar	cObjPillar::~cObjPillar
0x8003CA0C	0x1F8	.text	game/objRobo.cpp	global	SetObjRobo__FPvT0P3VecT2	SetObjRobo
0x8003CC04	0x3C	.text	game/objRobo.cpp	global	move__8cObjRobo	cObjRobo::move
0x8003CC40	0x58	.text	game/objRobo.cpp	global	SetBeginEvent__8cObjRoboUl	cObjRobo::SetBeginEvent
0x8003CC98	0x38	.text	game/objRobo.cpp	global	SetEndEvent__8cObjRoboUl	cObjRobo::SetEndEvent
0x8003CCD0	0x408	.text	game/objRobo.cpp	global	R0Init__8cObjRoboP8cObjRobo	cObjRobo::R0Init
0x8003D0D8	0x324	.text	game/objRobo.cpp	global	R0WaitGondola__8cObjRoboP8cObjRobo	cObjRobo::R0WaitGondola
0x8003D3FC	0x10C	.text	game/objRobo.cpp	global	R0WalkPassage__8cObjRoboP8cObjRobo	cObjRobo::R0WalkPassage
0x8003D508	0x21C	.text	game/objRobo.cpp	global	R0WaitDoor__8cObjRoboP8cObjRobo	cObjRobo::R0WaitDoor
0x8003D724	0x4F8	.text	game/objRobo.cpp	global	R0WalkBridge__8cObjRoboP8cObjRobo	cObjRobo::R0WalkBridge
0x8003DC1C	0x80	.text	game/objRobo.cpp	global	R0WaitBreak__8cObjRoboP8cObjRobo	cObjRobo::R0WaitBreak
0x8003DC9C	0x80	.text	game/objRobo.cpp	global	R0WaitDie__8cObjRoboP8cObjRobo	cObjRobo::R0WaitDie
0x8003DD1C	0x38	.text	game/objRobo.cpp	global	R0Event__8cObjRoboP8cObjRobo	cObjRobo::R0Event
0x8003DD54	0x1F4	.text	game/objRobo.cpp	global	WalkSequence__8cObjRoboP8cObjRoboi	cObjRobo::WalkSequence
0x8003DF48	0x268	.text	game/objRobo.cpp	global	TaskSwitchFront__8cObjRoboP8cObjRobo	cObjRobo::TaskSwitchFront
0x8003E1B0	0x268	.text	game/objRobo.cpp	global	TaskSwitchBack__8cObjRoboP8cObjRobo	cObjRobo::TaskSwitchBack
0x8003E418	0x98	.text	game/objRobo.cpp	global	WalkHitCk__8cObjRoboP8cObjRobo	cObjRobo::WalkHitCk
0x8003E4B0	0x200	.text	game/objRobo.cpp	global	SatMove__8cObjRoboP8cObjRoboP3Veci	cObjRobo::SatMove
0x8003E6B0	0xC8	.text	game/objRobo.cpp	global	SatMoveSub__8cObjRoboP6cModelP3VecT2	cObjRobo::SatMoveSub
0x8003E778	0x20	.text	game/objRobo.cpp	global	_._8cObjRobo	cObjRobo::~cObjRobo
0x8003E798	0xD4	.text	game/objRocket.cpp	global	init__10cObjRocket	cObjRocket::init
0x8003E86C	0x5F8	.text	game/objRocket.cpp	global	move__10cObjRocket	cObjRocket::move
0x8003EE64	0xA0	.text	game/objRocket.cpp	global	fire__10cObjRocket	cObjRocket::fire
0x8003EF04	0x38	.text	game/objRocket.cpp	global	beginEvent__10cObjRocketUl	cObjRocket::beginEvent
0x8003EF3C	0x48	.text	game/objRocket.cpp	global	__12cObjLauncher	cObjLauncher::cObjLauncher
0x8003EF84	0x68	.text	game/objRocket.cpp	global	_._12cObjLauncher	cObjLauncher::~cObjLauncher
0x8003EFEC	0x184	.text	game/objRocket.cpp	global	init__12cObjLauncherP6cModel	cObjLauncher::init
0x8003F170	0xBC	.text	game/objRocket.cpp	global	loadRocket__12cObjLauncher	cObjLauncher::loadRocket
0x8003F22C	0xEC	.text	game/objRocket.cpp	global	moveFire__12cObjLauncher	cObjLauncher::moveFire
0x8003F318	0xF8	.text	game/objRocket.cpp	global	ckBoss__12cObjLauncher	cObjLauncher::ckBoss
0x8003F410	0x128	.text	game/objRocket.cpp	global	launch__12cObjLauncher	cObjLauncher::launch
0x8003F538	0x44	.text	game/objRocket.cpp	global	moveDrop__12cObjLauncher	cObjLauncher::moveDrop
0x8003F57C	0x1D0	.text	game/objRocket.cpp	global	drop__12cObjLauncheri	cObjLauncher::drop
0x8003F74C	0x88	.text	game/objRocket.cpp	global	grip__12cObjLauncheri	cObjLauncher::grip
0x8003F7D4	0x64	.text	game/objRocket.cpp	global	gripBack__12cObjLauncher	cObjLauncher::gripBack
0x8003F838	0x64	.text	game/objRocket.cpp	global	interrupt__12cObjLauncher	cObjLauncher::interrupt
0x8003F89C	0x58	.text	game/objRocket.cpp	global	keyKamae__12cObjLauncher	cObjLauncher::keyKamae
0x8003F8F4	0x368	.text	game/objRocket.cpp	global	setMotion__12cObjLauncherP7cPlayer	cObjLauncher::setMotion
0x8003FC5C	0x50	.text	game/objRocket.cpp	global	destroyNow__t8cManager1Z4cObjP4cObj	cManager<cObj>::destroyNow
0x8003FCAC	0x20	.text	game/objRocket.cpp	global	_._10cObjRocket	cObjRocket::~cObjRocket
0x8003FCCC	0x60	.text	game/objRocket.cpp	global	setNoSuspend__12cObjLauncheri	cObjLauncher::setNoSuspend
0x8003FD2C	0x9C	.text	game/objSubWep.cpp	global	move__7cSubWep	cSubWep::move
0x8003FDC8	0x118	.text	game/objSubWep.cpp	global	moveNormal__7cSubWep	cSubWep::moveNormal
0x8003FEE0	0x17C	.text	game/objSubWep.cpp	global	moveWater__7cSubWep	cSubWep::moveWater
0x8004005C	0x434	.text	game/objSubWep.cpp	global	scrAdjust__7cSubWep	cSubWep::scrAdjust
0x80040490	0xAC	.text	game/objSubWep.cpp	global	dmgSet__7cSubWepi	cSubWep::dmgSet
0x8004053C	0x544	.text	game/objSubWep.cpp	global	addSpeed__7cSubWep	cSubWep::addSpeed
0x80040A80	0x1C0	.text	game/objSubWep.cpp	global	bounce__7cSubWepP3Vec	cSubWep::bounce
0x80040C40	0x104	.text	game/objSubWep.cpp	global	getEffectType__7cSubWep	cSubWep::getEffectType
0x80040D44	0x114	.text	game/objSubWep.cpp	global	__7cSubWep	cSubWep::cSubWep
0x80040E58	0x22C	.text	game/objSubWep.cpp	global	init__7cSubWepP3Vecf	cSubWep::init
0x80041084	0x18C	.text	game/objSubWep.cpp	global	setThrowSpeed	setThrowSpeed
0x80041210	0x2C	.text	game/objSubWep.cpp	global	beginEvent__7cSubWepUl	cSubWep::beginEvent
0x8004123C	0x3C	.text	game/objSubWep.cpp	global	__11cObjGrenade	cObjGrenade::cObjGrenade
0x80041278	0x22C	.text	game/objSubWep.cpp	global	explode__11cObjGrenade	cObjGrenade::explode
0x800414A4	0xB4	.text	game/objSubWep.cpp	global	waterExplode__11cObjGrenade	cObjGrenade::waterExplode
0x80041558	0x48	.text	game/objSubWep.cpp	global	__11cObjGreFire	cObjGreFire::cObjGreFire
0x800415A0	0x258	.text	game/objSubWep.cpp	global	explode__11cObjGreFire	cObjGreFire::explode
0x800417F8	0x38	.text	game/objSubWep.cpp	global	waterExplode__11cObjGreFire	cObjGreFire::waterExplode
0x80041830	0x48	.text	game/objSubWep.cpp	global	__12cObjGreLight	cObjGreLight::cObjGreLight
0x80041878	0x1B0	.text	game/objSubWep.cpp	global	explode__12cObjGreLight	cObjGreLight::explode
0x80041A28	0x38	.text	game/objSubWep.cpp	global	waterExplode__12cObjGreLight	cObjGreLight::waterExplode
0x80041A60	0x48	.text	game/objSubWep.cpp	global	__7cObjEgg	cObjEgg::cObjEgg
0x80041AA8	0x164	.text	game/objSubWep.cpp	global	explode__7cObjEgg	cObjEgg::explode
0x80041C0C	0x4	.text	game/objSubWep.cpp	global	waterExplode__7cObjEgg	cObjEgg::waterExplode
0x80041C10	0x20	.text	game/objSubWep.cpp	global	_._7cSubWep	cSubWep::~cSubWep
0x80041C30	0x20	.text	game/objSubWep.cpp	global	_._11cObjGrenade	cObjGrenade::~cObjGrenade
0x80041C50	0x20	.text	game/objSubWep.cpp	global	_._11cObjGreFire	cObjGreFire::~cObjGreFire
0x80041C70	0x20	.text	game/objSubWep.cpp	global	_._12cObjGreLight	cObjGreLight::~cObjGreLight
0x80041C90	0x20	.text	game/objSubWep.cpp	global	_._7cObjEgg	cObjEgg::~cObjEgg
0x80041CB0	0x228	.text	game/objTrolley.cpp	global	SetTrolley__FPvT0P3VecT2	SetTrolley
0x80041ED8	0x4C	.text	game/objTrolley.cpp	global	move__11cObjTrolley	cObjTrolley::move
0x80041F24	0xCC	.text	game/objTrolley.cpp	global	objTrolley_R0_Set	objTrolley_R0_Set
0x80041FF0	0x35C	.text	game/objTrolley.cpp	global	objTrolley_R0_Move	objTrolley_R0_Move
0x8004234C	0x14C	.text	game/objTrolley.cpp	global	objTrolley_R0_Break	objTrolley_R0_Break
0x80042498	0x48	.text	game/objTrolley.cpp	local	objTrolleySatClear__FP11cObjTrolley	objTrolleySatClear
0x800424E0	0x29C	.text	game/objTrolley.cpp	global	objTrolleySatSet	objTrolleySatSet
0x8004277C	0x54	.text	game/objTrolley.cpp	global	objTrolleyEscapeAction	objTrolleyEscapeAction
0x800427D0	0x50C	.text	game/objTrolley.cpp	global	plobjTrolleyEscape	plobjTrolleyEscape
0x80042CDC	0xFC	.text	game/objTrolley.cpp	global	plobjTrolleyDie	plobjTrolleyDie
0x80042DD8	0x6C	.text	game/objTrolley.cpp	global	setMotion__11cObjTrolleyPPv	cObjTrolley::setMotion
0x80042E44	0x60	.text	game/objTrolley.cpp	global	objTrolleyPushMtx	objTrolleyPushMtx
0x80042EA4	0x10C	.text	game/objTrolley.cpp	global	objTrolleyGetTrolleyNo	objTrolleyGetTrolleyNo
0x80042FB0	0x114	.text	game/objTrolley.cpp	global	objTrolleyGetTrolleyNo2	objTrolleyGetTrolleyNo2
0x800430C4	0x17C	.text	game/objTrolley.cpp	global	objTrolleyGetAdjust	objTrolleyGetAdjust
0x80043240	0x15C	.text	game/objTrolley.cpp	global	objTrolleySetAdjust	objTrolleySetAdjust
0x8004339C	0x24	.text	game/objTrolley.cpp	global	objTrolleyMoveAdjustPL	objTrolleyMoveAdjustPL
0x800433C0	0xAC	.text	game/objTrolley.cpp	global	objTrolleyMoveAdjustEM	objTrolleyMoveAdjustEM
0x8004346C	0x90	.text	game/objTrolley.cpp	global	ckTrolleyRide__11cObjTrolleyP3VecPUcT1	cObjTrolley::ckTrolleyRide
0x800434FC	0xB4	.text	game/objTrolley.cpp	global	ckTrolleyRideAdjust__11cObjTrolleyP3VecT1	cObjTrolley::ckTrolleyRideAdjust
0x800435B0	0x10	.text	game/objTrolley.cpp	global	setStart__11cObjTrolley	cObjTrolley::setStart
0x800435C0	0x14	.text	game/objTrolley.cpp	global	set2ndStart__11cObjTrolley	cObjTrolley::set2ndStart
0x800435D4	0x18	.text	game/objTrolley.cpp	global	ckStop__11cObjTrolley	cObjTrolley::ckStop
0x800435EC	0x154	.text	game/objTrolley.cpp	global	objTrolleyHitCk	objTrolleyHitCk
0x80043740	0xA4	.text	game/objTrolley.cpp	global	objTrolleyFallEM	objTrolleyFallEM
0x800437E4	0xA8	.text	game/objTrolley.cpp	global	objTrolleyLostEM	objTrolleyLostEM
0x8004388C	0x20	.text	game/objTrolley.cpp	global	_._11cObjTrolley	cObjTrolley::~cObjTrolley
0x800438AC	0x98	.text	game/objWep.cpp	global	__7cObjWep	cObjWep::cObjWep
0x80043944	0x1E4	.text	game/objWep.cpp	global	move__7cObjWep	cObjWep::move
0x80043B28	0xB0	.text	game/objWep.cpp	global	setDisp__7cObjWepii	cObjWep::setDisp
0x80043BD8	0x8C	.text	game/objWep.cpp	global	parentSet__7cObjWepP6cModeliP3VecT3	cObjWep::parentSet
0x80043C64	0x80	.text	game/objWep.cpp	global	parentRelease__7cObjWep	cObjWep::parentRelease
0x80043CE4	0x40	.text	game/objWep.cpp	global	endReload__7cObjWepi	cObjWep::endReload
0x80043D24	0xB0	.text	game/objWep.cpp	global	resetMotion__7cObjWep	cObjWep::resetMotion
0x80043DD4	0x28	.text	game/objWep.cpp	global	trigger__7cObjWep	cObjWep::trigger
0x80043DFC	0x38	.text	game/objWep.cpp	global	bulletNum__7cObjWep	cObjWep::bulletNum
0x80043E34	0x28	.text	game/objWep.cpp	global	reloadable__7cObjWep	cObjWep::reloadable
0x80043E5C	0x3E0	.text	game/objWep.cpp	global	drawLaserSight__7cObjWepii	cObjWep::drawLaserSight
0x8004423C	0x178	.text	game/objWep.cpp	global	drawPoint	drawPoint
0x800443B4	0xEC	.text	game/objWep.cpp	global	getMarkerPos__7cObjWepP3VecT1	cObjWep::getMarkerPos
0x800444A0	0x90	.text	game/objWep.cpp	global	interrupt__7cObjWep	cObjWep::interrupt
0x80044530	0x3C	.text	game/objWep.cpp	global	keyKamae__8cObjHand	cObjHand::keyKamae
0x8004456C	0x5E0	.text	game/objWep.cpp	global	satCheck__7cObjWep	cObjWep::satCheck
0x80044B4C	0x38C	.text	game/objWep.cpp	global	Draw_line3d_local_222	Draw_line3d_local_222
0x80044ED8	0x34	.text	game/objWep.cpp	global	Draw_line3d_222	Draw_line3d_222
0x80044F0C	0x20	.text	game/objWep.cpp	global	_._7cObjWep	cObjWep::~cObjWep
0x80044F2C	0x4	.text	game/objWep.cpp	global	moveAll__7cObjWep	cObjWep::moveAll
0x80044F30	0x4	.text	game/objWep.cpp	global	moveStay__7cObjWep	cObjWep::moveStay
0x80044F34	0x4	.text	game/objWep.cpp	global	moveReady__7cObjWep	cObjWep::moveReady
0x80044F38	0x4	.text	game/objWep.cpp	global	moveFire__7cObjWep	cObjWep::moveFire
0x80044F3C	0x4	.text	game/objWep.cpp	global	moveDown__7cObjWep	cObjWep::moveDown
0x80044F40	0x4	.text	game/objWep.cpp	global	moveReload__7cObjWep	cObjWep::moveReload
0x80044F44	0x4	.text	game/objWep.cpp	global	moveDrop__7cObjWep	cObjWep::moveDrop
0x80044F48	0x3C	.text	game/objWep.cpp	global	init__7cObjWepP6cModel	cObjWep::init
0x80044F84	0x4	.text	game/objWep.cpp	global	setMotion__7cObjWepP7cPlayer	cObjWep::setMotion
0x80044F88	0x2C	.text	game/objWep.cpp	global	setAbility__7cObjWepffff	cObjWep::setAbility
0x80044FB4	0x24	.text	game/objWep.cpp	global	keyKamae__7cObjWep	cObjWep::keyKamae
0x80044FD8	0x4	.text	game/objWep.cpp	global	fire__7cObjWep	cObjWep::fire
0x80044FDC	0x4	.text	game/objWep.cpp	global	beginReload__7cObjWep	cObjWep::beginReload
0x80044FE0	0x1D4	.text	game/objYagura.cpp	global	SetYagura__FPvT0P3VecT2	SetYagura
0x800451B4	0x34	.text	game/objYagura.cpp	global	move__10cObjYagura	cObjYagura::move
0x800451E8	0x68	.text	game/objYagura.cpp	global	objYagura_R0_Set	objYagura_R0_Set
0x80045250	0x8	.text	game/objYagura.cpp	global	setMotionVib__10cObjYaguraPv	cObjYagura::setMotionVib
0x80045258	0x40	.text	game/objYagura.cpp	global	setVib__10cObjYagura	cObjYagura::setVib
0x80045298	0x20	.text	game/objYagura.cpp	global	_._10cObjYagura	cObjYagura::~cObjYagura
0x800452B8	0x158	.text	game/option.cpp	global	setLangExt3	setLangExt3
0x80045410	0x40	.text	game/option.cpp	global	OptionOpenCheck	OptionOpenCheck
0x80045450	0x17C	.text	game/option.cpp	global	init__12OptionScreeni	OptionScreen::init
0x800455CC	0xB4	.text	game/option.cpp	global	move__12OptionScreen	OptionScreen::move
0x80045680	0x50	.text	game/option.cpp	global	quit__12OptionScreen	OptionScreen::quit
0x800456D0	0x490	.text	game/option.cpp	global	top_menu	top_menu
0x80045B60	0x8C	.text	game/option.cpp	global	back_to_top_menu	back_to_top_menu
0x80045BEC	0x694	.text	game/option.cpp	global	retry_load_menu	retry_load_menu
0x80046280	0x8D0	.text	game/option.cpp	global	controller_menu	controller_menu
0x80046B50	0x6C4	.text	game/option.cpp	global	brightness_menu	brightness_menu
0x80047214	0x3F0	.text	game/option.cpp	global	audio_menu	audio_menu
0x80047604	0x134	.text	game/option.cpp	global	num	num
0x80047738	0x90	.text	game/option.cpp	global	init__10GameResultPv	GameResult::init
0x800477C8	0x214	.text	game/option.cpp	global	move__10GameResult	GameResult::move
0x800479DC	0x38	.text	game/option.cpp	global	quit__10GameResult	GameResult::quit
0x80047A14	0x7C	.text	game/option.cpp	global	omake_init__10GameResultPv	GameResult::omake_init
0x80047A90	0x2C	.text	game/option.cpp	global	omake_move__10GameResult	GameResult::omake_move
0x80047ABC	0x84	.text	game/option.cpp	global	init__10ChapterEndPvUc	ChapterEnd::init
0x80047B40	0x3A8	.text	game/option.cpp	global	move__10ChapterEnd	ChapterEnd::move
0x80047EE8	0x38	.text	game/option.cpp	global	quit__10ChapterEnd	ChapterEnd::quit
0x80047F20	0x120	.text	game/pl_ashley.cpp	global	__9cPlAshley	cPlAshley::cPlAshley
0x80048040	0x34	.text	game/pl_ashley.cpp	global	move__9cPlAshley	cPlAshley::move
0x80048074	0x4	.text	game/pl_ashley.cpp	global	moveMatCalcBefore__9cPlAshley	cPlAshley::moveMatCalcBefore
0x80048078	0x1F8	.text	game/pl_ashley.cpp	global	setModel__9cPlAshley	cPlAshley::setModel
0x80048270	0x660	.text	game/pl_ashley.cpp	global	pl01weaponSet__FP7cPlayer	pl01weaponSet
0x800488D0	0x320	.text	game/pl_ashley.cpp	global	setRightHand__9cPlAshleyi	cPlAshley::setRightHand
0x80048BF0	0x304	.text	game/pl_ashley.cpp	global	setLeftHand__9cPlAshleyUl	cPlAshley::setLeftHand
0x80048EF4	0x4	.text	game/pl_ashley.cpp	global	setFace__9cPlAshleyi	cPlAshley::setFace
0x80048EF8	0x1E0	.text	game/pl_ashley.cpp	global	moveBust__9cPlAshley	cPlAshley::moveBust
0x800490D8	0x48	.text	game/pl_ashley.cpp	global	log__t8cManager1Z10cModelInfoPCce	cManager<cModelInfo>::log
0x80049120	0x20	.text	game/pl_ashley.cpp	global	_._9cPlAshley	cPlAshley::~cPlAshley
0x80049140	0x3C	.text	game/pl_ashley.cpp	global	initCloth__9cPlAshley	cPlAshley::initCloth
0x8004917C	0x38	.text	game/pl_ashley.cpp	global	moveCloth__9cPlAshley	cPlAshley::moveCloth
0x800491B4	0x48	.text	game/pl_debug.cpp	global	mahoMuteki__Fv	mahoMuteki
0x800491FC	0x48	.text	game/pl_debug.cpp	global	mahoInfBul__Fv	mahoInfBul
0x80049244	0x58	.text	game/pl_debug.cpp	global	mahoSkelOn__Fv	mahoSkelOn
0x8004929C	0x58	.text	game/pl_debug.cpp	global	mahoSkelOff__Fv	mahoSkelOff
0x800492F4	0x50	.text	game/pl_debug.cpp	global	mahoCallSc__Fv	mahoCallSc
0x80049344	0x48	.text	game/pl_debug.cpp	local	mahoKaiouOff__Fv	mahoKaiouOff
0x8004938C	0x50	.text	game/pl_debug.cpp	global	mahoKaiou2__Fv	mahoKaiou2
0x800493DC	0x50	.text	game/pl_debug.cpp	global	mahoKaiou3__Fv	mahoKaiou3
0x8004942C	0x50	.text	game/pl_debug.cpp	global	mahoKaiou4__Fv	mahoKaiou4
0x8004947C	0x4C	.text	game/pl_debug.cpp	global	mahoThroughOn__Fv	mahoThroughOn
0x800494C8	0x4C	.text	game/pl_debug.cpp	global	mahoThroughOff__Fv	mahoThroughOff
0x80049514	0x134	.text	game/pl_debug.cpp	global	debugInit__7cPlayer	cPlayer::debugInit
0x80049648	0x140	.text	game/pl_debug.cpp	global	scrHitCheck__FP7cPlayer	scrHitCheck
0x80049788	0xE0	.text	game/pl_debug.cpp	global	satMakeTest__FP7cPlayer	satMakeTest
0x80049868	0x18C	.text	game/pl_debug.cpp	global	localCoordTest__FP7cPlayer	localCoordTest
0x800499F4	0x7C	.text	game/pl_debug.cpp	global	debugMove__7cPlayer	cPlayer::debugMove
0x80049A70	0xAC	.text	game/pl_debug.cpp	global	emSearch__7cPlayer	cPlayer::emSearch
0x80049B1C	0x98	.text	game/pl_debug.cpp	global	PlWepMotSet__Fi	PlWepMotSet
0x80049BB4	0x38	.text	game/pl_debug.cpp	global	__7cPlMaho	cPlMaho::cPlMaho
0x80049BEC	0x20	.text	game/pl_debug.cpp	global	reset__7cPlMaho	cPlMaho::reset
0x80049C0C	0x30	.text	game/pl_debug.cpp	global	regist__7cPlMahoPCcPFv_v	cPlMaho::regist
0x80049C3C	0x194	.text	game/pl_debug.cpp	global	DrawGage__Fiiiiiii	DrawGage
0x80049DD0	0x38	.text	game/pl_dmg.cpp	global	Pl_R0_Damage__FP7cPlayer	Pl_R0_Damage
0x80049E08	0x610	.text	game/pl_dmg.cpp	global	damageNormal__FP7cPlayer	damageNormal
0x8004A418	0x62C	.text	game/pl_dmg.cpp	global	damageBlow__FP7cPlayer	damageBlow
0x8004AA44	0x18C	.text	game/pl_dmg.cpp	global	damageBlast__FP7cPlayer	damageBlast
0x8004ABD0	0x1E0	.text	game/pl_dmg.cpp	global	Pl_R0_Die__FP7cPlayer	Pl_R0_Die
0x8004ADB0	0x38	.text	game/pl_event.cpp	global	Pl_R0_Event__FP7cPlayer	Pl_R0_Event
0x8004ADE8	0x74	.text	game/pl_event.cpp	global	pl_R1_Event_Normal__FP7cPlayer	pl_R1_Event_Normal
0x8004AE5C	0x18C	.text	game/pl_event.cpp	global	pl_R1_Event_ToWalk__FP7cPlayer	pl_R1_Event_ToWalk
0x8004AFE8	0x8C	.text	game/pl_event.cpp	global	pl_R1_Event_Smooth__FP7cPlayer	pl_R1_Event_Smooth
0x8004B074	0x64	.text	game/pl_knife.cpp	global	PlKnifeMove__FP7cPlayer	PlKnifeMove
0x8004B0D8	0x1F4	.text	game/pl_knife.cpp	global	knife_r2_ready__FP7cPlayer	knife_r2_ready
0x8004B2CC	0x180	.text	game/pl_knife.cpp	global	knife_r3_ready00__FP7cPlayer	knife_r3_ready00
0x8004B44C	0x104	.text	game/pl_knife.cpp	global	knife_r3_ready10__FP7cPlayer	knife_r3_ready10
0x8004B550	0x108	.text	game/pl_knife.cpp	global	knife_r2_set__FP7cPlayer	knife_r2_set
0x8004B658	0x94	.text	game/pl_knife.cpp	global	knife_r3_set00__FP7cPlayer	knife_r3_set00
0x8004B6EC	0x20	.text	game/pl_knife.cpp	global	knife_r3_set10__FP7cPlayer	knife_r3_set10
0x8004B70C	0xF4	.text	game/pl_knife.cpp	global	knife_r3_set20__FP7cPlayer	knife_r3_set20
0x8004B800	0xF4	.text	game/pl_knife.cpp	global	knife_r3_set30__FP7cPlayer	knife_r3_set30
0x8004B8F4	0x60	.text	game/pl_knife.cpp	local	knife_r3_set40__FP7cPlayer	knife_r3_set40
0x8004B954	0x48	.text	game/pl_knife.cpp	global	knife_r2_fire__FP7cPlayer	knife_r2_fire
0x8004B99C	0x284	.text	game/pl_knife.cpp	global	hitCheck__FP7cPlayeriUl	hitCheck
0x8004BC20	0x110	.text	game/pl_knife.cpp	global	knife_r3_fire00__FP7cPlayer	knife_r3_fire00
0x8004BD30	0x26C	.text	game/pl_knife.cpp	global	knife_r3_fire10__FP7cPlayer	knife_r3_fire10
0x8004BF9C	0x7C	.text	game/pl_knife.cpp	global	knife_r2_down__FP7cPlayer	knife_r2_down
0x8004C018	0x134	.text	game/pl_knife.cpp	global	knife_r3_down00__FP7cPlayer	knife_r3_down00
0x8004C14C	0x1E8	.text	game/pl_knife.cpp	global	knife_r3_down10__FP7cPlayer	knife_r3_down10
0x8004C334	0x90	.text	game/pl_knife.cpp	global	setWepTrans__FP7cPlayeri	setWepTrans
0x8004C3C4	0xB0	.text	game/pl_leon.cpp	global	__7cPlLeon	cPlLeon::cPlLeon
0x8004C474	0x154	.text	game/pl_leon.cpp	global	setMotion__7cPlLeon	cPlLeon::setMotion
0x8004C5C8	0x20	.text	game/pl_leon.cpp	global	move__7cPlLeon	cPlLeon::move
0x8004C5E8	0x318	.text	game/pl_leon.cpp	global	setModel__7cPlLeon	cPlLeon::setModel
0x8004C900	0x8C	.text	game/pl_leon.cpp	global	setWound__7cPlLeon	cPlLeon::setWound
0x8004C98C	0x114	.text	game/pl_leon.cpp	global	setRightHand__7cPlLeoni	cPlLeon::setRightHand
0x8004CAA0	0x194	.text	game/pl_leon.cpp	global	setLeftHand__7cPlLeonUl	cPlLeon::setLeftHand
0x8004CC34	0x9C	.text	game/pl_leon.cpp	global	setFace__7cPlLeoni	cPlLeon::setFace
0x8004CCD0	0xB0	.text	game/pl_leon.cpp	global	setHead__7cPlLeoni	cPlLeon::setHead
0x8004CD80	0xA4	.text	game/pl_leon.cpp	global	setHead__7cPlLeonPvT1	cPlLeon::setHead
0x8004CE24	0x128	.text	game/pl_leon.cpp	global	checkXbutton__7cPlLeon	cPlLeon::checkXbutton
0x8004CF4C	0x20	.text	game/pl_leon.cpp	global	_._7cPlLeon	cPlLeon::~cPlLeon
0x8004CF6C	0x48	.text	game/pl_leon.cpp	global	initCloth__7cPlLeon	cPlLeon::initCloth
0x8004CFB4	0x48	.text	game/pl_leon.cpp	global	moveCloth__7cPlLeon	cPlLeon::moveCloth
0x8004CFFC	0x2C	.text	game/pl_npc.cpp	global	mot_ck__8cSubChar	cSubChar::mot_ck
0x8004D028	0x8C	.text	game/pl_npc.cpp	global	__8cSubChar	cSubChar::cSubChar
0x8004D0B4	0x220	.text	game/pl_npc.cpp	global	_._8cSubChar	cSubChar::~cSubChar
0x8004D2D4	0x330	.text	game/pl_npc.cpp	global	init__8cSubChar	cSubChar::init
0x8004D604	0x2E0	.text	game/pl_npc.cpp	global	move__8cSubChar	cSubChar::move
0x8004D8E4	0x114	.text	game/pl_npc.cpp	global	moveCore__8cSubChar	cSubChar::moveCore
0x8004D9F8	0x9D8	.text	game/pl_npc.cpp	global	moveFootwork__8cSubChar	cSubChar::moveFootwork
0x8004E3D0	0xBD8	.text	game/pl_npc.cpp	global	moveMove__8cSubChar	cSubChar::moveMove
0x8004EFA8	0x98	.text	game/pl_npc.cpp	global	readyOkCheck__8cSubChar	cSubChar::readyOkCheck
0x8004F040	0x3D8	.text	game/pl_npc.cpp	global	moveBehind__8cSubChar	cSubChar::moveBehind
0x8004F418	0x2C4	.text	game/pl_npc.cpp	global	moveKagamu__8cSubChar	cSubChar::moveKagamu
0x8004F6DC	0x248	.text	game/pl_npc.cpp	global	movePants__8cSubChar	cSubChar::movePants
0x8004F924	0x1AC	.text	game/pl_npc.cpp	global	moveDown__8cSubChar	cSubChar::moveDown
0x8004FAD0	0x1C0	.text	game/pl_npc.cpp	global	getScrActionPoint__8cSubCharP3VecT1Ul	cSubChar::getScrActionPoint
0x8004FC90	0x1DC	.text	game/pl_npc.cpp	global	moveFance__8cSubChar	cSubChar::moveFance
0x8004FE6C	0xA0	.text	game/pl_npc.cpp	global	landCheck__8cSubChar	cSubChar::landCheck
0x8004FF0C	0x4	.text	game/pl_npc.cpp	global	pl_fall_ok0	pl_fall_ok0
0x8004FF10	0xC8	.text	game/pl_npc.cpp	global	pl_fall_ok	pl_fall_ok
0x8004FFD8	0x2E4	.text	game/pl_npc.cpp	global	moveFall__8cSubChar	cSubChar::moveFall
0x800502BC	0x378	.text	game/pl_npc.cpp	global	moveAction__8cSubChar	cSubChar::moveAction
0x80050634	0x220	.text	game/pl_npc.cpp	global	moveLadder__8cSubChar	cSubChar::moveLadder
0x80050854	0xCC	.text	game/pl_npc.cpp	global	getJumpAdjY__8cSubChar	cSubChar::getJumpAdjY
0x80050920	0x19C	.text	game/pl_npc.cpp	global	jumpAdjust__8cSubChar	cSubChar::jumpAdjust
0x80050ABC	0x1B8	.text	game/pl_npc.cpp	global	moveBack__8cSubChar	cSubChar::moveBack
0x80050C74	0x2C	.text	game/pl_npc.cpp	global	moveAux__8cSubChar	cSubChar::moveAux
0x80050CA0	0x810	.text	game/pl_npc.cpp	global	moveHide__8cSubChar	cSubChar::moveHide
0x800514B0	0x194	.text	game/pl_npc.cpp	global	moveStoop__8cSubChar	cSubChar::moveStoop
0x80051644	0x53C	.text	game/pl_npc.cpp	global	moveFallWait__8cSubChar	cSubChar::moveFallWait
0x80051B80	0x158	.text	game/pl_npc.cpp	global	moveLadderWait__8cSubChar	cSubChar::moveLadderWait
0x80051CD8	0x158	.text	game/pl_npc.cpp	global	moveWindowWait__8cSubChar	cSubChar::moveWindowWait
0x80051E30	0xA4	.text	game/pl_npc.cpp	global	checkSatAttr__8cSubCharf	cSubChar::checkSatAttr
0x80051ED4	0x278	.text	game/pl_npc.cpp	global	getAdjustX__8cSubChari	cSubChar::getAdjustX
0x8005214C	0x4D8	.text	game/pl_npc.cpp	global	moveDamage__8cSubChar	cSubChar::moveDamage
0x80052624	0x158	.text	game/pl_npc.cpp	global	moveDie__8cSubChar	cSubChar::moveDie
0x8005277C	0x2C	.text	game/pl_npc.cpp	global	moveBull__8cSubChar	cSubChar::moveBull
0x800527A8	0x330	.text	game/pl_npc.cpp	global	moveEvent__8cSubChar	cSubChar::moveEvent
0x80052AD8	0xEC	.text	game/pl_npc.cpp	global	moveDijection__8cSubChar	cSubChar::moveDijection
0x80052BC4	0xB0	.text	game/pl_npc.cpp	global	movePos__8cSubCharP3Vecf	cSubChar::movePos
0x80052C74	0x20	.text	game/pl_npc.cpp	global	neckInit__8cSubChar	cSubChar::neckInit
0x80052C94	0x124	.text	game/pl_npc.cpp	global	neckCtrl__8cSubChar	cSubChar::neckCtrl
0x80052DB8	0x28	.text	game/pl_npc.cpp	global	neckSet__8cSubCharP3Vec	cSubChar::neckSet
0x80052DE0	0xFC	.text	game/pl_npc.cpp	global	actCheck__8cSubChar	cSubChar::actCheck
0x80052EDC	0xBC	.text	game/pl_npc.cpp	global	cautionCheck__8cSubChar	cSubChar::cautionCheck
0x80052F98	0xC	.text	game/pl_npc.cpp	global	plDownCheck__8cSubChar	cSubChar::plDownCheck
0x80052FA4	0x1EC	.text	game/pl_npc.cpp	global	fanceCheck__8cSubChar	cSubChar::fanceCheck
0x80053190	0x170	.text	game/pl_npc.cpp	global	windowCheck__8cSubChar	cSubChar::windowCheck
0x80053300	0x6C	.text	game/pl_npc.cpp	global	fallLadderCheck__8cSubChar	cSubChar::fallLadderCheck
0x8005336C	0x58	.text	game/pl_npc.cpp	global	doorCheck__8cSubChar	cSubChar::doorCheck
0x800533C4	0x2C	.text	game/pl_npc.cpp	global	readyCheck__8cSubChar	cSubChar::readyCheck
0x800533F0	0x110	.text	game/pl_npc.cpp	global	catchOn	catchOn
0x80053500	0x2C8	.text	game/pl_npc.cpp	global	actionCheck__8cSubChar	cSubChar::actionCheck
0x800537C8	0x10C	.text	game/pl_npc.cpp	global	ladder2Check__8cSubChar	cSubChar::ladder2Check
0x800538D4	0xBC	.text	game/pl_npc.cpp	global	getCliffHeight__8cSubCharf	cSubChar::getCliffHeight
0x80053990	0x108	.text	game/pl_npc.cpp	global	pantsCheck__8cSubChar	cSubChar::pantsCheck
0x80053A98	0xC	.text	game/pl_npc.cpp	global	ckPlRun__8cSubChar	cSubChar::ckPlRun
0x80053AA4	0x148	.text	game/pl_npc.cpp	global	seqSeCtrl__8cSubChar	cSubChar::seqSeCtrl
0x80053BEC	0x84	.text	game/pl_npc.cpp	global	backCheckSet__8cSubCharPv	cSubChar::backCheckSet
0x80053C70	0xAC	.text	game/pl_npc.cpp	global	backCheckMove__8cSubChar	cSubChar::backCheckMove
0x80053D1C	0xAC	.text	game/pl_npc.cpp	global	backCheckCtrlFootwork__8cSubChar	cSubChar::backCheckCtrlFootwork
0x80053DC8	0xC0	.text	game/pl_npc.cpp	global	backCheckCtrlMove__8cSubChar	cSubChar::backCheckCtrlMove
0x80053E88	0x1AC	.text	game/pl_npc.cpp	global	checkBackEm__8cSubChar	cSubChar::checkBackEm
0x80054034	0x8	.text	game/pl_npc.cpp	global	setEmFunc__8cSubCharPFv_v	cSubChar::setEmFunc
0x8005403C	0x6A4	.text	game/pl_npc.cpp	global	analyze__8cSubChar	cSubChar::analyze
0x800546E0	0x110	.text	game/pl_npc.cpp	global	frontCheck__8cSubChar	cSubChar::frontCheck
0x800547F0	0x10C	.text	game/pl_npc.cpp	global	anaSatInfo__8cSubChar	cSubChar::anaSatInfo
0x800548FC	0x3C	.text	game/pl_npc.cpp	global	beginEvent__8cSubCharUl	cSubChar::beginEvent
0x80054938	0x20	.text	game/pl_npc.cpp	global	endEvent__8cSubCharUl	cSubChar::endEvent
0x80054958	0x280	.text	game/pl_npc.cpp	global	control__8cSubChari	cSubChar::control
0x80054BD8	0x1C8	.text	game/pl_npc.cpp	global	getFallPos	getFallPos
0x80054DA0	0x19C	.text	game/pl_npc.cpp	global	SubCharGetStatus__Fv	SubCharGetStatus
0x80054F3C	0x250	.text	game/pl_npc.cpp	global	checkAnotherRoute__8cSubChar	cSubChar::checkAnotherRoute
0x8005518C	0x180	.text	game/pl_npc.cpp	global	moveAnotherRoute__8cSubChar	cSubChar::moveAnotherRoute
0x8005530C	0x268	.text	game/pl_npc.cpp	global	damageCheck__8cSubChar	cSubChar::damageCheck
0x80055574	0x15C	.text	game/pl_npc.cpp	global	setDamage__8cSubCharUcifii	cSubChar::setDamage
0x800556D0	0x34	.text	game/pl_npc.cpp	global	registPlAction__8cSubCharP3VecfUc	cSubChar::registPlAction
0x80055704	0x16C	.text	game/pl_npc.cpp	global	waterProc	waterProc
0x80055870	0x1C8	.text	game/pl_npc.cpp	global	moveBust__8cSubChar	cSubChar::moveBust
0x80055A38	0x42C	.text	game/pl_npc.cpp	global	moveFace__8cSubChar	cSubChar::moveFace
0x80055E64	0xA4	.text	game/pl_npc.cpp	global	shadowCtrl__8cSubChar	cSubChar::shadowCtrl
0x80055F08	0x2A0	.text	game/pl_npc.cpp	global	dmgCheck__8cSubChar	cSubChar::dmgCheck
0x800561A8	0x20	.text	game/pl_npc.cpp	global	beginDamage__8cSubChar	cSubChar::beginDamage
0x800561C8	0x38	.text	game/pl_npc.cpp	global	endDamage__8cSubChar	cSubChar::endDamage
0x80056200	0xAC	.text	game/pl_npc.cpp	global	interrupt__8cSubChar	cSubChar::interrupt
0x800562AC	0x58	.text	game/pl_npc.cpp	global	SubCharHideCheck	SubCharHideCheck
0x80056304	0x194	.text	game/pl_npc.cpp	global	inSat__8cSubChar	cSubChar::inSat
0x80056498	0x90	.text	game/pl_npc.cpp	global	SubCharGetCondition	SubCharGetCondition
0x80056528	0xA4	.text	game/pl_npc.cpp	global	debugMove__8cSubChar	cSubChar::debugMove
0x800565CC	0x38	.text	game/pl_npc.cpp	local	__static_initialization_and_destruction_0_800565CC	__static_initialization_and_destruction_0
0x80056604	0x4	.text	game/pl_npc.cpp	global	setFace__8cSubChari	cSubChar::setFace
0x80056608	0x4	.text	game/pl_npc.cpp	global	setHand__8cSubChari	cSubChar::setHand
0x8005660C	0x4	.text	game/pl_npc.cpp	global	initCloth__8cSubChar	cSubChar::initCloth
0x80056610	0x4	.text	game/pl_npc.cpp	global	moveCloth__8cSubChar	cSubChar::moveCloth
0x80056614	0x2C	.text	game/pl_npc.cpp	global	global_constructors_keyed_to_cSubChar_atckPos	global constructors keyed to cSubChar::atckPos
0x80056640	0x2A4	.text	game/pl_push.cpp	global	catchCheck__7cPlPush	cPlPush::catchCheck
0x800568E4	0x5C	.text	game/pl_push.cpp	global	pushTargetInit__7cPlPushUc	cPlPush::pushTargetInit
0x80056940	0x1CC	.text	game/pl_push.cpp	global	pushTarget__7cPlPush	cPlPush::pushTarget
0x80056B0C	0x10	.text	game/pl_push.cpp	global	stopTarget__7cPlPush	cPlPush::stopTarget
0x80056B1C	0x160	.text	game/pl_push.cpp	global	getWHY__7cPlPushPfN21	cPlPush::getWHY
0x80056C7C	0xCC	.text	game/pl_push.cpp	global	scrHitCheck__7cPlPush	cPlPush::scrHitCheck
0x80056D48	0x200	.text	game/pl_push.cpp	global	scrHitCheckSub__7cPlPushfffP3Vecf	cPlPush::scrHitCheckSub
0x80056F48	0x238	.text	game/pl_push.cpp	global	emSandCheck__7cPlPushfffP3Vec	cPlPush::emSandCheck
0x80057180	0x100	.text	game/pl_push.cpp	global	plAdjust__7cPlPush	cPlPush::plAdjust
0x80057280	0x140	.text	game/player.cpp	global	PlayerInit	PlayerInit
0x800573C0	0xE8	.text	game/player.cpp	global	PlayerLifeReset	PlayerLifeReset
0x800574A8	0xC8	.text	game/player.cpp	global	__7cPlayer	cPlayer::cPlayer
0x80057570	0x90	.text	game/player.cpp	global	init0__7cPlayer	cPlayer::init0
0x80057600	0x2D8	.text	game/player.cpp	global	init1__7cPlayer	cPlayer::init1
0x800578D8	0xDC	.text	game/player.cpp	global	startUp__7cPlayer	cPlayer::startUp
0x800579B4	0x508	.text	game/player.cpp	global	move__7cPlayer	cPlayer::move
0x80057EBC	0x50	.text	game/player.cpp	global	pl_R0_Move	pl_R0_Move
0x80057F0C	0x16C	.text	game/player.cpp	global	pl_R1_Footwork	pl_R1_Footwork
0x80058078	0x2B0	.text	game/player.cpp	global	pl_R1_Walk	pl_R1_Walk
0x80058328	0x110	.text	game/player.cpp	global	pl_R1_Back	pl_R1_Back
0x80058438	0x4AC	.text	game/player.cpp	global	pl_R1_Run	pl_R1_Run
0x800588E4	0x150	.text	game/player.cpp	global	pl_R1_Turn	pl_R1_Turn
0x80058A34	0x234	.text	game/player.cpp	global	pl_R1_Turn180	pl_R1_Turn180
0x80058C68	0xA0	.text	game/player.cpp	global	pl_R1_Weapon	pl_R1_Weapon
0x80058D08	0x50	.text	game/player.cpp	global	pl_R1_Boat	pl_R1_Boat
0x80058D58	0x958	.text	game/player.cpp	global	pl_R1_Ladder	pl_R1_Ladder
0x800596B0	0x3B8	.text	game/player.cpp	global	pl_R1_Crouch	pl_R1_Crouch
0x80059A68	0x1C4	.text	game/player.cpp	global	pl_R1_JumpFall	pl_R1_JumpFall
0x80059C2C	0xE4	.text	game/player.cpp	global	pl_R1_Whistle	pl_R1_Whistle
0x80059D10	0x2C	.text	game/player.cpp	global	pl_R1_Aux	pl_R1_Aux
0x80059D3C	0x15C	.text	game/player.cpp	global	pl_R1_LevelUp	pl_R1_LevelUp
0x80059E98	0x15C	.text	game/player.cpp	global	pl_R1_LevelDown	pl_R1_LevelDown
0x80059FF4	0x378	.text	game/player.cpp	global	pl_R1_ObjPush	pl_R1_ObjPush
0x8005A36C	0x388	.text	game/player.cpp	global	pl_R1_Fance	pl_R1_Fance
0x8005A6F4	0x140	.text	game/player.cpp	global	fanceWidthCheck	fanceWidthCheck
0x8005A834	0x21C	.text	game/player.cpp	global	fanceAdjust	fanceAdjust
0x8005AA50	0x4FC	.text	game/player.cpp	global	pl_R1_Fall	pl_R1_Fall
0x8005AF4C	0xE4	.text	game/player.cpp	global	pl_R0_Dijection	pl_R0_Dijection
0x8005B030	0x7C	.text	game/player.cpp	global	pl_R1_BoatDrive	pl_R1_BoatDrive
0x8005B0AC	0xA0	.text	game/player.cpp	global	fallCheck	fallCheck
0x8005B14C	0x7C	.text	game/player.cpp	global	getHeighAdjust	getHeighAdjust
0x8005B1C8	0x5C	.text	game/player.cpp	local	__static_initialization_and_destruction_0_8005B1C8	__static_initialization_and_destruction_0
0x8005B224	0x2C	.text	game/player.cpp	global	global_constructors_keyed_to_pl00_mirror	global constructors keyed to pl00_mirror
0x8005B250	0xA8	.text	game/snd.cpp	global	sndCallErr__Fii	sndCallErr
0x8005B2F8	0x34	.text	game/snd.cpp	global	reverb_mem_alloc__FUl	reverb_mem_alloc
0x8005B32C	0x2DC	.text	game/snd.cpp	global	SndInit__Fv	SndInit
0x8005B608	0xDC	.text	game/snd.cpp	global	SndInit2__Fv	SndInit2
0x8005B6E4	0xDC	.text	game/snd.cpp	global	SndBgmTblInit__Fv	SndBgmTblInit
0x8005B7C0	0xE8	.text	game/snd.cpp	global	SndDriverInit__Fv	SndDriverInit
0x8005B8A8	0x38	.text	game/snd.cpp	global	SndSystemReset__Fv	SndSystemReset
0x8005B8E0	0x8C	.text	game/snd.cpp	global	sndPanCalc__Ff	sndPanCalc
0x8005B96C	0x34	.text	game/snd.cpp	global	sndSpanCalc__Ff	sndSpanCalc
0x8005B9A0	0x64	.text	game/snd.cpp	global	sndVolCalc__Fiif	sndVolCalc
0x8005BA04	0xEC	.text	game/snd.cpp	global	sndVolCalcSub__FP11SndCurveTblff	sndVolCalcSub
0x8005BAF0	0x5C	.text	game/snd.cpp	global	sndPitchCalc__Fif	sndPitchCalc
0x8005BB4C	0xD8	.text	game/snd.cpp	global	sndPitchCalcSub__FP11SndCurveTblf	sndPitchCalcSub
0x8005BC24	0x98	.text	game/snd.cpp	local	sndFilterCalc__Fif	sndFilterCalc
0x8005BCBC	0x88	.text	game/snd.cpp	global	sndExistCheck__FiUl	sndExistCheck
0x8005BD44	0x100	.text	game/snd.cpp	global	sndWallCheck__FP7SND_SITPUcT1P3Vec	sndWallCheck
0x8005BE44	0xA0	.text	game/snd.cpp	global	sndWallCheckSub__FP3Vec	sndWallCheckSub
0x8005BEE4	0x98	.text	game/snd.cpp	global	sndVolCtrlAtCheck__FP7SND_SITPUcT1P3Vec	sndVolCtrlAtCheck
0x8005BF7C	0x114	.text	game/snd.cpp	global	sndInnerVolCheck__FP7SND_SITPUcT1	sndInnerVolCheck
0x8005C090	0x144	.text	game/snd.cpp	global	footSeCheck__FPUsP3Vec	footSeCheck
0x8005C1D4	0x1D8	.text	game/snd.cpp	global	emSeCheck__FPUsT0i	emSeCheck
0x8005C3AC	0x9C	.text	game/snd.cpp	global	wepSeCheck__FPUsP3Vec	wepSeCheck
0x8005C448	0xE0	.text	game/snd.cpp	global	seRandomCheck__FiPUs	seRandomCheck
0x8005C528	0x38	.text	game/snd.cpp	global	EmSeCall__FUsP3VecUcUcUlP5cUnit	EmSeCall
0x8005C560	0x3C	.text	game/snd.cpp	global	RoomSeCall__FUsP3VecUcUlP5cUnit	RoomSeCall
0x8005C59C	0x3C	.text	game/snd.cpp	global	PlSeCall__FUsP3VecUcUlP5cUnit	PlSeCall
0x8005C5D8	0x3C	.text	game/snd.cpp	global	CoreSeCall__FUsP3VecUcUlP5cUnit	CoreSeCall
0x8005C614	0x38	.text	game/snd.cpp	global	FootSeCall__FUsP3VecUcUl	FootSeCall
0x8005C64C	0x4C	.text	game/snd.cpp	global	DoorSeCall__FUs	DoorSeCall
0x8005C698	0x8DC	.text	game/snd.cpp	global	SndCall__FUsUsP3VeciiP5cUnit	SndCall
0x8005CF74	0xC0	.text	game/snd.cpp	global	SndSetVol__FUlii	SndSetVol
0x8005D034	0x64	.text	game/snd.cpp	global	SndSetDopPitch__FUli	SndSetDopPitch
0x8005D098	0xA4	.text	game/snd.cpp	global	SndStop__FUli	SndStop
0x8005D13C	0x7C	.text	game/snd.cpp	global	SndBlkStop__Fi	SndBlkStop
0x8005D1B8	0xA0	.text	game/snd.cpp	global	SndEndCheck__FUl	SndEndCheck
0x8005D258	0x3B4	.text	game/snd.cpp	global	SndStrReq__Fiiiiif	SndStrReq
0x8005D60C	0xA4	.text	game/snd.cpp	global	SndStrReq__FUliii	SndStrReq
0x8005D6B0	0x98	.text	game/snd.cpp	global	SndStrStatusCk__FiiUl	SndStrStatusCk
0x8005D748	0x4C	.text	game/snd.cpp	global	SndStrStatusCk__FUlUl	SndStrStatusCk
0x8005D794	0x3C	.text	game/snd.cpp	global	pullStrWorkNo__Fv	pullStrWorkNo
0x8005D7D0	0x50	.text	game/snd.cpp	global	getStrWork__Fii	getStrWork
0x8005D820	0x44	.text	game/snd.cpp	global	getStrWork__FUl	getStrWork
0x8005D864	0x58	.text	game/snd.cpp	global	SndStrVolSet__Fiiii	SndStrVolSet
0x8005D8BC	0x58	.text	game/snd.cpp	global	SndStrVolReset__Fiii	SndStrVolReset
0x8005D914	0x3A4	.text	game/snd.cpp	global	SndWatcher__Fv	SndWatcher
0x8005DCB8	0x138	.text	game/snd.cpp	global	nextRoomStreamCheck__Fv	nextRoomStreamCheck
0x8005DDF0	0x1EC	.text	game/snd.cpp	global	nextRoomBgmCheck__Fv	nextRoomBgmCheck
0x8005DFDC	0x150	.text	game/snd.cpp	global	SndNextRoomInit__Fv	SndNextRoomInit
0x8005E12C	0x24	.text	game/snd.cpp	global	SndReadAddrInit__Fv	SndReadAddrInit
0x8005E150	0x298	.text	game/snd.cpp	global	SndRoomStartInit__Fv	SndRoomStartInit
0x8005E3E8	0x1A0	.text	game/snd.cpp	global	SndDoorSeLoad__Fv	SndDoorSeLoad
0x8005E588	0x8C	.text	game/snd.cpp	global	SndRoomBgmLoad__Fv	SndRoomBgmLoad
0x8005E614	0xEC	.text	game/snd.cpp	global	SndRoomBgmStartCheck__Fi	SndRoomBgmStartCheck
0x8005E700	0xD4	.text	game/snd.cpp	global	SndRoomBgmStart__FUci	SndRoomBgmStart
0x8005E7D4	0x7C	.text	game/snd.cpp	global	SndRoomBgmStop__FUci	SndRoomBgmStop
0x8005E850	0x5C	.text	game/snd.cpp	global	SndRoomBgmVolSet__FUcii	SndRoomBgmVolSet
0x8005E8AC	0x64	.text	game/snd.cpp	global	SndRoomBgmVolReset__FUci	SndRoomBgmVolReset
0x8005E910	0xD4	.text	game/snd.cpp	global	SndRoomBgmMute__FUcii	SndRoomBgmMute
0x8005E9E4	0x4C	.text	game/snd.cpp	global	SndRoomBgmMuteAll__Fii	SndRoomBgmMuteAll
0x8005EA30	0x70	.text	game/snd.cpp	global	SndRoomStrStartCheck__Fv	SndRoomStrStartCheck
0x8005EAA0	0xE0	.text	game/snd.cpp	global	SndRoomStrStart__Fiii	SndRoomStrStart
0x8005EB80	0x80	.text	game/snd.cpp	global	SndRoomStrStop__Fi	SndRoomStrStop
0x8005EC00	0x64	.text	game/snd.cpp	global	SndRoomStrVolSet__Fii	SndRoomStrVolSet
0x8005EC64	0x64	.text	game/snd.cpp	global	SndRoomStrVolReset__Fi	SndRoomStrVolReset
0x8005ECC8	0xAC	.text	game/snd.cpp	global	SndMuteSet__Fii	SndMuteSet
0x8005ED74	0x84	.text	game/snd.cpp	global	sndMuteSetMain__FP7SndMuteUli	sndMuteSetMain
0x8005EDF8	0xAC	.text	game/snd.cpp	global	SndSetMasterVol__FUli	SndSetMasterVol
0x8005EEA4	0xA8	.text	game/snd.cpp	global	SndGetMasterVol__FUl	SndGetMasterVol
0x8005EF4C	0xBC	.text	game/snd.cpp	global	SndSetOutputMode__Fii	SndSetOutputMode
0x8005F008	0x18C	.text	game/snd.cpp	global	getCam2SndAngle__FPfN20P3Vec	getCam2SndAngle
0x8005F194	0x3A4	.text	game/snd.cpp	global	sndSurroundCalc__Fv	sndSurroundCalc
0x8005F538	0x4C	.text	game/snd.cpp	global	SndStopCheck__Fv	SndStopCheck
0x8005F584	0x78	.text	game/snd.cpp	global	SndAllStop__Fv	SndAllStop
0x8005F5FC	0x84	.text	game/snd.cpp	global	SndAllFadeOut__Fv	SndAllFadeOut
0x8005F680	0x38	.text	game/snd.cpp	global	SndSePause__Fis	SndSePause
0x8005F6B8	0x20	.text	game/snd.cpp	global	SndSeAbsPause__Fv	SndSeAbsPause
0x8005F6D8	0x24	.text	game/snd.cpp	global	SndSePauseAll__Fi	SndSePauseAll
0x8005F6FC	0x40	.text	game/snd.cpp	global	SndSoftReset__Fv	SndSoftReset
0x8005F73C	0x188	.text	game/snd.cpp	global	SndBgmTblSet__FUsi	SndBgmTblSet
0x8005F8C4	0x144	.text	game/snd.cpp	global	SndBgmTblSetEnable__Fii	SndBgmTblSetEnable
0x8005FA08	0x140	.text	game/snd.cpp	global	SndBgmTblSetDisable__Fii	SndBgmTblSetDisable
0x8005FB48	0x44	.text	game/snd.cpp	global	SndSubScreenInit__Fv	SndSubScreenInit
0x8005FB8C	0x44	.text	game/snd.cpp	global	SndSubScreenExit__Fv	SndSubScreenExit
0x8005FBD0	0x9C	.text	game/snd.cpp	global	SndEventStrStop__Fi	SndEventStrStop
0x8005FC6C	0x48	.text	game/snd.cpp	global	SndEventInit__Fv	SndEventInit
0x8005FCB4	0xC0	.text	game/snd.cpp	global	SndEventEnd__Fv	SndEventEnd
0x8005FD74	0x60	.text	game/snd.cpp	global	SndEmDataReadCheck__Fi	SndEmDataReadCheck
0x8005FDD4	0xE8	.text	game/snd.cpp	global	SndBlkInit__Fiii	SndBlkInit
0x8005FEBC	0x88	.text	game/snd.cpp	global	SndBgmLoad__Fi	SndBgmLoad
0x8005FF44	0x5C	.text	game/snd.cpp	global	SndBgmDataReadCheck__Fi	SndBgmDataReadCheck
0x8005FFA0	0xCC	.text	game/snd.cpp	global	SndSetReverb__Fv	SndSetReverb
0x8006006C	0xB4	.text	game/snd.cpp	global	debug_mute_check__Fv	debug_mute_check
0x80060120	0x1CC	.text	game/snd.cpp	global	SndStatDisp__Fi	SndStatDisp
0x800602EC	0x9B8	.text	game/snd.cpp	global	debugDisp__Fv	debugDisp
0x80060CA4	0x28	.text	game/snd.cpp	global	SndSeAbsFadeOutAll_sec__Fi	SndSeAbsFadeOutAll_sec
0x80060CCC	0x20	.text	game/snd.cpp	global	SndSeAbsFadeOutAll_5msec__Fs	SndSeAbsFadeOutAll_5msec
0x80060CEC	0x28	.text	game/snd.cpp	global	SndSeqFadeOutAll_sec__FUci	SndSeqFadeOutAll_sec
0x80060D14	0x8	.text	game/sscrn.cpp	global	SscrnDataSize	SscrnDataSize
0x80060D1C	0x10	.text	game/sscrn.cpp	global	SscrnDataSave	SscrnDataSave
0x80060D2C	0x10	.text	game/sscrn.cpp	global	SscrnDataLoad	SscrnDataLoad
0x80060D3C	0x19C	.text	game/sscrn.cpp	global	SubScreenAramRead	SubScreenAramRead
0x80060ED8	0xF8	.text	game/sscrn.cpp	global	sscrnSetLanguage	sscrnSetLanguage
0x80060FD0	0x3C	.text	game/sscrn.cpp	global	sscrnDataFilename	sscrnDataFilename
0x8006100C	0x98	.text	game/sscrn.cpp	global	SubScreenGameInit	SubScreenGameInit
0x800610A4	0x10C	.text	game/sscrn.cpp	global	SubScreenRoomInit	SubScreenRoomInit
0x800611B0	0xC	.text	game/sscrn.cpp	global	SubScreenWait	SubScreenWait
0x800611BC	0x144	.text	game/sscrn.cpp	global	SubScreenCall	SubScreenCall
0x80061300	0x40	.text	game/sscrn.cpp	global	sscrnStageNo	sscrnStageNo
0x80061340	0x2C	.text	game/sscrn.cpp	global	sscrnRoomNo	sscrnRoomNo
0x8006136C	0xB4	.text	game/sscrn.cpp	global	SubScreenOpen	SubScreenOpen
0x80061420	0x6C	.text	game/sscrn.cpp	global	SubScreenMiss	SubScreenMiss
0x8006148C	0x99C	.text	game/sscrn.cpp	global	SubScreenExec	SubScreenExec
0x80061E28	0xBC	.text	game/sscrn.cpp	global	SubScreenExitCore	SubScreenExitCore
0x80061EE4	0x584	.text	game/sscrn.cpp	global	SubScreenExit	SubScreenExit
0x80062468	0x10	.text	game/sscrn.cpp	global	OpeGetMdtNo	OpeGetMdtNo
0x80062478	0x38	.text	game/sscrn.cpp	global	OpeSetMdtNo	OpeSetMdtNo
0x800624B0	0x38	.text	game/sscrn.cpp	global	OpeMdtSetInit	OpeMdtSetInit
0x800624E8	0x20	.text	game/sscrn.cpp	global	OpeOwTypeSet	OpeOwTypeSet
0x80062508	0x438	.text	game/sscrn.cpp	global	OpeSetOpenTerm	OpeSetOpenTerm
0x80062940	0x10	.text	game/sscrn.cpp	global	OpeSetOpenTermCancel	OpeSetOpenTermCancel
0x80062950	0xD8	.text	game/sscrn.cpp	global	OpeSetOpenTermEnd	OpeSetOpenTermEnd
0x80062A28	0x2C	.text	game/sscrn.cpp	global	roomInit__t8cManager1Z4cMap	cManager<cMap>::roomInit
0x80062A54	0xC	.text	game/sscrn.cpp	global	fn_80062A54	.
0x80062A60	0x88	.text	lib/ppcdown.c	global	fn_80062A60	.
0x80062AE8	0xF0	.text	lib/ppcdown.c	global	DBcallback	DBcallback
0x80062BD8	0x64	.text	lib/ppcdown.c	global	EnableMetroTRKInterrupts	EnableMetroTRKInterrupts
0x80062C3C	0x264	.text	lib/ppcdown.c	global	SNDebugInit	SNDebugInit
0x80062EA0	0x128	.text	lib/ppcdown.c	global	SNDebugBoot	SNDebugBoot
0x80062FC8	0xD4	.text	lib/ppcdown.c	global	cmdNop	cmdNop
0x8006309C	0x9C	.text	lib/ppcdown.c	global	cmdRecvMem	cmdRecvMem
0x80063138	0x1DC	.text	lib/ppcdown.c	global	cmdSendMem	cmdSendMem
0x80063314	0x124	.text	lib/ppcdown.c	global	cmdThreadList	cmdThreadList
0x80063438	0x50	.text	lib/ppcdown.c	global	cmdReset	cmdReset
0x80063488	0x180	.text	lib/ppcdown.c	global	tunerprotocol	tunerprotocol
0x80063608	0x1B4	.text	lib/ppcdown.c	global	cmdGo	cmdGo
0x800637BC	0x9D4	.text	lib/ppcdown.c	local	proviewtty	proviewtty
0x80064190	0x1D4	.text	lib/ppcdown.c	global	checkexternal	checkexternal
0x80064364	0x18	.text	lib/ppcdown.c	global	ISIentry	ISIentry
0x8006437C	0x12C	.text	lib/ppcdown.c	global	DSIentry	DSIentry
0x800644A8	0x638	.text	lib/ppcdown.c	global	snIsSNTDEV	snIsSNTDEV
0x80064AE0	0x114	.text	lib/fileserver.c	global	snFileserver	snFileserver
0x80064BF4	0x20	.text	lib/fileserver.c	global	cmdFS_ACK	cmdFS_ACK
0x80064C14	0x34	.text	lib/fileserver.c	global	FS_Continue	FS_Continue
0x80064C48	0x14	.text	lib/fileserver.c	global	cmdFS_STOP	cmdFS_STOP
0x80064C5C	0x84	.text	lib/fileserver.c	global	cmdFS_HostDisconnect	cmdFS_HostDisconnect
0x80064CE0	0xF0	.text	lib/fileserver.c	global	snInitFileserver	snInitFileserver
0x80064DD0	0x8	.text	lib/fileserver.c	global	PCinit	PCinit
0x80064DD8	0x8	.text	lib/fileserver.c	global	PCcreat	PCcreat
0x80064DE0	0x8	.text	lib/fileserver.c	global	PCopen	PCopen
0x80064DE8	0x8	.text	lib/fileserver.c	global	PCclose	PCclose
0x80064DF0	0x8	.text	lib/fileserver.c	global	PCread	PCread
0x80064DF8	0x8	.text	lib/fileserver.c	global	PCwrite	PCwrite
0x80064E00	0x8	.text	lib/fileserver.c	global	PClseek	PClseek
0x80064E08	0x8	.text	lib/fileserver.c	global	PCsync	PCsync
0x80064E10	0x8	.text	lib/fileserver.c	global	PCreadAsync	PCreadAsync
0x80064E18	0x8	.text	lib/fileserver.c	global	PCwriteAsync	PCwriteAsync
0x80064E20	0x8	.text	lib/fileserver.c	global	PCreadAsync2	PCreadAsync2
0x80064E28	0x8	.text	lib/fileserver.c	global	PCwriteAsync2	PCwriteAsync2
0x80064E30	0x154	.text	lib/proview.c	global	SNInitComm	SNInitComm
0x80064F84	0x48	.text	lib/proview.c	global	SNInitInterrupts	SNInitInterrupts
0x80064FCC	0x88	.text	lib/proview.c	global	SNQueryData	SNQueryData
0x80065054	0x1BC	.text	lib/proview.c	global	SNRead	SNRead
0x80065210	0x198	.text	lib/proview.c	global	SNWrite	SNWrite
0x800653A8	0x4	.text	lib/proview.c	global	SNOpen	SNOpen
0x800653AC	0x4	.text	lib/proview.c	global	SNClose	SNClose
0x800653B0	0x54	.text	lib/proview.c	global	SNHandler	SNHandler
0x80065404	0x18	.text	lib/proview.c	local	SNSelect	SNSelect
0x8006541C	0x14	.text	lib/proview.c	global	SNDeselect	SNDeselect
0x80065430	0x28	.text	lib/proview.c	global	SNWiggleSelect	SNWiggleSelect
0x80065458	0x14	.text	lib/proview.c	global	SNSync	SNSync
0x8006546C	0x40	.text	lib/proview.c	global	SNRead8	SNRead8
0x800654AC	0x34	.text	lib/proview.c	global	SNWrite8	SNWrite8
0x800654E0	0x3C	.text	lib/proview.c	global	SNRead32	SNRead32
0x8006551C	0x30	.text	lib/proview.c	global	SNWrite32	SNWrite32
0x8006554C	0x50	.text	lib/proview.c	global	SNDVDRead_init	SNDVDRead_init
0x8006559C	0x70	.text	lib/proview.c	global	SNDVDReadAsync_next	SNDVDReadAsync_next
0x8006560C	0x68	.text	lib/proview.c	global	SNDVDReadSync_next	SNDVDReadSync_next
0x80065674	0x64	.text	lib/proview.c	global	SNDVDWrite_init	SNDVDWrite_init
0x800656D8	0x70	.text	lib/proview.c	local	SNDVDWriteAsync_next	SNDVDWriteAsync_next
0x80065748	0x68	.text	lib/proview.c	global	SNDVDWriteSync_next	SNDVDWriteSync_next
0x800657B0	0xA4	.text	lib/proview.c	global	SNDVDWriteNoDMA_next	SNDVDWriteNoDMA_next
0x80065854	0x48	.text	lib/tealeaf.c	global	__cvt_fp2unsigned	__cvt_fp2unsigned
0x8006589C	0x4	.text	lib/tealeaf.c	global	__shr2u	__shr2u
0x800658A0	0x4	.text	lib/tealeaf.c	global	__div2i	__div2i
0x800658A4	0x4	.text	lib/tealeaf.c	global	__shl2i	__shl2i
0x800658A8	0x4	.text	lib/tealeaf.c	global	__mod2i	__mod2i
0x800658AC	0x4	.text	lib/tealeaf.c	global	__shr2i	__shr2i
0x800658B0	0x4	.text	lib/tealeaf.c	global	__div2u	__div2u
0x800658B4	0x4	.text	lib/tealeaf.c	global	__mod2u	__mod2u
0x800658B8	0xF4	.text	lib/tealeaf.c	global	__va_arg	__va_arg
0x800659AC	0x8	.text	lib/FSasync.c	global	PCwriteAsyncInit	PCwriteAsyncInit
0x800659B4	0x8C	.text	lib/FSasync.c	local	DoFSReadHeader	DoFSReadHeader
0x80065A40	0x5C	.text	lib/FSasync.c	global	InitReadCounts	InitReadCounts
0x80065A9C	0x8C	.text	lib/FSasync.c	global	PCreadAsyncNext	PCreadAsyncNext
0x80065B28	0xA4	.text	lib/FSasync.c	global	PCreadAsyncInit	PCreadAsyncInit
0x80065BCC	0xA0	.text	lib/FSasync.c	global	ReadSyncNext	ReadSyncNext
0x80065C6C	0x184	.text	lib/FSasync.c	global	CompletePCreadAsync	CompletePCreadAsync
0x80065DF0	0xA8	.text	lib/FSasync.c	global	PCrwAsyncFSACK	PCrwAsyncFSACK
0x80065E98	0xD8	.text	lib/FSasync.c	global	PCrwSyncFSACK	PCrwSyncFSACK
0x80065F70	0x54	.text	lib/FSasync.c	global	CompleteAsync	CompleteAsync
0x80065FC4	0x74	.text	lib/FSasync.c	global	PCrwAsyncNextPh	PCrwAsyncNextPh
0x80066038	0x13C	.text	lib/FSasync.c	global	EXI2TCHandler	EXI2TCHandler
0x80066174	0x70	.text	lib/FSasync.c	global	SNInitEXI2TCHandler	SNInitEXI2TCHandler
0x800661E4	0x20	.text	lib/sndvd.c	global	DisDvdBP	DisDvdBP
0x80066204	0x24	.text	lib/sndvd.c	global	EnaDvdBP	EnaDvdBP
0x80066228	0x88	.text	lib/sndvd.c	local	ForceDvdTcIrq	ForceDvdTcIrq
0x800662B0	0x44	.text	lib/sndvd.c	global	ForceDvdDeIrq	ForceDvdDeIrq
0x800662F4	0x80	.text	lib/sndvd.c	local	DvdCallback	DvdCallback
0x80066374	0x20	.text	lib/sndvd.c	global	CheckSeekOffset	CheckSeekOffset
0x80066394	0xDC	.text	lib/sndvd.c	local	DSIExcHandler	DSIExcHandler
0x80066470	0x274	.text	lib/sndvd.c	global	DSIHandler	DSIHandler
0x800666E4	0x14	.text	lib/sndvd.c	global	SNDVDEmuInit	SNDVDEmuInit
0x800666F8	0x84	.text	lib/sndvd.c	global	SNDVDEmuInitDSIHandler	SNDVDEmuInitDSIHandler
0x8006677C	0xBC	.text	lib/sndvd.c	global	SNDVDEmuControl	SNDVDEmuControl
0x80066838	0x274	.text	lib/e_atan2.c	global	atan2	atan2
0x80066AAC	0x12C	.text	lib/e_log10.c	global	log10	log10
0x80066BD8	0x234	.text	lib/s_atan.c	global	atan	atan
0x80066E0C	0x3C	.text	lib/s_fabs.c	global	fabs	fabs
0x80066E48	0x84	.text	lib/s_tan.c	global	tan	tan
0x80066ECC	0x24C	.text	lib/ef_acos.c	global	acosf	acosf
0x80067118	0x22C	.text	lib/ef_asin.c	global	asinf	asinf
0x80067344	0x220	.text	lib/ef_atan2.c	global	atan2f	atan2f
0x80067564	0xF8	.text	lib/ef_sqrt.c	global	sqrtf	sqrtf
0x8006765C	0x210	.text	lib/sf_atan.c	global	atanf	atanf
0x8006786C	0xDC	.text	lib/sf_cos.c	global	cosf	cosf
0x80067948	0x24	.text	lib/sf_fabs.c	global	fabsf	fabsf
0x8006796C	0xDC	.text	lib/sf_sin.c	global	sinf	sinf
0x80067A48	0x80	.text	lib/sf_tan.c	global	tanf	tanf
0x80067AC8	0x244	.text	lib/k_tan.c	global	__kernel_tan	__kernel_tan
0x80067D0C	0x290	.text	lib/e_log.c	global	log	log
0x80067F9C	0x364	.text	lib/e_rem_pio2.c	global	__ieee754_rem_pio2	__ieee754_rem_pio2
0x80068300	0xEC	.text	lib/kf_cos.c	global	__kernel_cosf	__kernel_cosf
0x800683EC	0xAC	.text	lib/kf_sin.c	global	__kernel_sinf	__kernel_sinf
0x80068498	0x214	.text	lib/kf_tan.c	global	__kernel_tanf	__kernel_tanf
0x800686AC	0x350	.text	lib/ef_rem_pio2.c	global	__ieee754_rem_pio2f	__ieee754_rem_pio2f
0x800689FC	0x888	.text	lib/k_rem_pio2.c	global	__kernel_rem_pio2	__kernel_rem_pio2
0x80069284	0x15C	.text	lib/s_floor.c	global	floor	floor
0x800693E0	0x884	.text	lib/kf_rem_pio2.c	global	__kernel_rem_pio2f	__kernel_rem_pio2f
0x80069C64	0xC8	.text	lib/sf_floor.c	global	floorf	floorf
0x80069D2C	0x154	.text	lib/s_scalbn.c	global	scalbn	scalbn
0x80069E80	0x11C	.text	lib/sf_scalbn.c	global	scalbnf	scalbnf
0x80069F9C	0x50	.text	lib/s_copysign.c	global	copysign	copysign
0x80069FEC	0x34	.text	lib/sf_copysign.c	global	copysignf	copysignf
0x8006A020	0xD8	.text	game/sprintf.cpp	global	sprintf	sprintf
0x8006A0F8	0x8	.text	game/sscanf.cpp	global	eofread	eofread
0x8006A100	0xF0	.text	game/sscanf.cpp	global	sscanf	sscanf
0x8006A1F0	0xE04	.text	game/vfscanf.cpp	global	__svfscanf	__svfscanf
0x8006AFF4	0xD4	.text	game/vfscanf.cpp	global	__sccl	__sccl
0x8006B0C8	0x24	.text	game/atof.cpp	global	atof	atof
0x8006B0EC	0x28	.text	game/atoi.cpp	global	atoi	atoi
0x8006B114	0x80	.text	game/exit.cpp	global	exit	exit
0x8006B194	0x31C	.text	game/mbtowc_r.cpp	global	_mbtowc_r	_mbtowc_r
0x8006B4B0	0x98C	.text	game/qsort.cpp	global	qsort	qsort
0x8006BE3C	0x330	.text	game/strtod2.cpp	global	strtod	strtod
0x8006C16C	0x198	.text	game/strtoul.cpp	global	_strtoul_r	_strtoul_r
0x8006C304	0x38	.text	game/strtoul.cpp	global	strtoul	strtoul
0x8006C33C	0xA4	.text	game/memcpy.cpp	global	memcpy	memcpy
0x8006C3E0	0x94	.text	game/memset.cpp	global	memset	memset
0x8006C474	0x90	.text	game/strcat.cpp	global	strcat	strcat
0x8006C504	0x9C	.text	game/strchr.cpp	global	strchr	strchr
0x8006C5A0	0xA8	.text	game/strcmp.cpp	global	strcmp	strcmp
0x8006C648	0x84	.text	game/strcpy.cpp	global	strcpy	strcpy
0x8006C6CC	0x6C	.text	game/strlen.cpp	global	strlen	strlen
0x8006C738	0xE0	.text	game/strncmp.cpp	global	strncmp	strncmp
0x8006C818	0xCC	.text	game/strncpy.cpp	global	strncpy	strncpy
0x8006C8E4	0x80	.text	game/strpbrk.cpp	global	strpbrk	strpbrk
0x8006C964	0x4C	.text	game/strrchr.cpp	global	strrchr	strrchr
0x8006C9B0	0x70	.text	game/strspn.cpp	global	strspn	strspn
0x8006CA20	0x68	.text	game/strstr.cpp	global	strstr	strstr
0x8006CA88	0x5C	.text	game/vfprintf.cpp	local	strround	strround
0x8006CAE4	0x4C	.text	game/vfprintf.cpp	global	strrev	strrev
0x8006CB30	0x7C	.text	game/vfprintf.cpp	local	itoa	itoa
0x8006CBAC	0x4E8	.text	game/vfprintf.cpp	global	fftoa	fftoa
0x8006D094	0xD4	.text	game/vfprintf.cpp	local	_vfwrite	_vfwrite
0x8006D168	0xD8	.text	game/vfprintf.cpp	global	vfprintf	vfprintf
0x8006D240	0x1444	.text	game/vfprintf.cpp	global	_vfprintf_r	_vfprintf_r
0x8006E684	0xD4	.text	game/vfiprintf.cpp	local	_vfwrite_8006E684	_vfwrite
0x8006E758	0x12F4	.text	game/vfiprintf.cpp	global	_vfiprintf_r	_vfiprintf_r
0x8006FA4C	0x1B0	.text	game/strtol.cpp	global	_strtol_r	_strtol_r
0x8006FBFC	0x38	.text	game/strtol.cpp	global	strtol	strtol
0x8006FC34	0x14	.text	game/isdigit.cpp	global	isdigit	isdigit
0x8006FC48	0x14	.text	game/isspace.cpp	global	isspace	isspace
0x8006FC5C	0x8	.text	game/errno.cpp	global	__errno	__errno
0x8006FC64	0xC	.text	game/locale.cpp	global	_localeconv_r	_localeconv_r
0x8006FC70	0x24	.text	game/locale.cpp	global	localeconv	localeconv
0x8006FC94	0x174	.text	game/math_support.cpp	global	sn_floor	sn_floor
0x8006FE08	0x35C	.text	game/math_support.cpp	global	sn_fmod	sn_fmod
0x80070164	0x2FC	.text	game/math_support.cpp	global	sn_log	sn_log
0x80070460	0x148	.text	game/math_support.cpp	global	sn_log10	sn_log10
0x800705A8	0x2C	.text	game/fread.cpp	global	memcpyalpha	memcpyalpha
0x800705D4	0xE0	.text	game/fread.cpp	global	fread	fread
0x800706B4	0x20	.text	game/refill.cpp	global	lflush	lflush
0x800706D4	0x174	.text	game/refill.cpp	global	__srefill	__srefill
0x80070848	0x184	.text	game/ungetc.cpp	global	ungetc	ungetc
0x800709CC	0xC0	.text	game/memchr.cpp	global	memchr	memchr
0x80070A8C	0xF4	.text	game/fflush.cpp	global	fflush	fflush
0x80070B80	0x5C	.text	game/fopen.cpp	local	snstd	snstd
0x80070BDC	0xB0	.text	game/fopen.cpp	global	_sn_sinit	_sn_sinit
0x80070C8C	0x28	.text	game/fopen.cpp	global	_cleanup_r	_cleanup_r
0x80070CB4	0x80	.text	game/fwalk.cpp	global	_fwalk	_fwalk
0x80070D34	0xD8	.text	game/makebuf.cpp	global	__smakebuf	__smakebuf
0x80070E0C	0x64	.text	game/stdio.cpp	global	__sread	__sread
0x80070E70	0x70	.text	game/stdio.cpp	global	__swrite	__swrite
0x80070EE0	0x64	.text	game/stdio.cpp	global	__sseek	__sseek
0x80070F44	0x28	.text	game/stdio.cpp	global	__sclose	__sclose
0x80070F6C	0x50	.text	game/closer.cpp	global	_close_r	_close_r
0x80070FBC	0x58	.text	game/fstatr.cpp	global	_fstat_r	_fstat_r
0x80071014	0x58	.text	game/lseekr.cpp	global	_lseek_r	_lseek_r
0x8007106C	0x58	.text	game/readr.cpp	global	_read_r	_read_r
0x800710C4	0x58	.text	game/writer.cpp	global	_write_r	_write_r
0x8007111C	0x40	.text	lib/_ashldi3.c	global	__ashldi3	__ashldi3
0x8007115C	0x40	.text	lib/_ashrdi3.c	global	__ashrdi3	__ashrdi3
0x8007119C	0x57C	.text	lib/_divdi3.c	global	__divdi3	__divdi3
0x80071718	0x8	.text	lib/_exit.c	global	_exit	_exit
0x80071720	0x40	.text	lib/_lshrdi3.c	global	__lshrdi3	__lshrdi3
0x80071760	0x534	.text	lib/_moddi3.c	global	__moddi3	__moddi3
0x80071C94	0x20	.text	lib/_pure.c	global	__pure_virtual	__pure_virtual
0x80071CB4	0x4E4	.text	lib/_udivdi3.c	global	__udivdi3	__udivdi3
0x80072198	0x498	.text	lib/_umoddi3.c	global	__umoddi3	__umoddi3
0x80072630	0x10	.text	lib/_eh.c	global	__default_terminate	__default_terminate
0x80072640	0x2C	.text	lib/_eh.c	global	__terminate	__terminate
0x8007266C	0x8	.text	lib/PPCArch.c	global	PPCMfmsr	PPCMfmsr
0x80072674	0x8	.text	lib/PPCArch.c	global	PPCMtmsr	PPCMtmsr
0x8007267C	0x8	.text	lib/PPCArch.c	global	PPCMfhid0	PPCMfhid0
0x80072684	0x8	.text	lib/PPCArch.c	global	PPCMthid0	PPCMthid0
0x8007268C	0x8	.text	lib/PPCArch.c	global	PPCMfl2cr	PPCMfl2cr
0x80072694	0x8	.text	lib/PPCArch.c	global	PPCMtl2cr	PPCMtl2cr
0x8007269C	0x8	.text	lib/PPCArch.c	global	PPCMtdec	PPCMtdec
0x800726A4	0x8	.text	lib/PPCArch.c	global	PPCSync	PPCSync
0x800726AC	0x14	.text	lib/PPCArch.c	global	PPCHalt	PPCHalt
0x800726C0	0x8	.text	lib/PPCArch.c	global	PPCMtmmcr0	PPCMtmmcr0
0x800726C8	0x8	.text	lib/PPCArch.c	global	PPCMtmmcr1	PPCMtmmcr1
0x800726D0	0x8	.text	lib/PPCArch.c	global	PPCMfpmc1	PPCMfpmc1
0x800726D8	0x8	.text	lib/PPCArch.c	global	PPCMtpmc1	PPCMtpmc1
0x800726E0	0x8	.text	lib/PPCArch.c	global	PPCMtpmc2	PPCMtpmc2
0x800726E8	0x8	.text	lib/PPCArch.c	global	PPCMtpmc3	PPCMtpmc3
0x800726F0	0x8	.text	lib/PPCArch.c	global	PPCMtpmc4	PPCMtpmc4
0x800726F8	0x20	.text	lib/PPCArch.c	global	PPCMffpscr	PPCMffpscr
0x80072718	0x28	.text	lib/PPCArch.c	global	PPCMtfpscr	PPCMtfpscr
0x80072740	0x8	.text	lib/PPCArch.c	global	PPCMfhid2	PPCMfhid2
0x80072748	0x8	.text	lib/PPCArch.c	global	PPCMthid2	PPCMthid2
0x80072750	0xC	.text	lib/PPCArch.c	global	PPCMfwpar	PPCMfwpar
0x8007275C	0x8	.text	lib/PPCArch.c	global	PPCMtwpar	PPCMtwpar
0x80072764	0x28	.text	lib/PPCArch.c	global	PPCDisableSpeculation	PPCDisableSpeculation
0x8007278C	0x8	.text	lib/PPCArch.c	global	PPCSetFpNonIEEEMode	PPCSetFpNonIEEEMode
0x80072794	0x128	.text	lib/OS.c	global	__OSFPRInit	__OSFPRInit
0x800728BC	0x28	.text	lib/OS.c	global	OSGetConsoleType	OSGetConsoleType
0x800728E4	0x3C	.text	lib/OS.c	local	InquiryCallback	InquiryCallback
0x80072920	0x4E0	.text	lib/OS.c	global	OSInit	OSInit
0x80072E00	0x280	.text	lib/OS.c	local	OSExceptionInit	OSExceptionInit
0x80073080	0x24	.text	lib/OS.c	local	__OSDBIntegrator	__OSDBIntegrator
0x800730A4	0x4	.text	lib/OS.c	local	__OSDBJump	__OSDBJump
0x800730A8	0x1C	.text	lib/OS.c	global	__OSSetExceptionHandler	__OSSetExceptionHandler
0x800730C4	0x14	.text	lib/OS.c	global	__OSGetExceptionHandler	__OSGetExceptionHandler
0x800730D8	0x9C	.text	lib/OS.c	local	OSExceptionVector	OSExceptionVector
0x80073174	0x58	.text	lib/OS.c	global	OSDefaultExceptionHandler	OSDefaultExceptionHandler
0x800731CC	0x54	.text	lib/OS.c	global	__OSPSInit	__OSPSInit
0x80073220	0x14	.text	lib/OS.c	global	__OSGetDIConfig	__OSGetDIConfig
0x80073234	0x2C	.text	lib/OS.c	global	OSRegisterVersion	OSRegisterVersion
0x80073260	0x58	.text	lib/OSAlarm.c	global	OSInitAlarm	OSInitAlarm
0x800732B8	0x10	.text	lib/OSAlarm.c	global	OSCreateAlarm	OSCreateAlarm
0x800732C8	0x250	.text	lib/OSAlarm.c	local	InsertAlarm	InsertAlarm
0x80073518	0x68	.text	lib/OSAlarm.c	global	OSSetAlarm	OSSetAlarm
0x80073580	0x11C	.text	lib/OSAlarm.c	global	OSCancelAlarm	OSCancelAlarm
0x8007369C	0x230	.text	lib/OSAlarm.c	local	DecrementerExceptionCallback	DecrementerExceptionCallback
0x800738CC	0x50	.text	lib/OSAlarm.c	local	DecrementerExceptionHandler	DecrementerExceptionHandler
0x8007391C	0xA0	.text	lib/OSAlarm.c	local	OnReset	OnReset
0x800739BC	0x8	.text	lib/OSArena.c	global	OSGetArenaHi	OSGetArenaHi
0x800739C4	0x8	.text	lib/OSArena.c	global	OSGetArenaLo	OSGetArenaLo
0x800739CC	0x8	.text	lib/OSArena.c	global	OSSetArenaHi	OSSetArenaHi
0x800739D4	0x8	.text	lib/OSArena.c	global	OSSetArenaLo	OSSetArenaLo
0x800739DC	0x2C	.text	lib/OSArena.c	global	OSAllocFromArenaLo	OSAllocFromArenaLo
0x80073A08	0x1BC	.text	lib/OSAudioSystem.c	global	__OSInitAudioSystem	__OSInitAudioSystem
0x80073BC4	0xD8	.text	lib/OSAudioSystem.c	global	__OSStopAudioSystem	__OSStopAudioSystem
0x80073C9C	0x14	.text	lib/OSCache.c	global	DCEnable	DCEnable
0x80073CB0	0x2C	.text	lib/OSCache.c	global	DCInvalidateRange	DCInvalidateRange
0x80073CDC	0x30	.text	lib/OSCache.c	global	DCFlushRange	DCFlushRange
0x80073D0C	0x30	.text	lib/OSCache.c	global	DCStoreRange	DCStoreRange
0x80073D3C	0x2C	.text	lib/OSCache.c	global	DCFlushRangeNoSync	DCFlushRangeNoSync
0x80073D68	0x2C	.text	lib/OSCache.c	global	DCStoreRangeNoSync	DCStoreRangeNoSync
0x80073D94	0x34	.text	lib/OSCache.c	global	ICInvalidateRange	ICInvalidateRange
0x80073DC8	0x10	.text	lib/OSCache.c	global	ICFlashInvalidate	ICFlashInvalidate
0x80073DD8	0x14	.text	lib/OSCache.c	global	ICEnable	ICEnable
0x80073DEC	0xCC	.text	lib/OSCache.c	local	__LCEnable	__LCEnable
0x80073EB8	0x38	.text	lib/OSCache.c	global	LCEnable	LCEnable
0x80073EF0	0x28	.text	lib/OSCache.c	global	LCDisable	LCDisable
0x80073F18	0x98	.text	lib/OSCache.c	global	L2GlobalInvalidate	L2GlobalInvalidate
0x80073FB0	0x160	.text	lib/OSCache.c	global	DMAErrorHandler	DMAErrorHandler
0x80074110	0xF4	.text	lib/OSCache.c	global	__OSCacheInit	__OSCacheInit
0x80074204	0x124	.text	lib/OSContext.c	local	__OSLoadFPUContext	__OSLoadFPUContext
0x80074328	0x128	.text	lib/OSContext.c	local	__OSSaveFPUContext	__OSSaveFPUContext
0x80074450	0x8	.text	lib/OSContext.c	global	OSSaveFPUContext	OSSaveFPUContext
0x80074458	0x5C	.text	lib/OSContext.c	global	OSSetCurrentContext	OSSetCurrentContext
0x800744B4	0xC	.text	lib/OSContext.c	global	OSGetCurrentContext	OSGetCurrentContext
0x800744C0	0x80	.text	lib/OSContext.c	global	OSSaveContext	OSSaveContext
0x80074540	0xD8	.text	lib/OSContext.c	global	OSLoadContext	OSLoadContext
0x80074618	0x8	.text	lib/OSContext.c	global	OSGetStackPointer	OSGetStackPointer
0x80074620	0x24	.text	lib/OSContext.c	global	OSClearContext	OSClearContext
0x80074644	0xBC	.text	lib/OSContext.c	global	OSInitContext	OSInitContext
0x80074700	0x2A8	.text	lib/OSContext.c	global	OSDumpContext	OSDumpContext
0x800749A8	0x84	.text	lib/OSContext.c	local	OSSwitchFPUContext	OSSwitchFPUContext
0x80074A2C	0x48	.text	lib/OSContext.c	global	__OSContextInit	__OSContextInit
0x80074A74	0x80	.text	lib/OSError.c	global	OSReport	OSReport
0x80074AF4	0x12C	.text	lib/OSError.c	global	OSPanic	OSPanic
0x80074C20	0x218	.text	lib/OSError.c	global	OSSetErrorHandler	OSSetErrorHandler
0x80074E38	0x2E8	.text	lib/OSError.c	global	__OSUnhandledException	__OSUnhandledException
0x80075120	0x188	.text	lib/OSExec.c	local	PackArgs	PackArgs
0x800752A8	0x3C	.text	lib/OSExec.c	local	Run	Run
0x800752E4	0x6C	.text	lib/OSExec.c	local	ReadDisc	ReadDisc
0x80075350	0xC	.text	lib/OSExec.c	local	Callback	Callback
0x8007535C	0x40	.text	lib/OSExec.c	global	__OSGetExecParams	__OSGetExecParams
0x8007539C	0xC4	.text	lib/OSExec.c	local	GetApploaderPosition	GetApploaderPosition
0x80075460	0x484	.text	lib/OSExec.c	global	__OSBootDolSimple	__OSBootDolSimple
0x800758E4	0x19C	.text	lib/OSExec.c	global	__OSBootDol	__OSBootDol
0x80075A80	0x14	.text	lib/OSInterrupt.c	global	OSDisableInterrupts	OSDisableInterrupts
0x80075A94	0x14	.text	lib/OSInterrupt.c	global	OSEnableInterrupts	OSEnableInterrupts
0x80075AA8	0x24	.text	lib/OSInterrupt.c	global	OSRestoreInterrupts	OSRestoreInterrupts
0x80075ACC	0x1C	.text	lib/OSInterrupt.c	global	__OSSetInterruptHandler	__OSSetInterruptHandler
0x80075AE8	0x14	.text	lib/OSInterrupt.c	global	__OSGetInterruptHandler	__OSGetInterruptHandler
0x80075AFC	0x74	.text	lib/OSInterrupt.c	global	__OSInterruptInit	__OSInterruptInit
0x80075B70	0x2D8	.text	lib/OSInterrupt.c	local	SetInterruptMask	SetInterruptMask
0x80075E48	0x88	.text	lib/OSInterrupt.c	global	__OSMaskInterrupts	__OSMaskInterrupts
0x80075ED0	0x88	.text	lib/OSInterrupt.c	global	__OSUnmaskInterrupts	__OSUnmaskInterrupts
0x80075F58	0x344	.text	lib/OSInterrupt.c	global	__OSDispatchInterrupt	__OSDispatchInterrupt
0x8007629C	0x50	.text	lib/OSInterrupt.c	local	ExternalInterruptHandler	ExternalInterruptHandler
0x800762EC	0x4	.text	lib/OSLink.c	global	OSNotifyLink	OSNotifyLink
0x800762F0	0x4	.text	lib/OSLink.c	global	OSNotifyUnlink	OSNotifyUnlink
0x800762F4	0x2BC	.text	lib/OSLink.c	local	Relocate	Relocate
0x800765B0	0x2E0	.text	lib/OSLink.c	local	Link	Link
0x80076890	0x24	.text	lib/OSLink.c	global	OSLink	OSLink
0x800768B4	0x238	.text	lib/OSLink.c	local	Undo	Undo
0x80076AEC	0x1D4	.text	lib/OSLink.c	global	OSUnlink	OSUnlink
0x80076CC0	0x18	.text	lib/OSLink.c	global	__OSModuleInit	__OSModuleInit
0x80076CD8	0xC	.text	lib/OSMemory.c	global	OSGetConsoleSimulatedMemSize	OSGetConsoleSimulatedMemSize
0x80076CE4	0x3C	.text	lib/OSMemory.c	local	OnReset	OnReset
0x80076D20	0x6C	.text	lib/OSMemory.c	local	MEMIntrruptHandler	MEMIntrruptHandler
0x80076D8C	0x80	.text	lib/OSMemory.c	local	Config24MB	Config24MB
0x80076E0C	0x80	.text	lib/OSMemory.c	local	Config48MB	Config48MB
0x80076E8C	0x18	.text	lib/OSMemory.c	local	RealMode	RealMode
0x80076EA4	0x118	.text	lib/OSMemory.c	global	__OSInitMemoryProtection	__OSInitMemoryProtection
0x80076FBC	0x70	.text	lib/OSReboot.c	global	__OSReboot	__OSReboot
0x8007702C	0xC	.text	lib/OSReboot.c	global	OSSetSaveRegion	OSSetSaveRegion
0x80077038	0x14	.text	lib/OSReboot.c	global	OSGetSaveRegion	OSGetSaveRegion
0x8007704C	0x84	.text	lib/OSReset.c	global	OSRegisterResetFunction	OSRegisterResetFunction
0x800770D0	0xA8	.text	lib/OSReset.c	global	__OSCallResetFunctions	__OSCallResetFunctions
0x80077178	0x70	.text	lib/OSReset.c	local	Reset	Reset
0x800771E8	0x68	.text	lib/OSReset.c	local	KillThreads	KillThreads
0x80077250	0x48	.text	lib/OSReset.c	global	__OSDoHotReset	__OSDoHotReset
0x80077298	0x200	.text	lib/OSReset.c	global	OSResetSystem	OSResetSystem
0x80077498	0x38	.text	lib/OSReset.c	global	OSGetResetCode	OSGetResetCode
0x800774D0	0xF4	.text	lib/OSResetSW.c	global	__OSResetSWInterruptHandler	__OSResetSWInterruptHandler
0x800775C4	0x298	.text	lib/OSResetSW.c	global	OSGetResetButtonState	OSGetResetButtonState
0x8007785C	0x60	.text	lib/OSRtc.c	local	WriteSramCallback	WriteSramCallback
0x800778BC	0x118	.text	lib/OSRtc.c	local	WriteSram	WriteSram
0x800779D4	0x13C	.text	lib/OSRtc.c	global	__OSInitSram	__OSInitSram
0x80077B10	0x5C	.text	lib/OSRtc.c	global	__OSLockSram	__OSLockSram
0x80077B6C	0x5C	.text	lib/OSRtc.c	global	__OSLockSramEx	__OSLockSramEx
0x80077BC8	0x33C	.text	lib/OSRtc.c	local	UnlockSram	UnlockSram
0x80077F04	0x24	.text	lib/OSRtc.c	global	__OSUnlockSram	__OSUnlockSram
0x80077F28	0x24	.text	lib/OSRtc.c	global	__OSUnlockSramEx	__OSUnlockSramEx
0x80077F4C	0x10	.text	lib/OSRtc.c	global	__OSSyncSram	__OSSyncSram
0x80077F5C	0x124	.text	lib/OSRtc.c	global	__OSReadROM	__OSReadROM
0x80078080	0x80	.text	lib/OSRtc.c	global	OSGetSoundMode	OSGetSoundMode
0x80078100	0xA4	.text	lib/OSRtc.c	global	OSSetSoundMode	OSSetSoundMode
0x800781A4	0x70	.text	lib/OSRtc.c	global	OSGetProgressiveMode	OSGetProgressiveMode
0x80078214	0xA4	.text	lib/OSRtc.c	global	OSSetProgressiveMode	OSSetProgressiveMode
0x800782B8	0x84	.text	lib/OSRtc.c	global	OSGetWirelessID	OSGetWirelessID
0x8007833C	0xAC	.text	lib/OSRtc.c	global	OSSetWirelessID	OSSetWirelessID
0x800783E8	0x70	.text	lib/OSRtc.c	global	OSGetGbsMode	OSGetGbsMode
0x80078458	0xB8	.text	lib/OSRtc.c	global	OSSetGbsMode	OSSetGbsMode
0x80078510	0x20	.text	lib/OSSync.c	local	SystemCallVector	SystemCallVector
0x80078530	0x64	.text	lib/OSSync.c	global	__OSInitSystemCall	__OSInitSystemCall
0x80078594	0x4	.text	lib/OSThread.c	local	DefaultSwitchThreadCallback	DefaultSwitchThreadCallback
0x80078598	0x158	.text	lib/OSThread.c	global	__OSThreadInit	__OSThreadInit
0x800786F0	0x10	.text	lib/OSThread.c	global	OSInitThreadQueue	OSInitThreadQueue
0x80078700	0xC	.text	lib/OSThread.c	global	OSGetCurrentThread	OSGetCurrentThread
0x8007870C	0x40	.text	lib/OSThread.c	global	OSDisableScheduler	OSDisableScheduler
0x8007874C	0x40	.text	lib/OSThread.c	global	OSEnableScheduler	OSEnableScheduler
0x8007878C	0x68	.text	lib/OSThread.c	local	UnsetRun	UnsetRun
0x800787F4	0x3C	.text	lib/OSThread.c	global	__OSGetEffectivePriority	__OSGetEffectivePriority
0x80078830	0x1C0	.text	lib/OSThread.c	local	SetEffectivePriority	SetEffectivePriority
0x800789F0	0x228	.text	lib/OSThread.c	local	SelectThread	SelectThread
0x80078C18	0x30	.text	lib/OSThread.c	global	__OSReschedule	__OSReschedule
0x80078C48	0x1E8	.text	lib/OSThread.c	global	OSCreateThread	OSCreateThread
0x80078E30	0xE4	.text	lib/OSThread.c	global	OSExitThread	OSExitThread
0x80078F14	0x1BC	.text	lib/OSThread.c	global	OSCancelThread	OSCancelThread
0x800790D0	0x288	.text	lib/OSThread.c	global	OSResumeThread	OSResumeThread
0x80079358	0x170	.text	lib/OSThread.c	global	OSSuspendThread	OSSuspendThread
0x800794C8	0xEC	.text	lib/OSThread.c	global	OSSleepThread	OSSleepThread
0x800795B4	0x104	.text	lib/OSThread.c	global	OSWakeupThread	OSWakeupThread
0x800796B8	0xAC	.text	lib/OSThread.c	global	OSClearStack	OSClearStack
0x80079764	0x18	.text	lib/OSTime.c	global	OSGetTime	OSGetTime
0x8007977C	0x8	.text	lib/OSTime.c	global	OSGetTick	OSGetTick
0x80079784	0x64	.text	lib/OSTime.c	global	__OSGetSystemTime	__OSGetSystemTime
0x800797E8	0x19C	.text	lib/OSTime.c	local	GetDates	GetDates
0x80079984	0x204	.text	lib/OSTime.c	global	OSTicksToCalendarTime	OSTicksToCalendarTime
0x80079B88	0x2E0	.text	lib/OSTime.c	global	OSCalendarTimeToTicks	OSCalendarTimeToTicks
0x80079E68	0x20	.text	lib/__ppc_eabi_init.c	global	__init_user	__init_user
0x80079E88	0x54	.text	lib/__ppc_eabi_init.c	local	__init_cpp	__init_cpp
0x80079EDC	0x20	.text	lib/__ppc_eabi_init.c	global	abort	abort
0x80079EFC	0x20	.text	lib/__ppc_eabi_init.c	global	_ExitProcess	_ExitProcess
0x80079F1C	0x70	.text	lib/OSMutex.c	global	__OSUnlockAllMutex	__OSUnlockAllMutex
0x80079F8C	0xF4	.text	lib/EXIBios.c	local	SetExiInterruptMask	SetExiInterruptMask
0x8007A080	0x25C	.text	lib/EXIBios.c	global	EXIImm	EXIImm
0x8007A2DC	0xA0	.text	lib/EXIBios.c	global	EXIImmEx	EXIImmEx
0x8007A37C	0xEC	.text	lib/EXIBios.c	global	EXIDma	EXIDma
0x8007A468	0x24C	.text	lib/EXIBios.c	global	EXISync	EXISync
0x8007A6B4	0x48	.text	lib/EXIBios.c	global	EXIClearInterrupts	EXIClearInterrupts
0x8007A6FC	0x7C	.text	lib/EXIBios.c	global	EXISetExiCallback	EXISetExiCallback
0x8007A778	0x174	.text	lib/EXIBios.c	local	__EXIProbe	__EXIProbe
0x8007A8EC	0x80	.text	lib/EXIBios.c	global	EXIProbe	EXIProbe
0x8007A96C	0xB4	.text	lib/EXIBios.c	global	EXIProbeEx	EXIProbeEx
0x8007AA20	0x10C	.text	lib/EXIBios.c	global	EXIAttach	EXIAttach
0x8007AB2C	0xBC	.text	lib/EXIBios.c	global	EXIDetach	EXIDetach
0x8007ABE8	0x12C	.text	lib/EXIBios.c	global	EXISelect	EXISelect
0x8007AD14	0x110	.text	lib/EXIBios.c	global	EXIDeselect	EXIDeselect
0x8007AE24	0xC8	.text	lib/EXIBios.c	local	EXIIntrruptHandler	EXIIntrruptHandler
0x8007AEEC	0x218	.text	lib/EXIBios.c	local	TCIntrruptHandler	TCIntrruptHandler
0x8007B104	0xD0	.text	lib/EXIBios.c	local	EXTIntrruptHandler	EXTIntrruptHandler
0x8007B1D4	0x1D4	.text	lib/EXIBios.c	global	EXIInit	EXIInit
0x8007B3A8	0xF4	.text	lib/EXIBios.c	global	EXILock	EXILock
0x8007B49C	0xDC	.text	lib/EXIBios.c	global	EXIUnlock	EXIUnlock
0x8007B578	0x18	.text	lib/EXIBios.c	global	EXIGetState	EXIGetState
0x8007B590	0x28	.text	lib/EXIBios.c	local	UnlockedHandler	UnlockedHandler
0x8007B5B8	0x3B0	.text	lib/EXIBios.c	global	EXIGetID	EXIGetID
0x8007B968	0x18C	.text	lib/EXIUart.c	local	ProbeBarnacle	ProbeBarnacle
0x8007BAF4	0x1BC	.text	lib/EXIUart.c	global	__OSEnableBarnacle	__OSEnableBarnacle
0x8007BCB0	0x70	.text	lib/EXIUart.c	global	InitializeUART	InitializeUART
0x8007BD20	0x200	.text	lib/EXIUart.c	global	WriteUARTN	WriteUARTN
0x8007BF20	0x20	.text	lib/SIBios.c	global	SIBusy	SIBusy
0x8007BF40	0x3C	.text	lib/SIBios.c	global	SIIsChanBusy	SIIsChanBusy
0x8007BF7C	0x2FC	.text	lib/SIBios.c	local	CompleteTransfer	CompleteTransfer
0x8007C278	0x344	.text	lib/SIBios.c	local	SIInterruptHandler	SIInterruptHandler
0x8007C5BC	0x98	.text	lib/SIBios.c	local	SIEnablePollingInterrupt	SIEnablePollingInterrupt
0x8007C654	0xCC	.text	lib/SIBios.c	global	SIRegisterPollingHandler	SIRegisterPollingHandler
0x8007C720	0xF4	.text	lib/SIBios.c	global	SIUnregisterPollingHandler	SIUnregisterPollingHandler
0x8007C814	0xB4	.text	lib/SIBios.c	global	SIInit	SIInit
0x8007C8C8	0x20C	.text	lib/SIBios.c	local	__SITransfer	__SITransfer
0x8007CAD4	0x7C	.text	lib/SIBios.c	global	SIGetStatus	SIGetStatus
0x8007CB50	0x14	.text	lib/SIBios.c	global	SISetCommand	SISetCommand
0x8007CB64	0x10	.text	lib/SIBios.c	global	SITransferCommands	SITransferCommands
0x8007CB74	0x6C	.text	lib/SIBios.c	global	SISetXY	SISetXY
0x8007CBE0	0x9C	.text	lib/SIBios.c	global	SIEnablePolling	SIEnablePolling
0x8007CC7C	0x6C	.text	lib/SIBios.c	global	SIDisablePolling	SIDisablePolling
0x8007CCE8	0xD4	.text	lib/SIBios.c	local	SIGetResponseRaw	SIGetResponseRaw
0x8007CDBC	0xC4	.text	lib/SIBios.c	global	SIGetResponse	SIGetResponse
0x8007CE80	0x8C	.text	lib/SIBios.c	local	AlarmHandler	AlarmHandler
0x8007CF0C	0x16C	.text	lib/SIBios.c	global	SITransfer	SITransfer
0x8007D078	0x298	.text	lib/SIBios.c	local	GetTypeCallback	GetTypeCallback
0x8007D310	0x1C4	.text	lib/SIBios.c	global	SIGetType	SIGetType
0x8007D4D4	0x13C	.text	lib/SIBios.c	global	SIGetTypeAsync	SIGetTypeAsync
0x8007D610	0xE4	.text	lib/SISamplingRate.c	global	SISetSamplingRate	SISetSamplingRate
0x8007D6F4	0x24	.text	lib/SISamplingRate.c	global	SIRefreshSamplingRate	SIRefreshSamplingRate
0x8007D718	0x28	.text	lib/db.c	global	DBInit	DBInit
0x8007D740	0x1C	.text	lib/db.c	global	DBIsDebuggerPresent	DBIsDebuggerPresent
0x8007D75C	0x48	.text	lib/db.c	global	__DBExceptionDestinationAux	__DBExceptionDestinationAux
0x8007D7A4	0x10	.text	lib/db.c	global	__DBExceptionDestination	__DBExceptionDestination
0x8007D7B4	0x1C	.text	lib/db.c	global	__DBIsExceptionMarked	__DBIsExceptionMarked
0x8007D7D0	0x50	.text	lib/db.c	global	DBPrintf	DBPrintf
0x8007D820	0x2C	.text	lib/mtx.c	global	PSMTXIdentity	PSMTXIdentity
0x8007D84C	0x34	.text	lib/mtx.c	global	PSMTXCopy	PSMTXCopy
0x8007D880	0xCC	.text	lib/mtx.c	global	PSMTXConcat	PSMTXConcat
0x8007D94C	0x50	.text	lib/mtx.c	global	PSMTXTranspose	PSMTXTranspose
0x8007D99C	0xF8	.text	lib/mtx.c	global	PSMTXInverse	PSMTXInverse
0x8007DA94	0x70	.text	lib/mtx.c	global	PSMTXRotRad	PSMTXRotRad
0x8007DB04	0xB0	.text	lib/mtx.c	global	PSMTXRotTrig	PSMTXRotTrig
0x8007DBB4	0xB0	.text	lib/mtx.c	local	__PSMTXRotAxisRadInternal	__PSMTXRotAxisRadInternal
0x8007DC64	0x70	.text	lib/mtx.c	global	PSMTXRotAxisRad	PSMTXRotAxisRad
0x8007DCD4	0x34	.text	lib/mtx.c	global	PSMTXTrans	PSMTXTrans
0x8007DD08	0x4C	.text	lib/mtx.c	global	PSMTXTransApply	PSMTXTransApply
0x8007DD54	0x28	.text	lib/mtx.c	global	PSMTXScale	PSMTXScale
0x8007DD7C	0xA4	.text	lib/mtx.c	global	PSMTXQuat	PSMTXQuat
0x8007DE20	0x18C	.text	lib/mtx.c	global	C_MTXLookAt	C_MTXLookAt
0x8007DFAC	0xCC	.text	lib/mtx.c	global	C_MTXLightPerspective	C_MTXLightPerspective
0x8007E078	0x54	.text	lib/mtxvec.c	global	PSMTXMultVec	PSMTXMultVec
0x8007E0CC	0x8C	.text	lib/mtxvec.c	global	PSMTXMultVecArray	PSMTXMultVecArray
0x8007E158	0x54	.text	lib/mtxvec.c	global	PSMTXMultVecSR	PSMTXMultVecSR
0x8007E1AC	0x9C	.text	lib/mtx44.c	global	C_MTXFrustum	C_MTXFrustum
0x8007E248	0xD0	.text	lib/mtx44.c	global	C_MTXPerspective	C_MTXPerspective
0x8007E318	0x98	.text	lib/mtx44.c	global	C_MTXOrtho	C_MTXOrtho
0x8007E3B0	0x24	.text	lib/vec.c	global	PSVECAdd	PSVECAdd
0x8007E3D4	0x24	.text	lib/vec.c	global	PSVECSubtract	PSVECSubtract
0x8007E3F8	0x1C	.text	lib/vec.c	global	PSVECScale	PSVECScale
0x8007E414	0x44	.text	lib/vec.c	global	PSVECNormalize	PSVECNormalize
0x8007E458	0x18	.text	lib/vec.c	global	PSVECSquareMag	PSVECSquareMag
0x8007E470	0x44	.text	lib/vec.c	global	PSVECMag	PSVECMag
0x8007E4B4	0x20	.text	lib/vec.c	global	PSVECDotProduct	PSVECDotProduct
0x8007E4D4	0x3C	.text	lib/vec.c	global	PSVECCrossProduct	PSVECCrossProduct
0x8007E510	0xD4	.text	lib/vec.c	global	C_VECReflect	C_VECReflect
0x8007E5E4	0x28	.text	lib/vec.c	global	PSVECSquareDistance	PSVECSquareDistance
0x8007E60C	0x54	.text	lib/vec.c	global	PSVECDistance	PSVECDistance
0x8007E660	0x258	.text	lib/quat.c	global	C_QUATMtx	C_QUATMtx
0x8007E8B8	0x174	.text	lib/quat.c	global	C_QUATSlerp	C_QUATSlerp
0x8007EA2C	0x38	.text	lib/dvdfs.c	global	__DVDFSInit	__DVDFSInit
0x8007EA64	0x2F4	.text	lib/dvdfs.c	global	DVDConvertPathToEntrynum	DVDConvertPathToEntrynum
0x8007ED58	0x74	.text	lib/dvdfs.c	global	DVDFastOpen	DVDFastOpen
0x8007EDCC	0xC8	.text	lib/dvdfs.c	global	DVDOpen	DVDOpen
0x8007EE94	0x24	.text	lib/dvdfs.c	global	DVDClose	DVDClose
0x8007EEB8	0x160	.text	lib/dvdfs.c	local	entryToPath	entryToPath
0x8007F018	0x154	.text	lib/dvdfs.c	local	DVDConvertEntrynumToPath	DVDConvertEntrynumToPath
0x8007F16C	0xC4	.text	lib/dvdfs.c	global	DVDGetCurrentDir	DVDGetCurrentDir
0x8007F230	0xC0	.text	lib/dvdfs.c	global	DVDReadAsyncPrio	DVDReadAsyncPrio
0x8007F2F0	0x30	.text	lib/dvdfs.c	local	cbForReadAsync	cbForReadAsync
0x8007F320	0x118	.text	lib/dvdfs.c	global	DVDReadPrio	DVDReadPrio
0x8007F438	0x24	.text	lib/dvdfs.c	local	cbForReadSync	cbForReadSync
0x8007F45C	0xC0	.text	lib/dvdfs.c	global	DVDOpenDir	DVDOpenDir
0x8007F51C	0xA4	.text	lib/dvdfs.c	global	DVDReadDir	DVDReadDir
0x8007F5C0	0x8	.text	lib/dvdfs.c	global	DVDCloseDir	DVDCloseDir
0x8007F5C8	0xC	.text	lib/dvdfs.c	global	DVDGetFSTLocation	DVDGetFSTLocation
0x8007F5D4	0x6C	.text	lib/dvdfs.c	global	DVDGetTransferredSize	DVDGetTransferredSize
0x8007F640	0x4	.text	lib/dvd.c	local	defaultOptionalCommandChecker	defaultOptionalCommandChecker
0x8007F644	0xD8	.text	lib/dvd.c	global	DVDInit	DVDInit
0x8007F71C	0x94	.text	lib/dvd.c	local	stateReadingFST	stateReadingFST
0x8007F7B0	0x80	.text	lib/dvd.c	local	cbForStateReadingFST	cbForStateReadingFST
0x8007F830	0xAC	.text	lib/dvd.c	local	cbForStateError	cbForStateError
0x8007F8DC	0x34	.text	lib/dvd.c	local	stateTimeout	stateTimeout
0x8007F910	0x28	.text	lib/dvd.c	local	stateGettingError	stateGettingError
0x8007F938	0xB4	.text	lib/dvd.c	local	CategorizeError	CategorizeError
0x8007F9EC	0x264	.text	lib/dvd.c	local	cbForStateGettingError	cbForStateGettingError
0x8007FC50	0x5C	.text	lib/dvd.c	local	cbForUnrecoveredError	cbForUnrecoveredError
0x8007FCAC	0x80	.text	lib/dvd.c	local	cbForUnrecoveredErrorRetry	cbForUnrecoveredErrorRetry
0x8007FD2C	0x28	.text	lib/dvd.c	local	stateGoToRetry	stateGoToRetry
0x8007FD54	0x140	.text	lib/dvd.c	local	cbForStateGoToRetry	cbForStateGoToRetry
0x8007FE94	0xE0	.text	lib/dvd.c	local	stateCheckID	stateCheckID
0x8007FF74	0x34	.text	lib/dvd.c	local	stateCheckID3	stateCheckID3
0x8007FFA8	0x34	.text	lib/dvd.c	local	stateCheckID2a	stateCheckID2a
0x8007FFDC	0x68	.text	lib/dvd.c	local	cbForStateCheckID2a	cbForStateCheckID2a
0x80080044	0x38	.text	lib/dvd.c	local	stateCheckID2	stateCheckID2
0x8008007C	0xFC	.text	lib/dvd.c	local	cbForStateCheckID1	cbForStateCheckID1
0x80080178	0xD8	.text	lib/dvd.c	local	cbForStateCheckID2	cbForStateCheckID2
0x80080250	0xF0	.text	lib/dvd.c	local	cbForStateCheckID3	cbForStateCheckID3
0x80080340	0x44	.text	lib/dvd.c	local	AlarmHandler	AlarmHandler
0x80080384	0xD4	.text	lib/dvd.c	local	stateCoverClosed	stateCoverClosed
0x80080458	0x30	.text	lib/dvd.c	local	stateCoverClosed_CMD	stateCoverClosed_CMD
0x80080488	0x64	.text	lib/dvd.c	local	cbForStateCoverClosed	cbForStateCoverClosed
0x800804EC	0x28	.text	lib/dvd.c	local	stateMotorStopped	stateMotorStopped
0x80080514	0xEC	.text	lib/dvd.c	local	cbForStateMotorStopped	cbForStateMotorStopped
0x80080600	0x2E8	.text	lib/dvd.c	local	stateReady	stateReady
0x800808E8	0x340	.text	lib/dvd.c	local	stateBusy	stateBusy
0x80080C28	0x658	.text	lib/dvd.c	local	cbForStateBusy	cbForStateBusy
0x80081280	0xDC	.text	lib/dvd.c	global	DVDReadAbsAsyncPrio	DVDReadAbsAsyncPrio
0x8008135C	0xD0	.text	lib/dvd.c	global	DVDReadAbsAsyncForBS	DVDReadAbsAsyncForBS
0x8008142C	0xD4	.text	lib/dvd.c	global	DVDReadDiskID	DVDReadDiskID
0x80081500	0xBC	.text	lib/dvd.c	global	DVDCancelStreamAsync	DVDCancelStreamAsync
0x800815BC	0x110	.text	lib/dvd.c	global	DVDChangeDiskAsync	DVDChangeDiskAsync
0x800816CC	0xD0	.text	lib/dvd.c	global	DVDInquiryAsync	DVDInquiryAsync
0x8008179C	0x44	.text	lib/dvd.c	global	DVDReset	DVDReset
0x800817E0	0x4C	.text	lib/dvd.c	global	DVDGetCommandBlockStatus	DVDGetCommandBlockStatus
0x8008182C	0xAC	.text	lib/dvd.c	global	DVDGetDriveStatus	DVDGetDriveStatus
0x800818D8	0x10	.text	lib/dvd.c	global	DVDSetAutoInvalidation	DVDSetAutoInvalidation
0x800818E8	0x50	.text	lib/dvd.c	global	DVDResume	DVDResume
0x80081938	0x27C	.text	lib/dvd.c	global	DVDCancelAsync	DVDCancelAsync
0x80081BB4	0xAC	.text	lib/dvd.c	global	DVDCancel	DVDCancel
0x80081C60	0x24	.text	lib/dvd.c	local	cbForCancelSync	cbForCancelSync
0x80081C84	0x138	.text	lib/dvd.c	global	DVDCancelAll	DVDCancelAll
0x80081DBC	0x2C	.text	lib/dvd.c	local	cbForCancelAllSync	cbForCancelAllSync
0x80081DE8	0x8	.text	lib/dvd.c	global	DVDGetCurrentDiskID	DVDGetCurrentDiskID
0x80081DF0	0xF8	.text	lib/dvd.c	global	DVDCheckDisk	DVDCheckDisk
0x80081EE8	0x11C	.text	lib/dvd.c	global	__DVDPrepareResetAsync	__DVDPrepareResetAsync
0x80082004	0x38	.text	lib/dvd.c	global	__DVDTestAlarm	__DVDTestAlarm
0x8008203C	0x38	.text	lib/dvdqueue.c	global	__DVDClearWaitingQueue	__DVDClearWaitingQueue
0x80082074	0x68	.text	lib/dvdqueue.c	global	__DVDPushWaitingQueue	__DVDPushWaitingQueue
0x800820DC	0xA0	.text	lib/dvdqueue.c	global	__DVDPopWaitingQueue	__DVDPopWaitingQueue
0x8008217C	0x58	.text	lib/dvdqueue.c	global	__DVDCheckWaitingQueue	__DVDCheckWaitingQueue
0x800821D4	0x60	.text	lib/dvdqueue.c	global	__DVDDequeueWaitingQueue	__DVDDequeueWaitingQueue
0x80082234	0x11C	.text	lib/dvderror.c	local	ErrorCode2Num	ErrorCode2Num
0x80082350	0x7C	.text	lib/dvderror.c	global	__DVDStoreErrorCode	__DVDStoreErrorCode
0x800823CC	0xF8	.text	lib/dvdidutils.c	global	DVDCompareDiskID	DVDCompareDiskID
0x800824C4	0x80	.text	lib/dvdidutils.c	global	DVDGenerateDiskID	DVDGenerateDiskID
0x80082544	0x30	.text	lib/dvdFatal.c	global	__DVDPrintFatalMessage	__DVDPrintFatalMessage
0x80082574	0xD8	.text	lib/fstload.c	local	cb	cb
0x8008264C	0x168	.text	lib/fstload.c	global	__fstLoad	__fstLoad
0x800827B4	0x40	.text	lib/dvdlow.c	global	__DVDInitWA	__DVDInitWA
0x800827F4	0x2E0	.text	lib/dvdlow.c	global	__DVDInterruptHandler	__DVDInterruptHandler
0x80082AD4	0x84	.text	lib/dvdlow.c	local	AlarmHandler	AlarmHandler
0x80082B58	0x70	.text	lib/dvdlow.c	local	AlarmHandlerForTimeout	AlarmHandlerForTimeout
0x80082BC8	0x110	.text	lib/dvdlow.c	local	Read	Read
0x80082CD8	0x80	.text	lib/dvdlow.c	local	SeekTwiceBeforeRead	SeekTwiceBeforeRead
0x80082D58	0x298	.text	lib/dvdlow.c	global	DVDLowRead	DVDLowRead
0x80082FF0	0x94	.text	lib/dvdlow.c	global	DVDLowSeek	DVDLowSeek
0x80083084	0x2C	.text	lib/dvdlow.c	global	DVDLowWaitCoverClose	DVDLowWaitCoverClose
0x800830B0	0xA4	.text	lib/dvdlow.c	global	DVDLowReadDiskID	DVDLowReadDiskID
0x80083154	0x8C	.text	lib/dvdlow.c	global	DVDLowStopMotor	DVDLowStopMotor
0x800831E0	0x8C	.text	lib/dvdlow.c	global	DVDLowRequestError	DVDLowRequestError
0x8008326C	0x9C	.text	lib/dvdlow.c	global	DVDLowInquiry	DVDLowInquiry
0x80083308	0x98	.text	lib/dvdlow.c	global	DVDLowAudioStream	DVDLowAudioStream
0x800833A0	0x8C	.text	lib/dvdlow.c	global	DVDLowRequestAudioStatus	DVDLowRequestAudioStatus
0x8008342C	0x9C	.text	lib/dvdlow.c	global	DVDLowAudioBufferConfig	DVDLowAudioBufferConfig
0x800834C8	0xBC	.text	lib/dvdlow.c	global	DVDLowReset	DVDLowReset
0x80083584	0x14	.text	lib/dvdlow.c	global	DVDLowBreak	DVDLowBreak
0x80083598	0x1C	.text	lib/dvdlow.c	global	DVDLowClearCallback	DVDLowClearCallback
0x800835B4	0x44	.text	lib/dvdlow.c	global	__DVDLowSetWAType	__DVDLowSetWAType
0x800835F8	0x38	.text	lib/dvdlow.c	global	__DVDLowTestAlarm	__DVDLowTestAlarm
0x80083630	0x274	.text	lib/vi.c	local	__VIRetraceHandler	__VIRetraceHandler
0x800838A4	0x44	.text	lib/vi.c	global	VISetPostRetraceCallback	VISetPostRetraceCallback
0x800838E8	0xA8	.text	lib/vi.c	local	getTiming	getTiming
0x80083990	0x204	.text	lib/vi.c	global	__VIInit	__VIInit
0x80083B94	0x4B0	.text	lib/vi.c	global	VIInit	VIInit
0x80084044	0x54	.text	lib/vi.c	global	VIWaitForRetrace	VIWaitForRetrace
0x80084098	0x2D4	.text	lib/vi.c	local	setFbbRegs	setFbbRegs
0x8008436C	0x1A0	.text	lib/vi.c	local	setVerticalRegs	setVerticalRegs
0x8008450C	0x808	.text	lib/vi.c	global	VIConfigure	VIConfigure
0x80084D14	0x130	.text	lib/vi.c	global	VIFlush	VIFlush
0x80084E44	0x6C	.text	lib/vi.c	global	VISetNextFrameBuffer	VISetNextFrameBuffer
0x80084EB0	0x7C	.text	lib/vi.c	global	VISetBlack	VISetBlack
0x80084F2C	0x3C	.text	lib/vi.c	local	GetCurrentDisplayPosition	GetCurrentDisplayPosition
0x80084F68	0x68	.text	lib/vi.c	local	getCurrentFieldEvenOdd	getCurrentFieldEvenOdd
0x80084FD0	0x9C	.text	lib/vi.c	global	VIGetNextField	VIGetNextField
0x8008506C	0x98	.text	lib/vi.c	global	VIGetCurrentLine	VIGetCurrentLine
0x80085104	0x68	.text	lib/vi.c	global	VIGetTvFormat	VIGetTvFormat
0x8008516C	0x3C	.text	lib/vi.c	global	VIGetDTVStatus	VIGetDTVStatus
0x800851A8	0x21C	.text	lib/vi.c	global	__VIDisplayPositionToXY	__VIDisplayPositionToXY
0x800853C4	0x60	.text	lib/vi.c	global	__VIGetCurrentPosition	__VIGetCurrentPosition
0x80085424	0x1A4	.text	lib/Pad.c	local	UpdateOrigin	UpdateOrigin
0x800855C8	0xC4	.text	lib/Pad.c	local	PADOriginCallback	PADOriginCallback
0x8008568C	0xCC	.text	lib/Pad.c	local	PADOriginUpdateCallback	PADOriginUpdateCallback
0x80085758	0xD8	.text	lib/Pad.c	local	PADProbeCallback	PADProbeCallback
0x80085830	0x32C	.text	lib/Pad.c	local	PADTypeAndStatusCallback	PADTypeAndStatusCallback
0x80085B5C	0x140	.text	lib/Pad.c	local	PADReceiveCheckCallback	PADReceiveCheckCallback
0x80085C9C	0x110	.text	lib/Pad.c	global	PADReset	PADReset
0x80085DAC	0x114	.text	lib/Pad.c	global	PADRecalibrate	PADRecalibrate
0x80085EC0	0x150	.text	lib/Pad.c	global	PADInit	PADInit
0x80086010	0x300	.text	lib/Pad.c	global	PADRead	PADRead
0x80086310	0xB8	.text	lib/Pad.c	global	PADControlMotor	PADControlMotor
0x800863C8	0x60	.text	lib/Pad.c	global	PADSetSpec	PADSetSpec
0x80086428	0x174	.text	lib/Pad.c	local	SPEC0_MakeStatus	SPEC0_MakeStatus
0x8008659C	0x174	.text	lib/Pad.c	local	SPEC1_MakeStatus	SPEC1_MakeStatus
0x80086710	0x470	.text	lib/Pad.c	local	SPEC2_MakeStatus	SPEC2_MakeStatus
0x80086B80	0x74	.text	lib/Pad.c	global	PADSetAnalogMode	PADSetAnalogMode
0x80086BF4	0xBC	.text	lib/Pad.c	local	OnReset	OnReset
0x80086CB0	0x60	.text	lib/Pad.c	local	SamplingHandler	SamplingHandler
0x80086D10	0x54	.text	lib/Pad.c	global	PADSetSamplingCallback	PADSetSamplingCallback
0x80086D64	0x7C	.text	lib/Pad.c	global	__PADDisableRecalibration	__PADDisableRecalibration
0x80086DE0	0x44	.text	lib/ai.c	global	AIRegisterDMACallback	AIRegisterDMACallback
0x80086E24	0x88	.text	lib/ai.c	global	AIInitDMA	AIInitDMA
0x80086EAC	0x18	.text	lib/ai.c	global	AIStartDMA	AIStartDMA
0x80086EC4	0x18	.text	lib/ai.c	global	AIStopDMA	AIStopDMA
0x80086EDC	0xD8	.text	lib/ai.c	global	AISetStreamPlayState	AISetStreamPlayState
0x80086FB4	0x10	.text	lib/ai.c	global	AIGetStreamPlayState	AIGetStreamPlayState
0x80086FC4	0xE0	.text	lib/ai.c	global	AISetDSPSampleRate	AISetDSPSampleRate
0x800870A4	0x14	.text	lib/ai.c	global	AIGetDSPSampleRate	AIGetDSPSampleRate
0x800870B8	0xD4	.text	lib/ai.c	local	__AI_set_stream_sample_rate	__AI_set_stream_sample_rate
0x8008718C	0x10	.text	lib/ai.c	global	AIGetStreamSampleRate	AIGetStreamSampleRate
0x8008719C	0x1C	.text	lib/ai.c	global	AISetStreamVolLeft	AISetStreamVolLeft
0x800871B8	0x10	.text	lib/ai.c	global	AIGetStreamVolLeft	AIGetStreamVolLeft
0x800871C8	0x1C	.text	lib/ai.c	global	AISetStreamVolRight	AISetStreamVolRight
0x800871E4	0x10	.text	lib/ai.c	global	AIGetStreamVolRight	AIGetStreamVolRight
0x800871F4	0x16C	.text	lib/ai.c	global	AIInit	AIInit
0x80087360	0xC	.text	lib/ai.c	global	AIReset	AIReset
0x8008736C	0x7C	.text	lib/ai.c	local	__AISHandler	__AISHandler
0x800873E8	0xAC	.text	lib/ai.c	local	__AIDHandler	__AIDHandler
0x80087494	0x58	.text	lib/ai.c	local	__AICallbackStackSwitch	__AICallbackStackSwitch
0x800874EC	0x1E4	.text	lib/ai.c	local	__AI_SRC_INIT	__AI_SRC_INIT
0x800876D0	0x44	.text	lib/ar.c	global	ARRegisterDMACallback	ARRegisterDMACallback
0x80087714	0xF0	.text	lib/ar.c	global	ARStartDMA	ARStartDMA
0x80087804	0x68	.text	lib/ar.c	global	ARAlloc	ARAlloc
0x8008786C	0x74	.text	lib/ar.c	global	ARFree	ARFree
0x800878E0	0xC4	.text	lib/ar.c	global	ARInit	ARInit
0x800879A4	0x8	.text	lib/ar.c	global	ARGetBaseAddress	ARGetBaseAddress
0x800879AC	0x78	.text	lib/ar.c	local	__ARHandler	__ARHandler
0x80087A24	0x17F4	.text	lib/ar.c	local	__ARChecksize	__ARChecksize
0x80089218	0x100	.text	lib/arq.c	global	__ARQServiceQueueLo	__ARQServiceQueueLo
0x80089318	0x4	.text	lib/arq.c	global	__ARQCallbackHack	__ARQCallbackHack
0x8008931C	0xCC	.text	lib/arq.c	global	__ARQInterruptServiceRoutine	__ARQInterruptServiceRoutine
0x800893E8	0x70	.text	lib/arq.c	global	ARQInit	ARQInit
0x80089458	0x15C	.text	lib/arq.c	global	ARQPostRequest	ARQPostRequest
0x800895B4	0x38	.text	lib/arq.c	global	ARQFlushQueue	ARQFlushQueue
0x800895EC	0x4C	.text	lib/AX.c	global	AXInitEx	AXInitEx
0x80089638	0x34	.text	lib/AX.c	global	AXQuit	AXQuit
0x8008966C	0x18	.text	lib/AXAlloc.c	global	__AXGetStackHead	__AXGetStackHead
0x80089684	0x74	.text	lib/AXAlloc.c	global	__AXServiceCallbackStack	__AXServiceCallbackStack
0x800896F8	0xB4	.text	lib/AXAlloc.c	global	__AXAllocInit	__AXAllocInit
0x800897AC	0xB4	.text	lib/AXAlloc.c	global	__AXAllocQuit	__AXAllocQuit
0x80089860	0x20	.text	lib/AXAlloc.c	global	__AXPushFreeStack	__AXPushFreeStack
0x80089880	0x10	.text	lib/AXAlloc.c	global	__AXPushCallbackStack	__AXPushCallbackStack
0x80089890	0x1C	.text	lib/AXAlloc.c	global	__AXPopCallbackStack	__AXPopCallbackStack
0x800898AC	0x94	.text	lib/AXAlloc.c	global	__AXRemoveFromStack	__AXRemoveFromStack
0x80089940	0x80	.text	lib/AXAlloc.c	global	AXFreeVoice	AXFreeVoice
0x800899C0	0x174	.text	lib/AXAlloc.c	global	AXAcquireVoice	AXAcquireVoice
0x80089B34	0xA8	.text	lib/AXAlloc.c	global	AXSetVoicePriority	AXSetVoicePriority
0x80089BDC	0xE4	.text	lib/AXAux.c	global	__AXAuxInit	__AXAuxInit
0x80089CC0	0x10	.text	lib/AXAux.c	global	__AXAuxQuit	__AXAuxQuit
0x80089CD0	0x34	.text	lib/AXAux.c	global	__AXGetAuxAInput	__AXGetAuxAInput
0x80089D04	0x20	.text	lib/AXAux.c	global	__AXGetAuxAInputDpl2	__AXGetAuxAInputDpl2
0x80089D24	0x1C	.text	lib/AXAux.c	global	__AXGetAuxAOutput	__AXGetAuxAOutput
0x80089D40	0x20	.text	lib/AXAux.c	global	__AXGetAuxAOutputDpl2R	__AXGetAuxAOutputDpl2R
0x80089D60	0x20	.text	lib/AXAux.c	global	__AXGetAuxAOutputDpl2Ls	__AXGetAuxAOutputDpl2Ls
0x80089D80	0x20	.text	lib/AXAux.c	global	__AXGetAuxAOutputDpl2Rs	__AXGetAuxAOutputDpl2Rs
0x80089DA0	0x34	.text	lib/AXAux.c	global	__AXGetAuxBInput	__AXGetAuxBInput
0x80089DD4	0x1C	.text	lib/AXAux.c	global	__AXGetAuxBOutput	__AXGetAuxBOutput
0x80089DF0	0x1C	.text	lib/AXAux.c	global	__AXGetAuxBForDPL2	__AXGetAuxBForDPL2
0x80089E0C	0x1C	.text	lib/AXAux.c	global	__AXGetAuxBOutputDPL2	__AXGetAuxBOutputDPL2
0x80089E28	0x23C	.text	lib/AXAux.c	global	__AXProcessAux	__AXProcessAux
0x8008A064	0xC	.text	lib/AXAux.c	global	AXRegisterAuxACallback	AXRegisterAuxACallback
0x8008A070	0xC	.text	lib/AXAux.c	global	AXRegisterAuxBCallback	AXRegisterAuxBCallback
0x8008A07C	0x8	.text	lib/AXCL.c	global	__AXGetCommandListCycles	__AXGetCommandListCycles
0x8008A084	0x3C	.text	lib/AXCL.c	global	__AXGetCommandListAddress	__AXGetCommandListAddress
0x8008A0C0	0x6B0	.text	lib/AXCL.c	global	__AXNextFrame	__AXNextFrame
0x8008A770	0x24	.text	lib/AXCL.c	global	__AXClInit	__AXClInit
0x8008A794	0x4	.text	lib/AXCL.c	global	__AXClQuit	__AXClQuit
0x8008A798	0x14	.text	lib/AXCL.c	global	AXSetMode	AXSetMode
0x8008A7AC	0x8	.text	lib/AXCL.c	global	AXSetCompressor	AXSetCompressor
0x8008A7B4	0x1B8	.text	lib/AXOut.c	global	__AXOutNewFrame	__AXOutNewFrame
0x8008A96C	0xBC	.text	lib/AXOut.c	global	__AXOutAiCallback	__AXOutAiCallback
0x8008AA28	0xC	.text	lib/AXOut.c	local	__AXDSPInitCallback	__AXDSPInitCallback
0x8008AA34	0x58	.text	lib/AXOut.c	local	__AXDSPResumeCallback	__AXDSPResumeCallback
0x8008AA8C	0x2C	.text	lib/AXOut.c	local	__AXDSPDoneCallback	__AXDSPDoneCallback
0x8008AAB8	0xCC	.text	lib/AXOut.c	global	__AXOutInitDSP	__AXOutInitDSP
0x8008AB84	0x3A0	.text	lib/AXOut.c	global	__AXOutInit	__AXOutInit
0x8008AF24	0x58	.text	lib/AXOut.c	global	__AXOutQuit	__AXOutQuit
0x8008AF7C	0x44	.text	lib/AXOut.c	global	AXRegisterCallback	AXRegisterCallback
0x8008AFC0	0xC	.text	lib/AXSPB.c	global	__AXGetStudio	__AXGetStudio
0x8008AFCC	0x3F8	.text	lib/AXSPB.c	global	__AXPrintStudio	__AXPrintStudio
0x8008B3C4	0x2C	.text	lib/AXSPB.c	global	__AXSPBInit	__AXSPBInit
0x8008B3F0	0x4	.text	lib/AXSPB.c	global	__AXSPBQuit	__AXSPBQuit
0x8008B3F4	0x94	.text	lib/AXSPB.c	global	__AXDepopVoice	__AXDepopVoice
0x8008B488	0x8	.text	lib/AXVPB.c	global	__AXGetNumVoices	__AXGetNumVoices
0x8008B490	0x74C	.text	lib/AXVPB.c	global	__AXServiceVPB	__AXServiceVPB
0x8008BBDC	0x278	.text	lib/AXVPB.c	global	__AXSyncPBs	__AXSyncPBs
0x8008BE54	0xC	.text	lib/AXVPB.c	global	__AXGetPBs	__AXGetPBs
0x8008BE60	0x44	.text	lib/AXVPB.c	global	__AXSetPBDefault	__AXSetPBDefault
0x8008BEA4	0x204	.text	lib/AXVPB.c	global	__AXVPBInit	__AXVPBInit
0x8008C0A8	0x4	.text	lib/AXVPB.c	global	__AXVPBQuit	__AXVPBQuit
0x8008C0AC	0xC4	.text	lib/AXVPB.c	global	AXSetVoiceSrcType	AXSetVoiceSrcType
0x8008C170	0x5C	.text	lib/AXVPB.c	global	AXSetVoiceState	AXSetVoiceState
0x8008C1CC	0x4C	.text	lib/AXVPB.c	global	AXSetVoiceType	AXSetVoiceType
0x8008C218	0x64	.text	lib/AXVPB.c	global	AXSetVoiceItdOn	AXSetVoiceItdOn
0x8008C27C	0x5C	.text	lib/AXVPB.c	global	AXSetVoiceItdTarget	AXSetVoiceItdTarget
0x8008C2D8	0x110	.text	lib/AXVPB.c	global	AXSetVoiceAddr	AXSetVoiceAddr
0x8008C3E8	0x4C	.text	lib/AXVPB.c	global	AXSetVoiceLoop	AXSetVoiceLoop
0x8008C434	0x54	.text	lib/AXVPB.c	global	AXSetVoiceLoopAddr	AXSetVoiceLoopAddr
0x8008C488	0x54	.text	lib/AXVPB.c	global	AXSetVoiceEndAddr	AXSetVoiceEndAddr
0x8008C4DC	0xA4	.text	lib/AXVPB.c	global	AXSetVoiceAdpcm	AXSetVoiceAdpcm
0x8008C580	0x98	.text	lib/AXVPB.c	global	AXSetVoiceSrc	AXSetVoiceSrc
0x8008C618	0x98	.text	lib/AXVPB.c	global	AXSetVoiceSrcRatio	AXSetVoiceSrcRatio
0x8008C6B0	0x6C	.text	lib/AXVPB.c	global	AXSetVoiceAdpcmLoop	AXSetVoiceAdpcmLoop
0x8008C71C	0x74	.text	lib/AXVPB.c	global	AXSetVoiceLpf	AXSetVoiceLpf
0x8008C790	0x5C	.text	lib/AXVPB.c	global	AXSetVoiceLpfCoefs	AXSetVoiceLpfCoefs
0x8008C7EC	0x8	.text	lib/AXVPB.c	global	AXGetMaxDspCycles	AXGetMaxDspCycles
0x8008C7F4	0x8	.text	lib/AXVPB.c	global	AXGetDspCycles	AXGetDspCycles
0x8008C7FC	0x48	.text	lib/AXProf.c	global	__AXGetCurrentProfile	__AXGetCurrentProfile
0x8008C844	0x28	.text	lib/axfx.c	local	__AXFXAllocFunction	__AXFXAllocFunction
0x8008C86C	0x28	.text	lib/axfx.c	local	__AXFXFreeFunction	__AXFXFreeFunction
0x8008C894	0xC	.text	lib/axfx.c	global	AXFXSetHooks	AXFXSetHooks
0x8008C8A0	0xBC	.text	lib/mix.c	local	__MIXSetPan	__MIXSetPan
0x8008C95C	0xC8	.text	lib/mix.c	global	MIXInit	MIXInit
0x8008CA24	0x4	.text	lib/mix.c	global	MIXQuit	MIXQuit
0x8008CA28	0x8	.text	lib/mix.c	global	MIXSetSoundMode	MIXSetSoundMode
0x8008CA30	0x8	.text	lib/mix.c	global	MIXGetSoundMode	MIXGetSoundMode
0x8008CA38	0xE7C	.text	lib/mix.c	global	MIXInitChannel	MIXInitChannel
0x8008D8B4	0x20	.text	lib/mix.c	global	MIXReleaseChannel	MIXReleaseChannel
0x8008D8D4	0x28	.text	lib/mix.c	global	MIXSetInput	MIXSetInput
0x8008D8FC	0x28	.text	lib/mix.c	global	MIXSetAuxA	MIXSetAuxA
0x8008D924	0x34	.text	lib/mix.c	global	MIXSetAuxB	MIXSetAuxB
0x8008D958	0x6C	.text	lib/mix.c	global	MIXSetPan	MIXSetPan
0x8008D9C4	0x6C	.text	lib/mix.c	global	MIXSetSPan	MIXSetSPan
0x8008DA30	0x28	.text	lib/mix.c	global	MIXSetFader	MIXSetFader
0x8008DA58	0x107C	.text	lib/mix.c	global	MIXUpdateSettings	MIXUpdateSettings
0x8008EAD4	0x34	.text	lib/axart.c	global	AXARTInit	AXARTInit
0x8008EB08	0x60	.text	lib/axart.c	global	AXARTQuit	AXARTQuit
0x8008EB68	0x40	.text	lib/axart.c	global	AXARTServiceSounds	AXARTServiceSounds
0x8008EBA8	0x2D0	.text	lib/axart.c	global	AXARTAddSound	AXARTAddSound
0x8008EE78	0x2E8	.text	lib/axartsound.c	global	AXARTServiceSound	AXARTServiceSound
0x8008F160	0xFC	.text	lib/axartcents.c	global	AXARTCents	AXARTCents
0x8008F25C	0x5C	.text	lib/axartenv.c	global	AXARTPitchEnv	AXARTPitchEnv
0x8008F2B8	0x5C	.text	lib/axartenv.c	global	AXARTVolumeEnv	AXARTVolumeEnv
0x8008F314	0xB4	.text	lib/axartlfo.c	global	AXARTLfo	AXARTLfo
0x8008F3C8	0x8	.text	lib/axart3d.c	global	AXARTSet3DDopplerScale	AXARTSet3DDopplerScale
0x8008F3D0	0x8	.text	lib/axart3d.c	global	AXARTSet3DDistanceScale	AXARTSet3DDistanceScale
0x8008F3D8	0x184	.text	lib/axart3d.c	global	AXART3DSound	AXART3DSound
0x8008F55C	0x88	.text	lib/axartlpf.c	global	AXARTLpf	AXARTLpf
0x8008F5E4	0x84	.text	lib/syn.c	local	__SYNRemoveSynthFromList	__SYNRemoveSynthFromList
0x8008F668	0x114	.text	lib/syn.c	global	SYNInit	SYNInit
0x8008F77C	0x114	.text	lib/syn.c	global	SYNQuit	SYNQuit
0x8008F890	0x58	.text	lib/syn.c	global	SYNRunAudioFrame	SYNRunAudioFrame
0x8008F8E8	0x2CC	.text	lib/syn.c	global	SYNInitSynth	SYNInitSynth
0x8008FBB4	0x8C	.text	lib/syn.c	global	SYNQuitSynth	SYNQuitSynth
0x8008FC40	0x58	.text	lib/syn.c	global	SYNMidiInput	SYNMidiInput
0x8008FC98	0xC	.text	lib/syn.c	global	SYNSetMasterVolume	SYNSetMasterVolume
0x8008FCA4	0x8	.text	lib/syn.c	global	SYNGetActiveNotes	SYNGetActiveNotes
0x8008FCAC	0x60	.text	lib/synctrl.c	local	__SYNSetData	__SYNSetData
0x8008FD0C	0x2A8	.text	lib/synctrl.c	global	__SYNSetController	__SYNSetController
0x8008FFB4	0x1E0	.text	lib/synctrl.c	global	__SYNResetController0	__SYNResetController0
0x80090194	0x1C8	.text	lib/synctrl.c	global	__SYNResetController	__SYNResetController
0x8009035C	0x1F8	.text	lib/synctrl.c	global	__SYNResetAllControllers	__SYNResetAllControllers
0x80090554	0x2BC	.text	lib/synctrl.c	local	__SYNNoteOn	__SYNNoteOn
0x80090810	0x188	.text	lib/synctrl.c	local	__SYNMidiIn	__SYNMidiIn
0x80090998	0x68	.text	lib/synctrl.c	global	__SYNRunInputBufferEvents	__SYNRunInputBufferEvents
0x80090A00	0x2E4	.text	lib/synenv.c	global	__SYNSetupVolumeEnvelope	__SYNSetupVolumeEnvelope
0x80090CE4	0x2F4	.text	lib/synenv.c	global	__SYNSetupPitchEnvelope	__SYNSetupPitchEnvelope
0x80090FD8	0x124	.text	lib/synenv.c	global	__SYNRunVolumeEnvelope	__SYNRunVolumeEnvelope
0x800910FC	0x16C	.text	lib/synenv.c	global	__SYNRunPitchEnvelope	__SYNRunPitchEnvelope
0x80091268	0x5C	.text	lib/synlfo.c	global	__SYNSetupLfo	__SYNSetupLfo
0x800912C4	0x128	.text	lib/synlfo.c	global	__SYNRunLfo	__SYNRunLfo
0x800913EC	0x2C	.text	lib/synmix.c	global	__SYNSetupVolume	__SYNSetupVolume
0x80091418	0x34	.text	lib/synmix.c	global	__SYNSetupPan	__SYNSetupPan
0x8009144C	0x1C	.text	lib/synmix.c	global	__SYNGetVoiceInput	__SYNGetVoiceInput
0x80091468	0x2C	.text	lib/synmix.c	global	__SYNGetVoiceFader	__SYNGetVoiceFader
0x80091494	0xDC	.text	lib/synmix.c	global	__SYNUpdateMix	__SYNUpdateMix
0x80091570	0x130	.text	lib/synpitch.c	global	__SYNGetRelativePitch	__SYNGetRelativePitch
0x800916A0	0x70	.text	lib/synpitch.c	global	__SYNSetupPitch	__SYNSetupPitch
0x80091710	0xAC	.text	lib/synpitch.c	global	__SYNSetupSrc	__SYNSetupSrc
0x800917BC	0x68	.text	lib/synpitch.c	global	__SYNUpdateSrc	__SYNUpdateSrc
0x80091824	0x274	.text	lib/synsample.c	local	__SYNSetupAdpcm	__SYNSetupAdpcm
0x80091A98	0x124	.text	lib/synsample.c	local	__SYNSetupPcm16	__SYNSetupPcm16
0x80091BBC	0x124	.text	lib/synsample.c	local	__SYNSetupPcm8	__SYNSetupPcm8
0x80091CE0	0x5C	.text	lib/synsample.c	global	__SYNSetupSample	__SYNSetupSample
0x80091D3C	0xB0	.text	lib/synvoice.c	global	__SYNClearVoiceReferences	__SYNClearVoiceReferences
0x80091DEC	0x30	.text	lib/synvoice.c	global	__SYNSetVoiceToRelease	__SYNSetVoiceToRelease
0x80091E1C	0x14C	.text	lib/synvoice.c	global	__SYNServiceVoice	__SYNServiceVoice
0x80091F68	0x90	.text	lib/synwt.c	global	__SYNGetWavetableData	__SYNGetWavetableData
0x80091FF8	0xF4	.text	lib/seq.c	local	__SEQHandleSynthEvent	__SEQHandleSynthEvent
0x800920EC	0x2B0	.text	lib/seq.c	local	__SEQRunEvent	__SEQRunEvent
0x8009239C	0xC	.text	lib/seq.c	global	SEQInit	SEQInit
0x800923A8	0xC	.text	lib/seq.c	global	SEQQuit	SEQQuit
0x800923B4	0x170	.text	lib/seq.c	global	SEQRunAudioFrame	SEQRunAudioFrame
0x80092524	0x140	.text	lib/seq.c	global	SEQSetState	SEQSetState
0x80092664	0x10	.text	lib/dsp.c	global	DSPCheckMailToDSP	DSPCheckMailToDSP
0x80092674	0x10	.text	lib/dsp.c	global	DSPCheckMailFromDSP	DSPCheckMailFromDSP
0x80092684	0x18	.text	lib/dsp.c	global	DSPReadMailFromDSP	DSPReadMailFromDSP
0x8009269C	0x14	.text	lib/dsp.c	global	DSPSendMailToDSP	DSPSendMailToDSP
0x800926B0	0xC4	.text	lib/dsp.c	global	DSPInit	DSPInit
0x80092774	0x8	.text	lib/dsp.c	global	DSPCheckInit	DSPCheckInit
0x8009277C	0x70	.text	lib/dsp.c	global	DSPAddTask	DSPAddTask
0x800927EC	0x40	.text	lib/dsp.c	global	DSPCancelTask	DSPCancelTask
0x8009282C	0xC8	.text	lib/dsp.c	global	DSPAssertTask	DSPAssertTask
0x800928F4	0x50	.text	lib/dsp_debug.c	global	__DSP_debug_printf	__DSP_debug_printf
0x80092944	0x424	.text	lib/dsp_task.c	global	__DSPHandler	__DSPHandler
0x80092D68	0x1A0	.text	lib/dsp_task.c	global	__DSP_exec_task	__DSP_exec_task
0x80092F08	0x18C	.text	lib/dsp_task.c	global	__DSP_boot_task	__DSP_boot_task
0x80093094	0xA0	.text	lib/dsp_task.c	global	__DSP_insert_task	__DSP_insert_task
0x80093134	0x94	.text	lib/dsp_task.c	global	__DSP_remove_task	__DSP_remove_task
0x800931C8	0x4	.text	lib/CARDBios.c	global	__CARDDefaultApiCallback	__CARDDefaultApiCallback
0x800931CC	0xD8	.text	lib/CARDBios.c	global	__CARDExtHandler	__CARDExtHandler
0x800932A4	0x118	.text	lib/CARDBios.c	global	__CARDExiHandler	__CARDExiHandler
0x800933BC	0xA8	.text	lib/CARDBios.c	global	__CARDTxHandler	__CARDTxHandler
0x80093464	0x84	.text	lib/CARDBios.c	global	__CARDUnlockedHandler	__CARDUnlockedHandler
0x800934E8	0xC0	.text	lib/CARDBios.c	global	__CARDEnableInterrupt	__CARDEnableInterrupt
0x800935A8	0xF0	.text	lib/CARDBios.c	global	__CARDReadStatus	__CARDReadStatus
0x80093698	0xF0	.text	lib/CARDBios.c	global	__CARDReadVendorID	__CARDReadVendorID
0x80093788	0xAC	.text	lib/CARDBios.c	global	__CARDClearStatus	__CARDClearStatus
0x80093834	0xA4	.text	lib/CARDBios.c	local	TimeoutHandler	TimeoutHandler
0x800938D8	0x2A0	.text	lib/CARDBios.c	local	Retry	Retry
0x80093B78	0x110	.text	lib/CARDBios.c	local	UnlockedCallback	UnlockedCallback
0x80093C88	0x224	.text	lib/CARDBios.c	local	__CARDStart	__CARDStart
0x80093EAC	0x134	.text	lib/CARDBios.c	global	__CARDReadSegment	__CARDReadSegment
0x80093FE0	0x13C	.text	lib/CARDBios.c	global	__CARDWritePage	__CARDWritePage
0x8009411C	0x110	.text	lib/CARDBios.c	global	__CARDEraseSector	__CARDEraseSector
0x8009422C	0xAC	.text	lib/CARDBios.c	global	CARDInit	CARDInit
0x800942D8	0x8	.text	lib/CARDBios.c	global	__CARDGetFontEncode	__CARDGetFontEncode
0x800942E0	0x38	.text	lib/CARDBios.c	global	__CARDSetDiskID	__CARDSetDiskID
0x80094318	0xB8	.text	lib/CARDBios.c	global	__CARDGetControlBlock	__CARDGetControlBlock
0x800943D0	0x64	.text	lib/CARDBios.c	global	__CARDPutControlBlock	__CARDPutControlBlock
0x80094434	0x30	.text	lib/CARDBios.c	global	CARDGetResultCode	CARDGetResultCode
0x80094464	0x150	.text	lib/CARDBios.c	global	CARDFreeBlocks	CARDFreeBlocks
0x800945B4	0x50	.text	lib/CARDBios.c	local	OnReset	OnReset
0x80094604	0x1C	.text	lib/CARDBios.c	global	CARDGetFastMode	CARDGetFastMode
0x80094620	0x8	.text	lib/CARDBlock.c	global	__CARDGetFatBlock	__CARDGetFatBlock
0x80094628	0xD4	.text	lib/CARDBlock.c	local	WriteCallback	WriteCallback
0x800946FC	0xC8	.text	lib/CARDBlock.c	local	EraseCallback	EraseCallback
0x800947C4	0x118	.text	lib/CARDBlock.c	global	__CARDAllocBlock	__CARDAllocBlock
0x800948DC	0x9C	.text	lib/CARDBlock.c	global	__CARDFreeBlock	__CARDFreeBlock
0x80094978	0xAC	.text	lib/CARDBlock.c	global	__CARDUpdateFatBlock	__CARDUpdateFatBlock
0x80094A24	0x8	.text	lib/CARDDir.c	global	__CARDGetDirBlock	__CARDGetDirBlock
0x80094A2C	0xD0	.text	lib/CARDDir.c	local	WriteCallback	WriteCallback
0x80094AFC	0xC8	.text	lib/CARDDir.c	local	EraseCallback	EraseCallback
0x80094BC4	0xC4	.text	lib/CARDDir.c	global	__CARDUpdateDir	__CARDUpdateDir
0x80094C88	0x1B0	.text	lib/CARDCheck.c	global	__CARDCheckSum	__CARDCheckSum
0x80094E38	0x284	.text	lib/CARDCheck.c	local	VerifyID	VerifyID
0x800950BC	0x240	.text	lib/CARDCheck.c	local	VerifyDir	VerifyDir
0x800952FC	0x284	.text	lib/CARDCheck.c	local	VerifyFAT	VerifyFAT
0x80095580	0x8C	.text	lib/CARDCheck.c	global	__CARDVerify	__CARDVerify
0x8009560C	0x590	.text	lib/CARDCheck.c	global	CARDCheckExAsync	CARDCheckExAsync
0x80095B9C	0x28	.text	lib/CARDCheck.c	global	CARDCheckAsync	CARDCheckAsync
0x80095BC4	0xCC	.text	lib/CARDMount.c	local	IsCard	IsCard
0x80095C90	0x17C	.text	lib/CARDMount.c	global	CARDProbeEx	CARDProbeEx
0x80095E0C	0x454	.text	lib/CARDMount.c	local	DoMount	DoMount
0x80096260	0x138	.text	lib/CARDMount.c	global	__CARDMountCallback	__CARDMountCallback
0x80096398	0x1A0	.text	lib/CARDMount.c	global	CARDMountAsync	CARDMountAsync
0x80096538	0x9C	.text	lib/CARDMount.c	local	DoUnmount	DoUnmount
0x800965D4	0xAC	.text	lib/CARDMount.c	global	CARDUnmount	CARDUnmount
0x80096680	0x144	.text	lib/CARDFormat.c	local	FormatCallback	FormatCallback
0x800967C4	0x658	.text	lib/CARDFormat.c	global	__CARDFormatRegionAsync	__CARDFormatRegionAsync
0x80096E1C	0x48	.text	lib/CARDFormat.c	global	CARDFormatAsync	CARDFormatAsync
0x80096E64	0x68	.text	lib/CARDOpen.c	global	__CARDCompareFileName	__CARDCompareFileName
0x80096ECC	0x94	.text	lib/CARDOpen.c	global	__CARDAccess	__CARDAccess
0x80096F60	0x134	.text	lib/CARDOpen.c	global	__CARDIsWritable	__CARDIsWritable
0x80097094	0xF4	.text	lib/CARDOpen.c	global	__CARDIsReadable	__CARDIsReadable
0x80097188	0x150	.text	lib/CARDOpen.c	global	__CARDGetFileNo	__CARDGetFileNo
0x800972D8	0x11C	.text	lib/CARDOpen.c	global	CARDOpen	CARDOpen
0x800973F4	0x54	.text	lib/CARDOpen.c	global	CARDClose	CARDClose
0x80097448	0x8	.text	lib/CARDOpen.c	global	__CARDIsOpened	__CARDIsOpened
0x80097450	0x130	.text	lib/CARDCreate.c	local	CreateCallbackFat	CreateCallbackFat
0x80097580	0x220	.text	lib/CARDCreate.c	global	CARDCreateAsync	CARDCreateAsync
0x800977A0	0x1B8	.text	lib/CARDRead.c	global	__CARDSeek	__CARDSeek
0x80097958	0x130	.text	lib/CARDRead.c	local	ReadCallback	ReadCallback
0x80097A88	0x144	.text	lib/CARDRead.c	global	CARDReadAsync	CARDReadAsync
0x80097BCC	0x170	.text	lib/CARDWrite.c	local	WriteCallback	WriteCallback
0x80097D3C	0xB0	.text	lib/CARDWrite.c	local	EraseCallback	EraseCallback
0x80097DEC	0x114	.text	lib/CARDWrite.c	global	CARDWriteAsync	CARDWriteAsync
0x80097F00	0xA4	.text	lib/CARDDelete.c	local	DeleteCallback	DeleteCallback
0x80097FA4	0x110	.text	lib/CARDDelete.c	global	CARDDeleteAsync	CARDDeleteAsync
0x800980B4	0x1F8	.text	lib/CARDStat.c	local	UpdateIconOffsets	UpdateIconOffsets
0x800982AC	0x114	.text	lib/CARDStat.c	global	CARDGetStatus	CARDGetStatus
0x800983C0	0x174	.text	lib/CARDStat.c	global	CARDSetStatusAsync	CARDSetStatusAsync
0x80098534	0xC4	.text	lib/CARDNet.c	global	CARDGetSerialNo	CARDGetSerialNo
0x800985F8	0x16C	.text	lib/CARDUnlock.c	local	bitrev	bitrev
0x80098764	0x144	.text	lib/CARDUnlock.c	local	ReadArrayUnlock	ReadArrayUnlock
0x800988A8	0xC4	.text	lib/CARDUnlock.c	local	DummyLen	DummyLen
0x8009896C	0xB58	.text	lib/CARDUnlock.c	global	__CARDUnlock	__CARDUnlock
0x800994C4	0x70	.text	lib/CARDUnlock.c	local	InitCallback	InitCallback
0x80099534	0x324	.text	lib/CARDUnlock.c	local	DoneCallback	DoneCallback
0x80099858	0xDC	.text	lib/CARDRdwr.c	local	BlockReadCallback	BlockReadCallback
0x80099934	0x64	.text	lib/CARDRdwr.c	global	__CARDRead	__CARDRead
0x80099998	0xE8	.text	lib/CARDRdwr.c	local	BlockWriteCallback	BlockWriteCallback
0x80099A80	0x68	.text	lib/CARDRdwr.c	global	__CARDWrite	__CARDWrite
0x80099AE8	0x26C	.text	lib/GXAttr.c	global	GXSetVtxDesc	GXSetVtxDesc
0x80099D54	0x288	.text	lib/GXAttr.c	global	GXSetVtxDescv	GXSetVtxDescv
0x80099FDC	0xBC	.text	lib/GXAttr.c	global	__GXSetVCD	__GXSetVCD
0x8009A098	0x124	.text	lib/GXAttr.c	global	__GXCalculateVLim	__GXCalculateVLim
0x8009A1BC	0x1B4	.text	lib/GXAttr.c	global	GXGetVtxDesc	GXGetVtxDesc
0x8009A370	0x90	.text	lib/GXAttr.c	global	GXGetVtxDescv	GXGetVtxDescv
0x8009A400	0x38	.text	lib/GXAttr.c	global	GXClearVtxDesc	GXClearVtxDesc
0x8009A438	0x25C	.text	lib/GXAttr.c	global	GXSetVtxAttrFmt	GXSetVtxAttrFmt
0x8009A694	0x280	.text	lib/GXAttr.c	global	GXSetVtxAttrFmtv	GXSetVtxAttrFmtv
0x8009A914	0x88	.text	lib/GXAttr.c	global	__GXSetVAT	__GXSetVAT
0x8009A99C	0x280	.text	lib/GXAttr.c	global	GXGetVtxAttrFmt	GXGetVtxAttrFmt
0x8009AC1C	0x74	.text	lib/GXAttr.c	global	GXGetVtxAttrFmtv	GXGetVtxAttrFmtv
0x8009AC90	0x44	.text	lib/GXAttr.c	global	GXSetArray	GXSetArray
0x8009ACD4	0x10	.text	lib/GXAttr.c	global	GXInvalidateVtxCache	GXInvalidateVtxCache
0x8009ACE4	0x280	.text	lib/GXAttr.c	global	GXSetTexCoordGen2	GXSetTexCoordGen2
0x8009AF64	0x3C	.text	lib/GXAttr.c	global	GXSetNumTexGens	GXSetNumTexGens
0x8009AFA0	0x80	.text	lib/GXGeometry.c	global	__GXSetDirtyState	__GXSetDirtyState
0x8009B020	0xD0	.text	lib/GXGeometry.c	global	GXBegin	GXBegin
0x8009B0F0	0x88	.text	lib/GXGeometry.c	global	__GXSendFlushPrim	__GXSendFlushPrim
0x8009B178	0x40	.text	lib/GXGeometry.c	global	GXSetLineWidth	GXSetLineWidth
0x8009B1B8	0x40	.text	lib/GXGeometry.c	global	GXSetPointSize	GXSetPointSize
0x8009B1F8	0x48	.text	lib/GXGeometry.c	global	GXEnableTexOffsets	GXEnableTexOffsets
0x8009B240	0x28	.text	lib/GXGeometry.c	global	GXSetCullMode	GXSetCullMode
0x8009B268	0x34	.text	lib/GXGeometry.c	global	GXSetCoPlanar	GXSetCoPlanar
0x8009B29C	0x24	.text	lib/GXGeometry.c	global	__GXSetGenMode	__GXSetGenMode
0x8009B2C0	0x1C	.text	lib/GXLight.c	global	GXInitLightAttn	GXInitLightAttn
0x8009B2DC	0x10	.text	lib/GXLight.c	global	GXInitLightAttnK	GXInitLightAttnK
0x8009B2EC	0x190	.text	lib/GXLight.c	global	GXInitLightSpot	GXInitLightSpot
0x8009B47C	0xD0	.text	lib/GXLight.c	global	GXInitLightDistAttn	GXInitLightDistAttn
0x8009B54C	0x10	.text	lib/GXLight.c	global	GXInitLightPos	GXInitLightPos
0x8009B55C	0x1C	.text	lib/GXLight.c	global	GXInitLightDir	GXInitLightDir
0x8009B578	0xC	.text	lib/GXLight.c	global	GXInitLightColor	GXInitLightColor
0x8009B584	0x7C	.text	lib/GXLight.c	global	GXLoadLightObjImm	GXLoadLightObjImm
0x8009B600	0xE8	.text	lib/GXLight.c	global	GXSetChanAmbColor	GXSetChanAmbColor
0x8009B6E8	0xE8	.text	lib/GXLight.c	global	GXSetChanMatColor	GXSetChanMatColor
0x8009B7D0	0x3C	.text	lib/GXLight.c	global	GXSetNumChans	GXSetNumChans
0x8009B80C	0xB0	.text	lib/GXLight.c	global	GXSetChanCtrl	GXSetChanCtrl
0x8009B8BC	0x64	.text	lib/GXTexture.c	local	__GXGetTexTileShift	__GXGetTexTileShift
0x8009B920	0x15C	.text	lib/GXTexture.c	global	GXGetTexBufferSize	GXGetTexBufferSize
0x8009BA7C	0xC8	.text	lib/GXTexture.c	global	__GetImageTileCount	__GetImageTileCount
0x8009BB44	0x24C	.text	lib/GXTexture.c	global	GXInitTexObj	GXInitTexObj
0x8009BD90	0x48	.text	lib/GXTexture.c	global	GXInitTexObjCI	GXInitTexObjCI
0x8009BDD8	0x164	.text	lib/GXTexture.c	global	GXInitTexObjLOD	GXInitTexObjLOD
0x8009BF3C	0xC	.text	lib/GXTexture.c	global	GXGetTexObjData	GXGetTexObjData
0x8009BF48	0x8	.text	lib/GXTexture.c	global	GXGetTexObjFmt	GXGetTexObjFmt
0x8009BF50	0x18	.text	lib/GXTexture.c	global	GXGetTexObjMipMap	GXGetTexObjMipMap
0x8009BF68	0x17C	.text	lib/GXTexture.c	global	GXLoadTexObjPreLoaded	GXLoadTexObjPreLoaded
0x8009C0E4	0x54	.text	lib/GXTexture.c	global	GXLoadTexObj	GXLoadTexObj
0x8009C138	0x38	.text	lib/GXTexture.c	global	GXInitTlutObj	GXInitTlutObj
0x8009C170	0x98	.text	lib/GXTexture.c	global	GXLoadTlut	GXLoadTlut
0x8009C208	0xF4	.text	lib/GXTexture.c	global	GXInitTexCacheRegion	GXInitTexCacheRegion
0x8009C2FC	0x38	.text	lib/GXTexture.c	global	GXInitTlutRegion	GXInitTlutRegion
0x8009C334	0x48	.text	lib/GXTexture.c	global	GXInvalidateTexAll	GXInvalidateTexAll
0x8009C37C	0x14	.text	lib/GXTexture.c	global	GXSetTexRegionCallback	GXSetTexRegionCallback
0x8009C390	0x14	.text	lib/GXTexture.c	global	GXSetTlutRegionCallback	GXSetTlutRegionCallback
0x8009C3A4	0xA0	.text	lib/GXTexture.c	local	__SetSURegs	__SetSURegs
0x8009C444	0x17C	.text	lib/GXTexture.c	global	__GXSetSUTexRegs	__GXSetSUTexRegs
0x8009C5C0	0x354	.text	lib/GXTexture.c	global	__GXSetTmemConfig	__GXSetTmemConfig
0x8009C914	0x6C	.text	lib/GXBump.c	global	GXSetTevIndirect	GXSetTevIndirect
0x8009C980	0x178	.text	lib/GXBump.c	global	GXSetIndTexMtx	GXSetIndTexMtx
0x8009CAF8	0x144	.text	lib/GXBump.c	global	GXSetIndTexCoordScale	GXSetIndTexCoordScale
0x8009CC3C	0xEC	.text	lib/GXBump.c	global	GXSetIndTexOrder	GXSetIndTexOrder
0x8009CD28	0x24	.text	lib/GXBump.c	global	GXSetNumIndStages	GXSetNumIndStages
0x8009CD4C	0x48	.text	lib/GXBump.c	global	GXSetTevDirect	GXSetTevDirect
0x8009CD94	0x64	.text	lib/GXBump.c	global	GXSetTevIndWarp	GXSetTevIndWarp
0x8009CDF8	0x44	.text	lib/GXBump.c	global	GXSetTevIndBumpXYZ	GXSetTevIndBumpXYZ
0x8009CE3C	0x4	.text	lib/GXBump.c	global	__GXUpdateBPMask	__GXUpdateBPMask
0x8009CE40	0x30	.text	lib/GXBump.c	global	__GXSetIndirectMask	__GXSetIndirectMask
0x8009CE70	0x24	.text	lib/GXBump.c	global	__GXFlushTextureState	__GXFlushTextureState
0x8009CE94	0x8C	.text	lib/GXTev.c	global	GXSetTevOp	GXSetTevOp
0x8009CF20	0x44	.text	lib/GXTev.c	global	GXSetTevColorIn	GXSetTevColorIn
0x8009CF64	0x44	.text	lib/GXTev.c	global	GXSetTevAlphaIn	GXSetTevAlphaIn
0x8009CFA8	0x68	.text	lib/GXTev.c	global	GXSetTevColorOp	GXSetTevColorOp
0x8009D010	0x68	.text	lib/GXTev.c	global	GXSetTevAlphaOp	GXSetTevAlphaOp
0x8009D078	0x60	.text	lib/GXTev.c	global	GXSetTevColor	GXSetTevColor
0x8009D0D8	0x64	.text	lib/GXTev.c	global	GXSetTevColorS10	GXSetTevColorS10
0x8009D13C	0x64	.text	lib/GXTev.c	global	GXSetTevKColor	GXSetTevKColor
0x8009D1A0	0x5C	.text	lib/GXTev.c	global	GXSetTevKColorSel	GXSetTevKColorSel
0x8009D1FC	0x5C	.text	lib/GXTev.c	global	GXSetTevKAlphaSel	GXSetTevKAlphaSel
0x8009D258	0x48	.text	lib/GXTev.c	global	GXSetTevSwapMode	GXSetTevSwapMode
0x8009D2A0	0x80	.text	lib/GXTev.c	global	GXSetTevSwapModeTable	GXSetTevSwapModeTable
0x8009D320	0x44	.text	lib/GXTev.c	global	GXSetAlphaCompare	GXSetAlphaCompare
0x8009D364	0x8C	.text	lib/GXTev.c	global	GXSetZTexture	GXSetZTexture
0x8009D3F0	0x19C	.text	lib/GXTev.c	global	GXSetTevOrder	GXSetTevOrder
0x8009D58C	0x28	.text	lib/GXTev.c	global	GXSetNumTevStages	GXSetNumTevStages
0x8009D5B4	0x214	.text	lib/GXPixel.c	global	GXSetFog	GXSetFog
0x8009D7C8	0x124	.text	lib/GXPixel.c	global	GXSetFogRangeAdj	GXSetFogRangeAdj
0x8009D8EC	0x54	.text	lib/GXPixel.c	global	GXSetBlendMode	GXSetBlendMode
0x8009D940	0x2C	.text	lib/GXPixel.c	global	GXSetColorUpdate	GXSetColorUpdate
0x8009D96C	0x2C	.text	lib/GXPixel.c	global	GXSetAlphaUpdate	GXSetAlphaUpdate
0x8009D998	0x34	.text	lib/GXPixel.c	global	GXSetZMode	GXSetZMode
0x8009D9CC	0x34	.text	lib/GXPixel.c	global	GXSetZCompLoc	GXSetZCompLoc
0x8009DA00	0xD4	.text	lib/GXPixel.c	global	GXSetPixelFmt	GXSetPixelFmt
0x8009DAD4	0x2C	.text	lib/GXPixel.c	global	GXSetDither	GXSetDither
0x8009DB00	0x3C	.text	lib/GXPixel.c	global	GXSetDstAlpha	GXSetDstAlpha
0x8009DB3C	0x38	.text	lib/GXPixel.c	global	GXSetFieldMask	GXSetFieldMask
0x8009DB74	0x78	.text	lib/GXPixel.c	global	GXSetFieldMode	GXSetFieldMode
0x8009DBEC	0x174	.text	lib/GXTransform.c	global	GXProject	GXProject
0x8009DD60	0xA4	.text	lib/GXTransform.c	global	GXSetProjection	GXSetProjection
0x8009DE04	0x8C	.text	lib/GXTransform.c	global	GXSetProjectionv	GXSetProjectionv
0x8009DE90	0x48	.text	lib/GXTransform.c	global	GXGetProjectionv	GXGetProjectionv
0x8009DED8	0x50	.text	lib/GXTransform.c	global	GXLoadPosMtxImm	GXLoadPosMtxImm
0x8009DF28	0x50	.text	lib/GXTransform.c	global	GXLoadNrmMtxImm	GXLoadNrmMtxImm
0x8009DF78	0x34	.text	lib/GXTransform.c	global	GXSetCurrentMtx	GXSetCurrentMtx
0x8009DFAC	0xB4	.text	lib/GXTransform.c	global	GXLoadTexMtxImm	GXLoadTexMtxImm
0x8009E060	0x90	.text	lib/GXTransform.c	global	__GXSetViewport	__GXSetViewport
0x8009E0F0	0x58	.text	lib/GXTransform.c	global	GXSetViewportJitter	GXSetViewportJitter
0x8009E148	0x48	.text	lib/GXTransform.c	global	GXSetViewport	GXSetViewport
0x8009E190	0x24	.text	lib/GXTransform.c	global	GXGetViewportv	GXGetViewportv
0x8009E1B4	0x78	.text	lib/GXTransform.c	global	GXSetScissor	GXSetScissor
0x8009E22C	0x40	.text	lib/GXTransform.c	global	GXSetScissorBoxOffset	GXSetScissorBoxOffset
0x8009E26C	0x28	.text	lib/GXTransform.c	global	GXSetClipMode	GXSetClipMode
0x8009E294	0x84	.text	lib/GXTransform.c	global	__GXSetMatrixIndex	__GXSetMatrixIndex
0x8009E318	0xFC	.text	lib/GXInit.c	local	__GXDefaultTexRegionCallback	__GXDefaultTexRegionCallback
0x8009E414	0x24	.text	lib/GXInit.c	local	__GXDefaultTlutRegionCallback	__GXDefaultTlutRegionCallback
0x8009E438	0x190	.text	lib/GXInit.c	local	__GXShutdown	__GXShutdown
0x8009E5C8	0x1A4	.text	lib/GXInit.c	global	__GXInitRevisionBits	__GXInitRevisionBits
0x8009E76C	0x600	.text	lib/GXInit.c	global	GXInit	GXInit
0x8009ED6C	0x938	.text	lib/GXInit.c	global	__GXInitGX	__GXInitGX
0x8009F6A4	0x134	.text	lib/GXFifo.c	local	GXCPInterruptHandler	GXCPInterruptHandler
0x8009F7D8	0x6C	.text	lib/GXFifo.c	global	GXInitFifoBase	GXInitFifoBase
0x8009F844	0x70	.text	lib/GXFifo.c	global	GXInitFifoPtrs	GXInitFifoPtrs
0x8009F8B4	0xC	.text	lib/GXFifo.c	global	GXInitFifoLimits	GXInitFifoLimits
0x8009F8C0	0x128	.text	lib/GXFifo.c	global	GXSetCPUFifo	GXSetCPUFifo
0x8009F9E8	0x178	.text	lib/GXFifo.c	global	GXSetGPFifo	GXSetGPFifo
0x8009FB60	0x34	.text	lib/GXFifo.c	global	GXSaveCPUFifo	GXSaveCPUFifo
0x8009FB94	0xC8	.text	lib/GXFifo.c	global	__GXSaveCPUFifoAux	__GXSaveCPUFifoAux
0x8009FC5C	0x44	.text	lib/GXFifo.c	global	GXSetBreakPtCallback	GXSetBreakPtCallback
0x8009FCA0	0x4C	.text	lib/GXFifo.c	global	__GXFifoInit	__GXFifoInit
0x8009FCEC	0x24	.text	lib/GXFifo.c	local	__GXFifoReadEnable	__GXFifoReadEnable
0x8009FD10	0x24	.text	lib/GXFifo.c	local	__GXFifoReadDisable	__GXFifoReadDisable
0x8009FD34	0x34	.text	lib/GXFifo.c	local	__GXFifoLink	__GXFifoLink
0x8009FD68	0x30	.text	lib/GXFifo.c	local	__GXWriteFifoIntEnable	__GXWriteFifoIntEnable
0x8009FD98	0x30	.text	lib/GXFifo.c	local	__GXWriteFifoIntReset	__GXWriteFifoIntReset
0x8009FDC8	0x4C	.text	lib/GXFifo.c	global	GXSetCurrentGXThread	GXSetCurrentGXThread
0x8009FE14	0x8	.text	lib/GXFifo.c	global	GXGetCPUFifo	GXGetCPUFifo
0x8009FE1C	0x8	.text	lib/GXFifo.c	global	GXGetGPFifo	GXGetGPFifo
0x8009FE24	0x94	.text	lib/GXMisc.c	global	GXSetMisc	GXSetMisc
0x8009FEB8	0x5C	.text	lib/GXMisc.c	global	GXFlush	GXFlush
0x8009FF14	0x34	.text	lib/GXMisc.c	global	GXResetWriteGatherPipe	GXResetWriteGatherPipe
0x8009FF48	0x16C	.text	lib/GXMisc.c	global	__GXAbort	__GXAbort
0x800A00B4	0xB4	.text	lib/GXMisc.c	global	GXSetDrawSync	GXSetDrawSync
0x800A0168	0x80	.text	lib/GXMisc.c	global	GXDrawDone	GXDrawDone
0x800A01E8	0x24	.text	lib/GXMisc.c	global	GXPixModeSync	GXPixModeSync
0x800A020C	0x14	.text	lib/GXMisc.c	global	GXPokeAlphaMode	GXPokeAlphaMode
0x800A0220	0x20	.text	lib/GXMisc.c	global	GXPokeAlphaRead	GXPokeAlphaRead
0x800A0240	0x18	.text	lib/GXMisc.c	global	GXPokeAlphaUpdate	GXPokeAlphaUpdate
0x800A0258	0x64	.text	lib/GXMisc.c	global	GXPokeBlendMode	GXPokeBlendMode
0x800A02BC	0x18	.text	lib/GXMisc.c	global	GXPokeColorUpdate	GXPokeColorUpdate
0x800A02D4	0x24	.text	lib/GXMisc.c	global	GXPokeDstAlpha	GXPokeDstAlpha
0x800A02F8	0x18	.text	lib/GXMisc.c	global	GXPokeDither	GXPokeDither
0x800A0310	0x20	.text	lib/GXMisc.c	global	GXPokeZMode	GXPokeZMode
0x800A0330	0x24	.text	lib/GXMisc.c	global	GXPeekZ	GXPeekZ
0x800A0354	0x44	.text	lib/GXMisc.c	global	GXSetDrawSyncCallback	GXSetDrawSyncCallback
0x800A0398	0x88	.text	lib/GXMisc.c	local	GXTokenInterruptHandler	GXTokenInterruptHandler
0x800A0420	0x44	.text	lib/GXMisc.c	global	GXSetDrawDoneCallback	GXSetDrawDoneCallback
0x800A0464	0x80	.text	lib/GXMisc.c	local	GXFinishInterruptHandler	GXFinishInterruptHandler
0x800A04E4	0x74	.text	lib/GXMisc.c	global	__GXPEInit	__GXPEInit
0x800A0558	0x7C	.text	lib/GXFrameBuf.c	global	GXSetDispCopySrc	GXSetDispCopySrc
0x800A05D4	0x7C	.text	lib/GXFrameBuf.c	global	GXSetTexCopySrc	GXSetTexCopySrc
0x800A0650	0x34	.text	lib/GXFrameBuf.c	global	GXSetDispCopyDst	GXSetDispCopyDst
0x800A0684	0x130	.text	lib/GXFrameBuf.c	global	GXSetTexCopyDst	GXSetTexCopyDst
0x800A07B4	0x24	.text	lib/GXFrameBuf.c	global	GXSetDispCopyFrame2Field	GXSetDispCopyFrame2Field
0x800A07D8	0x58	.text	lib/GXFrameBuf.c	global	GXSetCopyClamp	GXSetCopyClamp
0x800A0830	0xCC	.text	lib/GXFrameBuf.c	global	GXSetDispCopyYScale	GXSetDispCopyYScale
0x800A08FC	0x78	.text	lib/GXFrameBuf.c	global	GXSetCopyClear	GXSetCopyClear
0x800A0974	0x208	.text	lib/GXFrameBuf.c	global	GXSetCopyFilter	GXSetCopyFilter
0x800A0B7C	0x14	.text	lib/GXFrameBuf.c	global	GXSetDispCopyGamma	GXSetDispCopyGamma
0x800A0B90	0x168	.text	lib/GXFrameBuf.c	global	GXCopyDisp	GXCopyDisp
0x800A0CF8	0x18C	.text	lib/GXFrameBuf.c	global	GXCopyTex	GXCopyTex
0x800A0E84	0x38	.text	lib/GXFrameBuf.c	global	GXClearBoundingBox	GXClearBoundingBox
0x800A0EBC	0x848	.text	lib/GXPerf.c	global	GXSetGPMetric	GXSetGPMetric
0x800A1704	0x1A8	.text	lib/GXPerf.c	global	GXReadGPMetric	GXReadGPMetric
0x800A18AC	0x10	.text	lib/GXPerf.c	global	GXClearGPMetric	GXClearGPMetric
0x800A18BC	0x10	.text	lib/texPalette.c	global	TEXGet	TEXGet
0x800A18CC	0x4	.text	lib/AmcExi2Stubs.c	global	EXI2_Init	EXI2_Init
0x800A18D0	0x4	.text	lib/AmcExi2Stubs.c	global	EXI2_EnableInterrupts	EXI2_EnableInterrupts
0x800A18D4	0x8	.text	lib/AmcExi2Stubs.c	global	EXI2_Poll	EXI2_Poll
0x800A18DC	0x8	.text	lib/AmcExi2Stubs.c	global	EXI2_ReadN	EXI2_ReadN
0x800A18E4	0x8	.text	lib/AmcExi2Stubs.c	global	EXI2_WriteN	EXI2_WriteN
0x800A18EC	0x4	.text	lib/AmcExi2Stubs.c	global	EXI2_Reserve	EXI2_Reserve
0x800A18F0	0x4	.text	lib/AmcExi2Stubs.c	global	EXI2_Unreserve	EXI2_Unreserve
0x800A18F4	0x4	.text	lib/DebuggerDriver.c	global	DBClose	DBClose
0x800A18F8	0x4	.text	lib/DebuggerDriver.c	global	DBOpen	DBOpen
0x800A18FC	0x260	.text	lib/DebuggerDriver.c	global	DBWrite	DBWrite
0x800A1B5C	0x8C	.text	lib/DebuggerDriver.c	global	DBRead	DBRead
0x800A1BE8	0x9C	.text	lib/DebuggerDriver.c	global	DBQueryData	DBQueryData
0x800A1C84	0x54	.text	lib/DebuggerDriver.c	global	DBInitInterrupts	DBInitInterrupts
0x800A1CD8	0x78	.text	lib/DebuggerDriver.c	global	DBInitComm	DBInitComm
0x800A1D50	0x40	.text	lib/DebuggerDriver.c	local	DBGHandler	DBGHandler
0x800A1D90	0x3C	.text	lib/DebuggerDriver.c	local	MWCallback	MWCallback
0x800A1DCC	0xAC	.text	lib/DebuggerDriver.c	local	DBGReadStatus	DBGReadStatus
0x800A1E78	0xDC	.text	lib/DebuggerDriver.c	local	DBGWrite	DBGWrite
0x800A1F54	0xDC	.text	lib/DebuggerDriver.c	local	DBGRead	DBGRead
0x800A2030	0xAC	.text	lib/DebuggerDriver.c	local	DBGReadMailbox	DBGReadMailbox
0x800A20DC	0x298	.text	lib/DebuggerDriver.c	local	DBGEXIImm	DBGEXIImm
0x800A2374	0xC8	.text	game/snd_efx.cpp	global	Snd_efx_work_clear	Snd_efx_work_clear
0x800A243C	0x1D8	.text	game/snd_efx.cpp	global	Snd_efx_req	Snd_efx_req
0x800A2614	0xC8	.text	game/snd_efx.cpp	global	efx_req_off	efx_req_off
0x800A26DC	0xBC	.text	game/snd_efx.cpp	global	efx_req_stop	efx_req_stop
0x800A2798	0x220	.text	game/snd_efx.cpp	global	efx_req_set_new	efx_req_set_new
0x800A29B8	0x13C	.text	game/snd_efx.cpp	global	efx_req_set_update	efx_req_set_update
0x800A2AF4	0xE8	.text	game/snd_efx.cpp	global	efx_buffer_free	efx_buffer_free
0x800A2BDC	0x6C	.text	game/snd_efx.cpp	global	cb_efx_clear_bass	cb_efx_clear_bass
0x800A2C48	0x78	.text	game/snd_efx.cpp	global	Snd_efx_get_status	Snd_efx_get_status
0x800A2CC0	0x58	.text	game/snd_efx.cpp	global	Snd_efx_get_type	Snd_efx_get_type
0x800A2D18	0x74	.text	game/snd_iss0.cpp	global	Snd_iss_req_para	Snd_iss_req_para
0x800A2D8C	0x234	.text	game/snd_iss0.cpp	global	req_iss_main	req_iss_main
0x800A2FC0	0x80	.text	game/snd_iss0.cpp	global	req_set_srd_type	req_set_srd_type
0x800A3040	0x90	.text	game/snd_iss0.cpp	global	req_iss_one	req_iss_one
0x800A30D0	0xFC	.text	game/snd_iss0.cpp	global	req_iss_one_sub	req_iss_one_sub
0x800A31CC	0x13C	.text	game/snd_iss0.cpp	global	Snd_get_play_type	Snd_get_play_type
0x800A3308	0x60	.text	game/snd_iss1.cpp	global	Snd_se_set_paras	Snd_se_set_paras
0x800A3368	0x98	.text	game/snd_iss1.cpp	global	se_set_paras_sub	se_set_paras_sub
0x800A3400	0xAC	.text	game/snd_iss1.cpp	global	Snd_se_end_check	Snd_se_end_check
0x800A34AC	0x68	.text	game/snd_iss1.cpp	global	Snd_se_stop_one	Snd_se_stop_one
0x800A3514	0xA8	.text	game/snd_iss1.cpp	global	se_cmd_req_work	se_cmd_req_work
0x800A35BC	0x74	.text	game/snd_iss1.cpp	global	Snd_se_fade_out_all	Snd_se_fade_out_all
0x800A3630	0x74	.text	game/snd_iss1.cpp	global	Snd_se_fade_out_all2	Snd_se_fade_out_all2
0x800A36A4	0x254	.text	game/snd_iss1.cpp	global	se_ctrl_sub	se_ctrl_sub
0x800A38F8	0xC0	.text	game/snd_iss1.cpp	global	Snd_se_pronounce_ck_all	Snd_se_pronounce_ck_all
0x800A39B8	0xE8	.text	game/snd_iss1.cpp	global	se_pro_ck_req_work	se_pro_ck_req_work
0x800A3AA0	0x84	.text	game/snd_iss1.cpp	global	se_pro_ck_axv_work	se_pro_ck_axv_work
0x800A3B24	0x74	.text	game/snd_iss1.cpp	global	Snd_se_pause_on2	Snd_se_pause_on2
0x800A3B98	0x60	.text	game/snd_iss1.cpp	global	Snd_se_pause_on3	Snd_se_pause_on3
0x800A3BF8	0x74	.text	game/snd_iss1.cpp	global	Snd_se_pause_off2	Snd_se_pause_off2
0x800A3C6C	0x68	.text	game/snd_main.cpp	global	Snd_system_init	Snd_system_init
0x800A3CD4	0x118	.text	game/snd_main.cpp	global	snd_work_clear	snd_work_clear
0x800A3DEC	0xC4	.text	game/snd_main.cpp	global	zero_buff_clear	zero_buff_clear
0x800A3EB0	0x38	.text	game/snd_main.cpp	global	cb_dma_end__FUl	cb_dma_end
0x800A3EE8	0x7C	.text	game/snd_main.cpp	global	cb_audio_frame	cb_audio_frame
0x800A3F64	0x74	.text	game/snd_main.cpp	global	Snd_sound_mode_init	Snd_sound_mode_init
0x800A3FD8	0x84	.text	game/snd_main.cpp	global	Snd_sound_mode_init_load	Snd_sound_mode_init_load
0x800A405C	0x38	.text	game/snd_main.cpp	global	Snd_get_sound_mode	Snd_get_sound_mode
0x800A4094	0x78	.text	game/snd_main.cpp	global	Snd_set_sound_mode	Snd_set_sound_mode
0x800A410C	0x98	.text	game/snd_main.cpp	global	snd_mode_set_ax_mix	snd_mode_set_ax_mix
0x800A41A4	0x44	.text	game/snd_main.cpp	global	Snd_iss_control	Snd_iss_control
0x800A41E8	0x3C8	.text	game/snd_main.cpp	global	Snd_dev_voice_ck	Snd_dev_voice_ck
0x800A45B0	0x78	.text	game/snd_seq0.cpp	global	Snd_seq_req	Snd_seq_req
0x800A4628	0xC4	.text	game/snd_seq0.cpp	global	seq_req_sub	seq_req_sub
0x800A46EC	0x50	.text	game/snd_seq0.cpp	global	Snd_seq_reset_vol_type	Snd_seq_reset_vol_type
0x800A473C	0x5C	.text	game/snd_seq0.cpp	global	Snd_seq_fade_out_type	Snd_seq_fade_out_type
0x800A4798	0x164	.text	game/snd_seq0.cpp	global	seq_type_sub	seq_type_sub
0x800A48FC	0x88	.text	game/snd_seq0.cpp	global	Snd_seq_fade_check	Snd_seq_fade_check
0x800A4984	0xA0	.text	game/snd_seq0.cpp	global	Snd_seq_end_check	Snd_seq_end_check
0x800A4A24	0xF0	.text	game/snd_seq0.cpp	global	Snd_seq_pronounce_ck_type	Snd_seq_pronounce_ck_type
0x800A4B14	0xF8	.text	game/snd_seq0.cpp	global	seq_pro_ck_req_work	seq_pro_ck_req_work
0x800A4C0C	0xA8	.text	game/snd_seq0.cpp	global	seq_pro_ck_seq_work	seq_pro_ck_seq_work
0x800A4CB4	0x158	.text	game/snd_seq1.cpp	global	Snd_midi_sequencer	Snd_midi_sequencer
0x800A4E0C	0xC0	.text	game/snd_seq1.cpp	global	seq_player	seq_player
0x800A4ECC	0x6C	.text	game/snd_seq1.cpp	global	seq_reset_check	seq_reset_check
0x800A4F38	0x1B4	.text	game/snd_seq1.cpp	global	seq_tpr_check	seq_tpr_check
0x800A50EC	0x10C	.text	game/snd_seq1.cpp	global	seq_req_check	seq_req_check
0x800A51F8	0x58	.text	game/snd_seq1.cpp	global	seq_req_vol_set	seq_req_vol_set
0x800A5250	0xE0	.text	game/snd_seq1.cpp	global	seq_req_fade_set	seq_req_fade_set
0x800A5330	0xE0	.text	game/snd_seq1.cpp	global	seq_fade_check	seq_fade_check
0x800A5410	0xCC	.text	game/snd_seq1.cpp	global	seq_fade_new_vol_set	seq_fade_new_vol_set
0x800A54DC	0xE0	.text	game/snd_seq1.cpp	global	seq_one_msec	seq_one_msec
0x800A55BC	0xE4	.text	game/snd_seq1.cpp	global	seq_one_msec_main	seq_one_msec_main
0x800A56A0	0x178	.text	game/snd_seq1.cpp	global	seq_play_end	seq_play_end
0x800A5818	0x7C	.text	game/snd_seq1.cpp	global	seq_play_update	seq_play_update
0x800A5894	0x150	.text	game/snd_seq2.cpp	global	Snd_seq_midi_message	Snd_seq_midi_message
0x800A59E4	0x11C	.text	game/snd_seq2.cpp	global	seq_note_on	seq_note_on
0x800A5B00	0xBC	.text	game/snd_seq2.cpp	global	seq_note_off	seq_note_off
0x800A5BBC	0x7C	.text	game/snd_seq2.cpp	global	seq_prog_change	seq_prog_change
0x800A5C38	0x2E0	.text	game/snd_seq2.cpp	global	seq_ctrl_change	seq_ctrl_change
0x800A5F18	0x134	.text	game/snd_seq2.cpp	global	seq_ctrl_data_entry	seq_ctrl_data_entry
0x800A604C	0x9C	.text	game/snd_seq2.cpp	global	seq_pitch	seq_pitch
0x800A60E8	0x1B0	.text	game/snd_seq2.cpp	global	seq_event	seq_event
0x800A6298	0x94	.text	game/snd_seq2.cpp	global	seq_drums_flag_ck	seq_drums_flag_ck
0x800A632C	0xBC	.text	game/snd_seq3.cpp	global	Snd_seq_work_clear	Snd_seq_work_clear
0x800A63E8	0xC0	.text	game/snd_seq3.cpp	global	Snd_search_seq_work_snd_id	Snd_search_seq_work_snd_id
0x800A64A8	0xE4	.text	game/snd_seq3.cpp	global	Snd_seq_work_close_check	Snd_seq_work_close_check
0x800A658C	0x138	.text	game/snd_seq3.cpp	global	Snd_seq_get_delta	Snd_seq_get_delta
0x800A66C4	0x64	.text	game/snd_seq3.cpp	global	Snd_seq_send_midi	Snd_seq_send_midi
0x800A6728	0x84	.text	game/snd_seq3.cpp	global	Snd_send_midi	Snd_send_midi
0x800A67AC	0x160	.text	game/snd_seq3.cpp	global	Snd_seq_work_calc_ax_vol	Snd_seq_work_calc_ax_vol
0x800A690C	0x204	.text	game/snd_seq3.cpp	global	Snd_iss_new_seq_work	Snd_iss_new_seq_work
0x800A6B10	0xA8	.text	game/snd_seq3.cpp	global	open_seq_work	open_seq_work
0x800A6BB8	0x1FC	.text	game/snd_seq3.cpp	global	seq_work_init_track	seq_work_init_track
0x800A6DB4	0xCC	.text	game/snd_str0.cpp	global	Snd_str_prepare	Snd_str_prepare
0x800A6E80	0x5F4	.text	game/snd_str0.cpp	global	Snd_str_init	Snd_str_init
0x800A7474	0x54	.text	game/snd_str0.cpp	global	str_init_get_span	str_init_get_span
0x800A74C8	0x7C	.text	game/snd_str0.cpp	global	str_init_get_vol	str_init_get_vol
0x800A7544	0x74	.text	game/snd_str0.cpp	global	Snd_str_req	Snd_str_req
0x800A75B8	0xC4	.text	game/snd_str0.cpp	global	str_req_sub	str_req_sub
0x800A767C	0x50	.text	game/snd_str0.cpp	global	Snd_str_reset_vol_type	Snd_str_reset_vol_type
0x800A76CC	0x50	.text	game/snd_str0.cpp	global	Snd_str_reset_pan_type	Snd_str_reset_pan_type
0x800A771C	0x5C	.text	game/snd_str0.cpp	global	Snd_str_fade_out_type	Snd_str_fade_out_type
0x800A7778	0x188	.text	game/snd_str0.cpp	global	str_type_sub	str_type_sub
0x800A7900	0x70	.text	game/snd_str0.cpp	global	Snd_str_get_status	Snd_str_get_status
0x800A7970	0x68	.text	game/snd_str0.cpp	global	Snd_str_end_check	Snd_str_end_check
0x800A79D8	0x70	.text	game/snd_str0.cpp	global	Snd_str_pronounce_ck_type	Snd_str_pronounce_ck_type
0x800A7A48	0xA8	.text	game/snd_str0.cpp	global	str_pro_ck_str_work	str_pro_ck_str_work
0x800A7AF0	0x8C	.text	game/snd_str0.cpp	global	Snd_str_aram_adrs_set	Snd_str_aram_adrs_set
0x800A7B7C	0x1BC	.text	game/snd_str1.cpp	global	Snd_stream_player	Snd_stream_player
0x800A7D38	0x58	.text	game/snd_str1.cpp	global	str_player_idle	str_player_idle
0x800A7D90	0xC0	.text	game/snd_str1.cpp	global	str_player_ready	str_player_ready
0x800A7E50	0xC4	.text	game/snd_str1.cpp	global	str_player_normal	str_player_normal
0x800A7F14	0x94	.text	game/snd_str1.cpp	global	str_player_noread	str_player_noread
0x800A7FA8	0x98	.text	game/snd_str1.cpp	global	str_player_close	str_player_close
0x800A8040	0xC0	.text	game/snd_str1.cpp	global	str_player_error	str_player_error
0x800A8100	0x16C	.text	game/snd_str1.cpp	global	str_abort_init	str_abort_init
0x800A826C	0xE4	.text	game/snd_str1.cpp	global	str_abort_wait	str_abort_wait
0x800A8350	0x1C0	.text	game/snd_str1.cpp	global	str_req_check	str_req_check
0x800A8510	0x60	.text	game/snd_str1.cpp	global	str_req_to_ready	str_req_to_ready
0x800A8570	0xAC	.text	game/snd_str1.cpp	global	str_req_to_play	str_req_to_play
0x800A861C	0x58	.text	game/snd_str1.cpp	global	str_req_vol_set	str_req_vol_set
0x800A8674	0x110	.text	game/snd_str1.cpp	global	str_req_nml_fade_set	str_req_nml_fade_set
0x800A8784	0x188	.text	game/snd_str1.cpp	global	str_fade_check	str_fade_check
0x800A890C	0xCC	.text	game/snd_str1.cpp	global	str_fade_new_vol_set	str_fade_new_vol_set
0x800A89D8	0x70	.text	game/snd_str1.cpp	global	str_reset_check	str_reset_check
0x800A8A48	0x68	.text	game/snd_str1.cpp	global	str_play_cancel	str_play_cancel
0x800A8AB0	0x64	.text	game/snd_str1.cpp	global	str_play_end	str_play_end
0x800A8B14	0x88	.text	game/snd_str1.cpp	global	str_recovery_check	str_recovery_check
0x800A8B9C	0x1BC	.text	game/snd_str2.cpp	global	Snd_str_dvd_read_sub	Snd_str_dvd_read_sub
0x800A8D58	0x24C	.text	game/snd_str2.cpp	global	Snd_str_aram_dma_sub	Snd_str_aram_dma_sub
0x800A8FA4	0x128	.text	game/snd_str2.cpp	global	cb_dvd_read_end	cb_dvd_read_end
0x800A90CC	0x200	.text	game/snd_str2.cpp	global	cb_aram_dma_end	cb_aram_dma_end
0x800A92CC	0x158	.text	game/snd_str2.cpp	global	Snd_str_get_now_play_nbl	Snd_str_get_now_play_nbl
0x800A9424	0x208	.text	game/snd_str2.cpp	global	str_ax_voice_to_next_block	str_ax_voice_to_next_block
0x800A962C	0x1F8	.text	game/snd_str2.cpp	global	str_ax_voice_loop_to_top	str_ax_voice_loop_to_top
0x800A9824	0xE0	.text	game/snd_str2.cpp	global	str_ax_voice_loop_to_end	str_ax_voice_loop_to_end
0x800A9904	0x1A8	.text	game/snd_str2.cpp	global	str_ax_voice_last_to_top	str_ax_voice_last_to_top
0x800A9AAC	0x104	.text	game/snd_str3.cpp	global	Snd_str_ax_voice_init	Snd_str_ax_voice_init
0x800A9BB0	0xA8	.text	game/snd_str3.cpp	global	str_ax_adrs_set_long	str_ax_adrs_set_long
0x800A9C58	0xE8	.text	game/snd_str3.cpp	global	str_ax_adrs_set_short	str_ax_adrs_set_short
0x800A9D40	0x500	.text	game/snd_str3.cpp	global	str_ax_voice_para_set	str_ax_voice_para_set
0x800AA240	0x1B8	.text	game/snd_str3.cpp	global	cb_str_voice_drop	cb_str_voice_drop
0x800AA3F8	0x22C	.text	game/snd_str3.cpp	global	str_secure_voice_work	str_secure_voice_work
0x800AA624	0x244	.text	game/snd_str3.cpp	global	Snd_str_ax_voice_play	Snd_str_ax_voice_play
0x800AA868	0xDC	.text	game/snd_str3.cpp	global	Snd_str_ax_voice_stop	Snd_str_ax_voice_stop
0x800AA944	0xB8	.text	game/snd_str3.cpp	global	Snd_str_ax_voice_recovery	Snd_str_ax_voice_recovery
0x800AA9FC	0xF8	.text	game/snd_str3.cpp	global	Snd_str_ax_voice_free	Snd_str_ax_voice_free
0x800AAAF4	0xBC	.text	game/snd_str4.cpp	global	Snd_str_work_clear	Snd_str_work_clear
0x800AABB0	0xC0	.text	game/snd_str4.cpp	global	Snd_search_str_work_snd_id	Snd_search_str_work_snd_id
0x800AAC70	0x9C	.text	game/snd_str4.cpp	global	Snd_str_work_close_check	Snd_str_work_close_check
0x800AAD0C	0x168	.text	game/snd_str4.cpp	global	Snd_str_work_calc_ax_vol	Snd_str_work_calc_ax_vol
0x800AAE74	0x68	.text	game/snd_str4.cpp	global	Snd_str_work_choice_out_span	Snd_str_work_choice_out_span
0x800AAEDC	0x1A0	.text	game/snd_str4.cpp	global	Snd_str_get_dvd_status	Snd_str_get_dvd_status
0x800AB07C	0x114	.text	game/snd_str4.cpp	global	Snd_str_err_check	Snd_str_err_check
0x800AB190	0x1A0	.text	game/snd_str4.cpp	global	Snd_str_player_update	Snd_str_player_update
0x800AB330	0x134	.text	game/snd_str4.cpp	global	Snd_str_init_para	Snd_str_init_para
0x800AB464	0xD4	.text	game/snd_str4.cpp	global	Snd_str_init_pos	Snd_str_init_pos
0x800AB538	0xA8	.text	game/snd_str4.cpp	global	Snd_str_get_buff_smp	Snd_str_get_buff_smp
0x800AB5E0	0x74	.text	game/snd_sub0.cpp	global	Snd_pronounce_ck	Snd_pronounce_ck
0x800AB654	0x2C	.text	game/snd_sub0.cpp	global	Snd_soft_reset_req	Snd_soft_reset_req
0x800AB680	0x8C	.text	game/snd_sub0.cpp	global	Snd_soft_reset_ck	Snd_soft_reset_ck
0x800AB70C	0x54	.text	game/snd_sub0.cpp	global	Snd_reset_pan_all	Snd_reset_pan_all
0x800AB760	0x5C	.text	game/snd_sub0.cpp	global	Snd_reset_vol_all	Snd_reset_vol_all
0x800AB7BC	0x108	.text	game/snd_sub0.cpp	global	Snd_set_system_vol	Snd_set_system_vol
0x800AB8C4	0xFC	.text	game/snd_sub0.cpp	global	Snd_get_system_vol	Snd_get_system_vol
0x800AB9C0	0x40	.text	game/snd_sub0.cpp	global	Snd_vol_syn_to_ax	Snd_vol_syn_to_ax
0x800ABA00	0xB8	.text	game/snd_sub0.cpp	global	Snd_vol_ax_to_syn	Snd_vol_ax_to_syn
0x800ABAB8	0xC4	.text	game/snd_sub0.cpp	global	Snd_rnd	Snd_rnd
0x800ABB7C	0x164	.text	game/snd_sub0.cpp	global	Snd_get_rnd_pitch	Snd_get_rnd_pitch
0x800ABCE0	0x19C	.text	game/snd_sub0.cpp	global	Snd_test_work_clear	Snd_test_work_clear
0x800ABE7C	0x108	.text	game/snd_sub1.cpp	global	Snd_voice_work_clear	Snd_voice_work_clear
0x800ABF84	0xD8	.text	game/snd_sub1.cpp	global	Snd_stop_voice_work	Snd_stop_voice_work
0x800AC05C	0x118	.text	game/snd_sub1.cpp	global	Snd_open_voice_work_str	Snd_open_voice_work_str
0x800AC174	0x110	.text	game/snd_sub1.cpp	global	Snd_open_voice_work_seq	Snd_open_voice_work_seq
0x800AC284	0x2F8	.text	game/snd_sub1.cpp	global	Snd_voice_work_open_ck	Snd_voice_work_open_ck
0x800AC57C	0xBC	.text	game/snd_sub1.cpp	global	Snd_search_voice_work_snd_id	Snd_search_voice_work_snd_id
0x800AC638	0x120	.text	game/snd_sub1.cpp	global	Snd_search_voice_work_seq	Snd_search_voice_work_seq
0x800AC758	0x118	.text	game/snd_sub2.cpp	global	Snd_se_reset_check	Snd_se_reset_check
0x800AC870	0xF0	.text	game/snd_sub2.cpp	global	Snd_req_work_clear	Snd_req_work_clear
0x800AC960	0x318	.text	game/snd_sub2.cpp	global	Snd_req_work_copy_para	Snd_req_work_copy_para
0x800ACC78	0xC8	.text	game/snd_sub2.cpp	global	Snd_open_req_work	Snd_open_req_work
0x800ACD40	0x134	.text	game/snd_sub2.cpp	global	Snd_search_req_work_snd_id	Snd_search_req_work_snd_id
0x800ACE74	0xDC	.text	game/snd_sub3.cpp	global	Snd_iss_blk_init	Snd_iss_blk_init
0x800ACF50	0xB8	.text	game/snd_sub3.cpp	global	Snd_str_blk_init	Snd_str_blk_init
0x800AD008	0x58	.text	game/snd_sub3.cpp	global	Snd_get_blk_adrs	Snd_get_blk_adrs
0x800AD060	0x74	.text	game/snd_sub3.cpp	global	Snd_get_sit_adrs	Snd_get_sit_adrs
0x800AD0D4	0x78	.text	game/snd_sub3.cpp	global	Snd_get_rit_adrs	Snd_get_rit_adrs
0x800AD14C	0xBC	.text	game/snd_sub3.cpp	global	Snd_get_shd_adrs	Snd_get_shd_adrs
0x800AD208	0x9C	.text	game/snd_sub3.cpp	global	Snd_iss_get_sit_type	Snd_iss_get_sit_type
0x800AD2A4	0xC8	.text	game/snd_sub3.cpp	global	Snd_iss_get_sit_vol	Snd_iss_get_sit_vol
0x800AD36C	0xC4	.text	game/snd_sub3.cpp	global	Snd_iss_get_sit_svol	Snd_iss_get_sit_svol
0x800AD430	0xE8	.text	game/snd_sub3.cpp	global	Snd_iss_get_sit_pan	Snd_iss_get_sit_pan
0x800AD518	0xB4	.text	game/snd_sub3.cpp	global	Snd_iss_get_sit_span	Snd_iss_get_sit_span
0x800AD5CC	0x1B4	.text	game/snd_sub3.cpp	global	get_dls_vol_pan	get_dls_vol_pan
0x800AD780	0x74	.text	game/snd_iss2.cpp	global	Snd_iss_manager	Snd_iss_manager
0x800AD7F4	0x1B4	.text	game/snd_iss2.cpp	global	se_ctrl_execute	se_ctrl_execute
0x800AD9A8	0x134	.text	game/snd_iss2.cpp	global	se_ctrl_fade_out	se_ctrl_fade_out
0x800ADADC	0x84	.text	game/snd_iss2.cpp	global	se_ctrl_pause_on	se_ctrl_pause_on
0x800ADB60	0xFC	.text	game/snd_iss2.cpp	global	se_ctrl_pause_on2	se_ctrl_pause_on2
0x800ADC5C	0x168	.text	game/snd_iss2.cpp	global	seCtrlPauseOn_sub	seCtrlPauseOn_sub
0x800ADDC4	0x98	.text	game/snd_iss2.cpp	global	se_ctrl_pause_off	se_ctrl_pause_off
0x800ADE5C	0xF4	.text	game/snd_iss2.cpp	global	se_ctrl_pause_off2	se_ctrl_pause_off2
0x800ADF50	0xB8	.text	game/snd_iss2.cpp	global	seCtrlPauseOff_sub	seCtrlPauseOff_sub
0x800AE008	0x104	.text	game/snd_iss2.cpp	global	se_ctrl_vdown_on	se_ctrl_vdown_on
0x800AE10C	0xE8	.text	game/snd_iss2.cpp	global	se_ctrl_vdown_off	se_ctrl_vdown_off
0x800AE1F4	0xE4	.text	game/snd_iss2.cpp	global	se_ctrl_reset_pan_or_vol	se_ctrl_reset_pan_or_vol
0x800AE2D8	0x100	.text	game/snd_iss2.cpp	global	iss_req_execute	iss_req_execute
0x800AE3D8	0x60	.text	game/snd_iss2.cpp	global	iss_req_command	iss_req_command
0x800AE438	0xD0	.text	game/snd_iss2.cpp	global	req_cmd_se_stop	req_cmd_se_stop
0x800AE508	0x19C	.text	game/snd_iss2.cpp	global	req_cmd_se_para	req_cmd_se_para
0x800AE6A4	0x84	.text	game/snd_iss2.cpp	global	req_cmd_se_pan	req_cmd_se_pan
0x800AE728	0xBC	.text	game/snd_iss2.cpp	global	req_cmd_se_vol	req_cmd_se_vol
0x800AE7E4	0x9C	.text	game/snd_iss2.cpp	global	req_cmd_se_aux	req_cmd_se_aux
0x800AE880	0x114	.text	game/snd_iss2.cpp	global	req_cmd_se_lpf	req_cmd_se_lpf
0x800AE994	0x148	.text	game/snd_iss2.cpp	global	req_cmd_se_pitch	req_cmd_se_pitch
0x800AEADC	0xC0	.text	game/snd_iss3.cpp	global	Snd_req_iss_new_play	Snd_req_iss_new_play
0x800AEB9C	0x240	.text	game/snd_iss3.cpp	global	iss_new_voice_work	iss_new_voice_work
0x800AEDDC	0x118	.text	game/snd_iss3.cpp	global	iss_voice_work_init	iss_voice_work_init
0x800AEEF4	0x1C4	.text	game/snd_iss3.cpp	global	iss_ax_set_wt_ptr	iss_ax_set_wt_ptr
0x800AF0B8	0x200	.text	game/snd_iss3.cpp	global	iss_ax_set_adsr	iss_ax_set_adsr
0x800AF2B8	0x1F4	.text	game/snd_iss3.cpp	global	iss_ax_set_vol	iss_ax_set_vol
0x800AF4AC	0x108	.text	game/snd_iss3.cpp	global	iss_ax_set_pan	iss_ax_set_pan
0x800AF5B4	0x138	.text	game/snd_iss3.cpp	global	iss_ax_set_aux	iss_ax_set_aux
0x800AF6EC	0x128	.text	game/snd_iss3.cpp	global	iss_ax_set_pitch	iss_ax_set_pitch
0x800AF814	0x70	.text	game/snd_iss3.cpp	global	iss_ax_set_lpf	iss_ax_set_lpf
0x800AF884	0x5EC	.text	game/snd_iss3.cpp	global	iss_ax_set_para	iss_ax_set_para
0x800AFE70	0x128	.text	game/snd_iss3.cpp	global	cb_drop_voice	cb_drop_voice
0x800AFF98	0xC0	.text	game/snd_iss4.cpp	global	Snd_axv_work_clear	Snd_axv_work_clear
0x800B0058	0xB0	.text	game/snd_iss4.cpp	global	Snd_open_axv_work	Snd_open_axv_work
0x800B0108	0x11C	.text	game/snd_iss4.cpp	global	Snd_axv_work_close_check	Snd_axv_work_close_check
0x800B0224	0xDC	.text	game/snd_iss4.cpp	global	axv_close_ck_main	axv_close_ck_main
0x800B0300	0x17C	.text	game/snd_iss4.cpp	global	Snd_axv_work_note_off	Snd_axv_work_note_off
0x800B047C	0x7C	.text	game/snd_iss4.cpp	global	Snd_axv_work_get_out_mode	Snd_axv_work_get_out_mode
0x800B04F8	0xC8	.text	game/snd_iss4.cpp	global	Snd_axv_work_choice_now_vol	Snd_axv_work_choice_now_vol
0x800B05C0	0xB4	.text	game/snd_iss4.cpp	global	Snd_axv_work_calc_vdown_vol	Snd_axv_work_calc_vdown_vol
0x800B0674	0x150	.text	game/snd_iss4.cpp	global	Snd_axv_work_calc_ax_vol	Snd_axv_work_calc_ax_vol
0x800B07C4	0x6C	.text	game/snd_iss4.cpp	global	Snd_axv_work_choice_out_span	Snd_axv_work_choice_out_span
0x800B0830	0xA0	.text	game/snd_iss4.cpp	global	Snd_axv_work_control	Snd_axv_work_control
0x800B08D0	0x1A4	.text	game/snd_iss4.cpp	global	axv_work_adsr	axv_work_adsr
0x800B0A74	0xF4	.text	game/snd_iss4.cpp	global	axv_work_update	axv_work_update
0x800B0B68	0xE4	.text	game/snd_iss4.cpp	global	axv_work_update_vol_pan	axv_work_update_vol_pan
0x800B0C4C	0xD0	.text	game/snd_iss4.cpp	global	axv_work_update_aux	axv_work_update_aux
0x800B0D1C	0x188	.text	game/snd_iss4.cpp	global	axv_work_update_lpf	axv_work_update_lpf
0x800B0EA4	0x16C	.text	game/snd_iss4.cpp	global	axv_work_update_pitch	axv_work_update_pitch
0x800B1010	0x1D4	.text	lib/adx_tlk.c	global	ADXT_SetOutputMono	ADXT_SetOutputMono
0x800B11E4	0x180	.text	lib/adx_tlk.c	global	ADXT_InsertSilence	ADXT_InsertSilence
0x800B1364	0x30	.text	lib/adx_tlk.c	global	ADXT_IsEndcode	ADXT_IsEndcode
0x800B1394	0x94	.text	lib/adx_tlk.c	global	ADXT_IsHeader	ADXT_IsHeader
0x800B1428	0x30	.text	lib/adx_tlk.c	global	ADXT_SetLnkSw	ADXT_SetLnkSw
0x800B1458	0x8	.text	lib/adx_tlk.c	global	ADXT_SetTimeOfst	ADXT_SetTimeOfst
0x800B1460	0x15C	.text	lib/adx_tlk.c	global	ADXT_DiscardSmpl	ADXT_DiscardSmpl
0x800B15BC	0x24	.text	lib/adx_tlk.c	global	ADXT_TermSupply	ADXT_TermSupply
0x800B15E0	0x4	.text	lib/adx_tlk.c	global	ADXT_GetTranspose	ADXT_GetTranspose
0x800B15E4	0x4	.text	lib/adx_tlk.c	global	ADXT_SetTranspose	ADXT_SetTranspose
0x800B15E8	0x150	.text	lib/adx_tlk.c	global	ADXT_Pause	ADXT_Pause
0x800B1738	0x3C	.text	lib/adx_tlk.c	global	ADXT_GetErrCode	ADXT_GetErrCode
0x800B1774	0xB0	.text	lib/adx_tlk.c	global	ADXT_ExecServer	ADXT_ExecServer
0x800B1824	0x8	.text	lib/adx_tlk.c	global	ADXT_SetAutoRcvr	ADXT_SetAutoRcvr
0x800B182C	0x40	.text	lib/adx_tlk.c	global	ADXT_SetSvrFreq	ADXT_SetSvrFreq
0x800B186C	0x14	.text	lib/adx_tlk.c	global	ADXT_SetDefSvrFreq	ADXT_SetDefSvrFreq
0x800B1880	0x3C	.text	lib/adx_tlk.c	global	ADXT_GetOutVol	ADXT_GetOutVol
0x800B18BC	0x5C	.text	lib/adx_tlk.c	global	ADXT_SetOutVol	ADXT_SetOutVol
0x800B1918	0x44	.text	lib/adx_tlk.c	global	ADXT_GetOutPan	ADXT_GetOutPan
0x800B195C	0x104	.text	lib/adx_tlk.c	global	ADXT_SetOutPan	ADXT_SetOutPan
0x800B1A60	0x58	.text	lib/adx_tlk.c	global	ADXT_GetNumChan	ADXT_GetNumChan
0x800B1AB8	0x58	.text	lib/adx_tlk.c	global	ADXT_GetSfreq	ADXT_GetSfreq
0x800B1B10	0x58	.text	lib/adx_tlk.c	global	ADXT_GetNumSmpl	ADXT_GetNumSmpl
0x800B1B68	0x518	.text	lib/adx_tlk.c	global	ADXT_GetTime	ADXT_GetTime
0x800B2080	0x40	.text	lib/adx_tlk.c	global	ADXT_GetStat	ADXT_GetStat
0x800B20C0	0xFC	.text	lib/adx_tlk.c	global	ADXT_Stop	ADXT_Stop
0x800B21BC	0x200	.text	lib/adx_tlk.c	global	ADXT_StartSj	ADXT_StartSj
0x800B23BC	0x150	.text	lib/adx_tlk.c	global	adxt_start_stm	adxt_start_stm
0x800B250C	0x5C	.text	lib/adx_tlk.c	global	ADXT_DestroyAll	ADXT_DestroyAll
0x800B2568	0x2C4	.text	lib/adx_tlk.c	global	ADXT_Destroy	ADXT_Destroy
0x800B282C	0x448	.text	lib/adx_tlk.c	global	ADXT_Create	ADXT_Create
0x800B2C74	0x308	.text	lib/adx_tsvr.c	global	ADXT_ExecHndl	ADXT_ExecHndl
0x800B2F7C	0x418	.text	lib/adx_tsvr.c	local	adxt_stat_decinfo	adxt_stat_decinfo
0x800B3394	0x2EC	.text	lib/adx_tsvr.c	global	adxt_nlp_trap_entry	adxt_nlp_trap_entry
0x800B3680	0x8C	.text	lib/adx_tsvr.c	global	adxt_eos_entry	adxt_eos_entry
0x800B370C	0x18C	.text	lib/adx_tsvr.c	global	adxt_trap_entry	adxt_trap_entry
0x800B3898	0xA8	.text	lib/adx_tsvr.c	global	adxt_trap_entry_lps	adxt_trap_entry_lps
0x800B3940	0x20	.text	lib/adx_rnaa.c	global	ADXRNA_SetAdjsfreqFlg	ADXRNA_SetAdjsfreqFlg
0x800B3960	0x24	.text	lib/adx_rnaa.c	global	ADXRNA_SetStmHdInfo	ADXRNA_SetStmHdInfo
0x800B3984	0x4	.text	lib/adx_rnaa.c	global	ADXRNA_SetTotalNumSmpl	ADXRNA_SetTotalNumSmpl
0x800B3988	0x20	.text	lib/adx_rnaa.c	global	ADXRNA_DiscardData	ADXRNA_DiscardData
0x800B39A8	0x20	.text	lib/adx_rnaa.c	global	ADXRNA_SetBitPerSmpl	ADXRNA_SetBitPerSmpl
0x800B39C8	0x4	.text	lib/adx_rnaa.c	global	ADXRNA_SetOutBalance	ADXRNA_SetOutBalance
0x800B39CC	0x20	.text	lib/adx_rnaa.c	global	ADXRNA_SetOutPan	ADXRNA_SetOutPan
0x800B39EC	0x20	.text	lib/adx_rnaa.c	global	ADXRNA_SetOutVol	ADXRNA_SetOutVol
0x800B3A0C	0x20	.text	lib/adx_rnaa.c	global	ADXRNA_SetSfreq	ADXRNA_SetSfreq
0x800B3A2C	0x20	.text	lib/adx_rnaa.c	global	ADXRNA_SetNumChan	ADXRNA_SetNumChan
0x800B3A4C	0x20	.text	lib/adx_rnaa.c	global	ADXRNA_ExecServer	ADXRNA_ExecServer
0x800B3A6C	0x20	.text	lib/adx_rnaa.c	global	ADXRNA_GetNumRoom	ADXRNA_GetNumRoom
0x800B3A8C	0x20	.text	lib/adx_rnaa.c	global	ADXRNA_GetNumData	ADXRNA_GetNumData
0x800B3AAC	0x20	.text	lib/adx_rnaa.c	global	ADXRNA_SetPlaySw	ADXRNA_SetPlaySw
0x800B3ACC	0x20	.text	lib/adx_rnaa.c	global	ADXRNA_SetTransSw	ADXRNA_SetTransSw
0x800B3AEC	0x44	.text	lib/adx_rnaa.c	global	ADXRNA_Destroy	ADXRNA_Destroy
0x800B3B30	0x20	.text	lib/adx_rnaa.c	global	ADXRNA_Create	ADXRNA_Create
0x800B3B50	0x20	.text	lib/adx_rnaa.c	global	ADXRNA_EntryErrFunc	ADXRNA_EntryErrFunc
0x800B3B70	0x20	.text	lib/adx_rnaa.c	global	ADXRNA_Finish	ADXRNA_Finish
0x800B3B90	0x20	.text	lib/adx_rnaa.c	global	ADXRNA_Init	ADXRNA_Init
0x800B3BB0	0x40	.text	lib/lsc.c	global	LSC_CallStatFunc	LSC_CallStatFunc
0x800B3BF0	0x64	.text	lib/lsc.c	global	LSC_SetFlowLimit	LSC_SetFlowLimit
0x800B3C54	0x40	.text	lib/lsc.c	global	LSC_GetNumStm	LSC_GetNumStm
0x800B3C94	0x44	.text	lib/lsc.c	global	LSC_GetStat	LSC_GetStat
0x800B3CD8	0x6C	.text	lib/lsc.c	global	LSC_ExecServer	LSC_ExecServer
0x800B3D44	0xBC	.text	lib/lsc.c	global	LSC_Stop	LSC_Stop
0x800B3E00	0x234	.text	lib/lsc.c	global	LSC_EntryFileRange	LSC_EntryFileRange
0x800B4034	0x8	.text	lib/lsc.c	global	LSC_SetStmHndl	LSC_SetStmHndl
0x800B403C	0xD8	.text	lib/lsc.c	global	LSC_Destroy	LSC_Destroy
0x800B4114	0x18C	.text	lib/lsc.c	global	LSC_Create	LSC_Create
0x800B42A0	0xA4	.text	lib/lsc_ini.c	global	LSC_Finish	LSC_Finish
0x800B4344	0x78	.text	lib/lsc_ini.c	global	LSC_Init	LSC_Init
0x800B43BC	0x320	.text	lib/lsc_svr.c	global	lsc_ExecHndl	lsc_ExecHndl
0x800B46DC	0x9C	.text	lib/sj_rbf.c	global	SJRBF_GetFlowCnt	SJRBF_GetFlowCnt
0x800B4778	0x74	.text	lib/sj_rbf.c	global	SJRBF_GetXtrSize	SJRBF_GetXtrSize
0x800B47EC	0x74	.text	lib/sj_rbf.c	global	SJRBF_GetBufSize	SJRBF_GetBufSize
0x800B4860	0x74	.text	lib/sj_rbf.c	global	SJRBF_GetBufPtr	SJRBF_GetBufPtr
0x800B48D4	0x14C	.text	lib/sj_rbf.c	global	SJRBF_IsGetChunk	SJRBF_IsGetChunk
0x800B4A20	0x1C8	.text	lib/sj_rbf.c	global	sjrbf_UngetChunk	sjrbf_UngetChunk
0x800B4BE8	0x58	.text	lib/sj_rbf.c	global	SJRBF_UngetChunk	SJRBF_UngetChunk
0x800B4C40	0x170	.text	lib/sj_rbf.c	global	sjrbf_PutChunk	sjrbf_PutChunk
0x800B4DB0	0x58	.text	lib/sj_rbf.c	global	SJRBF_PutChunk	SJRBF_PutChunk
0x800B4E08	0x1B8	.text	lib/sj_rbf.c	local	sjrbf_GetChunk	sjrbf_GetChunk
0x800B4FC0	0x68	.text	lib/sj_rbf.c	global	SJRBF_GetChunk	SJRBF_GetChunk
0x800B5028	0xBC	.text	lib/sj_rbf.c	global	SJRBF_GetNumData	SJRBF_GetNumData
0x800B50E4	0x8C	.text	lib/sj_rbf.c	global	SJRBF_Reset	SJRBF_Reset
0x800B5170	0x84	.text	lib/sj_rbf.c	global	SJRBF_EntryErrFunc	SJRBF_EntryErrFunc
0x800B51F4	0x74	.text	lib/sj_rbf.c	global	SJRBF_GetUuid	SJRBF_GetUuid
0x800B5268	0x7C	.text	lib/sj_rbf.c	global	SJRBF_Destroy	SJRBF_Destroy
0x800B52E4	0x1A4	.text	lib/sj_rbf.c	global	SJRBF_Create	SJRBF_Create
0x800B5488	0x50	.text	lib/sj_rbf.c	global	SJRBF_Finish	SJRBF_Finish
0x800B54D8	0x5C	.text	lib/sj_rbf.c	global	SJRBF_Init	SJRBF_Init
0x800B5534	0x28	.text	lib/sj_rbf.c	global	SJRBF_Error	SJRBF_Error
0x800B555C	0x214	.text	lib/sj_utl.c	global	SJ_SearchTag	SJ_SearchTag
0x800B5770	0x64	.text	lib/sj_utl.c	global	SJ_SplitChunk	SJ_SplitChunk
0x800B57D4	0x20	.text	lib/sj_err.c	global	SJERR_CallErr	SJERR_CallErr
0x800B57F4	0x114	.text	lib/svm.c	global	SVM_TestAndSet	SVM_TestAndSet
0x800B5908	0xC8	.text	lib/svm.c	global	SVM_Finish	SVM_Finish
0x800B59D0	0xB8	.text	lib/svm.c	global	SVM_Init	SVM_Init
0x800B5A88	0x90	.text	lib/svm.c	global	SVM_ExecSvrMain	SVM_ExecSvrMain
0x800B5B18	0xF0	.text	lib/svm.c	global	SVM_SetCbErr	SVM_SetCbErr
0x800B5C08	0x44	.text	lib/svm.c	global	SVM_GotoSvrBorder	SVM_GotoSvrBorder
0x800B5C4C	0x1B4	.text	lib/svm.c	global	SVM_SetCbSvrId	SVM_SetCbSvrId
0x800B5E00	0x148	.text	lib/svm.c	global	SVM_DelCbSvr	SVM_DelCbSvr
0x800B5F48	0x17C	.text	lib/svm.c	global	SVM_SetCbSvr	SVM_SetCbSvr
0x800B60C4	0x58	.text	lib/svm.c	global	SVM_CallErr1	SVM_CallErr1
0x800B611C	0xD8	.text	lib/svm.c	global	SVM_CallErr	SVM_CallErr
0x800B61F4	0x90	.text	lib/svm.c	global	SVM_Unlock	SVM_Unlock
0x800B6284	0x68	.text	lib/svm.c	global	SVM_Lock	SVM_Lock
0x800B62EC	0x10	.text	lib/ax_rna.c	global	AXRNA_SetAdjsfreqFlg	AXRNA_SetAdjsfreqFlg
0x800B62FC	0x8	.text	lib/ax_rna.c	global	AXRNA_DiscardData	AXRNA_DiscardData
0x800B6304	0x8	.text	lib/ax_rna.c	global	AXRNA_SetStmHdInfo	AXRNA_SetStmHdInfo
0x800B630C	0x10	.text	lib/ax_rna.c	global	AXRNA_SetBitPerSmpl	AXRNA_SetBitPerSmpl
0x800B631C	0xB4	.text	lib/ax_rna.c	global	AXRNA_SetOutPan	AXRNA_SetOutPan
0x800B63D0	0xAC	.text	lib/ax_rna.c	global	AXRNA_SetOutVol	AXRNA_SetOutVol
0x800B647C	0x154	.text	lib/ax_rna.c	global	AXRNA_SetSfreq	AXRNA_SetSfreq
0x800B65D0	0x10	.text	lib/ax_rna.c	global	AXRNA_SetNumChan	AXRNA_SetNumChan
0x800B65E0	0x5C	.text	lib/ax_rna.c	global	AXRNA_ExecServer	AXRNA_ExecServer
0x800B663C	0x350	.text	lib/ax_rna.c	local	AXRNA_ExecHndl	AXRNA_ExecHndl
0x800B698C	0xCC	.text	lib/ax_rna.c	global	axrna_end_flash	axrna_end_flash
0x800B6A58	0xDC	.text	lib/ax_rna.c	global	axrna_end_trans	axrna_end_trans
0x800B6B34	0x178	.text	lib/ax_rna.c	global	axrna_update_play	axrna_update_play
0x800B6CAC	0x58	.text	lib/ax_rna.c	global	AXRNA_GetNumRoom	AXRNA_GetNumRoom
0x800B6D04	0x74	.text	lib/ax_rna.c	global	AXRNA_GetNumData	AXRNA_GetNumData
0x800B6D78	0x1A0	.text	lib/ax_rna.c	global	AXRNA_SetPlaySw	AXRNA_SetPlaySw
0x800B6F18	0x200	.text	lib/ax_rna.c	global	AXRNA_SetTransSw	AXRNA_SetTransSw
0x800B7118	0xD0	.text	lib/ax_rna.c	global	AXRNA_Destroy	AXRNA_Destroy
0x800B71E8	0x6EC	.text	lib/ax_rna.c	global	AXRNA_Create	AXRNA_Create
0x800B78D4	0x94	.text	lib/ax_rna.c	global	axrna_voice_drop	axrna_voice_drop
0x800B7968	0x120	.text	lib/ax_rna.c	global	AXRNA_Finish	AXRNA_Finish
0x800B7A88	0x74	.text	lib/ax_rna.c	global	AXRNA_Init	AXRNA_Init
0x800B7AFC	0x20	.text	lib/ax_rna.c	global	AXRNA_EntryErrFunc	AXRNA_EntryErrFunc
0x800B7B1C	0x18	.text	lib/rna_res.c	global	RNARES_GetBufSize	RNARES_GetBufSize
0x800B7B34	0x18	.text	lib/rna_res.c	global	RNARES_GetBuf	RNARES_GetBuf
0x800B7B4C	0x14	.text	lib/rna_res.c	global	RNARES_Destroy	RNARES_Destroy
0x800B7B60	0x108	.text	lib/rna_res.c	global	RNARES_Create	RNARES_Create
0x800B7C68	0x16C	.text	lib/rna_res.c	global	RNARES_Finish	RNARES_Finish
0x800B7DD4	0x178	.text	lib/rna_res.c	global	RNARES_Init	RNARES_Init
0x800B7F4C	0x94	.text	lib/adx_inis.c	global	ADXT_Finish	ADXT_Finish
0x800B7FE0	0x148	.text	lib/adx_inis.c	global	ADXT_Init	ADXT_Init
0x800B8128	0x24	.text	lib/adx_inis.c	global	adxt_exec_fssvr	adxt_exec_fssvr
0x800B814C	0x24	.text	lib/adx_inis.c	global	adxt_exec_tsvr	adxt_exec_tsvr
0x800B8170	0x2C	.text	lib/adx_inis.c	global	adxt_exec_main_nothrd	adxt_exec_main_nothrd
0x800B819C	0x24	.text	lib/adx_inis.c	global	adxt_exec_main_thrd	adxt_exec_main_thrd
0x800B81C0	0x24	.text	lib/adx_inis.c	global	adxini_lscerr_cbfn	adxini_lscerr_cbfn
0x800B81E4	0x24	.text	lib/adx_inis.c	local	adxini_rnaerr_cbfn	adxini_rnaerr_cbfn
0x800B8208	0x24	.text	lib/adx_sjd.c	global	ADXSJD_RestoreSnapshot	ADXSJD_RestoreSnapshot
0x800B822C	0x24	.text	lib/adx_sjd.c	global	ADXSJD_TakeSnapshot	ADXSJD_TakeSnapshot
0x800B8250	0x8	.text	lib/adx_sjd.c	global	ADXSJD_GetSpsdInfo	ADXSJD_GetSpsdInfo
0x800B8258	0x70	.text	lib/adx_sjd.c	global	ADXSJD_GetDefPan	ADXSJD_GetDefPan
0x800B82C8	0x60	.text	lib/adx_sjd.c	global	ADXSJD_GetDefOutVol	ADXSJD_GetDefOutVol
0x800B8328	0x24	.text	lib/adx_sjd.c	global	ADXSJD_GetLpEndOfst	ADXSJD_GetLpEndOfst
0x800B834C	0x24	.text	lib/adx_sjd.c	global	ADXSJD_GetLpEndPos	ADXSJD_GetLpEndPos
0x800B8370	0x34	.text	lib/adx_sjd.c	global	ADXSJD_GetLpStartOfst	ADXSJD_GetLpStartOfst
0x800B83A4	0x24	.text	lib/adx_sjd.c	global	ADXSJD_GetLpStartPos	ADXSJD_GetLpStartPos
0x800B83C8	0x24	.text	lib/adx_sjd.c	global	ADXSJD_GetNumLoop	ADXSJD_GetNumLoop
0x800B83EC	0x24	.text	lib/adx_sjd.c	global	ADXSJD_GetTotalNumSmpl	ADXSJD_GetTotalNumSmpl
0x800B8410	0x24	.text	lib/adx_sjd.c	global	ADXSJD_GetBlkSmpl	ADXSJD_GetBlkSmpl
0x800B8434	0x24	.text	lib/adx_sjd.c	global	ADXSJD_GetOutBps	ADXSJD_GetOutBps
0x800B8458	0x24	.text	lib/adx_sjd.c	global	ADXSJD_GetNumChan	ADXSJD_GetNumChan
0x800B847C	0x24	.text	lib/adx_sjd.c	global	ADXSJD_GetSfreq	ADXSJD_GetSfreq
0x800B84A0	0x24	.text	lib/adx_sjd.c	global	ADXSJD_GetFormat	ADXSJD_GetFormat
0x800B84C4	0x8	.text	lib/adx_sjd.c	global	ADXSJD_SetTrapDtLen	ADXSJD_SetTrapDtLen
0x800B84CC	0x8	.text	lib/adx_sjd.c	global	ADXSJD_SetTrapCnt	ADXSJD_SetTrapCnt
0x800B84D4	0x8	.text	lib/adx_sjd.c	global	ADXSJD_SetTrapNumSmpl	ADXSJD_SetTrapNumSmpl
0x800B84DC	0xC	.text	lib/adx_sjd.c	global	ADXSJD_EntryTrapFunc	ADXSJD_EntryTrapFunc
0x800B84E8	0x8	.text	lib/adx_sjd.c	global	ADXSJD_SetLnkSw	ADXSJD_SetLnkSw
0x800B84F0	0x8	.text	lib/adx_sjd.c	global	ADXSJD_SetDecPos	ADXSJD_SetDecPos
0x800B84F8	0x8	.text	lib/adx_sjd.c	global	ADXSJD_GetDecNumSmpl	ADXSJD_GetDecNumSmpl
0x800B8500	0x5C	.text	lib/adx_sjd.c	global	ADXSJD_ExecServer	ADXSJD_ExecServer
0x800B855C	0x4AC	.text	lib/adx_sjd.c	global	ADXSJD_ExecHndl	ADXSJD_ExecHndl
0x800B8A08	0x318	.text	lib/adx_sjd.c	global	adxsjd_decexec_start	adxsjd_decexec_start
0x800B8D20	0xF8	.text	lib/adx_sjd.c	global	adxsjd_get_wr	adxsjd_get_wr
0x800B8E18	0x2A4	.text	lib/adx_sjd.c	global	adxsjd_decode_prep	adxsjd_decode_prep
0x800B90BC	0x38	.text	lib/adx_sjd.c	global	ADXSJD_Stop	ADXSJD_Stop
0x800B90F4	0x48	.text	lib/adx_sjd.c	global	ADXSJD_Start	ADXSJD_Start
0x800B913C	0x24	.text	lib/adx_sjd.c	global	ADXSJD_TermSupply	ADXSJD_TermSupply
0x800B9160	0x28	.text	lib/adx_sjd.c	global	ADXSJD_SetMaxDecSmpl	ADXSJD_SetMaxDecSmpl
0x800B9188	0x28	.text	lib/adx_sjd.c	global	ADXSJD_SetInSj	ADXSJD_SetInSj
0x800B91B0	0xC	.text	lib/adx_sjd.c	global	ADXSJD_GetStat	ADXSJD_GetStat
0x800B91BC	0x5C	.text	lib/adx_sjd.c	global	ADXSJD_Destroy	ADXSJD_Destroy
0x800B9218	0x298	.text	lib/adx_sjd.c	global	ADXSJD_Create	ADXSJD_Create
0x800B94B0	0x30	.text	lib/adx_sjd.c	global	ADXSJD_Finish	ADXSJD_Finish
0x800B94E0	0x34	.text	lib/adx_sjd.c	global	ADXSJD_Init	ADXSJD_Init
0x800B9514	0x38	.text	lib/adx_bahx.c	global	ADXB_AhxTermSupply	ADXB_AhxTermSupply
0x800B954C	0x2C	.text	lib/adx_bahx.c	global	ADXB_ExecOneAhx	ADXB_ExecOneAhx
0x800B9578	0x70	.text	lib/adx_bahx.c	global	ADXB_SetAhxDecSmpl	ADXB_SetAhxDecSmpl
0x800B95E8	0x38	.text	lib/adx_bahx.c	global	ADXB_SetAhxInSj	ADXB_SetAhxInSj
0x800B9620	0xDC	.text	lib/adx_bsc.c	global	ADXB_ExecHndl	ADXB_ExecHndl
0x800B96FC	0x370	.text	lib/adx_bsc.c	global	ADXB_ExecOneAdx	ADXB_ExecOneAdx
0x800B9A6C	0x18C	.text	lib/adx_bsc.c	global	ADXB_EvokeDecode	ADXB_EvokeDecode
0x800B9BF8	0x8	.text	lib/adx_bsc.c	global	ADXB_GetDecNumSmpl	ADXB_GetDecNumSmpl
0x800B9C00	0x8	.text	lib/adx_bsc.c	global	ADXB_GetDecDtLen	ADXB_GetDecDtLen
0x800B9C08	0x48	.text	lib/adx_bsc.c	global	ADXB_Reset	ADXB_Reset
0x800B9C50	0x54	.text	lib/adx_bsc.c	global	ADXB_Stop	ADXB_Stop
0x800B9CA4	0x18	.text	lib/adx_bsc.c	global	ADXB_Start	ADXB_Start
0x800B9CBC	0x74	.text	lib/adx_bsc.c	global	ADXB_EntryData	ADXB_EntryData
0x800B9D30	0x8	.text	lib/adx_bsc.c	global	ADXB_GetStat	ADXB_GetStat
0x800B9D38	0x4C	.text	lib/adx_bsc.c	global	ADXB_RestoreSnapshot	ADXB_RestoreSnapshot
0x800B9D84	0x4C	.text	lib/adx_bsc.c	global	ADXB_TakeSnapshot	ADXB_TakeSnapshot
0x800B9DD0	0x10	.text	lib/adx_bsc.c	global	ADXB_GetDefPan	ADXB_GetDefPan
0x800B9DE0	0x8	.text	lib/adx_bsc.c	global	ADXB_GetDefOutVol	ADXB_GetDefOutVol
0x800B9DE8	0x8	.text	lib/adx_bsc.c	global	ADXB_GetAinfLen	ADXB_GetAinfLen
0x800B9DF0	0x8	.text	lib/adx_bsc.c	global	ADXB_GetLpEndOfst	ADXB_GetLpEndOfst
0x800B9DF8	0x8	.text	lib/adx_bsc.c	global	ADXB_GetLpEndPos	ADXB_GetLpEndPos
0x800B9E00	0x18	.text	lib/adx_bsc.c	global	ADXB_GetLpStartOfst	ADXB_GetLpStartOfst
0x800B9E18	0x8	.text	lib/adx_bsc.c	global	ADXB_GetLpStartPos	ADXB_GetLpStartPos
0x800B9E20	0x8	.text	lib/adx_bsc.c	global	ADXB_GetNumLoop	ADXB_GetNumLoop
0x800B9E28	0x8	.text	lib/adx_bsc.c	global	ADXB_GetTotalNumSmpl	ADXB_GetTotalNumSmpl
0x800B9E30	0x8	.text	lib/adx_bsc.c	global	ADXB_GetBlkSmpl	ADXB_GetBlkSmpl
0x800B9E38	0x6C	.text	lib/adx_bsc.c	global	ADXB_GetOutBps	ADXB_GetOutBps
0x800B9EA4	0x28	.text	lib/adx_bsc.c	global	ADXB_GetNumChan	ADXB_GetNumChan
0x800B9ECC	0x8	.text	lib/adx_bsc.c	global	ADXB_GetSfreq	ADXB_GetSfreq
0x800B9ED4	0x8	.text	lib/adx_bsc.c	global	ADXB_GetFormat	ADXB_GetFormat
0x800B9EDC	0x8	.text	lib/adx_bsc.c	global	ADXB_GetPcmBuf	ADXB_GetPcmBuf
0x800B9EE4	0xC	.text	lib/adx_bsc.c	global	ADXB_EntryGetWrFunc	ADXB_EntryGetWrFunc
0x800B9EF0	0xE8	.text	lib/adx_bsc.c	global	ADXB_DecodeHeader	ADXB_DecodeHeader
0x800B9FD8	0xB0	.text	lib/adx_bsc.c	global	ADXB_SetDefPrm	ADXB_SetDefPrm
0x800BA088	0xB70	.text	lib/adx_bsc.c	global	ADXB_DecodeHeaderAdx	ADXB_DecodeHeaderAdx
0x800BABF8	0x54	.text	lib/adx_bsc.c	global	ADXB_Destroy	ADXB_Destroy
0x800BAC4C	0x1C8	.text	lib/adx_bsc.c	global	ADXB_Create	ADXB_Create
0x800BAE14	0x1C	.text	lib/adx_bsc.c	global	adxb_DefAddWr	adxb_DefAddWr
0x800BAE30	0x30	.text	lib/adx_bsc.c	global	adxb_DefGetWr	adxb_DefGetWr
0x800BAE60	0x48	.text	lib/adx_bsc.c	global	ADXB_Init	ADXB_Init
0x800BAEA8	0x34	.text	lib/adx_bsps.c	global	ADXB_CheckSpsd	ADXB_CheckSpsd
0x800BAEDC	0x2D8	.text	lib/adx_bsps.c	global	ADXB_ExecOneSpsd	ADXB_ExecOneSpsd
0x800BB1B4	0xEC	.text	lib/adx_bsps.c	global	ADXB_DecodeHeaderSpsd	ADXB_DecodeHeaderSpsd
0x800BB2A0	0x124	.text	lib/adx_bsps.c	global	ADX_DecodeInfoSpsd	ADX_DecodeInfoSpsd
0x800BB3C4	0x8	.text	lib/adx_amp.c	global	ADXAMP_SetSfreq	ADXAMP_SetSfreq
0x800BB3CC	0xC	.text	lib/adx_amp.c	global	ADXAMP_Stop	ADXAMP_Stop
0x800BB3D8	0x1B8	.text	lib/adx_amp.c	global	ADXAMP_Start	ADXAMP_Start
0x800BB590	0x44	.text	lib/adx_amp.c	global	ADXAMP_Destroy	ADXAMP_Destroy
0x800BB5D4	0x20	.text	lib/adx_crs.c	global	ADXCRS_Unlock	ADXCRS_Unlock
0x800BB5F4	0x20	.text	lib/adx_crs.c	global	ADXCRS_Lock	ADXCRS_Lock
0x800BB614	0x10	.text	lib/adx_crs.c	global	ADXCRS_Init	ADXCRS_Init
0x800BB624	0x9C	.text	lib/adx_dcd.c	global	ADX_CalcHdrInfoLen	ADX_CalcHdrInfoLen
0x800BB6C0	0x38	.text	lib/adx_dcd.c	global	ADX_DecodeFooter	ADX_DecodeFooter
0x800BB6F8	0x180	.text	lib/adx_dcd.c	global	ADX_DecodeInfoAinf	ADX_DecodeInfoAinf
0x800BB878	0x11C	.text	lib/adx_dcd.c	global	ADX_DecodeInfoExLoop	ADX_DecodeInfoExLoop
0x800BB994	0xD0	.text	lib/adx_dcd.c	global	ADX_DecodeInfoExIdly	ADX_DecodeInfoExIdly
0x800BBA64	0x50	.text	lib/adx_dcd.c	global	ADX_DecodeInfoExVer	ADX_DecodeInfoExVer
0x800BBAB4	0x48	.text	lib/adx_dcd.c	global	ADX_DecodeInfoExADPCM2	ADX_DecodeInfoExADPCM2
0x800BBAFC	0xF0	.text	lib/adx_dcd.c	global	ADX_DecodeInfo	ADX_DecodeInfo
0x800BBBEC	0x7C	.text	lib/adx_dcd.c	global	ADX_ScanInfoCode	ADX_ScanInfoCode
0x800BBC68	0x25C	.text	lib/adx_dcd.c	global	ADX_GetCoefficient	ADX_GetCoefficient
0x800BBEC4	0x4DC	.text	lib/adx_errs.c	global	ADXERR_ItoA2	ADXERR_ItoA2
0x800BC3A0	0x80	.text	lib/adx_errs.c	global	ADXERR_CallErrFunc2	ADXERR_CallErrFunc2
0x800BC420	0x64	.text	lib/adx_errs.c	global	ADXERR_CallErrFunc1	ADXERR_CallErrFunc1
0x800BC484	0x48	.text	lib/adx_errs.c	global	ADXERR_Finish	ADXERR_Finish
0x800BC4CC	0x48	.text	lib/adx_errs.c	global	ADXERR_Init	ADXERR_Init
0x800BC514	0xA0	.text	lib/adx_fsvr.c	global	ADXT_ExecFsSvr	ADXT_ExecFsSvr
0x800BC5B4	0x10	.text	lib/adx_stmc.c	global	ADXSTM_SetBufSize	ADXSTM_SetBufSize
0x800BC5C4	0x7C	.text	lib/adx_stmc.c	global	ADXSTM_ExecServer	ADXSTM_ExecServer
0x800BC640	0x204	.text	lib/adx_stmc.c	global	ADXSTMF_ExecHndl	ADXSTMF_ExecHndl
0x800BC844	0x3F4	.text	lib/adx_stmc.c	global	adxstmf_stat_exec	adxstmf_stat_exec
0x800BCC38	0x1C	.text	lib/adx_stmc.c	global	ADXSTM_SetEos	ADXSTM_SetEos
0x800BCC54	0xC	.text	lib/adx_stmc.c	global	ADXSTM_EntryEosFunc	ADXSTM_EntryEosFunc
0x800BCC60	0xC4	.text	lib/adx_stmc.c	global	ADXSTM_Stop	ADXSTM_Stop
0x800BCD24	0x70	.text	lib/adx_stmc.c	global	ADXSTM_StopNw	ADXSTM_StopNw
0x800BCD94	0x84	.text	lib/adx_stmc.c	global	ADXSTM_Start	ADXSTM_Start
0x800BCE18	0x1C	.text	lib/adx_stmc.c	global	ADXSTM_Tell	ADXSTM_Tell
0x800BCE34	0x20	.text	lib/adx_stmc.c	global	ADXSTM_Seek	ADXSTM_Seek
0x800BCE54	0xC	.text	lib/adx_stmc.c	global	ADXSTM_GetStat	ADXSTM_GetStat
0x800BCE60	0x144	.text	lib/adx_stmc.c	global	ADXSTM_ReleaseFile	ADXSTM_ReleaseFile
0x800BCFA4	0x94	.text	lib/adx_stmc.c	global	ADXSTM_ReleaseFileNw	ADXSTM_ReleaseFileNw
0x800BD038	0x60	.text	lib/adx_stmc.c	global	ADXSTM_BindFileNw	ADXSTM_BindFileNw
0x800BD098	0x1FC	.text	lib/adx_stmc.c	global	ADXSTM_Destroy	ADXSTM_Destroy
0x800BD294	0x274	.text	lib/adx_stmc.c	global	ADXSTM_Create	ADXSTM_Create
0x800BD508	0x4	.text	lib/adx_stmc.c	global	ADXSTM_Finish	ADXSTM_Finish
0x800BD50C	0x34	.text	lib/adx_stmc.c	global	ADXSTM_Init	ADXSTM_Init
0x800BD540	0xF8	.text	lib/adx_xpnd.c	global	ADXPD_ExecHndl	ADXPD_ExecHndl
0x800BD638	0x8	.text	lib/adx_xpnd.c	global	ADXPD_GetNumBlk	ADXPD_GetNumBlk
0x800BD640	0x18	.text	lib/adx_xpnd.c	global	ADXPD_Reset	ADXPD_Reset
0x800BD658	0x34	.text	lib/adx_xpnd.c	global	ADXPD_Stop	ADXPD_Stop
0x800BD68C	0x20	.text	lib/adx_xpnd.c	global	ADXPD_Start	ADXPD_Start
0x800BD6AC	0x34	.text	lib/adx_xpnd.c	global	ADXPD_EntryPl2	ADXPD_EntryPl2
0x800BD6E0	0x34	.text	lib/adx_xpnd.c	global	ADXPD_EntrySte	ADXPD_EntrySte
0x800BD714	0x34	.text	lib/adx_xpnd.c	global	ADXPD_EntryMono	ADXPD_EntryMono
0x800BD748	0x8	.text	lib/adx_xpnd.c	global	ADXPD_GetStat	ADXPD_GetStat
0x800BD750	0x38	.text	lib/adx_xpnd.c	global	ADXPD_Destroy	ADXPD_Destroy
0x800BD788	0x1C	.text	lib/adx_xpnd.c	global	ADXPD_GetExtPrm	ADXPD_GetExtPrm
0x800BD7A4	0x10	.text	lib/adx_xpnd.c	global	ADXPD_SetExtPrm	ADXPD_SetExtPrm
0x800BD7B4	0x24	.text	lib/adx_xpnd.c	global	ADXPD_GetDly	ADXPD_GetDly
0x800BD7D8	0x24	.text	lib/adx_xpnd.c	global	ADXPD_SetDly	ADXPD_SetDly
0x800BD7FC	0x30	.text	lib/adx_xpnd.c	global	ADXPD_SetCoef	ADXPD_SetCoef
0x800BD82C	0x158	.text	lib/adx_xpnd.c	global	ADXPD_Create	ADXPD_Create
0x800BD984	0x30	.text	lib/adx_xpnd.c	global	ADXPD_Init	ADXPD_Init
0x800BD9B4	0x1C	.text	lib/adx_mgc.c	global	ADXM_IsSetupThrd	ADXM_IsSetupThrd
0x800BD9D0	0x20	.text	lib/adx_mgc.c	global	ADXM_SetCbErr	ADXM_SetCbErr
0x800BD9F0	0x20	.text	lib/adx_mgc.c	global	ADXM_ExecMain	ADXM_ExecMain
0x800BDA10	0x20	.text	lib/adx_mgc.c	global	ADXM_WaitVsync	ADXM_WaitVsync
0x800BDA30	0x64	.text	lib/adx_dcd5.c	global	ADX_DecodeSte4	ADX_DecodeSte4
0x800BDA94	0x260	.text	lib/adx_dcd5.c	global	ADX_DecodeSte4AsSte	ADX_DecodeSte4AsSte
0x800BDCF4	0x2F0	.text	lib/adx_dcd5.c	global	ADX_DecodeSte4AsMono	ADX_DecodeSte4AsMono
0x800BDFE4	0x154	.text	lib/adx_dcd5.c	global	ADX_DecodeMono4	ADX_DecodeMono4
0x800BE138	0xA4	.text	lib/adx_fini.c	global	ADXF_Finish	ADXF_Finish
0x800BE1DC	0xB4	.text	lib/adx_fini.c	global	ADXF_Init	ADXF_Init
0x800BE290	0x190	.text	lib/adx_fs.c	global	ADXF_ExecServer	ADXF_ExecServer
0x800BE420	0x5C	.text	lib/adx_fs.c	global	ADXF_CloseAll	ADXF_CloseAll
0x800BE47C	0x2DC	.text	lib/adx_fs.c	global	ADXF_Close	ADXF_Close
0x800BE758	0x34	.text	lib/cri_cvfs.c	global	cvFsEntryErrFunc	cvFsEntryErrFunc
0x800BE78C	0x4A4	.text	lib/cri_cvfs.c	global	cvFsGetFileSize	cvFsGetFileSize
0x800BEC30	0xC0	.text	lib/cri_cvfs.c	global	cvFsGetStat	cvFsGetStat
0x800BECF0	0x68	.text	lib/cri_cvfs.c	global	cvFsExecServer	cvFsExecServer
0x800BED58	0xA8	.text	lib/cri_cvfs.c	global	cvFsStopTr	cvFsStopTr
0x800BEE00	0xC0	.text	lib/cri_cvfs.c	global	cvFsReqRd	cvFsReqRd
0x800BEEC0	0xC0	.text	lib/cri_cvfs.c	global	cvFsSeek	cvFsSeek
0x800BEF80	0xC0	.text	lib/cri_cvfs.c	global	cvFsTell	cvFsTell
0x800BF040	0xBC	.text	lib/cri_cvfs.c	global	cvFsClose	cvFsClose
0x800BF0FC	0x664	.text	lib/cri_cvfs.c	global	cvFsOpen	cvFsOpen
0x800BF760	0x134	.text	lib/cri_cvfs.c	global	cvFsSetDefDev	cvFsSetDefDev
0x800BF894	0x27C	.text	lib/cri_cvfs.c	global	cvFsAddDev	cvFsAddDev
0x800BFB10	0x40	.text	lib/cri_cvfs.c	global	cvFsCallUsrErrFn	cvFsCallUsrErrFn
0x800BFB50	0xC0	.text	lib/lsc_err.c	global	LSC_CallErrFunc	LSC_CallErrFunc
0x800BFC10	0x34	.text	lib/lsc_err.c	global	LSC_EntryErrFunc	LSC_EntryErrFunc
0x800BFC44	0x20	.text	lib/lsc_crs.c	global	LSC_UnlockCrs	LSC_UnlockCrs
0x800BFC64	0x20	.text	lib/lsc_crs.c	global	LSC_LockCrs	LSC_LockCrs
0x800BFC84	0x4C	.text	lib/sj_crs.c	global	SJCRS_Unlock	SJCRS_Unlock
0x800BFCD0	0x4C	.text	lib/sj_crs.c	global	SJCRS_Lock	SJCRS_Lock
0x800BFD1C	0x74	.text	lib/sj_mem.c	global	SJMEM_GetBufSize	SJMEM_GetBufSize
0x800BFD90	0xFC	.text	lib/sj_mem.c	global	SJMEM_IsGetChunk	SJMEM_IsGetChunk
0x800BFE8C	0x15C	.text	lib/sj_mem.c	global	SJMEM_UngetChunk	SJMEM_UngetChunk
0x800BFFE8	0xCC	.text	lib/sj_mem.c	global	SJMEM_PutChunk	SJMEM_PutChunk
0x800C00B4	0x11C	.text	lib/sj_mem.c	global	SJMEM_GetChunk	SJMEM_GetChunk
0x800C01D0	0xBC	.text	lib/sj_mem.c	global	SJMEM_GetNumData	SJMEM_GetNumData
0x800C028C	0x74	.text	lib/sj_mem.c	global	SJMEM_Reset	SJMEM_Reset
0x800C0300	0x84	.text	lib/sj_mem.c	global	SJMEM_EntryErrFunc	SJMEM_EntryErrFunc
0x800C0384	0x74	.text	lib/sj_mem.c	global	SJMEM_GetUuid	SJMEM_GetUuid
0x800C03F8	0x7C	.text	lib/sj_mem.c	global	SJMEM_Destroy	SJMEM_Destroy
0x800C0474	0x19C	.text	lib/sj_mem.c	global	SJMEM_Create	SJMEM_Create
0x800C0610	0x50	.text	lib/sj_mem.c	global	SJMEM_Finish	SJMEM_Finish
0x800C0660	0x5C	.text	lib/sj_mem.c	global	SJMEM_Init	SJMEM_Init
0x800C06BC	0x28	.text	lib/sj_mem.c	global	SJMEM_Error	SJMEM_Error
0x800C06E4	0x50	.text	lib/sj_uni.c	global	SJUNI_Finish	SJUNI_Finish
0x800C0734	0x5C	.text	lib/sj_uni.c	global	SJUNI_Init	SJUNI_Init
0x800C0790	0x58	.text	lib/rna_err.c	global	RNAERR_CallErrFunc	RNAERR_CallErrFunc
0x800C07E8	0x14	.text	lib/rna_err.c	global	RNAERR_EntryErrFunc	RNAERR_EntryErrFunc
0x800C07FC	0x20	.text	lib/rna_crs.c	global	GCRNA_UnlockCs	GCRNA_UnlockCs
0x800C081C	0x20	.text	lib/rna_crs.c	global	GCRNA_LockCs	GCRNA_LockCs
0x800C083C	0x4C	.text	lib/adx_bwav.c	global	ADXB_ExecOneWav	ADXB_ExecOneWav
0x800C0888	0x68	.text	lib/adx_bwav.c	global	ADXB_CheckWav	ADXB_CheckWav
0x800C08F0	0x3B0	.text	lib/adx_bwav.c	global	ADXB_ExecOneWav4	ADXB_ExecOneWav4
0x800C0CA0	0x3A4	.text	lib/adx_bwav.c	global	ADXB_ExecOneWav8	ADXB_ExecOneWav8
0x800C1044	0x32C	.text	lib/adx_bwav.c	global	ADXB_ExecOneWav16	ADXB_ExecOneWav16
0x800C1370	0xEC	.text	lib/adx_bwav.c	global	ADXB_DecodeHeaderWav	ADXB_DecodeHeaderWav
0x800C145C	0x268	.text	lib/adx_bwav.c	global	ADX_DecodeInfoWav	ADX_DecodeInfoWav
0x800C16C4	0x34	.text	lib/adx_baif.c	global	ADXB_ExecOneAiff	ADXB_ExecOneAiff
0x800C16F8	0x338	.text	lib/adx_baif.c	global	ADXB_ExecOneAiff8	ADXB_ExecOneAiff8
0x800C1A30	0x3B0	.text	lib/adx_baif.c	global	ADXB_ExecOneAiff16	ADXB_ExecOneAiff16
0x800C1DE0	0x184	.text	lib/adx_baif.c	global	ADXB_DecodeHeaderAiff	ADXB_DecodeHeaderAiff
0x800C1F64	0x68	.text	lib/adx_baif.c	global	ADXB_CheckAiff	ADXB_CheckAiff
0x800C1FCC	0x270	.text	lib/adx_baif.c	global	AIFF_GetInfo	AIFF_GetInfo
0x800C223C	0x44	.text	lib/adx_bau.c	global	ADXB_ExecOneAu	ADXB_ExecOneAu
0x800C2280	0x3C4	.text	lib/adx_bau.c	global	ADXB_ExecOneAuUlaw	ADXB_ExecOneAuUlaw
0x800C2644	0x338	.text	lib/adx_bau.c	global	ADXB_ExecOneAu8	ADXB_ExecOneAu8
0x800C297C	0x3B0	.text	lib/adx_bau.c	global	ADXB_ExecOneAu16	ADXB_ExecOneAu16
0x800C2D2C	0x178	.text	lib/adx_bau.c	global	ADXB_DecodeHeaderAu	ADXB_DecodeHeaderAu
0x800C2EA4	0x68	.text	lib/adx_bau.c	global	ADXB_CheckAu	ADXB_CheckAu
0x800C2F0C	0x208	.text	lib/adx_bau.c	global	AU_GetInfo	AU_GetInfo
0x800C3114	0x20	.text	lib/adx_fcch.c	global	ADXF_Ocbi	ADXF_Ocbi
0x800C3134	0x74	.text	game/act_btn.cpp	global	init__13cActionButton	cActionButton::init
0x800C31A8	0x1AC	.text	game/act_btn.cpp	global	move__13cActionButton	cActionButton::move
0x800C3354	0x228	.text	game/act_btn.cpp	global	disp__13cActionButtonP10ActBtnWork	cActionButton::disp
0x800C357C	0x26C	.text	game/act_btn.cpp	global	checkButton__13cActionButtonP10ActBtnWork	cActionButton::checkButton
0x800C37E8	0xB8	.text	game/act_btn.cpp	global	checkPLStatus__13cActionButtonP10ActBtnWork	cActionButton::checkPLStatus
0x800C38A0	0x34	.text	game/act_btn.cpp	global	pullWork__13cActionButton	cActionButton::pullWork
0x800C38D4	0xD8	.text	game/act_btn.cpp	global	set__13cActionButtoniiPvT3iiii	cActionButton::set
0x800C39AC	0x4	.text	game/act_btn.cpp	local	__static_initialization_and_destruction_0_800C39AC	__static_initialization_and_destruction_0
0x800C39B0	0x2C	.text	game/act_btn.cpp	global	global_constructors_keyed_to_cActionButton_init	global constructors keyed to cActionButton::init
0x800C39DC	0x2C	.text	game/act_btn.cpp	global	global_destructors_keyed_to_cActionButton_init	global destructors keyed to cActionButton::init
0x800C3A08	0x90	.text	game/area.cpp	global	AreaHitCheck__FPvP3Vec	AreaHitCheck
0x800C3A98	0xD8	.text	game/area.cpp	global	areaHitCheck_xz4	areaHitCheck_xz4
0x800C3B70	0x94	.text	game/area.cpp	global	areaHitCheck_Cylinder	areaHitCheck_Cylinder
0x800C3C04	0x12C	.text	game/area.cpp	global	AreaViewCheck	AreaViewCheck
0x800C3D30	0xDC	.text	game/area.cpp	global	AreaGetCenterPos	AreaGetCenterPos
0x800C3E0C	0x27C	.text	game/area.cpp	global	AreaGetInsidePos	AreaGetInsidePos
0x800C4088	0x1A4	.text	game/area.cpp	global	AreaDataInit	AreaDataInit
0x800C422C	0x64	.text	game/area.cpp	global	area_Draw_sphere	area_Draw_sphere
0x800C4290	0x84	.text	game/area.cpp	global	area_Draw_line	area_Draw_line
0x800C4314	0x3E4	.text	game/area.cpp	global	AreaDataEdit	AreaDataEdit
0x800C46F8	0x5DC	.text	game/area.cpp	global	area_xz4_Edit	area_xz4_Edit
0x800C4CD4	0x370	.text	game/area.cpp	global	area_cylinder_Edit	area_cylinder_Edit
0x800C5044	0x3CC	.text	game/area.cpp	global	area_eye_trigger_Edit	area_eye_trigger_Edit
0x800C5410	0xCC	.text	game/area.cpp	global	AreaDataDisp	AreaDataDisp
0x800C54DC	0x4A0	.text	game/area.cpp	global	area_xz4_Disp	area_xz4_Disp
0x800C597C	0x338	.text	game/area.cpp	global	area_cylinder_Disp	area_cylinder_Disp
0x800C5CB4	0x138	.text	game/area.cpp	global	area_eye_trigger_Disp	area_eye_trigger_Disp
0x800C5DEC	0x640	.text	game/area.cpp	global	AreaDataInfoDisp	AreaDataInfoDisp
0x800C642C	0x528	.text	game/area.cpp	global	AreaDataHelpDisp	AreaDataHelpDisp
0x800C6954	0x28	.text	game/at_mod.cpp	global	yarareInit0	yarareInit0
0x800C697C	0x24	.text	game/at_mod.cpp	global	YarareInit	YarareInit
0x800C69A0	0x4C	.text	game/at_mod.cpp	global	YarareInitCube	YarareInitCube
0x800C69EC	0x8C	.text	game/at_mod.cpp	global	YarareAdd	YarareAdd
0x800C6A78	0xB0	.text	game/at_mod.cpp	global	YarareAddCube	YarareAddCube
0x800C6B28	0x268	.text	game/at_mod.cpp	global	EmAtCheck	EmAtCheck
0x800C6D90	0x28	.text	game/at_mod.cpp	local	priorityCheck	priorityCheck
0x800C6DB8	0x98	.text	game/at_mod.cpp	global	__em_at_core	__em_at_core
0x800C6E50	0x2E8	.text	game/at_mod.cpp	global	At_em_rect_rect_ck	At_em_rect_rect_ck
0x800C7138	0x2C0	.text	game/at_mod.cpp	global	em_rect2_ck_sub	em_rect2_ck_sub
0x800C73F8	0x340	.text	game/at_mod.cpp	global	At_em_sphere_rect_ck	At_em_sphere_rect_ck
0x800C7738	0x3C0	.text	game/at_mod.cpp	local	sphereRectCk	sphereRectCk
0x800C7AF8	0x258	.text	game/at_mod.cpp	global	At_em_sphere_sphere_ck	At_em_sphere_sphere_ck
0x800C7D50	0x148	.text	game/at_mod.cpp	global	EmHitCheck	EmHitCheck
0x800C7E98	0x164	.text	game/at_mod.cpp	global	ObjHitCheck	ObjHitCheck
0x800C7FFC	0x188	.text	game/at_mod.cpp	global	ComnHitCheck	ComnHitCheck
0x800C8184	0x50	.text	game/at_mod.cpp	global	DrawOba	DrawOba
0x800C81D4	0x3D0	.text	game/at_mod.cpp	global	ObaLineHitChk	ObaLineHitChk
0x800C85A4	0xC8	.text	game/at_sub.cpp	global	At_surface_line_ck	At_surface_line_ck
0x800C866C	0xE4	.text	game/at_sub.cpp	global	At_poly_point_rel	At_poly_point_rel
0x800C8750	0x114	.text	game/at_sub.cpp	global	At_box_sphere_ck	At_box_sphere_ck
0x800C8864	0x6C	.text	game/at_sub.cpp	global	Get_normal	Get_normal
0x800C88D0	0x1FC	.text	game/at_sub.cpp	global	AtBoxCapsuleCk3	AtBoxCapsuleCk3
0x800C8ACC	0x278	.text	game/at_sub.cpp	global	AtSphereCapsuleCk	AtSphereCapsuleCk
0x800C8D44	0x1EC	.text	game/at_sub.cpp	global	AtCapsuleDisp	AtCapsuleDisp
0x800C8F30	0x278	.text	game/at_sub.cpp	global	AtCubeDisp	AtCubeDisp
0x800C91A8	0x374	.text	game/at_sub.cpp	global	At_poly_line_ck	At_poly_line_ck
0x800C951C	0x104	.text	game/at_sub.cpp	global	At_poly_sphere_ck	At_poly_sphere_ck
0x800C9620	0x418	.text	game/at_sub.cpp	global	At_poly_sphere_ck2	At_poly_sphere_ck2
0x800C9A38	0x14	.text	game/at_sub.cpp	global	Get_poly_attr	Get_poly_attr
0x800C9A4C	0xA8	.text	game/at_sub.cpp	global	At_rect_point_ck	At_rect_point_ck
0x800C9AF4	0xE4	.text	game/at_sub.cpp	global	At_rect_rect_ck	At_rect_rect_ck
0x800C9BD8	0x5C	.text	game/at_sub.cpp	global	Get_ang_dir	Get_ang_dir
0x800C9C34	0x6C	.text	game/at_sub.cpp	global	InterVectorXYZ	InterVectorXYZ
0x800C9CA0	0x30	.text	game/at_sub.cpp	global	EatGetEffectType	EatGetEffectType
0x800C9CD0	0x54	.text	game/at_sub.cpp	global	At_surface_point_rel	At_surface_point_rel
0x800C9D24	0xE4	.text	game/atari.cpp	global	check__7cSatMgrP6cModeli	cSatMgr::check
0x800C9E08	0x358	.text	game/atari.cpp	global	checkRect__7cSatMgrP6cModel	cSatMgr::checkRect
0x800CA160	0xC0	.text	game/atari.cpp	global	checkAir__7cSatMgrP6cModeli	cSatMgr::checkAir
0x800CA220	0x180	.text	game/atari.cpp	global	atck__FP3VecT0P10cAtariInfoP6cModeli	atck
0x800CA3A0	0x368	.text	game/atari.cpp	global	scrAtCheckSphere__7cSatMgrP6cModelP10cAtariInfoi	cSatMgr::scrAtCheckSphere
0x800CA708	0x178	.text	game/atari.cpp	global	scrAtCheckSphereAir__7cSatMgrP6cModelP10cAtariInfoi	cSatMgr::scrAtCheckSphereAir
0x800CA880	0x1B4	.text	game/atari.cpp	global	wallAdjust__7cSatMgrP3VecN21fii	cSatMgr::wallAdjust
0x800CAA34	0x194	.text	game/atari.cpp	global	adjust__7cSatMgrP3VecN21fii	cSatMgr::adjust
0x800CABC8	0x98	.text	game/atari.cpp	global	getFloor__7cSatMgrP3VecPUlffi	cSatMgr::getFloor
0x800CAC60	0xA4	.text	game/atari.cpp	global	log__7cSatMgrPCce	cSatMgr::log
0x800CAD04	0x28	.text	game/atari.cpp	global	polyBitSet__FUl	polyBitSet
0x800CAD2C	0x24	.text	game/atari.cpp	global	polyBitCk__FUl	polyBitCk
0x800CAD50	0xB4	.text	game/atari.cpp	global	lineOverlap__9cSatBlockP3VecN21	cSatBlock::lineOverlap
0x800CAE04	0x500	.text	game/atari.cpp	global	hitCheckSphere__9cSatBlockP3VecT1f	cSatBlock::hitCheckSphere
0x800CB304	0x54	.text	game/atari.cpp	global	__7cSatMgr	cSatMgr::cSatMgr
0x800CB358	0x4C	.text	game/atari.cpp	global	__7cEatMgr	cEatMgr::cEatMgr
0x800CB3A4	0x80	.text	game/atari.cpp	global	initEffInfo__7cEatMgr	cEatMgr::initEffInfo
0x800CB424	0x19C	.text	game/atari.cpp	global	registEffInfo__7cEatMgriP9AtEffInfo	cEatMgr::registEffInfo
0x800CB5C0	0x28	.text	game/atari.cpp	global	getEffInfo__7cEatMgri	cEatMgr::getEffInfo
0x800CB5E8	0xA4	.text	game/atari.cpp	global	log__7cEatMgrPCce	cEatMgr::log
0x800CB68C	0xB8	.text	game/atari.cpp	global	create__7cSatMgrPviP3VecT3Uc	cSatMgr::create
0x800CB744	0xB0	.text	game/atari.cpp	global	create__7cSatMgrP3VecN21fUlUl	cSatMgr::create
0x800CB7F4	0x298	.text	game/atari.cpp	global	polySphereCk__7cSatMgrP3VecT1fiT1i	cSatMgr::polySphereCk
0x800CBA8C	0xE4	.text	game/atari.cpp	global	blkPolySphereCk__FP4cSatP9cSatBlockP3VecT2fiT2i	blkPolySphereCk
0x800CBB70	0x190	.text	game/atari.cpp	global	blkPolySphereCkCore__FP4cSatP9cSatBlockP3VecT2fiT2i	blkPolySphereCkCore
0x800CBD00	0x5C	.text	game/atari.cpp	global	hitCheck__7cSatMgrP3VecN31ii	cSatMgr::hitCheck
0x800CBD5C	0x1F8	.text	game/atari.cpp	global	hitCheck2__7cSatMgrP3VecN21PUlii	cSatMgr::hitCheck2
0x800CBF54	0x1B4	.text	game/atari.cpp	global	blkPolyLineCk__FP4cSatP9cSatBlockP3VecT2iiT2PUl	blkPolyLineCk
0x800CC108	0x1AC	.text	game/atari.cpp	global	blkPolyLineCkCore__FP4cSatP9cSatBlockP3VecT2iiT2PUl	blkPolyLineCkCore
0x800CC2B4	0x2A4	.text	game/atari.cpp	global	destroy__7cSatMgrP4cSat	cSatMgr::destroy
0x800CC558	0x24	.text	game/atari.cpp	global	construct__7cSatMgrP4cSatUl	cSatMgr::construct
0x800CC57C	0x1BC	.text	game/atari.cpp	global	disp__7cSatMgri	cSatMgr::disp
0x800CC738	0xCC	.text	game/atari.cpp	global	init__4cSatP8cSatFileP3VecT2	cSat::init
0x800CC804	0x54	.text	game/atari.cpp	global	setCoord__4cSatP3VecT1	cSat::setCoord
0x800CC858	0x70	.text	game/atari.cpp	global	setMatrix__4cSatPA3_f	cSat::setMatrix
0x800CC8C8	0xCC	.text	game/atari.cpp	global	__as__4cSatP8cSatFile	cSat::operator=
0x800CC994	0xE8	.text	game/atari.cpp	global	blockInit__4cSatP9cSatBlock	cSat::blockInit
0x800CCA7C	0x280	.text	game/atari.cpp	global	disp__4cSatiUli	cSat::disp
0x800CCCFC	0x8	.text	game/atari.cpp	global	getVertexPtr__8cSatFile	cSatFile::getVertexPtr
0x800CCD04	0x14	.text	game/atari.cpp	global	dataCheck__8cSatFile	cSatFile::dataCheck
0x800CCD18	0x14	.text	game/atari.cpp	global	getSat__10cSatHeaderi	cSatHeader::getSat
0x800CCD2C	0x548	.text	game/atari.cpp	global	createSat__FP3VecUlf	createSat
0x800CD274	0x534	.text	game/atari.cpp	global	createBoxSat__FP3VecUlf	createBoxSat
0x800CD7A8	0x49C	.text	game/atari.cpp	local	createFloorSat__FP3VecUlf	createFloorSat
0x800CDC44	0x100	.text	game/atari.cpp	global	at_pos_calc__FP6cModelP3Vec	at_pos_calc
0x800CDD44	0x50	.text	game/atari.cpp	local	__t8cManager1Z4cSatUlUc	cManager<cSat>::cManager
0x800CDD94	0x8	.text	game/atari.cpp	global	setName__t8cManager1Z4cSatPCc	cManager<cSat>::setName
0x800CDD9C	0x48	.text	game/atari.cpp	global	log__t8cManager1Z4cSatPCce	cManager<cSat>::log
0x800CDDE4	0xBC	.text	game/atari.cpp	global	countActiveWork__t8cManager1Z4cSat	cManager<cSat>::countActiveWork
0x800CDEA0	0x158	.text	game/atari.cpp	global	create__t8cManager1Z4cSati	cManager<cSat>::create
0x800CDFF8	0x24	.text	game/atari.cpp	global	create__t8cManager1Z4cSat	cManager<cSat>::create
0x800CE01C	0x68	.text	game/atari.cpp	local	__static_initialization_and_destruction_0_800CE01C	__static_initialization_and_destruction_0
0x800CE084	0x20	.text	game/atari.cpp	global	_._4cSat	cSat::~cSat
0x800CE0A4	0x34	.text	game/atari.cpp	global	_._7cSatMgr	cSatMgr::~cSatMgr
0x800CE0D8	0x38	.text	game/atari.cpp	global	memAlloc__7cSatMgrUl	cSatMgr::memAlloc
0x800CE110	0x24	.text	game/atari.cpp	global	memFree__7cSatMgrPv	cSatMgr::memFree
0x800CE134	0x28	.text	game/atari.cpp	global	memClear__7cSatMgrP4cSatUl	cSatMgr::memClear
0x800CE15C	0x34	.text	game/atari.cpp	global	_._7cEatMgr	cEatMgr::~cEatMgr
0x800CE190	0x34	.text	game/atari.cpp	global	_._t8cManager1Z4cSat	cManager<cSat>::~cManager
0x800CE1C4	0x254	.text	game/atari.cpp	global	destroy__t8cManager1Z4cSatP4cSat	cManager<cSat>::destroy
0x800CE418	0x2C	.text	game/atari.cpp	global	global_constructors_keyed_to_cSatMgr_check	global constructors keyed to cSatMgr::check
0x800CE444	0x2C	.text	game/atari.cpp	global	global_destructors_keyed_to_cSatMgr_check	global destructors keyed to cSatMgr::check
0x800CE470	0x34	.text	game/atariInfo.cpp	global	__10cAtariInfo	cAtariInfo::cAtariInfo
0x800CE4A4	0x48	.text	game/atariInfo.cpp	global	init0__10cAtariInfofffffffiii	cAtariInfo::init0
0x800CE4EC	0x44	.text	game/atariInfo.cpp	global	init__10cAtariInfofffffffiii	cAtariInfo::init
0x800CE530	0x44	.text	game/atariInfo.cpp	global	set__10cAtariInfoiff	cAtariInfo::set
0x800CE574	0x10C	.text	game/atariInfo.cpp	global	getSpeedVector__10cAtariInfoP6cModelP3VecT2	cAtariInfo::getSpeedVector
0x800CE680	0x58	.text	game/atariInfo.cpp	global	move__10cAtariInfo	cAtariInfo::move
0x800CE6D8	0x78	.text	game/atariInfo.cpp	global	getPos__10cAtariInfoP6cModelP3Vec	cAtariInfo::getPos
0x800CE750	0x50	.text	game/atariInfo.cpp	global	setPriority__10cAtariInfoi	cAtariInfo::setPriority
0x800CE7A0	0x6C	.text	game/atariInfo.cpp	global	disp__10cAtariInfoP6cModel	cAtariInfo::disp
0x800CE80C	0x1F0	.text	game/atariInfo.cpp	global	dispRect__10cAtariInfoP6cModel	cAtariInfo::dispRect
0x800CE9FC	0xC	.text	game/block.cpp	global	setOtStart__6cBlock	cBlock::setOtStart
0x800CEA08	0x38	.text	game/block.cpp	global	getOtAddr__6cBlock	cBlock::getOtAddr
0x800CEA40	0x244	.text	game/block.cpp	global	roomInit__6cBlockPv	cBlock::roomInit
0x800CEC84	0x154	.text	game/block.cpp	global	checkBlockMemory__6cBlock	cBlock::checkBlockMemory
0x800CEDD8	0x98	.text	game/block.cpp	global	useDebugMemory__6cBlockiUl	cBlock::useDebugMemory
0x800CEE70	0x1A8	.text	game/block.cpp	global	dispAllBlock__6cBlocki	cBlock::dispAllBlock
0x800CF018	0x214	.text	game/block.cpp	global	check__6cBlocki	cBlock::check
0x800CF22C	0xDC	.text	game/block.cpp	global	checkBlockArea__6cBlockP3Veci	cBlock::checkBlockArea
0x800CF308	0x1BC	.text	game/block.cpp	global	checkBlockConnect__6cBlockP12BlockConnectP9BlockLinkPUlT3	cBlock::checkBlockConnect
0x800CF4C4	0xD8	.text	game/block.cpp	global	checkBlockConnect_sub__6cBlockUcP9BlockLinkPUl	cBlock::checkBlockConnect_sub
0x800CF59C	0xC	.text	game/block.cpp	global	setBlockCommand__10cBlockUnitii	cBlockUnit::setBlockCommand
0x800CF5A8	0x88	.text	game/block.cpp	global	setTrans__10cBlockUniti	cBlockUnit::setTrans
0x800CF630	0x7C	.text	game/block.cpp	global	setBlockLoadToMram__10cBlockUnit	cBlockUnit::setBlockLoadToMram
0x800CF6AC	0xA8	.text	game/block.cpp	global	setBlockLoadToAram__10cBlockUnit	cBlockUnit::setBlockLoadToAram
0x800CF754	0x98	.text	game/block.cpp	global	setBlockDelete__10cBlockUnit	cBlockUnit::setBlockDelete
0x800CF7EC	0xF0	.text	game/block.cpp	global	checkBlockLoadToMramSet__10cBlockUnit	cBlockUnit::checkBlockLoadToMramSet
0x800CF8DC	0xD4	.text	game/block.cpp	global	checkBlockLoadToMram__10cBlockUnit	cBlockUnit::checkBlockLoadToMram
0x800CF9B0	0xA4	.text	game/block.cpp	global	checkBlockLoadToAramSet__10cBlockUnit	cBlockUnit::checkBlockLoadToAramSet
0x800CFA54	0x70	.text	game/block.cpp	global	checkBlockLoadToAram__10cBlockUnit	cBlockUnit::checkBlockLoadToAram
0x800CFAC4	0x90	.text	game/block.cpp	global	checkBlockDelete__10cBlockUnit	cBlockUnit::checkBlockDelete
0x800CFB54	0x70	.text	game/block.cpp	global	recalcModelAddr__10cBlockUniti	cBlockUnit::recalcModelAddr
0x800CFBC4	0x88	.text	game/block.cpp	global	moveBlockData__10cBlockUnitPv	cBlockUnit::moveBlockData
0x800CFC4C	0x24	.text	game/block.cpp	global	getUnitPtr__6cBlockUc	cBlock::getUnitPtr
0x800CFC70	0xA4	.text	game/block.cpp	global	getBlockWork__6cBlockUc	cBlock::getBlockWork
0x800CFD14	0xB0	.text	game/block.cpp	global	checkCommand__6cBlock	cBlock::checkCommand
0x800CFDC4	0x198	.text	game/block.cpp	global	checkCondition__6cBlock	cBlock::checkCondition
0x800CFF5C	0x18C	.text	game/block.cpp	global	checkBlockMemSort__6cBlock	cBlock::checkBlockMemSort
0x800D00E8	0x5C	.text	game/block.cpp	global	getBlockMemFree__6cBlockUl	cBlock::getBlockMemFree
0x800D0144	0x2A8	.text	game/block.cpp	global	dispDebugInfo__6cBlock	cBlock::dispDebugInfo
0x800D03EC	0xB0	.text	game/block.cpp	global	dieCheck__t8cManager1Z4cObj	cManager<cObj>::dieCheck
0x800D049C	0x4	.text	game/block.cpp	local	__static_initialization_and_destruction_0_800D049C	__static_initialization_and_destruction_0
0x800D04A0	0x2C	.text	game/block.cpp	global	global_constructors_keyed_to_cBlock_setOtStart	global constructors keyed to cBlock::setOtStart
0x800D04CC	0x2C	.text	game/block.cpp	global	global_destructors_keyed_to_cBlock_setOtStart	global destructors keyed to cBlock::setOtStart
0x800D04F8	0x14	.text	game/cam_extra.cpp	global	__22CameraAttachedToMotionP6cModel	CameraAttachedToMotion::CameraAttachedToMotion
0x800D050C	0x4C	.text	game/cam_extra.cpp	global	_._22CameraAttachedToMotion	CameraAttachedToMotion::~CameraAttachedToMotion
0x800D0558	0x230	.text	game/cam_extra.cpp	global	move__22CameraAttachedToMotion	CameraAttachedToMotion::move
0x800D0788	0x64	.text	game/cam_extra.cpp	global	init__14FocusAnimationi	FocusAnimation::init
0x800D07EC	0x208	.text	game/cam_extra.cpp	global	move__14FocusAnimationi	FocusAnimation::move
0x800D09F4	0x14	.text	game/cam_extra.cpp	global	quit__14FocusAnimation	FocusAnimation::quit
0x800D0A08	0x24	.text	game/cam_extra.cpp	global	clear__14FocusAnimation	FocusAnimation::clear
0x800D0A2C	0x284	.text	game/cam_extra.cpp	global	__11CameraScopeP3VecT1	CameraScope::CameraScope
0x800D0CB0	0x70	.text	game/cam_extra.cpp	global	_._11CameraScope	CameraScope::~CameraScope
0x800D0D20	0x30	.text	game/cam_extra.cpp	global	setParam__11CameraScopeff	CameraScope::setParam
0x800D0D50	0x14	.text	game/cam_extra.cpp	global	getParam__11CameraScopePfT1	CameraScope::getParam
0x800D0D64	0x4D8	.text	game/cam_extra.cpp	global	move__11CameraScope	CameraScope::move
0x800D123C	0xF4	.text	game/cam_extra.cpp	global	init__7IdScopePv	IdScope::init
0x800D1330	0x1A4	.text	game/cam_extra.cpp	global	move__7IdScopePv	IdScope::move
0x800D14D4	0x5C	.text	game/cam_extra.cpp	global	save__7IdScopePv	IdScope::save
0x800D1530	0xA4	.text	game/cam_extra.cpp	global	load__7IdScopePv	IdScope::load
0x800D15D4	0x38	.text	game/cam_extra.cpp	global	quit__7IdScopePv	IdScope::quit
0x800D160C	0x240	.text	game/cam_extra.cpp	global	__15CameraBinocularP3VecT1PvT3	CameraBinocular::CameraBinocular
0x800D184C	0x70	.text	game/cam_extra.cpp	global	_._15CameraBinocular	CameraBinocular::~CameraBinocular
0x800D18BC	0x14	.text	game/cam_extra.cpp	global	setRange__15CameraBinocularffff	CameraBinocular::setRange
0x800D18D0	0x3D0	.text	game/cam_extra.cpp	global	move__15CameraBinocular	CameraBinocular::move
0x800D1CA0	0x1E4	.text	game/cam_extra.cpp	global	init__11IdBinocularP6CAMERAPvT2	IdBinocular::init
0x800D1E84	0x74	.text	game/cam_extra.cpp	global	cutin__11IdBinocularPv	IdBinocular::cutin
0x800D1EF8	0x78C	.text	game/cam_extra.cpp	global	move__11IdBinocularPv	IdBinocular::move
0x800D2684	0xDC	.text	game/cam_extra.cpp	global	quit__11IdBinocularPv	IdBinocular::quit
0x800D2760	0x14	.text	game/cam_extra.cpp	global	__16CameraPushObject	CameraPushObject::CameraPushObject
0x800D2774	0x4C	.text	game/cam_extra.cpp	global	_._16CameraPushObject	CameraPushObject::~CameraPushObject
0x800D27C0	0x44C	.text	game/cam_extra.cpp	global	move__16CameraPushObject	CameraPushObject::move
0x800D2C0C	0x124	.text	game/cam_extra.cpp	global	__12CameraLookAtP6CAMERA	CameraLookAt::CameraLookAt
0x800D2D30	0x4C	.text	game/cam_extra.cpp	global	_._12CameraLookAt	CameraLookAt::~CameraLookAt
0x800D2D7C	0xB8	.text	game/cam_extra.cpp	global	move__12CameraLookAt	CameraLookAt::move
0x800D2E34	0xA4	.text	game/cam_extra.cpp	global	__16CameraLookDownEmPvP3Vec	CameraLookDownEm::CameraLookDownEm
0x800D2ED8	0x4C	.text	game/cam_extra.cpp	global	_._16CameraLookDownEm	CameraLookDownEm::~CameraLookDownEm
0x800D2F24	0x4	.text	game/cam_extra.cpp	global	move__16CameraLookDownEm	CameraLookDownEm::move
0x800D2F28	0x38	.text	game/cam_extra.cpp	global	_._7cCamera	cCamera::~cCamera
0x800D2F60	0x38	.text	game/cam_extra.cpp	global	_._13IDApplication	IDApplication::~IDApplication
0x800D2F98	0x4	.text	game/cam_extra.cpp	local	init__13IDApplicationPv	IDApplication::init
0x800D2F9C	0x4	.text	game/cam_extra.cpp	global	move__13IDApplicationPv	IDApplication::move
0x800D2FA0	0x4	.text	game/cam_extra.cpp	global	quit__13IDApplicationPv	IDApplication::quit
0x800D2FA4	0x10	.text	game/cam_extra.cpp	local	_._7IdScope	IdScope::~IdScope
0x800D2FB4	0x10	.text	game/cam_extra.cpp	global	_._11IdBinocular	IdBinocular::~IdBinocular
0x800D2FC4	0x4	.text	game/cam_extra.cpp	global	__dl__7cCameraPvUi	cCamera::operator delete
0x800D2FC8	0x4	.text	game/cam_extra.cpp	local	__dl__13IDApplicationPvUi	IDApplication::operator delete
0x800D2FCC	0x174	.text	game/cam_motion.cpp	global	__12CameraMotionPviif	CameraMotion::CameraMotion
0x800D3140	0x4C	.text	game/cam_motion.cpp	global	_._12CameraMotion	CameraMotion::~CameraMotion
0x800D318C	0x218	.text	game/cam_motion.cpp	global	move__12CameraMotion	CameraMotion::move
0x800D33A4	0x60	.text	game/cam_motion.cpp	global	CameraSequenceCtrl	CameraSequenceCtrl
0x800D3404	0x8	.text	game/cam_qfps.cpp	global	LRinfo__14CameraQuasiFPSPv	CameraQuasiFPS::LRinfo
0x800D340C	0x8	.text	game/cam_qfps.cpp	global	LRcheck__14CameraQuasiFPS	CameraQuasiFPS::LRcheck
0x800D3414	0x168	.text	game/cam_qfps.cpp	global	calcDepressionRatio__14CameraQuasiFPS	CameraQuasiFPS::calcDepressionRatio
0x800D357C	0x3C	.text	game/cam_qfps.cpp	global	setPlayerLocation__14CameraQuasiFPSPA3_fP3Vec	CameraQuasiFPS::setPlayerLocation
0x800D35B8	0x478	.text	game/cam_qfps.cpp	global	calcBaseMatrix__14CameraQuasiFPSPA3_f	CameraQuasiFPS::calcBaseMatrix
0x800D3A30	0x84	.text	game/cam_qfps.cpp	global	checkFBLR__14CameraQuasiFPS	CameraQuasiFPS::checkFBLR
0x800D3AB4	0x8	.text	game/cam_qfps.cpp	global	setBlendRatio__14CameraQuasiFPSf	CameraQuasiFPS::setBlendRatio
0x800D3ABC	0x18	.text	game/cam_qfps.cpp	global	setBlendCount__14CameraQuasiFPSi	CameraQuasiFPS::setBlendCount
0x800D3AD4	0x8	.text	game/cam_qfps.cpp	global	getFloorRatio__14CameraQuasiFPS	CameraQuasiFPS::getFloorRatio
0x800D3ADC	0x8	.text	game/cam_qfps.cpp	global	setFloorRatio__14CameraQuasiFPSf	CameraQuasiFPS::setFloorRatio
0x800D3AE4	0x274	.text	game/cam_qfps.cpp	global	checkCameraType__14CameraQuasiFPS	CameraQuasiFPS::checkCameraType
0x800D3D58	0x4D8	.text	game/cam_qfps.cpp	global	calcOffset__14CameraQuasiFPSP7QfpsOfs	CameraQuasiFPS::calcOffset
0x800D4230	0xA7C	.text	game/cam_qfps.cpp	global	hitCheck__14CameraQuasiFPSPA3_fP7QfpsOfsP11CameraParam	CameraQuasiFPS::hitCheck
0x800D4CAC	0x158	.text	game/cam_qfps.cpp	global	setBlendData__14CameraQuasiFPSPvT1	CameraQuasiFPS::setBlendData
0x800D4E04	0x158	.text	game/cam_qfps.cpp	global	getAreaData__14CameraQuasiFPSPA2_7QfpsOfsT1	CameraQuasiFPS::getAreaData
0x800D4F5C	0x158	.text	game/cam_qfps.cpp	global	setAreaData__14CameraQuasiFPSPA2_7QfpsOfsT1	CameraQuasiFPS::setAreaData
0x800D50B4	0x36C	.text	game/cam_qfps.cpp	global	setAreaData__14CameraQuasiFPSP9CameraCut	CameraQuasiFPS::setAreaData
0x800D5420	0x108	.text	game/cam_qfps.cpp	global	offsetCorrection	offsetCorrection
0x800D5528	0x40	.text	game/cam_qfps.cpp	local	offsetArrayCorrection	offsetArrayCorrection
0x800D5568	0x64	.text	game/cam_qfps.cpp	global	offsetCorrection__14CameraQuasiFPS	CameraQuasiFPS::offsetCorrection
0x800D55CC	0xB4	.text	game/cam_qfps.cpp	global	bindDefaultCamera__14CameraQuasiFPS	CameraQuasiFPS::bindDefaultCamera
0x800D5680	0x1DC	.text	game/cam_qfps.cpp	global	bindAreaCamera__14CameraQuasiFPSP13CameraAreaRec	CameraQuasiFPS::bindAreaCamera
0x800D585C	0xA4	.text	game/cam_qfps.cpp	global	init__14CameraQuasiFPS	CameraQuasiFPS::init
0x800D5900	0x600	.text	game/cam_qfps.cpp	global	move__14CameraQuasiFPS	CameraQuasiFPS::move
0x800D5F00	0x1BC	.text	game/cam_sys.cpp	global	CameraSetOrientationUp	CameraSetOrientationUp
0x800D60BC	0x3B8	.text	game/cam_sys.cpp	global	CameraSetOrientationRoll	CameraSetOrientationRoll
0x800D6474	0x300	.text	game/cam_sys.cpp	global	CameraSetOrientationZeroRoll	CameraSetOrientationZeroRoll
0x800D6774	0xF0	.text	game/cam_sys.cpp	global	CameraGetRoll	CameraGetRoll
0x800D6864	0x74	.text	game/cam_sys.cpp	global	CameraRotAxisPosRad	CameraRotAxisPosRad
0x800D68D8	0xB0	.text	game/cam_sys.cpp	global	CameraTargetRot	CameraTargetRot
0x800D6988	0xB0	.text	game/cam_sys.cpp	global	CameraCamposRot	CameraCamposRot
0x800D6A38	0x50	.text	game/cam_sys.cpp	global	CameraDolly	CameraDolly
0x800D6A88	0x78	.text	game/cam_sys.cpp	global	CameraTargetDistance__FP6CAMERAf	CameraTargetDistance
0x800D6B00	0x78	.text	game/cam_sys.cpp	global	CameraCamposDistance	CameraCamposDistance
0x800D6B78	0x64	.text	game/cam_sys.cpp	global	CameraSetWithRoll	CameraSetWithRoll
0x800D6BDC	0x58	.text	game/camera.cpp	global	CameraSetProjection	CameraSetProjection
0x800D6C34	0x24	.text	game/camera.cpp	global	CameraCurrentProjection__Fv	CameraCurrentProjection
0x800D6C58	0x8	.text	game/camera.cpp	global	CameraGetProjection	CameraGetProjection
0x800D6C60	0x9C	.text	game/camera.cpp	global	CameraGameInit	CameraGameInit
0x800D6CFC	0x14	.text	game/camera.cpp	global	CameraRoomInit	CameraRoomInit
0x800D6D10	0x254	.text	game/camera.cpp	global	CameraMove	CameraMove
0x800D6F64	0x17C	.text	game/camera.cpp	global	CamStick2World__FP6CAMERAP3JOYP3Vec	CamStick2World
0x800D70E0	0xC	.text	game/camera.cpp	global	CameraViewFrustumPtr	CameraViewFrustumPtr
0x800D70EC	0x20	.text	game/camera.cpp	global	CameraGetUpVec	CameraGetUpVec
0x800D710C	0x20	.text	game/camera.cpp	global	CameraGetLookVec	CameraGetLookVec
0x800D712C	0x28	.text	game/camera.cpp	global	CameraGetLookVecInverse	CameraGetLookVecInverse
0x800D7154	0xFC	.text	game/camera.cpp	global	CamPos2ScrnVec	CamPos2ScrnVec
0x800D7250	0x1C	.text	game/cDataSwap.cpp	global	__9cDataSwap	cDataSwap::cDataSwap
0x800D726C	0x28	.text	game/cDataSwap.cpp	global	_._9cDataSwap	cDataSwap::~cDataSwap
0x800D7294	0x158	.text	game/cDataSwap.cpp	global	SwapOut__9cDataSwapUlUlUl	cDataSwap::SwapOut
0x800D73EC	0xA4	.text	game/cDataSwap.cpp	global	SwapIn__9cDataSwap	cDataSwap::SwapIn
0x800D7490	0x14	.text	game/cMotBase.cpp	global	__8cMotBase	cMotBase::cMotBase
0x800D74A4	0x7C	.text	game/cMotBase.cpp	global	set__8cMotBaseP9cMotModelP10MotionDataP3VecT3Uc	cMotBase::set
0x800D7520	0x50	.text	game/cMotBase.cpp	global	set__8cMotBaseP9cMotModelP3VecT2Uc	cMotBase::set
0x800D7570	0x74	.text	game/cMotBase.cpp	global	adjust__8cMotBase	cMotBase::adjust
0x800D75E4	0x20C	.text	game/cMotBase.cpp	global	move__8cMotBase	cMotBase::move
0x800D77F0	0x28	.text	game/cockpit.cpp	global	gameInit__7Cockpit	Cockpit::gameInit
0x800D7818	0xAC	.text	game/cockpit.cpp	global	roomInit__7Cockpit	Cockpit::roomInit
0x800D78C4	0x94	.text	game/cockpit.cpp	global	move__7Cockpit	Cockpit::move
0x800D7958	0x90	.text	game/cockpit.cpp	global	msgWindow__7Cockpiti	Cockpit::msgWindow
0x800D79E8	0x90	.text	game/cockpit.cpp	global	lifeMeterDisp__7Cockpiti	Cockpit::lifeMeterDisp
0x800D7A78	0x260	.text	game/cockpit.cpp	global	roomInit__9LifeMeter	LifeMeter::roomInit
0x800D7CD8	0xC94	.text	game/cockpit.cpp	global	move__9LifeMeter	LifeMeter::move
0x800D896C	0xB0	.text	game/cockpit.cpp	global	fix__9LifeMeteri	LifeMeter::fix
0x800D8A1C	0x80	.text	game/cockpit.cpp	global	disp__9LifeMeteri	LifeMeter::disp
0x800D8A9C	0x48	.text	game/cockpit.cpp	global	frameOut__9LifeMeter	LifeMeter::frameOut
0x800D8AE4	0x48	.text	game/cockpit.cpp	global	frameIn__9LifeMeter	LifeMeter::frameIn
0x800D8B2C	0x90	.text	game/cockpit.cpp	global	roomInit__12ActionButton	ActionButton::roomInit
0x800D8BBC	0x1C8	.text	game/cockpit.cpp	global	move__12ActionButton	ActionButton::move
0x800D8D84	0xC	.text	game/cockpit.cpp	global	roomInit__10BulletInfo	BulletInfo::roomInit
0x800D8D90	0x32C	.text	game/cockpit.cpp	global	move__10BulletInfo	BulletInfo::move
0x800D90BC	0xA4	.text	game/cockpit.cpp	local	dispBulletDigit__FUc	dispBulletDigit
0x800D9160	0x130	.text	game/cockpit.cpp	global	dispBulletIconMarkNo__FUc	dispBulletIconMarkNo
0x800D9290	0xD0	.text	game/cockpit.cpp	global	roomInit__9CountDown	CountDown::roomInit
0x800D9360	0x590	.text	game/cockpit.cpp	global	move__9CountDown	CountDown::move
0x800D98F0	0xA8	.text	game/cockpit.cpp	global	disp__9CountDowni	CountDown::disp
0x800D9998	0x64	.text	game/cockpit.cpp	global	frameIn__9CountDown	CountDown::frameIn
0x800D99FC	0x3C	.text	game/cockpit.cpp	global	frameOut__9CountDown	CountDown::frameOut
0x800D9A38	0x148	.text	game/cockpit.cpp	global	initTime__9CountDowniii	CountDown::initTime
0x800D9B80	0x8	.text	game/cockpit.cpp	global	initTimeFrame__9CountDownUl	CountDown::initTimeFrame
0x800D9B88	0xE4	.text	game/cockpit.cpp	global	warnTime__9CountDowniii	CountDown::warnTime
0x800D9C6C	0x28	.text	game/cockpit.cpp	global	getTime__9CountDownPiN21	CountDown::getTime
0x800D9C94	0x8	.text	game/cockpit.cpp	global	getFrame__9CountDown	CountDown::getFrame
0x800D9C9C	0x44	.text	game/cockpit.cpp	global	saveDisp__9CountDown	CountDown::saveDisp
0x800D9CE0	0x68	.text	game/cockpit.cpp	global	loadDisp__9CountDown	CountDown::loadDisp
0x800D9D48	0xC	.text	game/cons.cpp	global	ConsInitRoom__FP8ConsRoom	ConsInitRoom
0x800D9D54	0x64	.text	game/cons.cpp	global	ConsGetRoomValue__FUl	ConsGetRoomValue
0x800D9DB8	0x14	.text	game/cString.cpp	global	__7cString	cString::cString
0x800D9DCC	0x5C	.text	game/cString.cpp	global	__7cStringPCc	cString::cString
0x800D9E28	0x40	.text	game/cString.cpp	global	_._7cString	cString::~cString
0x800D9E68	0x60	.text	game/cString.cpp	global	__as__7cStringRC7cString	cString::operator=
0x800D9EC8	0x9C	.text	game/cString.cpp	global	__apl__7cStringRC7cString	cString::operator+=
0x800D9F64	0x50	.text	game/cString.cpp	global	__apl__7cStringPCc	cString::operator+=
0x800D9FB4	0x8	.text	game/cString.cpp	global	c_str__7cString	cString::c_str
0x800D9FBC	0x24	.text	game/cString.cpp	global	size__7cString	cString::size
0x800D9FE0	0x4C	.text	game/cString.cpp	global	clear__7cString	cString::clear
0x800DA02C	0x4C	.text	game/cString.cpp	global	copy__7cStringPCc	cString::copy
0x800DA078	0x54	.text	game/ctrl.cpp	global	__8cCtrlMgr	cCtrlMgr::cCtrlMgr
0x800DA0CC	0xC0	.text	game/ctrl.cpp	global	construct__8cCtrlMgrP5cCtrlUl	cCtrlMgr::construct
0x800DA18C	0x84	.text	game/ctrl.cpp	global	move__8cCtrlMgr	cCtrlMgr::move
0x800DA210	0x84	.text	game/ctrl.cpp	global	trans__8cCtrlMgr	cCtrlMgr::trans
0x800DA294	0x4	.text	game/ctrl.cpp	global	move__5cCtrl	cCtrl::move
0x800DA298	0x4	.text	game/ctrl.cpp	global	trans__5cCtrl	cCtrl::trans
0x800DA29C	0x50	.text	game/ctrl.cpp	global	__t8cManager1Z5cCtrlUlUc	cManager<cCtrl>::cManager
0x800DA2EC	0x8	.text	game/ctrl.cpp	global	setName__t8cManager1Z5cCtrlPCc	cManager<cCtrl>::setName
0x800DA2F4	0xB0	.text	game/ctrl.cpp	global	dieCheck__t8cManager1Z5cCtrl	cManager<cCtrl>::dieCheck
0x800DA3A4	0x54	.text	game/ctrl.cpp	local	__static_initialization_and_destruction_0_800DA3A4	__static_initialization_and_destruction_0
0x800DA3F8	0x20	.text	game/ctrl.cpp	global	_._5cCtrl	cCtrl::~cCtrl
0x800DA418	0x34	.text	game/ctrl.cpp	global	_._8cCtrlMgr	cCtrlMgr::~cCtrlMgr
0x800DA44C	0x38	.text	game/ctrl.cpp	global	memAlloc__8cCtrlMgrUl	cCtrlMgr::memAlloc
0x800DA484	0x24	.text	game/ctrl.cpp	global	memFree__8cCtrlMgrPv	cCtrlMgr::memFree
0x800DA4A8	0x28	.text	game/ctrl.cpp	global	memClear__8cCtrlMgrP5cCtrlUl	cCtrlMgr::memClear
0x800DA4D0	0x20	.text	game/ctrl.cpp	global	_._7cCtrl00	cCtrl00::~cCtrl00
0x800DA4F0	0x20	.text	game/ctrl.cpp	global	_._7cCtrl01	cCtrl01::~cCtrl01
0x800DA510	0x20	.text	game/ctrl.cpp	global	_._7cCtrl10	cCtrl10::~cCtrl10
0x800DA530	0x34	.text	game/ctrl.cpp	global	_._t8cManager1Z5cCtrl	cManager<cCtrl>::~cManager
0x800DA564	0x218	.text	game/ctrl.cpp	global	destroy__t8cManager1Z5cCtrlP5cCtrl	cManager<cCtrl>::destroy
0x800DA77C	0x2C	.text	game/ctrl.cpp	global	_GLOBAL_.I.__8cCtrlMgr	global constructors keyed to cCtrlMgr::cCtrlMgr
0x800DA7A8	0x2C	.text	game/ctrl.cpp	global	_GLOBAL_.D.__8cCtrlMgr	global destructors keyed to cCtrlMgr::cCtrlMgr
0x800DA7D4	0x44	.text	game/datactrl.cpp	global	setCommand__9cDataUnitiUlUc	cDataUnit::setCommand
0x800DA818	0x8	.text	game/datactrl.cpp	global	getCommand__9cDataUnit	cDataUnit::getCommand
0x800DA820	0x8	.text	game/datactrl.cpp	global	setCondition__9cDataUniti	cDataUnit::setCondition
0x800DA828	0x8	.text	game/datactrl.cpp	global	getCondition__9cDataUnit	cDataUnit::getCondition
0x800DA830	0x7C	.text	game/datactrl.cpp	global	checkMallocRelease__9cDataUnit	cDataUnit::checkMallocRelease
0x800DA8AC	0x98	.text	game/datactrl.cpp	global	setMallocInfo__9cDataUnitiPv	cDataUnit::setMallocInfo
0x800DA944	0x8	.text	game/datactrl.cpp	global	fixMramAddr__9cDataUnitUl	cDataUnit::fixMramAddr
0x800DA94C	0x5C	.text	game/datactrl.cpp	global	isUseOk__9cDataUnit	cDataUnit::isUseOk
0x800DA9A8	0xA0	.text	game/datactrl.cpp	global	waitUseOk__9cDataUnit	cDataUnit::waitUseOk
0x800DAA48	0x50	.text	game/datactrl.cpp	global	isLoadOk__9cDataUnit	cDataUnit::isLoadOk
0x800DAA98	0x88	.text	game/datactrl.cpp	global	waitLoadOk__9cDataUnit	cDataUnit::waitLoadOk
0x800DAB20	0x3E8	.text	game/datactrl.cpp	global	setLoadToMram__9cDataUnit	cDataUnit::setLoadToMram
0x800DAF08	0x338	.text	game/datactrl.cpp	global	setLoadToAram__9cDataUnit	cDataUnit::setLoadToAram
0x800DB240	0xE8	.text	game/datactrl.cpp	global	setClear__9cDataUnit	cDataUnit::setClear
0x800DB328	0x58	.text	game/datactrl.cpp	global	setDelete__9cDataUnit	cDataUnit::setDelete
0x800DB380	0xC8	.text	game/datactrl.cpp	global	checkLoadToMram__9cDataUnit	cDataUnit::checkLoadToMram
0x800DB448	0xC8	.text	game/datactrl.cpp	global	checkLoadToAram__9cDataUnit	cDataUnit::checkLoadToAram
0x800DB510	0xA0	.text	game/datactrl.cpp	global	checkAramToMram__9cDataUnit	cDataUnit::checkAramToMram
0x800DB5B0	0xA8	.text	game/datactrl.cpp	global	checkMramToAram__9cDataUnit	cDataUnit::checkMramToAram
0x800DB658	0x100	.text	game/datactrl.cpp	global	checkAramToAram__9cDataUnit	cDataUnit::checkAramToAram
0x800DB758	0x4	.text	game/datactrl.cpp	global	checkMramToMram__9cDataUnit	cDataUnit::checkMramToMram
0x800DB75C	0x8C	.text	game/datactrl.cpp	global	checkCommand__9cDataUnit	cDataUnit::checkCommand
0x800DB7E8	0xBC	.text	game/datactrl.cpp	global	checkCondition__9cDataUnit	cDataUnit::checkCondition
0x800DB8A4	0x234	.text	game/datactrl.cpp	global	getAramFree__9cDataCtrlUl	cDataCtrl::getAramFree
0x800DBAD8	0x4C	.text	game/datactrl.cpp	global	init__9cDataCtrl	cDataCtrl::init
0x800DBB24	0xB0	.text	game/datactrl.cpp	global	initDataUnit__9cDataCtrl	cDataCtrl::initDataUnit
0x800DBBD4	0x40	.text	game/datactrl.cpp	global	deleteAll__9cDataCtrl	cDataCtrl::deleteAll
0x800DBC14	0x118	.text	game/datactrl.cpp	global	setData__9cDataCtrlPc	cDataCtrl::setData
0x800DBD2C	0xB4	.text	game/datactrl.cpp	global	getNewUnit__9cDataCtrl	cDataCtrl::getNewUnit
0x800DBDE0	0x8	.text	game/datactrl.cpp	global	setAramSort__9cDataCtrli	cDataCtrl::setAramSort
0x800DBDE8	0x1A8	.text	game/datactrl.cpp	global	checkAramSort__9cDataCtrl	cDataCtrl::checkAramSort
0x800DBF90	0x410	.text	game/datactrl.cpp	global	dispDebug__9cDataCtrl	cDataCtrl::dispDebug
0x800DC3A0	0x20	.text	game/datactrl.cpp	global	initDummyId__9cDataCtrl	cDataCtrl::initDummyId
0x800DC3C0	0x80	.text	game/datactrl.cpp	global	setDummyId__9cDataCtrli	cDataCtrl::setDummyId
0x800DC440	0xA4	.text	game/datactrl.cpp	global	checkDummyId__9cDataCtrl	cDataCtrl::checkDummyId
0x800DC4E4	0xA0	.text	game/datactrl.cpp	global	check__9cDataCtrl	cDataCtrl::check
0x800DC584	0x54	.text	game/datactrl.cpp	local	__static_initialization_and_destruction_0_800DC584	__static_initialization_and_destruction_0
0x800DC5D8	0x2C	.text	game/datactrl.cpp	global	global_constructors_keyed_to_cDataUnit_setCommand	global constructors keyed to cDataUnit::setCommand
0x800DC604	0x2C	.text	game/datactrl.cpp	global	global_destructors_keyed_to_cDataUnit_setCommand	global destructors keyed to cDataUnit::setCommand
0x800DC630	0x968	.text	game/db_cam.cpp	global	move__11debugCameraP6CAMERAP3JOYi	debugCamera::move
0x800DCF98	0x5C4	.text	game/db_cam.cpp	global	camera_type_00__11debugCameraP6CAMERAP3JOY	debugCamera::camera_type_00
0x800DD55C	0x30C	.text	game/db_cam.cpp	global	camera_type_01__11debugCameraP6CAMERAP3JOY	debugCamera::camera_type_01
0x800DD868	0x334	.text	game/db_cam.cpp	global	menu__11debugCameraP6CAMERAP3JOY	debugCamera::menu
0x800DDB9C	0x538	.text	game/db_cam.cpp	global	menuCamera__11debugCameraP3JOY	debugCamera::menuCamera
0x800DE0D4	0x534	.text	game/db_cam.cpp	global	menuFlag__11debugCameraP3JOY	debugCamera::menuFlag
0x800DE608	0x348	.text	game/db_cam.cpp	global	menuHitDisp__11debugCameraP3JOY	debugCamera::menuHitDisp
0x800DE950	0x1F8	.text	game/db_cam.cpp	global	menuAdjust__11debugCameraP3JOY	debugCamera::menuAdjust
0x800DEB48	0x438	.text	game/db_cam.cpp	global	CameraDrawTarget__FP6CAMERAi	CameraDrawTarget
0x800DEF80	0x1A8	.text	game/db_cam.cpp	global	CameraDebugInformation__Fv	CameraDebugInformation
0x800DF128	0x3B0	.text	game/db_cam.cpp	global	moveOnPlaneXZ__FP3VecT0	moveOnPlaneXZ
0x800DF4D8	0x348	.text	game/db_cam.cpp	global	drawGround__Fi	drawGround
0x800DF820	0x11FC	.text	game/db_cam.cpp	global	adjust_qFPS__FP3JOYiiiPi	adjust_qFPS
0x800E0A1C	0x34	.text	game/db_log.cpp	global	LogInit__Fv	LogInit
0x800E0A50	0x34	.text	game/db_log.cpp	global	init__4cLog	cLog::init
0x800E0A84	0x8C	.text	game/db_log.cpp	global	mes__4cLogiiPCce	cLog::mes
0x800E0B10	0x8C	.text	game/db_log.cpp	global	err__4cLogiiPCce	cLog::err
0x800E0B9C	0x8C	.text	game/db_log.cpp	global	warn__4cLogiiPCce	cLog::warn
0x800E0C28	0x44	.text	game/db_log.cpp	global	vmes__4cLogiiPCcP13__va_list_tag	cLog::vmes
0x800E0C6C	0x38	.text	game/db_log.cpp	global	verr__4cLogiiPCcP13__va_list_tag	cLog::verr
0x800E0CA4	0x38	.text	game/db_log.cpp	global	vwarn__4cLogiiPCcP13__va_list_tag	cLog::vwarn
0x800E0CDC	0x58	.text	game/db_log.cpp	global	clear__4cLog	cLog::clear
0x800E0D34	0x4C	.text	game/db_log.cpp	global	modeReset__4cLog	cLog::modeReset
0x800E0D80	0x20	.text	game/db_log.cpp	global	modeSet__4cLogiiii	cLog::modeSet
0x800E0DA0	0x200	.text	game/db_log.cpp	global	disp__4cLog	cLog::disp
0x800E0FA0	0x8C	.text	game/db_log.cpp	global	dispLineNum__4cLogii	cLog::dispLineNum
0x800E102C	0xC	.text	game/db_log.cpp	global	on__4cLogi	cLog::on
0x800E1038	0x30	.text	game/db_log.cpp	global	scrSet__4cLogSc	cLog::scrSet
0x800E1068	0x130	.text	game/db_log.cpp	global	add__4cLogiiPCcP13__va_list_tag	cLog::add
0x800E1198	0x3C	.text	game/db_log.cpp	global	print__8cLogWorkii	cLogWork::print
0x800E11D4	0x18	.text	game/db_log.cpp	global	clear__8cLogWork	cLogWork::clear
0x800E11EC	0x64	.text	game/db_menu.cpp	global	dbMenuGetMenuNo__FPCc	dbMenuGetMenuNo
0x800E1250	0x3C	.text	game/db_menu.cpp	global	MenuTask__Fv	MenuTask
0x800E128C	0xB8	.text	game/db_menu.cpp	global	DbMenuExec__Fv	DbMenuExec
0x800E1344	0xF0	.text	game/db_menu.cpp	global	DbMenuExitAfterCheck__Fv	DbMenuExitAfterCheck
0x800E1434	0x40	.text	game/db_menu.cpp	global	DbMenuSetExecTool__FPCc	DbMenuSetExecTool
0x800E1474	0x1C	.text	game/db_menu.cpp	global	DbMenuActiveCheck__Fv	DbMenuActiveCheck
0x800E1490	0x3C	.text	game/db_menu.cpp	global	DbMenuRestoreStopFlag__Fv	DbMenuRestoreStopFlag
0x800E14CC	0x18	.text	game/db_menu.cpp	global	DbMenuRoomInit__Fv	DbMenuRoomInit
0x800E14E4	0x94	.text	game/db_menu.cpp	global	init__FP4test	init
0x800E1578	0x3C	.text	game/db_menu.cpp	local	exit__FP4test	exit
0x800E15B4	0x438	.text	game/db_menu.cpp	global	move__FP4test	move
0x800E19EC	0x68	.text	game/db_menu.cpp	global	DbmenuModuleInit__Fv	DbmenuModuleInit
0x800E1A54	0x9C	.text	game/dbmodule.cpp	global	init_dbmodule	init_dbmodule
0x800E1AF0	0x204	.text	game/dbmodule.cpp	global	Render_tile	Render_tile
0x800E1CF4	0x88	.text	game/dbmodule.cpp	global	Draw_tile	Draw_tile
0x800E1D7C	0x21C	.text	game/dbmodule.cpp	global	Draw_line	Draw_line
0x800E1F98	0x25C	.text	game/dbmodule.cpp	global	Draw_quad	Draw_quad
0x800E21F4	0x34	.text	game/dbmodule.cpp	global	Draw_line3d	Draw_line3d
0x800E2228	0x1D0	.text	game/dbmodule.cpp	global	Draw_line3d_local	Draw_line3d_local
0x800E23F8	0x15C	.text	game/dbmodule.cpp	global	Draw_line3d_init	Draw_line3d_init
0x800E2554	0x28	.text	game/dbmodule.cpp	global	Draw_line3d_end	Draw_line3d_end
0x800E257C	0x34	.text	game/dbmodule.cpp	global	Draw_poly	Draw_poly
0x800E25B0	0x1E8	.text	game/dbmodule.cpp	global	Draw_poly_local	Draw_poly_local
0x800E2798	0x190	.text	game/dbmodule.cpp	global	Draw_sphere	Draw_sphere
0x800E2928	0x150	.text	game/dbmodule.cpp	global	Draw_cylinder	Draw_cylinder
0x800E2A78	0x190	.text	game/dbmodule.cpp	global	Draw_cylinderMtx	Draw_cylinderMtx
0x800E2C08	0xC4	.text	game/dbmodule.cpp	global	Draw_corn3	Draw_corn3
0x800E2CCC	0x184	.text	game/dbmodule.cpp	global	Draw_corn	Draw_corn
0x800E2E50	0x4A4	.text	game/dbmodule.cpp	global	Draw_corn2	Draw_corn2
0x800E32F4	0x1E4	.text	game/dbmodule.cpp	global	Draw_box	Draw_box
0x800E34D8	0x28	.text	game/dbmodule.cpp	global	Draw_pos	Draw_pos
0x800E3500	0x2B8	.text	game/dbmodule.cpp	global	Draw_local_pos	Draw_local_pos
0x800E37B8	0x140	.text	game/dbmodule.cpp	global	Draw_floor	Draw_floor
0x800E38F8	0x34C	.text	game/dbmodule.cpp	global	init_sphere	init_sphere
0x800E3C44	0x13C	.text	game/dbmodule.cpp	global	init_circle	init_circle
0x800E3D80	0x17C	.text	game/dbmodule.cpp	global	init_cylinder	init_cylinder
0x800E3EFC	0x174	.text	game/dbmodule.cpp	global	init_corn	init_corn
0x800E4070	0x710	.text	game/dbmodule.cpp	global	DrawObjWireframe	DrawObjWireframe
0x800E4780	0x108	.text	game/dbmodule.cpp	global	DrawRoomWireframe	DrawRoomWireframe
0x800E4888	0x238	.text	game/dbmodule.cpp	global	DispTime	DispTime
0x800E4AC0	0xC	.text	game/dbmodule.cpp	global	GetBugCheckController__Fv	GetBugCheckController
0x800E4ACC	0xB8	.text	game/debug.cpp	global	DebugControl	DebugControl
0x800E4B84	0xE8	.text	game/debug.cpp	global	debugPadInfoDisp	debugPadInfoDisp
0x800E4C6C	0x8F8	.text	game/debug.cpp	global	processBarDisp	processBarDisp
0x800E5564	0x98	.text	game/debug.cpp	global	ProcessTickGet	ProcessTickGet
0x800E55FC	0x34	.text	game/debug.cpp	global	ProcessTickInit	ProcessTickInit
0x800E5630	0x258	.text	game/debug.cpp	global	PrimitiveBuffDisp	PrimitiveBuffDisp
0x800E5888	0xE24	.text	game/debug.cpp	global	ConfigSet	ConfigSet
0x800E66AC	0xA4	.text	game/debug.cpp	global	symbol_check	symbol_check
0x800E6750	0xA0	.text	game/debug.cpp	global	space_skip	space_skip
0x800E67F0	0x110	.text	game/debug.cpp	global	comment_check	comment_check
0x800E6900	0x70	.text	game/debug.cpp	global	num_get	num_get
0x800E6970	0x54	.text	game/dmg.cpp	global	__7cDmgMgr	cDmgMgr::cDmgMgr
0x800E69C4	0x40	.text	game/dmg.cpp	global	construct__7cDmgMgrP4cDmgi	cDmgMgr::construct
0x800E6A04	0x20	.text	game/dmg.cpp	global	construct__7cDmgMgrP4cDmgUl	cDmgMgr::construct
0x800E6A24	0xA0	.text	game/dmg.cpp	global	move__7cDmgMgr	cDmgMgr::move
0x800E6AC4	0x90	.text	game/dmg.cpp	global	set__7cDmgMgriiP3Vecff	cDmgMgr::set
0x800E6B54	0xE0	.text	game/dmg.cpp	global	set__7cDmgMgriiP3Vecf	cDmgMgr::set
0x800E6C34	0xA4	.text	game/dmg.cpp	global	hitCheck__7cDmgMgrP3VecT1	cDmgMgr::hitCheck
0x800E6CD8	0xD8	.text	game/dmg.cpp	global	hitCheck__7cDmgCylP3VecT1	cDmgCyl::hitCheck
0x800E6DB0	0xA4	.text	game/dmg.cpp	global	hitCheck__6cDmgP4P3VecT1	cDmgP4::hitCheck
0x800E6E54	0x21C	.text	game/dmg.cpp	global	beginEvent__4cDmgUl	cDmg::beginEvent
0x800E7070	0x50	.text	game/dmg.cpp	global	__t8cManager1Z4cDmgUlUc	cManager<cDmg>::cManager
0x800E70C0	0x8	.text	game/dmg.cpp	global	setName__t8cManager1Z4cDmgPCc	cManager<cDmg>::setName
0x800E70C8	0xB0	.text	game/dmg.cpp	global	dieCheck__t8cManager1Z4cDmg	cManager<cDmg>::dieCheck
0x800E7178	0x48	.text	game/dmg.cpp	global	log__t8cManager1Z4cDmgPCce	cManager<cDmg>::log
0x800E71C0	0xBC	.text	game/dmg.cpp	global	countActiveWork__t8cManager1Z4cDmg	cManager<cDmg>::countActiveWork
0x800E727C	0x158	.text	game/dmg.cpp	global	create__t8cManager1Z4cDmgi	cManager<cDmg>::create
0x800E73D4	0x54	.text	game/dmg.cpp	local	__static_initialization_and_destruction_0_800E73D4	__static_initialization_and_destruction_0
0x800E7428	0x20	.text	game/dmg.cpp	global	_._4cDmg	cDmg::~cDmg
0x800E7448	0x20	.text	game/dmg.cpp	global	_._7cDmgCyl	cDmgCyl::~cDmgCyl
0x800E7468	0x20	.text	game/dmg.cpp	global	_._6cDmgP4	cDmgP4::~cDmgP4
0x800E7488	0x34	.text	game/dmg.cpp	global	_._7cDmgMgr	cDmgMgr::~cDmgMgr
0x800E74BC	0x38	.text	game/dmg.cpp	global	memAlloc__7cDmgMgrUl	cDmgMgr::memAlloc
0x800E74F4	0x24	.text	game/dmg.cpp	global	memFree__7cDmgMgrPv	cDmgMgr::memFree
0x800E7518	0x28	.text	game/dmg.cpp	global	memClear__7cDmgMgrP4cDmgUl	cDmgMgr::memClear
0x800E7540	0x34	.text	game/dmg.cpp	global	_._t8cManager1Z4cDmg	cManager<cDmg>::~cManager
0x800E7574	0x218	.text	game/dmg.cpp	global	destroy__t8cManager1Z4cDmgP4cDmg	cManager<cDmg>::destroy
0x800E778C	0x2C	.text	game/dmg.cpp	global	global_constructors_keyed_to_cDmgMgr_cDmgMgr	global constructors keyed to cDmgMgr::cDmgMgr
0x800E77B8	0x2C	.text	game/dmg.cpp	global	global_destructors_keyed_to_cDmgMgr_cDmgMgr	global destructors keyed to cDmgMgr::cDmgMgr
0x800E77E4	0xA0	.text	game/dvd.cpp	global	DvdRead	DvdRead
0x800E7884	0xB8	.text	game/dvd.cpp	global	DvdReadN	DvdReadN
0x800E793C	0x13C	.text	game/dvd.cpp	global	MemorySwap	MemorySwap
0x800E7A78	0x54	.text	game/dvd.cpp	global	trans2mram__9cDvdQueuePvUlUl	cDvdQueue::trans2mram
0x800E7ACC	0x24	.text	game/dvd.cpp	global	trans2aram_cb	trans2aram_cb
0x800E7AF0	0x78	.text	game/dvd.cpp	global	trans2aram__9cDvdQueuePvUlUl	cDvdQueue::trans2aram
0x800E7B68	0x4C	.text	game/dvd.cpp	global	dvdread_callback	dvdread_callback
0x800E7BB4	0x57C	.text	game/dvd.cpp	global	readInit__9cDvdQueue	cDvdQueue::readInit
0x800E8130	0x7D8	.text	game/dvd.cpp	global	readMain__9cDvdQueue	cDvdQueue::readMain
0x800E8908	0x28	.text	game/dvd.cpp	global	readCancelWait__9cDvdQueue	cDvdQueue::readCancelWait
0x800E8930	0x114	.text	game/dvd.cpp	global	readExit__9cDvdQueue	cDvdQueue::readExit
0x800E8A44	0xF4	.text	game/dvd.cpp	global	Read__9cDvdQueue	cDvdQueue::Read
0x800E8B38	0x228	.text	game/dvd.cpp	global	Initialize__9cDvdQueue	cDvdQueue::Initialize
0x800E8D60	0xA8	.text	game/dvd.cpp	global	LinkQueue__9cDvdQueue	cDvdQueue::LinkQueue
0x800E8E08	0x10	.text	game/dvd.cpp	global	PushQueue__9cDvdQueue	cDvdQueue::PushQueue
0x800E8E18	0x74	.text	game/dvd.cpp	global	ErrMemFree__9cDvdQueue	cDvdQueue::ErrMemFree
0x800E8E8C	0x4C	.text	game/dvd.cpp	global	fileOpen__9cDvdQueue	cDvdQueue::fileOpen
0x800E8ED8	0x8	.text	game/dvd.cpp	global	fileGetLength__9cDvdQueue	cDvdQueue::fileGetLength
0x800E8EE0	0x4C	.text	game/dvd.cpp	global	fileReadAsync__9cDvdQueuePvUlUl	cDvdQueue::fileReadAsync
0x800E8F2C	0x3C	.text	game/dvd.cpp	global	fileClose__9cDvdQueue	cDvdQueue::fileClose
0x800E8F68	0xD0	.text	game/dvd.cpp	global	DmaTransReq__5cAramiUlUlUli	cAram::DmaTransReq
0x800E9038	0x8C	.text	game/dvd.cpp	global	pullAramQueue__5cAramPi	cAram::pullAramQueue
0x800E90C4	0x20	.text	game/dvd.cpp	global	aram_cb	aram_cb
0x800E90E4	0xB4	.text	game/dvd.cpp	global	DmaTrans__5cAramP11cAramQueuei	cAram::DmaTrans
0x800E9198	0x50	.text	game/dvd.cpp	global	TransCheck__5cArami	cAram::TransCheck
0x800E91E8	0xE4	.text	game/dvd.cpp	global	DmaCancel__5cArami	cAram::DmaCancel
0x800E92CC	0x9C	.text	game/dvd.cpp	global	DmaCancelAll__5cAram	cAram::DmaCancelAll
0x800E9368	0x8C	.text	game/dvd.cpp	global	Init__4cDvd	cDvd::Init
0x800E93F4	0x8C	.text	game/dvd.cpp	global	SizeTableRead__4cDvd	cDvd::SizeTableRead
0x800E9480	0x28	.text	game/dvd.cpp	global	DvdReadProc	DvdReadProc
0x800E94A8	0xF8	.text	game/dvd.cpp	global	ReadProc__4cDvd	cDvd::ReadProc
0x800E95A0	0x94	.text	game/dvd.cpp	global	readProcMain__4cDvdP9cDvdQueue	cDvd::readProcMain
0x800E9634	0x174	.text	game/dvd.cpp	global	ReadNblk2Blk__4cDvdi	cDvd::ReadNblk2Blk
0x800E97A8	0x48	.text	game/dvd.cpp	global	FileTblExistCheck__4cDvd	cDvd::FileTblExistCheck
0x800E97F0	0x78	.text	game/dvd.cpp	global	FileExistCheck__4cDvdPCcPUl	cDvd::FileExistCheck
0x800E9868	0x7C	.text	game/dvd.cpp	global	ReadReq__4cDvd	cDvd::ReadReq
0x800E98E4	0x17C	.text	game/dvd.cpp	global	blockRead__4cDvdP9cDvdQueue	cDvd::blockRead
0x800E9A60	0x104	.text	game/dvd.cpp	global	Watcher__4cDvd	cDvd::Watcher
0x800E9B64	0x14	.text	game/dvd.cpp	global	readcancel_cb	readcancel_cb
0x800E9B78	0x170	.text	game/dvd.cpp	global	ReadCancel__4cDvdii	cDvd::ReadCancel
0x800E9CE8	0x80	.text	game/dvd.cpp	global	ReadCancelAll__4cDvd	cDvd::ReadCancelAll
0x800E9D68	0xAC	.text	game/dvd.cpp	global	pullReadQueue__4cDvd	cDvd::pullReadQueue
0x800E9E14	0x70	.text	game/dvd.cpp	global	ReadCheck__4cDvdiPiT2PPv	cDvd::ReadCheck
0x800E9E84	0x20	.text	game/dvd.cpp	global	ReadCheck__4cDvdiP11DvdReadInfo	cDvd::ReadCheck
0x800E9EA4	0x1FC	.text	game/dvd.cpp	global	readCheckMain__4cDvdiP11DvdReadInfo	cDvd::readCheckMain
0x800EA0A0	0x30	.text	game/dvd.cpp	global	getQueuePtr__4cDvdUc	cDvd::getQueuePtr
0x800EA0D0	0x398	.text	game/dvd.cpp	global	ErrCheck__4cDvdii	cDvd::ErrCheck
0x800EA468	0x134	.text	game/dvd.cpp	global	MesSysMessage	MesSysMessage
0x800EA59C	0xB0	.text	game/dvd.cpp	global	RomFontPrint	RomFontPrint
0x800EA64C	0x814	.text	game/dvd.cpp	global	RomFontMessage	RomFontMessage
0x800EAE60	0x158	.text	game/dvd.cpp	global	DiscChange__4cDvdi	cDvd::DiscChange
0x800EAFB8	0x40	.text	game/dvd.cpp	global	GetDiscNo__4cDvd	cDvd::GetDiscNo
0x800EAFF8	0x54	.text	game/dvd.cpp	global	RomFontSetting	RomFontSetting
0x800EB04C	0x250	.text	game/dvd.cpp	global	queueStatusDisp__4cDvd	cDvd::queueStatusDisp
0x800EB29C	0x1A8	.text	game/dvd.cpp	global	DiscReadInfo__4cDvd	cDvd::DiscReadInfo
0x800EB444	0xF0	.text	game/eff_sys.cpp	global	EspInit	EspInit
0x800EB534	0x1C0	.text	game/eff_sys.cpp	global	EspRoomInit	EspRoomInit
0x800EB6F4	0xD4	.text	game/eff_sys.cpp	global	EspPullTexObj	EspPullTexObj
0x800EB7C8	0x2B4	.text	game/eff_sys.cpp	global	EspDataLoad	EspDataLoad
0x800EBA7C	0x5C	.text	game/eff_sys.cpp	global	EffAreaDataLoad	EffAreaDataLoad
0x800EBAD8	0x100	.text	game/eff_sys.cpp	global	EspDataRelease	EspDataRelease
0x800EBBD8	0x60	.text	game/eff_sys.cpp	global	EspGetTexWk	EspGetTexWk
0x800EBC38	0xA4	.text	game/eff_sys.cpp	global	EspTexSet	EspTexSet
0x800EBCDC	0x68	.text	game/eff_sys.cpp	global	EspGetTexObj	EspGetTexObj
0x800EBD44	0x7C	.text	game/eff_sys.cpp	global	EspGetTlutObj	EspGetTlutObj
0x800EBDC0	0x30	.text	game/eff_sys.cpp	global	EspGetTplAddr	EspGetTplAddr
0x800EBDF0	0x2C	.text	game/eff_sys.cpp	global	EspGetTexOwner	EspGetTexOwner
0x800EBE1C	0x30	.text	game/eff_sys.cpp	global	EspGetAnmAddr	EspGetAnmAddr
0x800EBE4C	0x24	.text	game/eff_sys.cpp	global	EspChkTexId	EspChkTexId
0x800EBE70	0x88	.text	game/eff_sys.cpp	local	EspCalcTplAddr__FP10TEXPalette	EspCalcTplAddr
0x800EBEF8	0x1D4	.text	game/eff_sys.cpp	global	espTexRegist	espTexRegist
0x800EC0CC	0xE8	.text	game/eff_sys.cpp	global	estRegist	estRegist
0x800EC1B4	0x23C	.text	game/eff_sys.cpp	global	EspGetEstAddr	EspGetEstAddr
0x800EC3F0	0x1A4	.text	game/eff_sys.cpp	global	EspGetPathAddr	EspGetPathAddr
0x800EC594	0xE8	.text	game/eff_sys.cpp	global	sstRegist	sstRegist
0x800EC67C	0xE8	.text	game/eff_sys.cpp	global	pathRegist	pathRegist
0x800EC764	0x12C	.text	game/eff_sys.cpp	global	efmRegist	efmRegist
0x800EC890	0xB0	.text	game/eff_sys.cpp	global	espTexRelease	espTexRelease
0x800EC940	0x34	.text	game/eff_sys.cpp	global	estRelease	estRelease
0x800EC974	0x34	.text	game/eff_sys.cpp	global	sstRelease	sstRelease
0x800EC9A8	0x34	.text	game/eff_sys.cpp	global	pathRelease	pathRelease
0x800EC9DC	0x34	.text	game/eff_sys.cpp	global	efmRelease	efmRelease
0x800ECA10	0x3C	.text	game/eff_sys.cpp	global	EspGetEfmAddr	EspGetEfmAddr
0x800ECA4C	0x34	.text	game/eff_sys.cpp	global	EspGetEfmTplAddr__FiPPv	EspGetEfmTplAddr
0x800ECA80	0x60	.text	game/eff_sys.cpp	global	EspGetEfmMotAddr	EspGetEfmMotAddr
0x800ECAE0	0x60	.text	game/eff_sys.cpp	global	EspPullCoreKind	EspPullCoreKind
0x800ECB40	0x74	.text	game/eff_sys.cpp	global	GetTexObjFlag__10cEspSystemUl	cEspSystem::GetTexObjFlag
0x800ECBB4	0xA4	.text	game/eff_sys.cpp	global	SetTexObjFlag__10cEspSystemUli	cEspSystem::SetTexObjFlag
0x800ECC58	0x8	.text	game/eff_sys.cpp	global	EspGenGetMoveLoop__Fv	EspGenGetMoveLoop
0x800ECC60	0x8	.text	game/eff_sys.cpp	global	EspGenSetMoveLoop	EspGenSetMoveLoop
0x800ECC68	0x74	.text	game/eff_sys.cpp	global	EspGenLoopMove	EspGenLoopMove
0x800ECCDC	0x10	.text	game/eff_sys.cpp	global	EffIsSetFinalCol	EffIsSetFinalCol
0x800ECCEC	0x2C	.text	game/eff_sys.cpp	global	EffGetFinalCol	EffGetFinalCol
0x800ECD18	0x3C	.text	game/eff_sys.cpp	global	EffSetFinalCol	EffSetFinalCol
0x800ECD54	0x28	.text	game/eff_sys.cpp	global	GetAreaState	GetAreaState
0x800ECD7C	0x3C	.text	game/eff_sys.cpp	global	SetAreaState	SetAreaState
0x800ECDB8	0x20	.text	game/eff_sys.cpp	global	EffGetAreaState	EffGetAreaState
0x800ECDD8	0xA8	.text	game/eff_sys.cpp	global	EffSetAreaState	EffSetAreaState
0x800ECE80	0x18	.text	game/eff_sys.cpp	global	EffSetToolState	EffSetToolState
0x800ECE98	0x10	.text	game/eff_sys.cpp	global	EffGetToolState	EffGetToolState
0x800ECEA8	0x14	.text	game/eff_sys.cpp	global	EffClearToolState	EffClearToolState
0x800ECEBC	0x20	.text	game/eff_sys.cpp	global	EffSetToolStateCallBack	EffSetToolStateCallBack
0x800ECEDC	0x68	.text	game/eff_sys.cpp	global	EffCallToolStateCallBack	EffCallToolStateCallBack
0x800ECF44	0x3C	.text	game/eff_sys.cpp	global	RoomEfmRegist__FP6cModelUc	RoomEfmRegist
0x800ECF80	0x30	.text	game/eff_sys.cpp	global	RoomEfmRegist__FPvT0Uc	RoomEfmRegist
0x800ECFB0	0xD4	.text	game/eff_sys.cpp	local	__static_initialization_and_destruction_0_800ECFB0	__static_initialization_and_destruction_0
0x800ED084	0x20	.text	game/eff_sys.cpp	global	_._6cCoord	cCoord::~cCoord
0x800ED0A4	0x5C	.text	game/eff_sys.cpp	global	matUpdate__6cCoord	cCoord::matUpdate
0x800ED100	0x2C	.text	game/eff_sys.cpp	global	global_constructors_keyed_to_owner_name_tbl	global constructors keyed to owner_name_tbl
0x800ED12C	0x2C	.text	game/eff_sys.cpp	global	global_destructors_keyed_to_owner_name_tbl	global destructors keyed to owner_name_tbl
0x800ED158	0x5C	.text	game/em.cpp	global	__6cEmMgr	cEmMgr::cEmMgr
0x800ED1B4	0xA4	.text	game/em.cpp	global	log__6cEmMgrPCce	cEmMgr::log
0x800ED258	0x3CC	.text	game/em.cpp	global	construct__6cEmMgrP3cEmUl	cEmMgr::construct
0x800ED624	0x30	.text	game/em.cpp	global	arrayAlloc__6cEmMgrUl	cEmMgr::arrayAlloc
0x800ED654	0x88	.text	game/em.cpp	global	move__6cEmMgr	cEmMgr::move
0x800ED6DC	0x27C	.text	game/em.cpp	global	destroy__6cEmMgrP3cEm	cEmMgr::destroy
0x800ED958	0x5C	.text	game/em.cpp	global	isBattle__6cEmMgr	cEmMgr::isBattle
0x800ED9B4	0x34	.text	game/em.cpp	global	battleCheck	battleCheck
0x800ED9E8	0x38	.text	game/em.cpp	global	killEm	killEm
0x800EDA20	0x50	.text	game/em.cpp	global	destroyAll__6cEmMgr	cEmMgr::destroyAll
0x800EDA70	0x34	.text	game/em.cpp	global	getEmPtr__6cEmMgriP3cEm	cEmMgr::getEmPtr
0x800EDAA4	0x4C	.text	game/em.cpp	global	__3cEm	cEm::cEm
0x800EDAF0	0x18	.text	game/em.cpp	global	setStatus__3cEmi	cEm::setStatus
0x800EDB08	0x18	.text	game/em.cpp	global	clearStatus__3cEmi	cEm::clearStatus
0x800EDB20	0x20	.text	game/em.cpp	global	checkStatus__3cEmi	cEm::checkStatus
0x800EDB40	0x8	.text	game/em.cpp	global	checkThrow__3cEm	cEm::checkThrow
0x800EDB48	0x18	.text	game/em.cpp	global	setItem__3cEmUsUsUsUsUc	cEm::setItem
0x800EDB60	0x20	.text	game/em.cpp	global	setNoItem__3cEm	cEm::setNoItem
0x800EDB80	0x1A8	.text	game/em.cpp	global	emMove	emMove
0x800EDD28	0x4	.text	game/em.cpp	global	move__3cEm	cEm::move
0x800EDD2C	0x18	.text	game/em.cpp	global	initWork__3cEm	cEm::initWork
0x800EDD44	0x30	.text	game/em.cpp	global	__8cDmgInfo	cDmgInfo::cDmgInfo
0x800EDD74	0x38	.text	game/em.cpp	global	set__8cDmgInfoiiUcP3VecfP11YARARE_INFO	cDmgInfo::set
0x800EDDAC	0xC	.text	game/em.cpp	global	set__8cDmgInfoii	cDmgInfo::set
0x800EDDB8	0x10	.text	game/em.cpp	global	clear__8cDmgInfo	cDmgInfo::clear
0x800EDDC8	0x30	.text	game/em.cpp	global	move__8cDmgInfo	cDmgInfo::move
0x800EDDF8	0x50	.text	game/em.cpp	global	__t8cManager1Z3cEmUlUc	cManager<cEm>::cManager
0x800EDE48	0x8	.text	game/em.cpp	global	setName__t8cManager1Z3cEmPCc	cManager<cEm>::setName
0x800EDE50	0x60	.text	game/em.cpp	global	arrayFree__t8cManager1Z3cEm	cManager<cEm>::arrayFree
0x800EDEB0	0x88	.text	game/em.cpp	global	arrayAlloc__t8cManager1Z3cEmUl	cManager<cEm>::arrayAlloc
0x800EDF38	0xB0	.text	game/em.cpp	global	dieCheck__t8cManager1Z3cEm	cManager<cEm>::dieCheck
0x800EDFE8	0x54	.text	game/em.cpp	local	__static_initialization_and_destruction_0_800EDFE8	__static_initialization_and_destruction_0
0x800EE03C	0x20	.text	game/em.cpp	global	_._3cEm	cEm::~cEm
0x800EE05C	0x34	.text	game/em.cpp	global	_._6cEmMgr	cEmMgr::~cEmMgr
0x800EE090	0x28	.text	game/em.cpp	global	memAlloc__6cEmMgrUl	cEmMgr::memAlloc
0x800EE0B8	0x24	.text	game/em.cpp	global	memFree__6cEmMgrPv	cEmMgr::memFree
0x800EE0DC	0x28	.text	game/em.cpp	global	memClear__6cEmMgrP3cEmUl	cEmMgr::memClear
0x800EE104	0x20	.text	game/em.cpp	global	_._6cEmObj	cEmObj::~cEmObj
0x800EE124	0x34	.text	game/em.cpp	global	_._t8cManager1Z3cEm	cManager<cEm>::~cManager
0x800EE158	0x218	.text	game/em.cpp	global	destroy__t8cManager1Z3cEmP3cEm	cManager<cEm>::destroy
0x800EE370	0x2C	.text	game/em.cpp	global	global_constructors_keyed_to_cEmMgr_idName	global constructors keyed to cEmMgr::idName
0x800EE39C	0x2C	.text	game/em.cpp	global	global_destructors_keyed_to_cEmMgr_idName	global destructors keyed to cEmMgr::idName
0x800EE3C8	0xFC	.text	game/em_cloth.cpp	global	Em34ClothSet1	Em34ClothSet1
0x800EE4C4	0x20	.text	game/em_cloth.cpp	global	Em34ClothMove1	Em34ClothMove1
0x800EE4E4	0x10	.text	game/em_cloth.cpp	global	Em34ClothReset	Em34ClothReset
0x800EE4F4	0xE8	.text	game/em_cloth.cpp	global	Em34ClothSet2	Em34ClothSet2
0x800EE5DC	0x20	.text	game/em_cloth.cpp	global	Em34ClothMove2	Em34ClothMove2
0x800EE5FC	0x124	.text	game/em_cloth.cpp	global	Em18ClothSet	Em18ClothSet
0x800EE720	0x38	.text	game/em_cloth.cpp	global	Em18ClothMove	Em18ClothMove
0x800EE758	0xEC	.text	game/em_cloth.cpp	global	Em37HairSet	Em37HairSet
0x800EE844	0x20	.text	game/em_cloth.cpp	global	Em37HairMove	Em37HairMove
0x800EE864	0x10	.text	game/em_cloth.cpp	global	Em37ClothReset	Em37ClothReset
0x800EE874	0x104	.text	game/em_cloth.cpp	global	Em37CoatSet	Em37CoatSet
0x800EE978	0x20	.text	game/em_cloth.cpp	global	Em37CoatMove	Em37CoatMove
0x800EE998	0x11C	.text	game/em_cloth.cpp	global	Em33ClothSet	Em33ClothSet
0x800EEAB4	0x20	.text	game/em_cloth.cpp	global	Em33ClothMove	Em33ClothMove
0x800EEAD4	0x11C	.text	game/em_cloth.cpp	global	Em33ClothSet2	Em33ClothSet2
0x800EEBF0	0x124	.text	game/em_cloth.cpp	global	Em33ClothMove2	Em33ClothMove2
0x800EED14	0x10	.text	game/em_cloth.cpp	global	Em33ClothReset	Em33ClothReset
0x800EED24	0x180	.text	game/em_cloth.cpp	global	Em2bShortRopeSet	Em2bShortRopeSet
0x800EEEA4	0x10C	.text	game/em_cloth.cpp	global	Em30ClothSet1	Em30ClothSet1
0x800EEFB0	0x20	.text	game/em_cloth.cpp	global	Em30ClothMove1	Em30ClothMove1
0x800EEFD0	0xE8	.text	game/em_cloth.cpp	global	Em30ClothSet2	Em30ClothSet2
0x800EF0B8	0x20	.text	game/em_cloth.cpp	global	Em30ClothMove2	Em30ClothMove2
0x800EF0D8	0x10	.text	game/em_cloth.cpp	global	Em30ClothReset	Em30ClothReset
0x800EF0E8	0x3B4	.text	game/em_dm_val.cpp	global	GetWepDmVal__FP3cEmUli	GetWepDmVal
0x800EF49C	0x8C	.text	game/em_set.cpp	global	checkListId	checkListId
0x800EF528	0x304	.text	game/em_set.cpp	global	EmSetFromList	EmSetFromList
0x800EF82C	0x2E4	.text	game/em_set.cpp	global	EmSetFromList2	EmSetFromList2
0x800EFB10	0x214	.text	game/em_set.cpp	global	EmSetEvent__FP10EmListData	EmSetEvent
0x800EFD24	0x84	.text	game/em_set.cpp	global	GetEmPtrFromList	GetEmPtrFromList
0x800EFDA8	0x28	.text	game/em_set.cpp	global	GetListPtrFromEm	GetListPtrFromEm
0x800EFDD0	0x24	.text	game/em_set.cpp	global	GetEmIdFromList	GetEmIdFromList
0x800EFDF4	0x5C	.text	game/em_set.cpp	global	EmListSetAlive	EmListSetAlive
0x800EFE50	0xC4	.text	game/em_set.cpp	global	EmSetDie	EmSetDie
0x800EFF14	0x2C	.text	game/em_set.cpp	global	EmSetDieCnt	EmSetDieCnt
0x800EFF40	0x28	.text	game/em_set.cpp	global	EmSetRoomInit	EmSetRoomInit
0x800EFF68	0x34	.text	game/em_set.cpp	global	EmListWaitDelete	EmListWaitDelete
0x800EFF9C	0x24	.text	game/em_sub.cpp	global	Em_R0_Scenario	Em_R0_Scenario
0x800EFFC0	0x578	.text	game/em_sub.cpp	global	EmGetDmPos	EmGetDmPos
0x800F0538	0x330	.text	game/em_sub.cpp	global	EmDmBloodSet	EmDmBloodSet
0x800F0868	0xCC	.text	game/em_sub.cpp	global	EmDmBloodSet2	EmDmBloodSet2
0x800F0934	0xC8	.text	game/em_sub.cpp	global	EmDmBloodSet3	EmDmBloodSet3
0x800F09FC	0x250	.text	game/em_sub.cpp	global	EmPlBloodSet	EmPlBloodSet
0x800F0C4C	0x11C	.text	game/em_sub.cpp	global	EmPlBloodSet2	EmPlBloodSet2
0x800F0D68	0x1E8	.text	game/em_sub.cpp	global	EmSubBloodSet	EmSubBloodSet
0x800F0F50	0x420	.text	game/em_sub.cpp	global	emBoxAtCk	emBoxAtCk
0x800F1370	0x2B0	.text	game/em_sub.cpp	global	emLineAtCk	emLineAtCk
0x800F1620	0x26C	.text	game/em_sub.cpp	global	emLineAtCk2	emLineAtCk2
0x800F188C	0x610	.text	game/em_sub.cpp	global	emLineCapsuleCrossCk	emLineCapsuleCrossCk
0x800F1E9C	0x49C	.text	game/em_sub.cpp	global	emLineCubeCrossCk	emLineCubeCrossCk
0x800F2338	0x314	.text	game/em_sub.cpp	global	emLinePolyCrossCk	emLinePolyCrossCk
0x800F264C	0x624	.text	game/em_sub.cpp	global	emSphereAtCk	emSphereAtCk
0x800F2C70	0x254	.text	game/em_sub.cpp	global	GetWepTargetList	GetWepTargetList
0x800F2EC4	0x6CC	.text	game/em_sub.cpp	global	GetWepTargetList2	GetWepTargetList2
0x800F3590	0x53C	.text	game/em_sub.cpp	global	GetWepTargetListBomb	GetWepTargetListBomb
0x800F3ACC	0x1AC	.text	game/em_sub.cpp	global	PlBombHitCk	PlBombHitCk
0x800F3C78	0x34C	.text	game/em_sub.cpp	global	GetWepTargetPos	GetWepTargetPos
0x800F3FC4	0x3D0	.text	game/em_sub.cpp	global	EmYarareContactCk	EmYarareContactCk
0x800F4394	0x218	.text	game/em_sub.cpp	global	EmYarareDisp	EmYarareDisp
0x800F45AC	0x30	.text	game/em_sub.cpp	global	EmScenario	EmScenario
0x800F45DC	0x24	.text	game/em_sub.cpp	global	LifeDownSet	LifeDownSet
0x800F4600	0x514	.text	game/em_sub.cpp	global	LifeDownSet2	LifeDownSet2
0x800F4B14	0x160	.text	game/em_sub.cpp	global	PlSetDamage__Fiii	PlSetDamage
0x800F4C74	0xDC	.text	game/em_sub.cpp	global	EmAtkHitCk	EmAtkHitCk
0x800F4D50	0x1F8	.text	game/em_sub.cpp	global	EmAtkHitCk2	EmAtkHitCk2
0x800F4F48	0x218	.text	game/em_sub.cpp	global	EmAtkLineHitCk	EmAtkLineHitCk
0x800F5160	0x218	.text	game/em_sub.cpp	global	EmAtkLineHitCkSub	EmAtkLineHitCkSub
0x800F5378	0x16C	.text	game/em_sub.cpp	global	EmAtkSetDamagePL	EmAtkSetDamagePL
0x800F54E4	0x48	.text	game/em_sub.cpp	global	EmAtkSetDamageSub	EmAtkSetDamageSub
0x800F552C	0x108	.text	game/em_sub.cpp	global	EmAtkHitSubCk2	EmAtkHitSubCk2
0x800F5634	0x2B0	.text	game/em_sub.cpp	global	EmCatchPLSet	EmCatchPLSet
0x800F58E4	0x284	.text	game/em_sub.cpp	local	EmCatchSubSet__FP3cEmT0fUlfffPFP8cSubChar_v	EmCatchSubSet
0x800F5B68	0x150	.text	game/em_sub.cpp	global	EmCatchMotionMove	EmCatchMotionMove
0x800F5CB8	0x458	.text	game/em_sub.cpp	global	EmRackCk	EmRackCk
0x800F6110	0xBC	.text	game/em_sub.cpp	global	GetBulletPoint	GetBulletPoint
0x800F61CC	0xB7C	.text	game/em_sub.cpp	global	GetDropBullet	GetDropBullet
0x800F6D48	0x9C	.text	game/em_sub.cpp	global	GetRecoveryPoint	GetRecoveryPoint
0x800F6DE4	0x14C	.text	game/em_sub.cpp	global	EmSetDropItem	EmSetDropItem
0x800F6F30	0xB8	.text	game/em_sub.cpp	global	EmReserveDropItem	EmReserveDropItem
0x800F6FE8	0x9C	.text	game/em_sub.cpp	global	RandomItemSet	RandomItemSet
0x800F7084	0x62C	.text	game/em_sub.cpp	global	RandomItemCk	RandomItemCk
0x800F76B0	0x90	.text	game/em_sub.cpp	global	CheckInWater	CheckInWater
0x800F7740	0x40	.text	game/em_sub.cpp	global	HandgunCk	HandgunCk
0x800F7780	0x7C	.text	game/em_sub.cpp	global	GetPlPos__FP3VecfP3cEm	GetPlPos
0x800F77FC	0xE8	.text	game/em_sub.cpp	global	TrolleyItemSetCk	TrolleyItemSetCk
0x800F78E4	0xE8	.text	game/em_sub.cpp	global	BullItemSetCk	BullItemSetCk
0x800F79CC	0x24	.text	game/em_sub.cpp	global	adjust_add_set	adjust_add_set
0x800F79F0	0x108	.text	game/em_sub.cpp	global	VehicleAdjust	VehicleAdjust
0x800F7AF8	0x83C	.text	game/emBarred.cpp	global	SetEmBarred	SetEmBarred
0x800F8334	0x2EC	.text	game/emBarred.cpp	global	emBarredDmCk	emBarredDmCk
0x800F8620	0x64	.text	game/emBarred.cpp	global	move__9cEmBarred	cEmBarred::move
0x800F8684	0x48	.text	game/emBarred.cpp	global	setOpen__9cEmBarredi	cEmBarred::setOpen
0x800F86CC	0x4C	.text	game/emBarred.cpp	global	setClose__9cEmBarredi	cEmBarred::setClose
0x800F8718	0x78	.text	game/emBarred.cpp	global	setOpened__9cEmBarred	cEmBarred::setOpened
0x800F8790	0x88	.text	game/emBarred.cpp	global	setClosed__9cEmBarred	cEmBarred::setClosed
0x800F8818	0x8	.text	game/emBarred.cpp	global	setLockMode__9cEmBarredUc	cEmBarred::setLockMode
0x800F8820	0x8	.text	game/emBarred.cpp	global	ckStatus__9cEmBarred	cEmBarred::ckStatus
0x800F8828	0x18	.text	game/emBarred.cpp	global	ckOpen__9cEmBarred	cEmBarred::ckOpen
0x800F8840	0x154	.text	game/emBarred.cpp	global	emBarred_R1_Set	emBarred_R1_Set
0x800F8994	0x384	.text	game/emBarred.cpp	global	emBarred_R1_Open	emBarred_R1_Open
0x800F8D18	0x4C0	.text	game/emBarred.cpp	global	emBarred_R1_Close	emBarred_R1_Close
0x800F91D8	0x90	.text	game/emBarred.cpp	global	emBarred_R1_Break	emBarred_R1_Break
0x800F9268	0x598	.text	game/emBarred.cpp	global	emBarredEatSet	emBarredEatSet
0x800F9800	0x140	.text	game/emBarred.cpp	global	emBarredNearCk	emBarredNearCk
0x800F9940	0x8	.text	game/emBarred.cpp	global	setEff__9cEmBarredUc	cEmBarred::setEff
0x800F9948	0xF4	.text	game/emBarred.cpp	global	setBreak__9cEmBarredP3Vec	cEmBarred::setBreak
0x800F9A3C	0x10	.text	game/emBarred.cpp	global	setNoClose__9cEmBarred	cEmBarred::setNoClose
0x800F9A4C	0x18	.text	game/emBarred.cpp	global	setDouble__9cEmBarredP9cEmBarred	cEmBarred::setDouble
0x800F9A64	0x10	.text	game/emBarred.cpp	global	setUnderCk__9cEmBarred	cEmBarred::setUnderCk
0x800F9A74	0x2B8	.text	game/emBarred.cpp	global	emBarredUnderCk	emBarredUnderCk
0x800F9D2C	0x20	.text	game/emBarred.cpp	global	_._9cEmBarred	cEmBarred::~cEmBarred
0x800F9D4C	0x318	.text	game/embarrel.cpp	global	SetBarrel	SetBarrel
0x800FA064	0x220	.text	game/embarrel.cpp	global	SetR227Barrel	SetR227Barrel
0x800FA284	0x1D0	.text	game/embarrel.cpp	global	emBarrelDmCk	emBarrelDmCk
0x800FA454	0x2BC	.text	game/embarrel.cpp	global	emBarrelDmCk2	emBarrelDmCk2
0x800FA710	0x170	.text	game/embarrel.cpp	global	emBarrelSetBreak	emBarrelSetBreak
0x800FA880	0xE4	.text	game/embarrel.cpp	global	move__9cEmBarrel	cEmBarrel::move
0x800FA964	0x1C	.text	game/embarrel.cpp	global	emBarrel_R0_Init	emBarrel_R0_Init
0x800FA980	0x38	.text	game/embarrel.cpp	global	emBarrel_R0_Move	emBarrel_R0_Move
0x800FA9B8	0x90	.text	game/embarrel.cpp	global	emBarrel_R1_Set	emBarrel_R1_Set
0x800FAA48	0xF0	.text	game/embarrel.cpp	global	emBarrel_R1_Break	emBarrel_R1_Break
0x800FAB38	0x38C	.text	game/embarrel.cpp	global	emBarrel_R1_R227Roll	emBarrel_R1_R227Roll
0x800FAEC4	0xA8	.text	game/embarrel.cpp	global	emBarrelSetRollRoute	emBarrelSetRollRoute
0x800FAF6C	0x1CC	.text	game/embarrel.cpp	global	emBarrelSetRollSpd	emBarrelSetRollSpd
0x800FB138	0x8	.text	game/embarrel.cpp	global	setEff__9cEmBarrelUc	cEmBarrel::setEff
0x800FB140	0x218	.text	game/embarrel.cpp	global	emBarrelSetBomb	emBarrelSetBomb
0x800FB358	0x1C4	.text	game/embarrel.cpp	global	emBarrelSetBomb2	emBarrelSetBomb2
0x800FB51C	0xF8	.text	game/embarrel.cpp	global	emBarrelEatSet	emBarrelEatSet
0x800FB614	0x134	.text	game/embarrel.cpp	global	emBarrelRollHitCk	emBarrelRollHitCk
0x800FB748	0x160	.text	game/embarrel.cpp	global	emBarrelRunDownCk	emBarrelRunDownCk
0x800FB8A8	0x20	.text	game/embarrel.cpp	global	_._9cEmBarrel	cEmBarrel::~cEmBarrel
0x800FB8C8	0x540	.text	game/embox.cpp	global	SetBox	SetBox
0x800FBE08	0x2E4	.text	game/embox.cpp	global	emBoxDmCk	emBoxDmCk
0x800FC0EC	0x3F0	.text	game/embox.cpp	global	emBoxSetBreak	emBoxSetBreak
0x800FC4DC	0xD8	.text	game/embox.cpp	global	move__6cEmBox	cEmBox::move
0x800FC5B4	0x1C	.text	game/embox.cpp	global	emBox_R0_Init	emBox_R0_Init
0x800FC5D0	0x34	.text	game/embox.cpp	global	emBox_R0_Move	emBox_R0_Move
0x800FC604	0x84	.text	game/embox.cpp	global	emBox_R1_Set	emBox_R1_Set
0x800FC688	0xA8	.text	game/embox.cpp	global	emBox_R1_Break	emBox_R1_Break
0x800FC730	0x38	.text	game/embox.cpp	global	emBoxSatClear	emBoxSatClear
0x800FC768	0xBC	.text	game/embox.cpp	global	emBoxYarareInit	emBoxYarareInit
0x800FC824	0xF8	.text	game/embox.cpp	global	setEff__6cEmBoxUc	cEmBox::setEff
0x800FC91C	0x18	.text	game/embox.cpp	global	setItem__6cEmBoxiiUsUs	cEmBox::setItem
0x800FC934	0x1E4	.text	game/embox.cpp	global	emBoxActEvtCk	emBoxActEvtCk
0x800FCB18	0xBC	.text	game/embox.cpp	global	checkNearOtherBarrel	checkNearOtherBarrel
0x800FCBD4	0xEC	.text	game/embox.cpp	global	emBoxAction	emBoxAction
0x800FCCC0	0x4C	.text	game/embox.cpp	global	emBoxSetItem	emBoxSetItem
0x800FCD0C	0x10	.text	game/embox.cpp	global	setBreakModel__6cEmBoxPvT1	cEmBox::setBreakModel
0x800FCD1C	0x20	.text	game/embox.cpp	global	_._6cEmBox	cEmBox::~cEmBox
0x800FCD3C	0x140	.text	game/emdata.cpp	global	GetEmEffId__Fi	GetEmEffId
0x800FCE7C	0x64	.text	game/emdata.cpp	global	EspEmDataSwapPush__Fi	EspEmDataSwapPush
0x800FCEE0	0x9C	.text	game/emdata.cpp	global	EspEmDataSwapPop__Fi	EspEmDataSwapPop
0x800FCF7C	0x458	.text	game/emdoor.cpp	global	SetDoor	SetDoor
0x800FD3D4	0x678	.text	game/emdoor.cpp	global	emDoorDmCkWood	emDoorDmCkWood
0x800FDA4C	0x528	.text	game/emdoor.cpp	global	emDoorDmCkIron	emDoorDmCkIron
0x800FDF74	0x570	.text	game/emdoor.cpp	global	emDoorDmCkIron2	emDoorDmCkIron2
0x800FE4E4	0x528	.text	game/emdoor.cpp	global	emDoorDmCkIronDown	emDoorDmCkIronDown
0x800FEA0C	0x2F8	.text	game/emdoor.cpp	global	emDoorSetDmgLock_L	emDoorSetDmgLock_L
0x800FED04	0x31C	.text	game/emdoor.cpp	global	emDoorSetDmgLock_R	emDoorSetDmgLock_R
0x800FF020	0x254	.text	game/emdoor.cpp	global	emDoorSetDmgChain	emDoorSetDmgChain
0x800FF274	0x310	.text	game/emdoor.cpp	global	emDoorSetDmgDoor	emDoorSetDmgDoor
0x800FF584	0x134	.text	game/emdoor.cpp	global	emDoorSetBrkDoor	emDoorSetBrkDoor
0x800FF6B8	0x50	.text	game/emdoor.cpp	global	emDoorBrkCk	emDoorBrkCk
0x800FF708	0x124	.text	game/emdoor.cpp	global	move__7cEmDoor	cEmDoor::move
0x800FF82C	0x1C	.text	game/emdoor.cpp	global	emDoor_R0_Init	emDoor_R0_Init
0x800FF848	0x38	.text	game/emdoor.cpp	global	emDoor_R0_Move	emDoor_R0_Move
0x800FF880	0x104	.text	game/emdoor.cpp	global	emDoor_R1_Set	emDoor_R1_Set
0x800FF984	0x390	.text	game/emdoor.cpp	global	emDoor_R1_Open	emDoor_R1_Open
0x800FFD14	0x218	.text	game/emdoor.cpp	local	emDoor_R1_Open2__FP7cEmDoor	emDoor_R1_Open2
0x800FFF2C	0x5DC	.text	game/emdoor.cpp	global	emDoor_R1_Down	emDoor_R1_Down
0x80100508	0xC4	.text	game/emdoor.cpp	global	emDoor_R1_Downed	emDoor_R1_Downed
0x801005CC	0x104	.text	game/emdoor.cpp	global	emDoor_R1_Close	emDoor_R1_Close
0x801006D0	0xC4	.text	game/emdoor.cpp	global	emDoor_R1_Break	emDoor_R1_Break
0x80100794	0x13C	.text	game/emdoor.cpp	global	emDoor_R1_Shock	emDoor_R1_Shock
0x801008D0	0x104	.text	game/emdoor.cpp	global	emDoor_R1_OpenLock	emDoor_R1_OpenLock
0x801009D4	0x114	.text	game/emdoor.cpp	global	emDoor_R1_CloseLock	emDoor_R1_CloseLock
0x80100AE8	0xE0	.text	game/emdoor.cpp	global	emDoorLockBendMove	emDoorLockBendMove
0x80100BC8	0x724	.text	game/emdoor.cpp	global	emDoorSatSet	emDoorSatSet
0x801012EC	0x90	.text	game/emdoor.cpp	global	emDoorSatClear	emDoorSatClear
0x8010137C	0x21C	.text	game/emdoor.cpp	global	emDoorLockMove	emDoorLockMove
0x80101598	0x354	.text	game/emdoor.cpp	global	emDoorDoorAutoCloseCk	emDoorDoorAutoCloseCk
0x801018EC	0x2E0	.text	game/emdoor.cpp	global	emDoorYarareInit	emDoorYarareInit
0x80101BCC	0x364	.text	game/emdoor.cpp	global	setLock__7cEmDoorPvT1ii	cEmDoor::setLock
0x80101F30	0x30	.text	game/emdoor.cpp	global	ckLock__7cEmDoor	cEmDoor::ckLock
0x80101F60	0x27C	.text	game/emdoor.cpp	global	setChain__7cEmDoorPvT1	cEmDoor::setChain
0x801021DC	0x8	.text	game/emdoor.cpp	global	setEff__7cEmDoorUc	cEmDoor::setEff
0x801021E4	0x4E0	.text	game/emdoor.cpp	global	setYarare__7cEmDoor	cEmDoor::setYarare
0x801026C4	0xF0	.text	game/emdoor.cpp	global	ckOpen__7cEmDoor	cEmDoor::ckOpen
0x801027B4	0xE4	.text	game/emdoor.cpp	global	ckKick__7cEmDoorP3Vec	cEmDoor::ckKick
0x80102898	0x240	.text	game/emdoor.cpp	global	setOpen__7cEmDoorP3Veciii	cEmDoor::setOpen
0x80102AD8	0x130	.text	game/emdoor.cpp	global	setOpen2__7cEmDoori	cEmDoor::setOpen2
0x80102C08	0x4AC	.text	game/emdoor.cpp	global	setShock__7cEmDooriP3Veci	cEmDoor::setShock
0x801030B4	0x110	.text	game/emdoor.cpp	global	setBreak__7cEmDoorP3Vec	cEmDoor::setBreak
0x801031C4	0x278	.text	game/emdoor.cpp	global	emDoorActEvtCk	emDoorActEvtCk
0x8010343C	0xA0	.text	game/emdoor.cpp	global	emDoorAction	emDoorAction
0x801034DC	0xA8	.text	game/emdoor.cpp	global	emDoorAction2	emDoorAction2
0x80103584	0x3BC	.text	game/emdoor.cpp	global	plemDoorKick	plemDoorKick
0x80103940	0x3B4	.text	game/emdoor.cpp	global	plemDoorOpen	plemDoorOpen
0x80103CF4	0x4F8	.text	game/emdoor.cpp	global	ckObj__7cEmDoor	cEmDoor::ckObj
0x801041EC	0x38	.text	game/emdoor.cpp	global	setOpenLock__7cEmDoori	cEmDoor::setOpenLock
0x80104224	0x38	.text	game/emdoor.cpp	global	setCloseLock__7cEmDoor	cEmDoor::setCloseLock
0x8010425C	0x80	.text	game/emdoor.cpp	global	setClose__7cEmDoor	cEmDoor::setClose
0x801042DC	0x8C	.text	game/emdoor.cpp	global	setDowned__7cEmDoori	cEmDoor::setDowned
0x80104368	0x10	.text	game/emdoor.cpp	global	setNormal__7cEmDoor	cEmDoor::setNormal
0x80104378	0x8	.text	game/emdoor.cpp	global	setKey__7cEmDoori	cEmDoor::setKey
0x80104380	0x230	.text	game/emdoor.cpp	global	DoorOpenCk	DoorOpenCk
0x801045B0	0x28	.text	game/emdoor.cpp	global	SubOpenDoorSet	SubOpenDoorSet
0x801045D8	0x21C	.text	game/emdoor.cpp	global	subDoorKick	subDoorKick
0x801047F4	0xD0	.text	game/emdoor.cpp	global	emDoorDropWeapon	emDoorDropWeapon
0x801048C4	0x18	.text	game/emdoor.cpp	global	setDoor__7cEmDoorP7cEmDoor	cEmDoor::setDoor
0x801048DC	0xC	.text	game/emdoor.cpp	global	setSeCancel__7cEmDoor	cEmDoor::setSeCancel
0x801048E8	0x20	.text	game/emdoor.cpp	global	_._7cEmDoor	cEmDoor::~cEmDoor
0x80104908	0x210	.text	game/emhit.cpp	global	SetEmHit	SetEmHit
0x80104B18	0xB8	.text	game/emhit.cpp	global	emHitDmCk	emHitDmCk
0x80104BD0	0x60	.text	game/emhit.cpp	global	move__6cEmHit	cEmHit::move
0x80104C30	0x1C	.text	game/emhit.cpp	global	emHit_R0_Init	emHit_R0_Init
0x80104C4C	0x38	.text	game/emhit.cpp	global	emHit_R0_Move	emHit_R0_Move
0x80104C84	0x84	.text	game/emhit.cpp	global	emHit_R1_Set	emHit_R1_Set
0x80104D08	0x35C	.text	game/emhit.cpp	global	emHit_R1_Parent	emHit_R1_Parent
0x80105064	0x50	.text	game/emhit.cpp	global	emHit_R1_Break	emHit_R1_Break
0x801050B4	0x264	.text	game/emhit.cpp	global	emHit_R1_Beetle	emHit_R1_Beetle
0x80105318	0x60	.text	game/emhit.cpp	global	emHitYarareInit	emHitYarareInit
0x80105378	0x8	.text	game/emhit.cpp	global	ckStatus__6cEmHit	cEmHit::ckStatus
0x80105380	0x1C	.text	game/emhit.cpp	global	ckDmgWeapon__6cEmHit	cEmHit::ckDmgWeapon
0x8010539C	0x38	.text	game/emhit.cpp	global	setParent__6cEmHitP6cModelii	cEmHit::setParent
0x801053D4	0xA0	.text	game/emhit.cpp	global	setBeetle__6cEmHitPvN21	cEmHit::setBeetle
0x80105474	0x20	.text	game/emhit.cpp	global	_._6cEmHit	cEmHit::~cEmHit
0x80105494	0x3FC	.text	game/emitem.cpp	global	SetEmItem	SetEmItem
0x80105890	0x254	.text	game/emitem.cpp	global	emItemDmCk	emItemDmCk
0x80105AE4	0x58	.text	game/emitem.cpp	global	move__7cEmItem	cEmItem::move
0x80105B3C	0x40	.text	game/emitem.cpp	global	emItem_R0_Init	emItem_R0_Init
0x80105B7C	0x38	.text	game/emitem.cpp	global	emItem_R0_Move	emItem_R0_Move
0x80105BB4	0x84	.text	game/emitem.cpp	global	emItem_R1_Set	emItem_R1_Set
0x80105C38	0x68	.text	game/emitem.cpp	global	emItem_R1_MedalSet	emItem_R1_MedalSet
0x80105CA0	0x364	.text	game/emitem.cpp	global	emItem_R1_Parent	emItem_R1_Parent
0x80106004	0x168	.text	game/emitem.cpp	global	emItem_R1_Drop	emItem_R1_Drop
0x8010616C	0x98	.text	game/emitem.cpp	global	emItem_R1_Break	emItem_R1_Break
0x80106204	0xC0	.text	game/emitem.cpp	global	emItemYarareInit	emItemYarareInit
0x801062C4	0x8	.text	game/emitem.cpp	global	setEff__7cEmItemUc	cEmItem::setEff
0x801062CC	0x8	.text	game/emitem.cpp	global	ckStatus__7cEmItem	cEmItem::ckStatus
0x801062D4	0x3C	.text	game/emitem.cpp	global	setParent__7cEmItemP6cModelii	cEmItem::setParent
0x80106310	0x8	.text	game/emitem.cpp	global	setRotType__7cEmItemUc	cEmItem::setRotType
0x80106318	0x188	.text	game/emitem.cpp	global	emItemRotMove	emItemRotMove
0x801064A0	0x20	.text	game/emitem.cpp	global	_._7cEmItem	cEmItem::~cEmItem
0x801064C0	0x3E4	.text	game/emmine.cpp	global	SetMine__FPvT0P3VecT2i	SetMine
0x801068A4	0x2C	.text	game/emmine.cpp	global	beginEvent__7cEmMineUl	cEmMine::beginEvent
0x801068D0	0x78	.text	game/emmine.cpp	global	emMineDmCk	emMineDmCk
0x80106948	0x4C	.text	game/emmine.cpp	global	move__7cEmMine	cEmMine::move
0x80106994	0x20	.text	game/emmine.cpp	global	emMine_R0_Init	emMine_R0_Init
0x801069B4	0x38	.text	game/emmine.cpp	global	emMine_R0_Move	emMine_R0_Move
0x801069EC	0x574	.text	game/emmine.cpp	global	emMine_R1_Shot	emMine_R1_Shot
0x80106F60	0x4C4	.text	game/emmine.cpp	global	emMine_R1_ShotArrow	emMine_R1_ShotArrow
0x80107424	0x320	.text	game/emmine.cpp	global	emMineSearchEm	emMineSearchEm
0x80107744	0x294	.text	game/emmine.cpp	global	emMineHomingEm	emMineHomingEm
0x801079D8	0x1B8	.text	game/emmine.cpp	global	emMine_R1_Set	emMine_R1_Set
0x80107B90	0xDC	.text	game/emmine.cpp	global	emMine_R1_SetWater	emMine_R1_SetWater
0x80107C6C	0x4F8	.text	game/emmine.cpp	global	emMine_R1_Parent	emMine_R1_Parent
0x80108164	0xDC	.text	game/emmine.cpp	global	emMine_R1_BombWait	emMine_R1_BombWait
0x80108240	0x108	.text	game/emmine.cpp	global	emMine_R1_BombWait2	emMine_R1_BombWait2
0x80108348	0x718	.text	game/emmine.cpp	global	emMine_R1_Fall	emMine_R1_Fall
0x80108A60	0x98	.text	game/emmine.cpp	global	emMine_R1_Lost	emMine_R1_Lost
0x80108AF8	0x2C	.text	game/emmine.cpp	global	setParent__7cEmMineP3cEmi	cEmMine::setParent
0x80108B24	0x30	.text	game/emmine.cpp	global	setLost__7cEmMine	cEmMine::setLost
0x80108B54	0x19C	.text	game/emmine.cpp	global	setBomb__7cEmMine	cEmMine::setBomb
0x80108CF0	0xF0	.text	game/emmine.cpp	global	setFall__7cEmMine	cEmMine::setFall
0x80108DE0	0x3B0	.text	game/emmine.cpp	global	emMineHitCk	emMineHitCk
0x80109190	0x20	.text	game/emmine.cpp	global	_._7cEmMine	cEmMine::~cEmMine
0x801091B0	0x38C	.text	game/emrack.cpp	global	SetRack	SetRack
0x8010953C	0x360	.text	game/emrack.cpp	global	emRackDmCk	emRackDmCk
0x8010989C	0x70	.text	game/emrack.cpp	global	move__7cEmRack	cEmRack::move
0x8010990C	0x1C	.text	game/emrack.cpp	global	emRack_R0_Init	emRack_R0_Init
0x80109928	0x38	.text	game/emrack.cpp	global	emRack_R0_Move	emRack_R0_Move
0x80109960	0xD0	.text	game/emrack.cpp	global	emRack_R1_Set	emRack_R1_Set
0x80109A30	0x18C	.text	game/emrack.cpp	global	emRack_R1_Down	emRack_R1_Down
0x80109BBC	0x328	.text	game/emrack.cpp	global	emRack_R1_Break	emRack_R1_Break
0x80109EE4	0x150	.text	game/emrack.cpp	global	emRack_R1_Shock	emRack_R1_Shock
0x8010A034	0x234	.text	game/emrack.cpp	global	emRackSatSet	emRackSatSet
0x8010A268	0x60	.text	game/emrack.cpp	global	emRackSatClear	emRackSatClear
0x8010A2C8	0x1FC	.text	game/emrack.cpp	global	emRackYarareInit	emRackYarareInit
0x8010A4C4	0x50	.text	game/emrack.cpp	global	setBreak__7cEmRackP3Vec	cEmRack::setBreak
0x8010A514	0xDC	.text	game/emrack.cpp	global	setDown__7cEmRackP3Vec	cEmRack::setDown
0x8010A5F0	0x20	.text	game/emrack.cpp	global	setShock__7cEmRack	cEmRack::setShock
0x8010A610	0x8	.text	game/emrack.cpp	global	setEff__7cEmRackUc	cEmRack::setEff
0x8010A618	0xFC	.text	game/emrack.cpp	global	setRange__7cEmRackffff	cEmRack::setRange
0x8010A714	0x108	.text	game/emrack.cpp	global	adjustRange__7cEmRackUc	cEmRack::adjustRange
0x8010A81C	0x20	.text	game/emrack.cpp	global	_._7cEmRack	cEmRack::~cEmRack
0x8010A83C	0x3E0	.text	game/emrock.cpp	global	SetRock__FPvT0P3VecT2Uc	SetRock
0x8010AC1C	0x4	.text	game/emrock.cpp	global	beginEvent__7cEmRockUl	cEmRock::beginEvent
0x8010AC20	0x18	.text	game/emrock.cpp	global	emRockDmCk	emRockDmCk
0x8010AC38	0xD8	.text	game/emrock.cpp	global	move__7cEmRock	cEmRock::move
0x8010AD10	0x1C	.text	game/emrock.cpp	global	emRock_R0_Init	emRock_R0_Init
0x8010AD2C	0x38	.text	game/emrock.cpp	global	emRock_R0_Move	emRock_R0_Move
0x8010AD64	0xF0	.text	game/emrock.cpp	global	emRock_R1_Set	emRock_R1_Set
0x8010AE54	0xAC	.text	game/emrock.cpp	global	emRock_R1_Lost	emRock_R1_Lost
0x8010AF00	0x360	.text	game/emrock.cpp	global	emRock_R1_Parent	emRock_R1_Parent
0x8010B260	0x3D8	.text	game/emrock.cpp	global	emRock_R1_Fall	emRock_R1_Fall
0x8010B638	0x580	.text	game/emrock.cpp	global	emRock_R1_Throw	emRock_R1_Throw
0x8010BBB8	0x4FC	.text	game/emrock.cpp	global	emRock_R1_Throw2	emRock_R1_Throw2
0x8010C0B4	0x5AC	.text	game/emrock.cpp	global	emRock_R1_Roll	emRock_R1_Roll
0x8010C660	0x26C	.text	game/emrock.cpp	global	emRock_R1_Drop	emRock_R1_Drop
0x8010C8CC	0x390	.text	game/emrock.cpp	global	emRock_R1_Drop2	emRock_R1_Drop2
0x8010CC5C	0x3C	.text	game/emrock.cpp	global	plemDropEscAction	plemDropEscAction
0x8010CC98	0xE4	.text	game/emrock.cpp	global	plemDropFind	plemDropFind
0x8010CD7C	0x1B4	.text	game/emrock.cpp	global	plemDropEscape	plemDropEscape
0x8010CF30	0xE0	.text	game/emrock.cpp	global	emRockRollHitCk	emRockRollHitCk
0x8010D010	0x58	.text	game/emrock.cpp	global	setParent__7cEmRockP3cEmii	cEmRock::setParent
0x8010D068	0x13C	.text	game/emrock.cpp	global	setFall__7cEmRockP9EmAtkInfo	cEmRock::setFall
0x8010D1A4	0x214	.text	game/emrock.cpp	global	setThrow__7cEmRockP3VecP9EmAtkInfo	cEmRock::setThrow
0x8010D3B8	0x214	.text	game/emrock.cpp	global	setThrow2__7cEmRockP3VecP9EmAtkInfo	cEmRock::setThrow2
0x8010D5CC	0x1C	.text	game/emrock.cpp	global	setSeFall__7cEmRockUcUcUc	cEmRock::setSeFall
0x8010D5E8	0x10	.text	game/emrock.cpp	global	setEffFall__7cEmRockUcUc	cEmRock::setEffFall
0x8010D5F8	0x4C	.text	game/emrock.cpp	global	setEffAlways__7cEmRockUcUc	cEmRock::setEffAlways
0x8010D644	0x84	.text	game/emrock.cpp	global	setYarareCube__7cEmRockfffP3Vec	cEmRock::setYarareCube
0x8010D6C8	0x28	.text	game/emrock.cpp	global	setTransMode__7cEmRocki	cEmRock::setTransMode
0x8010D6F0	0x18C	.text	game/emrock.cpp	global	emRockAtkScrCk	emRockAtkScrCk
0x8010D87C	0xA8	.text	game/emrock.cpp	global	emRockSetRollRoute	emRockSetRollRoute
0x8010D924	0x1FC	.text	game/emrock.cpp	global	emRockSetRollSpd	emRockSetRollSpd
0x8010DB20	0xD0	.text	game/emrock.cpp	global	emRockRollStartCk	emRockRollStartCk
0x8010DBF0	0x7C4	.text	game/emrock.cpp	global	plemRockEscape	plemRockEscape
0x8010E3B4	0x88	.text	game/emrock.cpp	global	setPlMotion__7cEmRockPPv	cEmRock::setPlMotion
0x8010E43C	0x20	.text	game/emrock.cpp	global	setScale__7cEmRockf	cEmRock::setScale
0x8010E45C	0x50	.text	game/emrock.cpp	global	plemRockSetEscapeRoute	plemRockSetEscapeRoute
0x8010E4AC	0xD4	.text	game/emrock.cpp	global	plemRockEscapeCk	plemRockEscapeCk
0x8010E580	0x18	.text	game/emrock.cpp	global	plemRockEscAction	plemRockEscAction
0x8010E598	0x270	.text	game/emrock.cpp	global	plemRockEscapeCamMove	plemRockEscapeCamMove
0x8010E808	0x1E0	.text	game/emrock.cpp	global	plemRockEscapeCamMove2	plemRockEscapeCamMove2
0x8010E9E8	0x15C	.text	game/emrock.cpp	global	plemRockDropDieCamMove	plemRockDropDieCamMove
0x8010EB44	0x190	.text	game/emrock.cpp	global	emRockPushCamMove	emRockPushCamMove
0x8010ECD4	0x1AC	.text	game/emrock.cpp	global	emRockPushCamMove2	emRockPushCamMove2
0x8010EE80	0x124	.text	game/emrock.cpp	global	emRockDropCamMove	emRockDropCamMove
0x8010EFA4	0x148	.text	game/emrock.cpp	global	emRockRunDownCk	emRockRunDownCk
0x8010F0EC	0x164	.text	game/emrock.cpp	global	emRockAtkCk	emRockAtkCk
0x8010F250	0x120	.text	game/emrock.cpp	global	emRockPushCk	emRockPushCk
0x8010F370	0x34	.text	game/emrock.cpp	global	setDropMot__7cEmRockPvN31	cEmRock::setDropMot
0x8010F3A4	0x50	.text	game/emrock.cpp	global	setDropMot2__7cEmRockPvN61	cEmRock::setDropMot2
0x8010F3F4	0xEC	.text	game/emrock.cpp	global	emRockDropHitCk	emRockDropHitCk
0x8010F4E0	0xF4	.text	game/emrock.cpp	global	emRockDropHitCkSub	emRockDropHitCkSub
0x8010F5D4	0x138	.text	game/emrock.cpp	global	emRockDropHitCkEm2b	emRockDropHitCkEm2b
0x8010F70C	0xC0	.text	game/emrock.cpp	global	plemDropDie	plemDropDie
0x8010F7CC	0x98	.text	game/emrock.cpp	global	subemDropDie	subemDropDie
0x8010F864	0xC4	.text	game/emrock.cpp	global	setBreakR11E__7cEmRock	cEmRock::setBreakR11E
0x8010F928	0x3C	.text	game/emrock.cpp	global	emRockSatClear	emRockSatClear
0x8010F964	0x104	.text	game/emrock.cpp	global	emRockSatSet	emRockSatSet
0x8010FA68	0x20	.text	game/emrock.cpp	global	_._7cEmRock	cEmRock::~cEmRock
0x8010FA88	0x4A4	.text	game/emshield.cpp	global	SetShield	SetShield
0x8010FF2C	0x38	.text	game/emshield.cpp	global	beginEvent__9cEmShieldUl	cEmShield::beginEvent
0x8010FF64	0x74C	.text	game/emshield.cpp	global	emShieldDmCk	emShieldDmCk
0x801106B0	0x198	.text	game/emshield.cpp	global	move__9cEmShield	cEmShield::move
0x80110848	0x1C	.text	game/emshield.cpp	global	emShield_R0_Init	emShield_R0_Init
0x80110864	0x38	.text	game/emshield.cpp	global	emShield_R0_Move	emShield_R0_Move
0x8011089C	0x78	.text	game/emshield.cpp	global	emShield_R1_Set	emShield_R1_Set
0x80110914	0x160	.text	game/emshield.cpp	global	emShield_R1_LostWait	emShield_R1_LostWait
0x80110A74	0xA4	.text	game/emshield.cpp	global	emShield_R1_Lost	emShield_R1_Lost
0x80110B18	0x390	.text	game/emshield.cpp	global	emShield_R1_Parent	emShield_R1_Parent
0x80110EA8	0x86C	.text	game/emshield.cpp	global	emShield_R1_Fall	emShield_R1_Fall
0x80111714	0x4C	.text	game/emshield.cpp	global	setParent__9cEmShieldP6cModelii	cEmShield::setParent
0x80111760	0x1D8	.text	game/emshield.cpp	global	setFall__9cEmShieldP3Vecf	cEmShield::setFall
0x80111938	0x20	.text	game/emshield.cpp	global	_._9cEmShield	cEmShield::~cEmShield
0x80111958	0x1E8	.text	game/emswitch.cpp	local	emSwitchDmCk__FP9cEmSwitch	emSwitchDmCk
0x80111B40	0x290	.text	game/emswitch.cpp	global	SetEmSwitch	SetEmSwitch
0x80111DD0	0x70	.text	game/emswitch.cpp	global	move__9cEmSwitch	cEmSwitch::move
0x80111E40	0x48	.text	game/emswitch.cpp	global	emSwitch_R1_Set	emSwitch_R1_Set
0x80111E88	0x124	.text	game/emswitch.cpp	global	emSwitch_R1_Open	emSwitch_R1_Open
0x80111FAC	0x198	.text	game/emswitch.cpp	global	emSwitch_R1_Close	emSwitch_R1_Close
0x80112144	0x8	.text	game/emswitch.cpp	global	ckSwitch__9cEmSwitch	cEmSwitch::ckSwitch
0x8011214C	0x18	.text	game/emswitch.cpp	global	ckOpen__9cEmSwitch	cEmSwitch::ckOpen
0x80112164	0x5C	.text	game/emswitch.cpp	global	setOpen__9cEmSwitch	cEmSwitch::setOpen
0x801121C0	0x68	.text	game/emswitch.cpp	global	setClose__9cEmSwitch	cEmSwitch::setClose
0x80112228	0x4C	.text	game/emswitch.cpp	global	setOpened__9cEmSwitch	cEmSwitch::setOpened
0x80112274	0x50	.text	game/emswitch.cpp	global	setClosed__9cEmSwitch	cEmSwitch::setClosed
0x801122C4	0x58	.text	game/emswitch.cpp	global	setBarred__9cEmSwitchP9cEmBarred	cEmSwitch::setBarred
0x8011231C	0x58	.text	game/emswitch.cpp	global	setBarred2nd__9cEmSwitchP9cEmBarred	cEmSwitch::setBarred2nd
0x80112374	0x58	.text	game/emswitch.cpp	global	setConnectSwitch__9cEmSwitchP9cEmSwitch	cEmSwitch::setConnectSwitch
0x801123CC	0x8	.text	game/emswitch.cpp	global	setActButton__9cEmSwitchi	cEmSwitch::setActButton
0x801123D4	0x190	.text	game/emswitch.cpp	global	emSwitchOperationActEvtCk	emSwitchOperationActEvtCk
0x80112564	0x20	.text	game/emswitch.cpp	global	emSwitchActOpen	emSwitchActOpen
0x80112584	0x20	.text	game/emswitch.cpp	global	emSwitchActClose	emSwitchActClose
0x801125A4	0xC	.text	game/emswitch.cpp	global	setOpenOnly__9cEmSwitch	cEmSwitch::setOpenOnly
0x801125B0	0xC	.text	game/emswitch.cpp	global	setAutoOpen__9cEmSwitch	cEmSwitch::setAutoOpen
0x801125BC	0xC	.text	game/emswitch.cpp	global	setBarrel__9cEmSwitch	cEmSwitch::setBarrel
0x801125C8	0x10	.text	game/emswitch.cpp	global	setLongCk__9cEmSwitch	cEmSwitch::setLongCk
0x801125D8	0x20	.text	game/emswitch.cpp	global	_._9cEmSwitch	cEmSwitch::~cEmSwitch
0x801125F8	0x384	.text	game/emtorch.cpp	global	SetTorch__FPvT0P3VecT2ii	SetTorch
0x8011297C	0x2E8	.text	game/emtorch.cpp	global	emTorchDmCk	emTorchDmCk
0x80112C64	0x204	.text	game/emtorch.cpp	global	emTorchSetBreak	emTorchSetBreak
0x80112E68	0x58	.text	game/emtorch.cpp	global	move__8cEmTorch	cEmTorch::move
0x80112EC0	0x1C	.text	game/emtorch.cpp	global	emTorch_R0_Init	emTorch_R0_Init
0x80112EDC	0x38	.text	game/emtorch.cpp	global	emTorch_R0_Move	emTorch_R0_Move
0x80112F14	0x90	.text	game/emtorch.cpp	global	emTorch_R1_Set	emTorch_R1_Set
0x80112FA4	0x360	.text	game/emtorch.cpp	global	emTorch_R1_Parent	emTorch_R1_Parent
0x80113304	0x8C	.text	game/emtorch.cpp	global	emTorch_R1_Break	emTorch_R1_Break
0x80113390	0x254	.text	game/emtorch.cpp	global	emTorch_R1_Fall	emTorch_R1_Fall
0x801135E4	0x130	.text	game/emtorch.cpp	global	emTorchYarareInit	emTorchYarareInit
0x80113714	0x30	.text	game/emtorch.cpp	global	setBreak__8cEmTorch	cEmTorch::setBreak
0x80113744	0x20	.text	game/emtorch.cpp	global	setDelete__8cEmTorch	cEmTorch::setDelete
0x80113764	0x60	.text	game/emtorch.cpp	global	setEff__8cEmTorchUc	cEmTorch::setEff
0x801137C4	0x48	.text	game/emtorch.cpp	global	setParent__8cEmTorchP6cModelii	cEmTorch::setParent
0x8011380C	0x20	.text	game/emtorch.cpp	global	_._8cEmTorch	cEmTorch::~cEmTorch
0x8011382C	0x290	.text	game/emtree.cpp	global	SetTree	SetTree
0x80113ABC	0x4	.text	game/emtree.cpp	global	beginEvent__7cEmTreeUl	cEmTree::beginEvent
0x80113AC0	0x5C	.text	game/emtree.cpp	global	emTreeDmCk	emTreeDmCk
0x80113B1C	0xDC	.text	game/emtree.cpp	global	move__7cEmTree	cEmTree::move
0x80113BF8	0x1C	.text	game/emtree.cpp	global	emTree_R0_Init	emTree_R0_Init
0x80113C14	0x38	.text	game/emtree.cpp	local	emTree_R0_Move	emTree_R0_Move
0x80113C4C	0x78	.text	game/emtree.cpp	global	emTree_R1_Set	emTree_R1_Set
0x80113CC4	0x154	.text	game/emtree.cpp	global	emTree_R1_LostWait	emTree_R1_LostWait
0x80113E18	0x90	.text	game/emtree.cpp	global	emTree_R1_Lost	emTree_R1_Lost
0x80113EA8	0x384	.text	game/emtree.cpp	global	emTree_R1_Parent	emTree_R1_Parent
0x8011422C	0x7CC	.text	game/emtree.cpp	global	emTree_R1_Fall	emTree_R1_Fall
0x801149F8	0x3B4	.text	game/emtree.cpp	global	emTree_R1_Throw	emTree_R1_Throw
0x80114DAC	0x424	.text	game/emtree.cpp	global	emTree_R1_Shot	emTree_R1_Shot
0x801151D0	0x58	.text	game/emtree.cpp	global	setParent__7cEmTreeP6cModelii	cEmTree::setParent
0x80115228	0x20	.text	game/emtree.cpp	global	clearParent__7cEmTree	cEmTree::clearParent
0x80115248	0x120	.text	game/emtree.cpp	global	setFall__7cEmTree	cEmTree::setFall
0x80115368	0x10	.text	game/emtree.cpp	global	ckCatch__7cEmTree	cEmTree::ckCatch
0x80115378	0xC	.text	game/emtree.cpp	global	setCatch__7cEmTree	cEmTree::setCatch
0x80115384	0x3C	.text	game/emtree.cpp	global	setLost__7cEmTree	cEmTree::setLost
0x801153C0	0x20	.text	game/emtree.cpp	global	_._7cEmTree	cEmTree::~cEmTree
0x801153E0	0xB0	.text	game/emwindow.cpp	global	SetWindow__FPvT0P3VecT2iUcT0	SetWindow
0x80115490	0x230	.text	game/emwindow.cpp	global	ChkWindow	ChkWindow
0x801156C0	0x5C4	.text	game/emwindow.cpp	global	init__9cEmWindowPvT1P3VecT3iUcT1	cEmWindow::init
0x80115C84	0x198	.text	game/emwindow.cpp	global	move__9cEmWindow	cEmWindow::move
0x80115E1C	0x284	.text	game/emwindow.cpp	global	DmCk__9cEmWindow	cEmWindow::DmCk
0x801160A0	0x7C0	.text	game/emwindow.cpp	global	ExeWindowEvent__9cEmWindowP9cEmWindow	cEmWindow::ExeWindowEvent
0x80116860	0x184	.text	game/emwindow.cpp	global	CalFloor__9cEmWindow	cEmWindow::CalFloor
0x801169E4	0x8	.text	game/emwindow.cpp	global	GetFloor__9cEmWindow	cEmWindow::GetFloor
0x801169EC	0x58	.text	game/emwindow.cpp	global	ChkBreakDir__9cEmWindowP3Vec	cEmWindow::ChkBreakDir
0x80116A44	0x40	.text	game/emwindow.cpp	global	ChkStatus__9cEmWindow	cEmWindow::ChkStatus
0x80116A84	0x4C	.text	game/emwindow.cpp	global	SetStatus__9cEmWindowUs	cEmWindow::SetStatus
0x80116AD0	0xA0	.text	game/emwindow.cpp	global	SetShake__9cEmWindow	cEmWindow::SetShake
0x80116B70	0xCC	.text	game/emwindow.cpp	global	SetBreakAll__9cEmWindowP3Vecii	cEmWindow::SetBreakAll
0x80116C3C	0x140	.text	game/emwindow.cpp	global	SetBreakModel__9cEmWindow	cEmWindow::SetBreakModel
0x80116D7C	0x4C	.text	game/emwindow.cpp	global	SetChangeModel__9cEmWindowPvT1	cEmWindow::SetChangeModel
0x80116DC8	0x58	.text	game/emwindow.cpp	global	SetAtariOff__9cEmWindow	cEmWindow::SetAtariOff
0x80116E20	0x250	.text	game/emwindow.cpp	global	SetBreakEsp__9cEmWindowiii	cEmWindow::SetBreakEsp
0x80117070	0x34	.text	game/emwindow.cpp	global	SetEnableDamage__9cEmWindowi	cEmWindow::SetEnableDamage
0x801170A4	0x34	.text	game/emwindow.cpp	global	ChkEnableDamage__9cEmWindow	cEmWindow::ChkEnableDamage
0x801170D8	0x50	.text	game/emwindow.cpp	global	SetEtcFlag__9cEmWindowUli	cEmWindow::SetEtcFlag
0x80117128	0x2C	.text	game/emwindow.cpp	global	ChkEtcFlag__9cEmWindowUl	cEmWindow::ChkEtcFlag
0x80117154	0x64	.text	game/emwindow.cpp	global	SetEnableFence__9cEmWindowii	cEmWindow::SetEnableFence
0x801171B8	0x40	.text	game/emwindow.cpp	global	ChkEnableFence__9cEmWindowi	cEmWindow::ChkEnableFence
0x801171F8	0x20	.text	game/emwindow.cpp	global	_._9cEmWindow	cEmWindow::~cEmWindow
0x80117218	0x30	.text	game/eprintf.cpp	global	BtoX__Fi	BtoX
0x80117248	0xC	.text	game/eprintf.cpp	global	EprintfSetCurrentNo	EprintfSetCurrentNo
0x80117254	0xB4	.text	game/eprintf.cpp	global	eprintf__FiiiiPCce	eprintf
0x80117308	0xC4	.text	game/eprintf.cpp	global	eprintf2__FiiiiiiPCce	eprintf2
0x801173CC	0x20	.text	game/eprintf.cpp	global	EprintfSetEnv	EprintfSetEnv
0x801173EC	0xB8	.text	game/eprintf.cpp	global	eprintf_main	eprintf_main
0x801174A4	0x4C	.text	game/eprintf.cpp	global	Sp_char_ck	Sp_char_ck
0x801174F0	0x2C	.text	game/eprintf.cpp	global	EprintfBufferClear	EprintfBufferClear
0x8011751C	0xE4	.text	game/eprintf.cpp	global	EprintfBuffering	EprintfBuffering
0x80117600	0x178	.text	game/eprintf.cpp	global	font_draw	font_draw
0x80117778	0x348	.text	game/eprintf.cpp	global	EprintfDrawing	EprintfDrawing
0x80117AC0	0x24	.text	game/eprintf.cpp	global	EprintfFlush	EprintfFlush
0x80117AE4	0x14C	.text	game/eprintf.cpp	global	EprintfInit	EprintfInit
0x80117C30	0x50	.text	game/esp.cpp	global	EspDummyTrans	EspDummyTrans
0x80117C80	0x3C	.text	game/esp.cpp	global	EspFuncTblInit	EspFuncTblInit
0x80117CBC	0x20	.text	game/esp.cpp	global	EspFuncTblSet	EspFuncTblSet
0x80117CDC	0x70	.text	game/esp.cpp	global	ESP_IsActive	ESP_IsActive
0x80117D4C	0xE4	.text	game/esp.cpp	global	PullEsp	PullEsp
0x80117E30	0x18C	.text	game/esp.cpp	global	__nw__4cEspUi	cEsp::operator new
0x80117FBC	0x80	.text	game/esp.cpp	global	PushEsp__FP4cEsp	PushEsp
0x8011803C	0x2E8	.text	game/esp.cpp	global	EspMove	EspMove
0x80118324	0x10	.text	game/esp.cpp	global	EspGetCameraPan	EspGetCameraPan
0x80118334	0x10	.text	game/esp.cpp	global	EspGetCameraPan2	EspGetCameraPan2
0x80118344	0x778	.text	game/esp.cpp	global	EspTrans	EspTrans
0x80118ABC	0xC0	.text	game/esp.cpp	global	EspDispInfo	EspDispInfo
0x80118B7C	0x80	.text	game/esp.cpp	global	EspArrayAlloc	EspArrayAlloc
0x80118BFC	0x50	.text	game/esp.cpp	global	EspArrayFree	EspArrayFree
0x80118C4C	0x6C	.text	game/esp.cpp	global	EspArrayPush	EspArrayPush
0x80118CB8	0x64	.text	game/esp.cpp	global	EspArrayPop	EspArrayPop
0x80118D1C	0x70	.text	game/esp.cpp	global	EspArrayClear	EspArrayClear
0x80118D8C	0x10	.text	game/esp.cpp	global	EspGetDmyPtr	EspGetDmyPtr
0x80118D9C	0x5C	.text	game/esp.cpp	global	EspAddOtAfterRender	EspAddOtAfterRender
0x80118DF8	0x408	.text	game/esp_app.cpp	global	EffSetId	EffSetId
0x80119200	0x4	.text	game/esp_app.cpp	global	EspFreeSizeCheckAll	EspFreeSizeCheckAll
0x80119204	0xB4	.text	game/esp_app.cpp	global	EspCallSeType	EspCallSeType
0x801192B8	0x280	.text	game/esp_app.cpp	global	EspFootCall__FiiP3Vec	EspFootCall
0x80119538	0x9C	.text	game/esp_app.cpp	global	EspPlWaterCall__FiP3Vec	EspPlWaterCall
0x801195D4	0x24	.text	game/esp_app.cpp	global	EffCrearRoomSeFunc	EffCrearRoomSeFunc
0x801195F8	0x7C	.text	game/esp_app.cpp	global	EffCallRoomSeFunc__FiP3Vec	EffCallRoomSeFunc
0x80119674	0x1C4	.text	game/esp_app.cpp	global	EffAreaUpdate	EffAreaUpdate
0x80119838	0x90	.text	game/esp_app.cpp	global	EffAreaCheckInRoom	EffAreaCheckInRoom
0x801198C8	0x94	.text	game/esp_app.cpp	global	EffAreaCheckNo__FP3VecUc	EffAreaCheckNo
0x8011995C	0x134	.text	game/esp_app.cpp	global	EffEm2d_setTexRender	EffEm2d_setTexRender
0x80119A90	0x104	.text	game/esp_app.cpp	global	EspDrawLaserLine	EspDrawLaserLine
0x80119B94	0x190	.text	game/esp_app.cpp	global	EspDrawLaserLine2	EspDrawLaserLine2
0x80119D24	0x14C	.text	game/esp_app.cpp	global	EspSetGatling	EspSetGatling
0x80119E70	0x74	.text	game/esp_app.cpp	global	setPlWaterOtType	setPlWaterOtType
0x80119EE4	0x8	.text	game/esp_efm.cpp	global	GetEfmMoveIdMax	GetEfmMoveIdMax
0x80119EEC	0x40	.text	game/esp_efm.cpp	global	GetEfmMoveId	GetEfmMoveId
0x80119F2C	0x78	.text	game/esp_efm.cpp	global	EfmDelete	EfmDelete
0x80119FA4	0x160	.text	game/esp_efm.cpp	global	EfmDeleteSub	EfmDeleteSub
0x8011A104	0x6C	.text	game/esp_efm.cpp	global	EfmDeleteEvent	EfmDeleteEvent
0x8011A170	0xC4	.text	game/esp_efm.cpp	global	EfmDeleteEventSub	EfmDeleteEventSub
0x8011A234	0x68	.text	game/esp_efm.cpp	global	EfmArrayClear	EfmArrayClear
0x8011A29C	0x538	.text	game/esp_efm.cpp	global	EfmSeqSet	EfmSeqSet
0x8011A7D4	0x880	.text	game/esp_efm.cpp	global	EfmSetObj04	EfmSetObj04
0x8011B054	0x748	.text	game/esp_efm.cpp	global	EfmSetObj05	EfmSetObj05
0x8011B79C	0x38C	.text	game/esp_efm.cpp	global	EfmSetObj09	EfmSetObj09
0x8011BB28	0x26C	.text	game/esp_efm.cpp	global	SetEffModel	SetEffModel
0x8011BD94	0x90	.text	game/esp_efm.cpp	global	setModTexRender	setModTexRender
0x8011BE24	0xA18	.text	game/esp_sub.cpp	global	EspCommonTrans	EspCommonTrans
0x8011C83C	0x1088	.text	game/esp_sub.cpp	global	EspCommonTransShimmer	EspCommonTransShimmer
0x8011D8C4	0xB7C	.text	game/esp_sub.cpp	global	EspCommonTransNega	EspCommonTransNega
0x8011E440	0x3C	.text	game/esp_sub.cpp	global	move__4cEsp	cEsp::move
0x8011E47C	0x174	.text	game/esp_sub.cpp	global	CommonMove__4cEsp	cEsp::CommonMove
0x8011E5F0	0x16C	.text	game/esp_sub.cpp	global	ColorUpdate__4cEsp	cEsp::ColorUpdate
0x8011E75C	0x8	.text	game/esp_sub.cpp	global	SetFreeWork__4cEspP10EspGenWorkPUl	cEsp::SetFreeWork
0x8011E764	0x240	.text	game/esp_sub.cpp	global	AnmMove__4cEsp	cEsp::AnmMove
0x8011E9A4	0x4FC	.text	game/esp_sub.cpp	global	ChannelSet__4cEsp	cEsp::ChannelSet
0x8011EEA0	0x94	.text	game/esp_sub.cpp	global	ApplyMatrix__4cEspPA3_f	cEsp::ApplyMatrix
0x8011EF34	0x8C	.text	game/esp_sub.cpp	global	CommonStateSet__4cEsp	cEsp::CommonStateSet
0x8011EFC0	0x14	.text	game/esp_sub.cpp	global	__4cEsp	cEsp::cEsp
0x8011EFD4	0x34	.text	game/esp_sub.cpp	global	_._4cEsp	cEsp::~cEsp
0x8011F008	0x4	.text	game/esp_sub.cpp	global	Destruct__4cEsp	cEsp::Destruct
0x8011F00C	0x174	.text	game/esp_sub.cpp	global	EspEstSetSelect	EspEstSetSelect
0x8011F180	0x10F0	.text	game/esp_sub.cpp	global	EspSeqSet	EspSeqSet
0x80120270	0xE8	.text	game/esp_sub.cpp	global	GetPosXY	GetPosXY
0x80120358	0x410	.text	game/esp_sub.cpp	global	Esp1b_SpTrans	Esp1b_SpTrans
0x80120768	0x4	.text	game/espgen.cpp	global	EspgenFreeSizeCheckApp	EspgenFreeSizeCheckApp
0x8012076C	0x3C	.text	game/espgen.cpp	local	EspgenDummyMove	EspgenDummyMove
0x801207A8	0x4	.text	game/espgen.cpp	global	EspgenFreeSizeCheck	EspgenFreeSizeCheck
0x801207AC	0x20	.text	game/espgen.cpp	global	EspgenInit	EspgenInit
0x801207CC	0x48	.text	game/espgen.cpp	global	EspgenRoomInit	EspgenRoomInit
0x80120814	0x8	.text	game/espgen.cpp	global	GetEspgenIdMax	GetEspgenIdMax
0x8012081C	0x78	.text	game/espgen.cpp	global	EspgenArrayAlloc	EspgenArrayAlloc
0x80120894	0x40	.text	game/espgen.cpp	global	EspgenArrayFree	EspgenArrayFree
0x801208D4	0x64	.text	game/espgen.cpp	global	EspgenArrayPush	EspgenArrayPush
0x80120938	0x54	.text	game/espgen.cpp	global	EspgenArrayPop	EspgenArrayPop
0x8012098C	0xB8	.text	game/espgen.cpp	global	PullEspgen	PullEspgen
0x80120A44	0xAC	.text	game/espgen.cpp	global	PushEspgen	PushEspgen
0x80120AF0	0xAC	.text	game/espgen.cpp	global	PullEspgenFront	PullEspgenFront
0x80120B9C	0x54	.text	game/espgen.cpp	global	EspgenArrayClear	EspgenArrayClear
0x80120BF0	0x1B8	.text	game/espgen.cpp	global	EspgenMove	EspgenMove
0x80120DA8	0x108	.text	game/espgen.cpp	global	EspgenTrans	EspgenTrans
0x80120EB0	0xC0	.text	game/espgen.cpp	global	EspgenDelete	EspgenDelete
0x80120F70	0x80	.text	game/espgen.cpp	global	EspgenDeleteEvent	EspgenDeleteEvent
0x80120FF0	0xAC	.text	game/espgen.cpp	global	EspgenDispInfo	EspgenDispInfo
0x8012109C	0x8	.text	game/espgen.cpp	global	EspgenGetCallNo	EspgenGetCallNo
0x801210A4	0x10	.text	game/espgen.cpp	global	EspgenIncCallNo	EspgenIncCallNo
0x801210B4	0xA4	.text	game/espgen.cpp	global	EspgenApplyFunc	EspgenApplyFunc
0x80121158	0x100	.text	game/espgen.cpp	global	EspgenSetFreeWork	EspgenSetFreeWork
0x80121258	0x154	.text	game/espgen.cpp	global	EspgenSeqSet	EspgenSeqSet
0x801213AC	0x17C	.text	game/espgen00.cpp	global	espgen00_UpdateMatrix	espgen00_UpdateMatrix
0x80121528	0x6C	.text	game/espgen00.cpp	local	Calc_D256	Calc_D256
0x80121594	0x3E8	.text	game/espgen00.cpp	global	espgen00_Update	espgen00_Update
0x8012197C	0x34	.text	game/espgen00.cpp	global	espgen00_Move00	espgen00_Move00
0x801219B0	0x20	.text	game/espgen00.cpp	global	espgen00_Move01	espgen00_Move01
0x801219D0	0x60	.text	game/espgen00.cpp	global	Espgen00_Move	Espgen00_Move
0x80121A30	0x1FC	.text	game/espgen00.cpp	global	Espgen00_SetFreeWork	Espgen00_SetFreeWork
0x80121C2C	0x34	.text	game/espgen01.cpp	global	espgen01_Move00	espgen01_Move00
0x80121C60	0x20	.text	game/espgen01.cpp	global	espgen01_Move01	espgen01_Move01
0x80121C80	0x34	.text	game/espgen01.cpp	global	Espgen01_Move	Espgen01_Move
0x80121CB4	0x3C	.text	game/espgen01.cpp	global	Espgen01_Trans	Espgen01_Trans
0x80121CF0	0x440	.text	game/espgen01.cpp	global	SetEsp	SetEsp
0x80122130	0x8	.text	game/espgen01.cpp	global	GetEstTblnum	GetEstTblnum
0x80122138	0x78	.text	game/espgen01.cpp	global	SetEstTbl	SetEstTbl
0x801221B0	0xBC	.text	game/espgen01.cpp	global	GetDistAlpha	GetDistAlpha
0x8012226C	0x130	.text	game/espgen01.cpp	global	GetDirAlpha	GetDirAlpha
0x8012239C	0x2BC	.text	game/espgen01.cpp	global	HideCheck	HideCheck
0x80122658	0x224	.text	game/espgen01.cpp	global	Espgen01_SetFreeWork	Espgen01_SetFreeWork
0x8012287C	0x17C	.text	game/espgen02.cpp	global	espgen02_UpdateMatrix	espgen02_UpdateMatrix
0x801229F8	0x6C	.text	game/espgen02.cpp	local	Calc_D256	Calc_D256
0x80122A64	0xB94	.text	game/espgen02.cpp	global	espgen02_Update	espgen02_Update
0x801235F8	0x34	.text	game/espgen02.cpp	local	espgen02_Move00	espgen02_Move00
0x8012362C	0x20	.text	game/espgen02.cpp	global	espgen02_Move01	espgen02_Move01
0x8012364C	0x34	.text	game/espgen02.cpp	global	Espgen02_Move	Espgen02_Move
0x80123680	0x2CC	.text	game/espgen02.cpp	global	Espgen02_SetFreeWork	Espgen02_SetFreeWork
0x8012394C	0x130	.text	game/espgen10.cpp	global	EspgenDataSet	EspgenDataSet
0x80123A7C	0x18	.text	game/espgen10.cpp	global	SetEspCore	SetEspCore
0x80123A94	0x80	.text	game/espgen10.cpp	global	PullEspEspgen	PullEspEspgen
0x80123B14	0x2B4	.text	game/espgen10.cpp	global	espgen10_Update	espgen10_Update
0x80123DC8	0x34	.text	game/espgen10.cpp	global	espgen10_Move00	espgen10_Move00
0x80123DFC	0x20	.text	game/espgen10.cpp	global	espgen10_Move01	espgen10_Move01
0x80123E1C	0x34	.text	game/espgen10.cpp	global	Espgen10_Move	Espgen10_Move
0x80123E50	0x4	.text	game/espgen40.cpp	global	Espgen40_Move__FP10EspGenWork	Espgen40_Move
0x80123E54	0x70	.text	game/Espgen42.cpp	global	EspWaterInit	EspWaterInit
0x80123EC4	0x60C	.text	game/Espgen42.cpp	global	AddWaterPowerSub	AddWaterPowerSub
0x801244D0	0xB0	.text	game/Espgen42.cpp	global	AddWaterPower	AddWaterPower
0x80124580	0x174	.text	game/Espgen42.cpp	global	GetWaterHeightSub	GetWaterHeightSub
0x801246F4	0x8	.text	game/Espgen42.cpp	global	Espgen42SetNoWater	Espgen42SetNoWater
0x801246FC	0x168	.text	game/Espgen42.cpp	global	GetWaterHeight__FP3VecPf	GetWaterHeight
0x80124864	0x2C8	.text	game/Espgen42.cpp	global	GetWaterCrossPosSub	GetWaterCrossPosSub
0x80124B2C	0x15C	.text	game/Espgen42.cpp	global	GetWaterCrossPos	GetWaterCrossPos
0x80124C88	0x86C	.text	game/Espgen42.cpp	global	Espgen42_Move00	Espgen42_Move00
0x801254F4	0x44	.text	game/Espgen42.cpp	global	Espgen42_Move	Espgen42_Move
0x80125538	0x58	.text	game/Espgen42.cpp	global	Espgen42_Trans	Espgen42_Trans
0x80125590	0x98	.text	game/Espgen42.cpp	global	SetIndMtx	SetIndMtx
0x80125628	0xAD4	.text	game/Espgen42.cpp	global	Espgen42_TransSub	Espgen42_TransSub
0x801260FC	0x910	.text	game/Espgen42.cpp	global	SetWaterWork	SetWaterWork
0x80126A0C	0xC0	.text	game/Espgen42.cpp	global	Espgen42_Destruct	Espgen42_Destruct
0x80126ACC	0x324	.text	game/Espgen42.cpp	global	Espgen42_SetFreeWork	Espgen42_SetFreeWork
0x80126DF0	0x440	.text	game/Espgen43.cpp	global	AddSandPowerSub	AddSandPowerSub
0x80127230	0x68	.text	game/Espgen43.cpp	global	AddSandPower	AddSandPower
0x80127298	0x16C	.text	game/Espgen43.cpp	global	GetSandHeightSub	GetSandHeightSub
0x80127404	0x90	.text	game/Espgen43.cpp	global	GetSandHeight	GetSandHeight
0x80127494	0x12C	.text	game/Espgen43.cpp	global	Espgen43_Move00	Espgen43_Move00
0x801275C0	0x34	.text	game/Espgen43.cpp	global	Espgen43_Move	Espgen43_Move
0x801275F4	0x58	.text	game/Espgen43.cpp	global	Espgen43_Trans	Espgen43_Trans
0x8012764C	0x34C	.text	game/Espgen43.cpp	global	Espgen43_TransSub	Espgen43_TransSub
0x80127998	0x960	.text	game/Espgen43.cpp	global	SetSandWork	SetSandWork
0x801282F8	0x70	.text	game/Espgen43.cpp	global	Espgen43_Destruct	Espgen43_Destruct
0x80128368	0x168	.text	game/Espgen43.cpp	global	Espgen43_SetFreeWork	Espgen43_SetFreeWork
0x801284D0	0x4	.text	game/espgen44.cpp	global	Espgen44_Move	Espgen44_Move
0x801284D4	0x4	.text	game/espgen44.cpp	global	Espgen44_Trans	Espgen44_Trans
0x801284D8	0xBC	.text	game/espgen44.cpp	global	Espgen44_Destruct	Espgen44_Destruct
0x80128594	0xEC	.text	game/espgen44.cpp	global	Espgen44_SetFreeWork	Espgen44_SetFreeWork
0x80128680	0x74	.text	game/espgen45.cpp	global	Espgen45_static_init	Espgen45_static_init
0x801286F4	0xA54	.text	game/espgen45.cpp	global	Espgen45_Move00	Espgen45_Move00
0x80129148	0x44	.text	game/espgen45.cpp	global	Espgen45_Move	Espgen45_Move
0x8012918C	0x68	.text	game/espgen45.cpp	global	Espgen45_Trans	Espgen45_Trans
0x801291F4	0xC0	.text	game/espgen45.cpp	global	SetIndMtx_801291F4	SetIndMtx
0x801292B4	0x1B40	.text	game/espgen45.cpp	global	Espgen45_TransSub	Espgen45_TransSub
0x8012ADF4	0xA5C	.text	game/espgen45.cpp	global	SetWaterWork45	SetWaterWork45
0x8012B850	0xC0	.text	game/espgen45.cpp	global	Espgen45_Destruct	Espgen45_Destruct
0x8012B910	0x370	.text	game/espgen45.cpp	global	Espgen45_SetFreeWork	Espgen45_SetFreeWork
0x8012BC80	0x8	.text	game/espgen45.cpp	global	Estgen45SetTargetCamera	Estgen45SetTargetCamera
0x8012BC88	0x8	.text	game/espgen45.cpp	global	Estgen45SetTargetHeight	Estgen45SetTargetHeight
0x8012BC90	0x8	.text	game/espgen45.cpp	global	Estgen45SetSizeOverWrite	Estgen45SetSizeOverWrite
0x8012BC98	0x8	.text	game/espgen45.cpp	global	Estgen45SetColorOverWrite	Estgen45SetColorOverWrite
0x8012BCA0	0x8	.text	game/espgen45.cpp	global	Estgen45SetColorMul	Estgen45SetColorMul
0x8012BCA8	0x8	.text	game/espgen45.cpp	global	Estgen45SetParamOverWrite	Estgen45SetParamOverWrite
0x8012BCB0	0x1C	.text	game/espgen45.cpp	global	Estgen45SetTargetPos	Estgen45SetTargetPos
0x8012BCCC	0x18	.text	game/espgen45.cpp	global	Estgen45SetHeight	Estgen45SetHeight
0x8012BCE4	0x18	.text	game/espgen45.cpp	global	Estgen45SetSize	Estgen45SetSize
0x8012BCFC	0x34	.text	game/espgen45.cpp	global	Estgen45SetColor	Estgen45SetColor
0x8012BD30	0x70	.text	game/espgen45.cpp	global	Estgen45SetParam	Estgen45SetParam
0x8012BDA0	0x84	.text	game/est.cpp	global	EstSet	EstSet
0x8012BE24	0x25C	.text	game/est.cpp	global	EstSet__FP6cModeliP3VecT2P10EspSeqDataUsUcPvUlT7	EstSet
0x8012C080	0x108	.text	game/est.cpp	global	AreaSstSet	AreaSstSet
0x8012C188	0x6C	.text	game/est.cpp	global	GetSstDispFlag	GetSstDispFlag
0x8012C1F4	0xC4	.text	game/est.cpp	global	SetSstDispFlag	SetSstDispFlag
0x8012C2B8	0x10	.text	game/est.cpp	global	SetSstAddAreaFlag	SetSstAddAreaFlag
0x8012C2C8	0x14C	.text	game/est.cpp	global	SstSet	SstSet
0x8012C414	0x20	.text	game/est.cpp	global	EffectEspDelete	EffectEspDelete
0x8012C434	0x20	.text	game/est.cpp	global	EffectEspgenDelete	EffectEspgenDelete
0x8012C454	0x20	.text	game/est.cpp	global	EffectEfmDelete	EffectEfmDelete
0x8012C474	0x38	.text	game/est.cpp	global	EffectDeleteAll	EffectDeleteAll
0x8012C4AC	0x28	.text	game/est.cpp	global	EffectEventDelete	EffectEventDelete
0x8012C4D4	0xF8	.text	game/est.cpp	global	EspDelete	EspDelete
0x8012C5CC	0x88	.text	game/est.cpp	global	EspDeleteEvent	EspDeleteEvent
0x8012C654	0xA8	.text	game/est.cpp	global	EspSetWaterBomb	EspSetWaterBomb
0x8012C6FC	0xC8	.text	game/est.cpp	global	EspSetWaterHitmark	EspSetWaterHitmark
0x8012C7C4	0x5C	.text	game/est.cpp	global	EspChkInPuddle	EspChkInPuddle
0x8012C820	0x3B0	.text	game/est.cpp	global	EspSetEatEffect	EspSetEatEffect
0x8012CBD0	0x90	.text	game/est.cpp	global	EventCutEstSet	EventCutEstSet
0x8012CC60	0x50	.text	game/est.cpp	global	EventCutEffDelete	EventCutEffDelete
0x8012CCB0	0x54	.text	game/est.cpp	global	EventAllEffDelete	EventAllEffDelete
0x8012CD04	0x40	.text	game/est.cpp	global	ChkWaterEffectEnable	ChkWaterEffectEnable
0x8012CD44	0xA0	.text	game/est.cpp	global	EstSetEm10WaterFall	EstSetEm10WaterFall
0x8012CDE4	0x130	.text	game/EtcModel.cpp	global	EtcModelDebugDisp	EtcModelDebugDisp
0x8012CF14	0xB8	.text	game/EtcModel.cpp	global	getRoomEtc	getRoomEtc
0x8012CFCC	0x7C	.text	game/EtcModel.cpp	global	getRoomEtc2	getRoomEtc2
0x8012D048	0x68	.text	game/EtcModel.cpp	global	getRoomEtcID	getRoomEtcID
0x8012D0B0	0x98	.text	game/EtcModel.cpp	global	GetEtcAddr	GetEtcAddr
0x8012D148	0x58	.text	game/EtcModel.cpp	global	EtcModelInit	EtcModelInit
0x8012D1A0	0x58	.text	game/EtcModel.cpp	global	EtcModelRoomInit	EtcModelRoomInit
0x8012D1F8	0x24	.text	game/EtcModel.cpp	global	EtcModelDataLoad	EtcModelDataLoad
0x8012D21C	0x8	.text	game/EtcModel.cpp	global	EtcModelGetLastNo	EtcModelGetLastNo
0x8012D224	0x94	.text	game/EtcModel.cpp	global	EtcModelListSet	EtcModelListSet
0x8012D2B8	0x10C	.text	game/EtcModel.cpp	global	Et01_init	Et01_init
0x8012D3C4	0x10C	.text	game/EtcModel.cpp	global	Et02_init	Et02_init
0x8012D4D0	0x130	.text	game/EtcModel.cpp	global	Et03_init	Et03_init
0x8012D600	0x10C	.text	game/EtcModel.cpp	local	Et04_init	Et04_init
0x8012D70C	0x10C	.text	game/EtcModel.cpp	global	Et05_init	Et05_init
0x8012D818	0xE4	.text	game/EtcModel.cpp	global	Et15_init	Et15_init
0x8012D8FC	0x280	.text	game/EtcModel.cpp	global	Et06_init	Et06_init
0x8012DB7C	0x280	.text	game/EtcModel.cpp	global	Et08_init	Et08_init
0x8012DDFC	0x138	.text	game/EtcModel.cpp	global	Et09_init	Et09_init
0x8012DF34	0x10C	.text	game/EtcModel.cpp	global	Et0a_init	Et0a_init
0x8012E040	0x10C	.text	game/EtcModel.cpp	global	Et0b_init	Et0b_init
0x8012E14C	0xE4	.text	game/EtcModel.cpp	global	Et0c_init	Et0c_init
0x8012E230	0x100	.text	game/EtcModel.cpp	global	Et0d_init	Et0d_init
0x8012E330	0x10C	.text	game/EtcModel.cpp	global	Et10_init	Et10_init
0x8012E43C	0xB8	.text	game/EtcModel.cpp	global	Et0e_init	Et0e_init
0x8012E4F4	0xC8	.text	game/EtcModel.cpp	global	Et0f_init	Et0f_init
0x8012E5BC	0x10C	.text	game/EtcModel.cpp	global	Et11_init	Et11_init
0x8012E6C8	0x10C	.text	game/EtcModel.cpp	global	Et12_init	Et12_init
0x8012E7D4	0x130	.text	game/EtcModel.cpp	global	Et13_init	Et13_init
0x8012E904	0xE4	.text	game/EtcModel.cpp	global	Et14_init	Et14_init
0x8012E9E8	0x100	.text	game/EtcModel.cpp	local	Et16_init	Et16_init
0x8012EAE8	0x100	.text	game/EtcModel.cpp	global	Et17_init	Et17_init
0x8012EBE8	0x130	.text	game/EtcModel.cpp	global	Et18_init	Et18_init
0x8012ED18	0xE4	.text	game/EtcModel.cpp	global	Et19_init	Et19_init
0x8012EDFC	0xE4	.text	game/EtcModel.cpp	global	Et1a_init	Et1a_init
0x8012EEE0	0xC8	.text	game/EtcModel.cpp	global	Et1b_init	Et1b_init
0x8012EFA8	0xE4	.text	game/EtcModel.cpp	global	Et1c_init	Et1c_init
0x8012F08C	0x10C	.text	game/EtcModel.cpp	global	Et1e_init	Et1e_init
0x8012F198	0xE4	.text	game/EtcModel.cpp	global	Et1f_init	Et1f_init
0x8012F27C	0x130	.text	game/EtcModel.cpp	global	Et20_init	Et20_init
0x8012F3AC	0x100	.text	game/EtcModel.cpp	global	Et21_init	Et21_init
0x8012F4AC	0x130	.text	game/EtcModel.cpp	global	Et22_init	Et22_init
0x8012F5DC	0x100	.text	game/EtcModel.cpp	global	Et23_init	Et23_init
0x8012F6DC	0x100	.text	game/EtcModel.cpp	global	Et24_init	Et24_init
0x8012F7DC	0xC8	.text	game/EtcModel.cpp	global	Et26_init	Et26_init
0x8012F8A4	0x100	.text	game/EtcModel.cpp	global	Et27_init	Et27_init
0x8012F9A4	0xC8	.text	game/EtcModel.cpp	global	Et28_init	Et28_init
0x8012FA6C	0x100	.text	game/EtcModel.cpp	global	Et2a_init	Et2a_init
0x8012FB6C	0x100	.text	game/EtcModel.cpp	global	Et2b_init	Et2b_init
0x8012FC6C	0x10C	.text	game/EtcModel.cpp	global	Et2d_init	Et2d_init
0x8012FD78	0xE4	.text	game/EtcModel.cpp	global	Et30_init	Et30_init
0x8012FE5C	0x130	.text	game/EtcModel.cpp	local	Et2e_init	Et2e_init
0x8012FF8C	0x130	.text	game/EtcModel.cpp	global	Et2f_init	Et2f_init
0x801300BC	0x100	.text	game/EtcModel.cpp	global	Et31_init	Et31_init
0x801301BC	0x108	.text	game/EtcModel.cpp	global	Et32_init	Et32_init
0x801302C4	0x108	.text	game/EtcModel.cpp	global	Et33_init	Et33_init
0x801303CC	0x100	.text	game/EtcModel.cpp	global	Et34_init	Et34_init
0x801304CC	0xE4	.text	game/EtcModel.cpp	global	Et37_init	Et37_init
0x801305B0	0xE4	.text	game/EtcModel.cpp	global	Et38_init	Et38_init
0x80130694	0x100	.text	game/EtcModel.cpp	global	Et39_init	Et39_init
0x80130794	0xC8	.text	game/EtcModel.cpp	global	Et3a_init	Et3a_init
0x8013085C	0x100	.text	game/EtcModel.cpp	global	Et3b_init	Et3b_init
0x8013095C	0x10C	.text	game/EtcModel.cpp	global	Et3c_init	Et3c_init
0x80130A68	0x130	.text	game/EtcModel.cpp	global	Et3d_init	Et3d_init
0x80130B98	0x100	.text	game/EtcModel.cpp	global	Et3e_init	Et3e_init
0x80130C98	0x100	.text	game/EtcModel.cpp	global	Et3f_init	Et3f_init
0x80130D98	0x130	.text	game/EtcModel.cpp	global	Et40_init	Et40_init
0x80130EC8	0x100	.text	game/EtcModel.cpp	global	Et41_init	Et41_init
0x80130FC8	0x124	.text	game/EtcModel.cpp	global	Et42_init	Et42_init
0x801310EC	0xC8	.text	game/EtcModel.cpp	global	Et43_init	Et43_init
0x801311B4	0x100	.text	game/EtcModel.cpp	global	Et45_init	Et45_init
0x801312B4	0x108	.text	game/EtcModel.cpp	global	Et46_init	Et46_init
0x801313BC	0x100	.text	game/EtcModel.cpp	global	Et47_init	Et47_init
0x801314BC	0x100	.text	game/EtcModel.cpp	global	Et49_init	Et49_init
0x801315BC	0xC8	.text	game/EtcModel.cpp	global	Et4b_init	Et4b_init
0x80131684	0xC8	.text	game/EtcModel.cpp	global	Et4c_init	Et4c_init
0x8013174C	0x100	.text	game/EtcModel.cpp	local	Et4d_init	Et4d_init
0x8013184C	0x100	.text	game/EtcModel.cpp	global	Et4e_init	Et4e_init
0x8013194C	0xC8	.text	game/EtcModel.cpp	global	Et4f_init	Et4f_init
0x80131A14	0x100	.text	game/EtcModel.cpp	global	Et59_init	Et59_init
0x80131B14	0xC8	.text	game/EtcModel.cpp	global	Et61_init	Et61_init
0x80131BDC	0x100	.text	game/EtcModel.cpp	global	Et62_init	Et62_init
0x80131CDC	0x100	.text	game/EtcModel.cpp	global	Et63_init	Et63_init
0x80131DDC	0xE4	.text	game/EtcModel.cpp	global	Et66_init	Et66_init
0x80131EC0	0xC8	.text	game/EtcModel.cpp	global	Et67_init	Et67_init
0x80131F88	0xF3C	.text	game/EtcModel.cpp	global	EtcModelSet	EtcModelSet
0x80132EC4	0x24	.text	game/EtcModel.cpp	global	EtcGetDasAddr	EtcGetDasAddr
0x80132EE8	0x7C	.text	game/EtcModel.cpp	global	GetEtcFlgPtr__FUlUs	GetEtcFlgPtr
0x80132F64	0x110	.text	game/EtcModel.cpp	global	getRoomEtcBreak	getRoomEtcBreak
0x80133074	0xB4	.text	game/EtcModel.cpp	global	setRoomEtcDisp	setRoomEtcDisp
0x80133128	0xB8	.text	game/EtcModel.cpp	local	setRoomEtcBreakDisp	setRoomEtcBreakDisp
0x801331E0	0x80	.text	game/EtcModel.cpp	global	getRoomEtcOnLight	getRoomEtcOnLight
0x80133260	0x40C	.text	game/EtcModel.cpp	global	getRoomEtcWindow	getRoomEtcWindow
0x8013366C	0x14C	.text	game/EtcModel.cpp	global	getRoomEtcBox	getRoomEtcBox
0x801337B8	0x4EC	.text	game/EtcModel.cpp	global	getRoomEtcDoor	getRoomEtcDoor
0x80133CA4	0x10C	.text	game/EtcModel.cpp	global	getRoomEtcRack	getRoomEtcRack
0x80133DB0	0xAC	.text	game/EtcModel.cpp	global	getRoomEtcLadder	getRoomEtcLadder
0x80133E5C	0x16C	.text	game/EtcModel.cpp	global	getRoomEtcTorch	getRoomEtcTorch
0x80133FC8	0x88	.text	game/EtcModel.cpp	global	getRoomEtcSwitch	getRoomEtcSwitch
0x80134050	0x1CC	.text	game/EtcModel.cpp	global	getRoomEtcBarred	getRoomEtcBarred
0x8013421C	0xCC	.text	game/EtcModel.cpp	global	getRoomEtcDram	getRoomEtcDram
0x801342E8	0x88	.text	game/EtcModel.cpp	global	getRoomEtcItem__FiPP7EtcItemi	getRoomEtcItem
0x80134370	0xF0	.text	game/EtcModel.cpp	global	GetEtcAmbType	GetEtcAmbType
0x80134460	0x8C	.text	game/EtcModel.cpp	global	GetEm10EyeEffectEnable	GetEm10EyeEffectEnable
0x801344EC	0x138	.text	game/EtcModel.cpp	global	EtcSetAddAmb	EtcSetAddAmb
0x80134624	0x60	.text	game/EtcModel.cpp	local	__static_initialization_and_destruction_0_80134624	__static_initialization_and_destruction_0
0x80134684	0x14	.text	game/EtcModel.cpp	global	Init__7cEtcTbl	cEtcTbl::Init
0x80134698	0x2C	.text	game/EtcModel.cpp	global	global_constructors_keyed_to_EtcModelDebugDisp	global constructors keyed to EtcModelDebugDisp
0x801346C4	0x50	.text	game/event.cpp	global	__5EventUl	Event::Event
0x80134714	0x64	.text	game/event.cpp	global	_._5Event	Event::~Event
0x80134778	0x1BC	.text	game/event.cpp	global	init__5EventPcP9EvtHeader	Event::init
0x80134934	0x38C	.text	game/event.cpp	global	Run__5Event	Event::Run
0x80134CC0	0x2C	.text	game/event.cpp	global	EspSetModelPtr__5EventP6cModel	Event::EspSetModelPtr
0x80134CEC	0x158	.text	game/event.cpp	global	EspToolSetDat__5Event	Event::EspToolSetDat
0x80134E44	0x390	.text	game/event.cpp	global	EspToolSetMod__5EventiPc	Event::EspToolSetMod
0x801351D4	0xF8	.text	game/event.cpp	global	GetModelPtrNo__5EventPiPP6cModelPc	Event::GetModelPtrNo
0x801352CC	0x200	.text	game/event.cpp	global	RunTool__5Eventii	Event::RunTool
0x801354CC	0x2A0	.text	game/event.cpp	global	RunEvtCancel__5Event	Event::RunEvtCancel
0x8013576C	0x18	.text	game/event.cpp	global	CancelSet__5Event	Event::CancelSet
0x80135784	0x10	.text	game/event.cpp	global	CancelNoSet__5Event	Event::CancelNoSet
0x80135794	0x304	.text	game/event.cpp	global	ControlTransFlag__5Event	Event::ControlTransFlag
0x80135A98	0xF0	.text	game/event.cpp	global	DebugDisp__5Event	Event::DebugDisp
0x80135B88	0xC0	.text	game/event.cpp	global	DebugDispTool__5Event	Event::DebugDispTool
0x80135C48	0x88	.text	game/event.cpp	global	IsExePacket__5Event	Event::IsExePacket
0x80135CD0	0x124	.text	game/event.cpp	global	ExePacket__5Event	Event::ExePacket
0x80135DF4	0x8	.text	game/event.cpp	global	ExePacket_BeginEvt__5EventP5Event	Event::ExePacket_BeginEvt
0x80135DFC	0xC4	.text	game/event.cpp	global	ExePacket_SetPl__5EventP5Event	Event::ExePacket_SetPl
0x80135EC0	0x8	.text	game/event.cpp	global	ExePacket_SetEm__5EventP5Event	Event::ExePacket_SetEm
0x80135EC8	0x330	.text	game/event.cpp	global	ExePacket_SetOm__5EventP5Event	Event::ExePacket_SetOm
0x801361F8	0x14C	.text	game/event.cpp	global	ExePacket_SetParts__5EventP5Event	Event::ExePacket_SetParts
0x80136344	0x1C4	.text	game/event.cpp	global	ExePacket_SetPartsSub__5EventPcN31	Event::ExePacket_SetPartsSub
0x80136508	0x8	.text	game/event.cpp	global	ExePacket_SetList__5EventP5Event	Event::ExePacket_SetList
0x80136510	0xD0	.text	game/event.cpp	global	ExePacket_SetEff__5EventP5Event	Event::ExePacket_SetEff
0x801365E0	0x8C	.text	game/event.cpp	global	ExePacket_SetMdt__5EventP5Event	Event::ExePacket_SetMdt
0x8013666C	0x184	.text	game/event.cpp	global	ExePacket_Cam__5EventP5Event	Event::ExePacket_Cam
0x801367F0	0x8	.text	game/event.cpp	global	ExePacket_CamPos__5EventP5Event	Event::ExePacket_CamPos
0x801367F8	0x8	.text	game/event.cpp	global	ExePacket_CamDammy__5EventP5Event	Event::ExePacket_CamDammy
0x80136800	0x308	.text	game/event.cpp	global	ExePacket_Pos__5EventP5Event	Event::ExePacket_Pos
0x80136B08	0x8	.text	game/event.cpp	global	ExePacket_PosPl__5EventP5Event	Event::ExePacket_PosPl
0x80136B10	0x1F8	.text	game/event.cpp	global	ExePacket_Mot__5EventP5Event	Event::ExePacket_Mot
0x80136D08	0x10C	.text	game/event.cpp	global	ExePacket_Shp__5EventP5Event	Event::ExePacket_Shp
0x80136E14	0x1F4	.text	game/event.cpp	global	ExePacket_Esp__5EventP5Event	Event::ExePacket_Esp
0x80137008	0xF8	.text	game/event.cpp	global	ExePacket_Lit__5EventP5Event	Event::ExePacket_Lit
0x80137100	0xA0	.text	game/event.cpp	global	ExePacket_Fog__5EventP5Event	Event::ExePacket_Fog
0x801371A0	0xA0	.text	game/event.cpp	global	ExePacket_Focus__5EventP5Event	Event::ExePacket_Focus
0x80137240	0xD4	.text	game/event.cpp	global	ExePacket_Str__5EventP5Event	Event::ExePacket_Str
0x80137314	0x44	.text	game/event.cpp	global	ExePacket_Se__5EventP5Event	Event::ExePacket_Se
0x80137358	0x8C	.text	game/event.cpp	global	ExePacket_Fade__5EventP5Event	Event::ExePacket_Fade
0x801373E4	0x8C	.text	game/event.cpp	global	ExePacket_Mes__5EventP5Event	Event::ExePacket_Mes
0x80137470	0x68	.text	game/event.cpp	global	ExePacket_Func__5EventP5Event	Event::ExePacket_Func
0x801374D8	0x8	.text	game/event.cpp	global	ExePacket_ParentOn__5EventP5Event	Event::ExePacket_ParentOn
0x801374E0	0x8	.text	game/event.cpp	global	ExePacket_ParentOff__5EventP5Event	Event::ExePacket_ParentOff
0x801374E8	0x8	.text	game/event.cpp	global	ExePacket_EndPl__5EventP5Event	Event::ExePacket_EndPl
0x801374F0	0x8	.text	game/event.cpp	global	ExePacket_EndEm__5EventP5Event	Event::ExePacket_EndEm
0x801374F8	0x8	.text	game/event.cpp	global	ExePacket_EndOm__5EventP5Event	Event::ExePacket_EndOm
0x80137500	0x8	.text	game/event.cpp	global	ExePacket_EndParts__5EventP5Event	Event::ExePacket_EndParts
0x80137508	0x8	.text	game/event.cpp	global	ExePacket_EndList__5EventP5Event	Event::ExePacket_EndList
0x80137510	0x8	.text	game/event.cpp	global	ExePacket_EndEvt__5EventP5Event	Event::ExePacket_EndEvt
0x80137518	0x8	.text	game/event.cpp	global	ExePacket_EndPac__5EventP5Event	Event::ExePacket_EndPac
0x80137520	0x268	.text	game/event.cpp	global	ExeBeginEvt__5EventP5Eventi	Event::ExeBeginEvt
0x80137788	0x394	.text	game/event.cpp	global	ExeEndEvt__5EventP5EventUl	Event::ExeEndEvt
0x80137B1C	0x140	.text	game/event.cpp	global	ExeFunc__5Eventii	Event::ExeFunc
0x80137C5C	0x40	.text	game/event.cpp	global	CalNextPacket__5Event	Event::CalNextPacket
0x80137C9C	0xD8	.text	game/event.cpp	global	CalNextFrame__5Event	Event::CalNextFrame
0x80137D74	0x50	.text	game/event.cpp	global	ChkCutZero__5Event	Event::ChkCutZero
0x80137DC4	0xB0	.text	game/event.cpp	global	CalMaxCut__5EventPi	Event::CalMaxCut
0x80137E74	0x124	.text	game/event.cpp	global	CalMaxFrame__5EventPii	Event::CalMaxFrame
0x80137F98	0xE8	.text	game/event.cpp	global	CalMaxTotalFrame__5EventPiT1	Event::CalMaxTotalFrame
0x80138080	0x84	.text	game/event.cpp	global	SetDiedemoExec__5Event	Event::SetDiedemoExec
0x80138104	0x48	.text	game/event.cpp	global	BeginActBtn__5Eventi	Event::BeginActBtn
0x8013814C	0xC	.text	game/event.cpp	global	EndActBtn__5Event	Event::EndActBtn
0x80138158	0x8	.text	game/event.cpp	global	GetActBtnCount__5Event	Event::GetActBtnCount
0x80138160	0xB0	.text	game/event.cpp	global	ExecActBtn__5Event	Event::ExecActBtn
0x80138210	0xF0	.text	game/event.cpp	global	MesSet__5Eventiiii	Event::MesSet
0x80138300	0x54	.text	game/event.cpp	global	MesClear__5Event	Event::MesClear
0x80138354	0xB8	.text	game/event.cpp	global	FogMove__5EventP5EventPv	Event::FogMove
0x8013840C	0xD4	.text	game/event.cpp	global	FocusMove__5EventP5EventPv	Event::FocusMove
0x801384E0	0xAC	.text	game/event.cpp	global	MotClear__5Event	Event::MotClear
0x8013858C	0x90	.text	game/event.cpp	global	SetMod__5EventPcPvUcT2UcPi	Event::SetMod
0x8013861C	0x134	.text	game/event.cpp	global	GetMod__5EventPPvPcPUcPi	Event::GetMod
0x80138750	0x64	.text	game/event.cpp	global	__8EventMgr	EventMgr::EventMgr
0x801387B4	0x84	.text	game/event.cpp	global	_._8EventMgr	EventMgr::~EventMgr
0x80138838	0xB0	.text	game/event.cpp	global	construct__8EventMgrP5EventUl	EventMgr::construct
0x801388E8	0x2C	.text	game/event.cpp	global	init__8EventMgr	EventMgr::init
0x80138914	0xD0	.text	game/event.cpp	global	myRoomInit__8EventMgr	EventMgr::myRoomInit
0x801389E4	0x78	.text	game/event.cpp	global	DelAll__8EventMgr	EventMgr::DelAll
0x80138A5C	0x29C	.text	game/event.cpp	global	Run__8EventMgr	EventMgr::Run
0x80138CF8	0xE0	.text	game/event.cpp	global	IsAliveEvt__8EventMgrPCcPP5Eventi	EventMgr::IsAliveEvt
0x80138DD8	0x58	.text	game/event.cpp	global	EvtReadAram__8EventMgrPciPiiUl	EventMgr::EvtReadAram
0x80138E30	0x3C	.text	game/event.cpp	global	EvtReadMram__8EventMgrPciPiiUl	EventMgr::EvtReadMram
0x80138E6C	0xD4	.text	game/event.cpp	global	NameCheck__8EventMgrPc	EventMgr::NameCheck
0x80138F40	0xB8	.text	game/event.cpp	global	NameChange__8EventMgrPc	EventMgr::NameChange
0x80138FF8	0x394	.text	game/event.cpp	global	EvtReadSub__8EventMgrPciiPiiUl	EventMgr::EvtReadSub
0x8013938C	0x2BC	.text	game/event.cpp	global	EvtReadExec__8EventMgrPciUl	EventMgr::EvtReadExec
0x80139648	0x154	.text	game/event.cpp	global	EvtFree__8EventMgrPc	EventMgr::EvtFree
0x8013979C	0x40	.text	game/event.cpp	global	ToolCoreEvdDel__8EventMgr	EventMgr::ToolCoreEvdDel
0x801397DC	0x140	.text	game/event.cpp	global	SetEvt__8EventMgrPvPUl	EventMgr::SetEvt
0x8013991C	0x148	.text	game/event.cpp	global	SetEvt__8EventMgrPcPP5Event	EventMgr::SetEvt
0x80139A64	0x24	.text	game/event.cpp	global	GetEvt__8EventMgrPCcPPv	EventMgr::GetEvt
0x80139A88	0x150	.text	game/event.cpp	global	DelEvt__8EventMgrPvi	EventMgr::DelEvt
0x80139BD8	0x90	.text	game/event.cpp	global	SetBin__8EventMgrPcPvT2i	EventMgr::SetBin
0x80139C68	0x160	.text	game/event.cpp	global	GetBin__8EventMgrPPvPCci	EventMgr::GetBin
0x80139DC8	0x50	.text	game/event.cpp	global	DelBin__8EventMgrPc	EventMgr::DelBin
0x80139E18	0x154	.text	game/event.cpp	global	SetEvd__8EventMgrPcPvT2i	EventMgr::SetEvd
0x80139F6C	0x160	.text	game/event.cpp	global	GetEvd__8EventMgrPPvPci	EventMgr::GetEvd
0x8013A0CC	0xE8	.text	game/event.cpp	global	DelEvd__8EventMgrPc	EventMgr::DelEvd
0x8013A1B4	0x60	.text	game/event.cpp	global	SetFunc__8EventMgrPcPv	EventMgr::SetFunc
0x8013A214	0x68	.text	game/event.cpp	global	GetFunc__8EventMgrPPvPc	EventMgr::GetFunc
0x8013A27C	0x8C	.text	game/event.cpp	global	SetRead__8EventMgrPcPiPv	EventMgr::SetRead
0x8013A308	0xA4	.text	game/event.cpp	global	GetRead__8EventMgrPPvPiPc	EventMgr::GetRead
0x8013A3AC	0x50	.text	game/event.cpp	global	DelRead__8EventMgrPc	EventMgr::DelRead
0x8013A3FC	0xD8	.text	game/event.cpp	global	SetEvs__8EventMgrPv	EventMgr::SetEvs
0x8013A4D4	0x198	.text	game/event.cpp	global	EvtSndStrStop__8EventMgrPCcii	EventMgr::EvtSndStrStop
0x8013A66C	0x1C4	.text	game/event.cpp	global	EvtSndStrPlay__8EventMgrPCciiif	EventMgr::EvtSndStrPlay
0x8013A830	0x148	.text	game/event.cpp	global	GetZeroPartsWorldPos__8EventMgrP6cModelP3VecT2	EventMgr::GetZeroPartsWorldPos
0x8013A978	0x14	.text	game/event.cpp	global	ClearEmWindowFcv__8EventMgr	EventMgr::ClearEmWindowFcv
0x8013A98C	0x10	.text	game/event.cpp	global	SetEmWindowFcv__8EventMgrPvN21	EventMgr::SetEmWindowFcv
0x8013A99C	0x34	.text	game/event.cpp	global	GetEmWindowFcv__8EventMgrPPvN21	EventMgr::GetEmWindowFcv
0x8013A9D0	0x4	.text	game/event.cpp	global	__10EventDebug	EventDebug::EventDebug
0x8013A9D4	0x28	.text	game/event.cpp	global	_._10EventDebug	EventDebug::~EventDebug
0x8013A9FC	0x10	.text	game/event.cpp	global	myRoomInit__10EventDebug	EventDebug::myRoomInit
0x8013AA0C	0x50	.text	game/event.cpp	global	ClrModelFiles__10EventDebug	EventDebug::ClrModelFiles
0x8013AA5C	0x98	.text	game/event.cpp	global	AddNameBinTpl__10EventDebugiPcT2	EventDebug::AddNameBinTpl
0x8013AAF4	0xC	.text	game/event.cpp	global	__6DatTbl	DatTbl::DatTbl
0x8013AB00	0x40	.text	game/event.cpp	global	_._6DatTbl	DatTbl::~DatTbl
0x8013AB40	0x9C	.text	game/event.cpp	global	init__6DatTbli	DatTbl::init
0x8013ABDC	0x90	.text	game/event.cpp	global	end__6DatTbl	DatTbl::end
0x8013AC6C	0x1F8	.text	game/event.cpp	global	SetDat__6DatTblPCcPvUcT2UcPi	DatTbl::SetDat
0x8013AE64	0x160	.text	game/event.cpp	global	GetDat__6DatTblPPvPUcPCcPi	DatTbl::GetDat
0x8013AFC4	0xF8	.text	game/event.cpp	global	ChkDat__6DatTblPCc	DatTbl::ChkDat
0x8013B0BC	0x10C	.text	game/event.cpp	global	GetWkNo__6DatTblPiPCc	DatTbl::GetWkNo
0x8013B1C8	0x8	.text	game/event.cpp	global	GetNumDat__6DatTbl	DatTbl::GetNumDat
0x8013B1D0	0xB0	.text	game/event.cpp	global	GetDatWkNo__6DatTblPPvPUci	DatTbl::GetDatWkNo
0x8013B280	0x9C	.text	game/event.cpp	global	ChkDatWkNoName__6DatTbliPCc	DatTbl::ChkDatWkNoName
0x8013B31C	0xFC	.text	game/event.cpp	global	DelDatWkNo__6DatTbli	DatTbl::DelDatWkNo
0x8013B418	0x158	.text	game/event.cpp	global	DelDat__6DatTblPCc	DatTbl::DelDat
0x8013B570	0xD8	.text	game/event.cpp	global	DelAll__6DatTbli	DatTbl::DelAll
0x8013B648	0x70	.text	game/event.cpp	global	SndStrPlayBlock	SndStrPlayBlock
0x8013B6B8	0x5C	.text	game/event.cpp	global	SndStrStopBlock	SndStrStopBlock
0x8013B714	0x50	.text	game/event.cpp	local	__t8cManager1Z5EventUlUc	cManager<Event>::cManager
0x8013B764	0x8	.text	game/event.cpp	global	setName__t8cManager1Z5EventPCc	cManager<Event>::setName
0x8013B76C	0xB0	.text	game/event.cpp	global	dieCheck__t8cManager1Z5Event	cManager<Event>::dieCheck
0x8013B81C	0x48	.text	game/event.cpp	global	log__t8cManager1Z5EventPCce	cManager<Event>::log
0x8013B864	0xBC	.text	game/event.cpp	global	countActiveWork__t8cManager1Z5Event	cManager<Event>::countActiveWork
0x8013B920	0x158	.text	game/event.cpp	global	create__t8cManager1Z5Eventi	cManager<Event>::create
0x8013BA78	0x50	.text	game/event.cpp	global	destroyNow__t8cManager1Z5EventP5Event	cManager<Event>::destroyNow
0x8013BAC8	0x70	.text	game/event.cpp	local	__static_initialization_and_destruction_0_8013BAC8	__static_initialization_and_destruction_0
0x8013BB38	0x24	.text	game/event.cpp	global	FlgOnStatus__5EventUl	Event::FlgOnStatus
0x8013BB5C	0x38	.text	game/event.cpp	global	memAlloc__8EventMgrUl	EventMgr::memAlloc
0x8013BB94	0x24	.text	game/event.cpp	global	memFree__8EventMgrPv	EventMgr::memFree
0x8013BBB8	0x28	.text	game/event.cpp	global	memClear__8EventMgrP5EventUl	EventMgr::memClear
0x8013BBE0	0x34	.text	game/event.cpp	local	_._t8cManager1Z5Event	cManager<Event>::~cManager
0x8013BC14	0x218	.text	game/event.cpp	global	destroy__t8cManager1Z5EventP5Event	cManager<Event>::destroy
0x8013BE2C	0x2C	.text	game/event.cpp	global	_GLOBAL_.I.__5EventUc	global constructors keyed to Event::Event
0x8013BE58	0x2C	.text	game/event.cpp	global	_GLOBAL_.D.__5EventUc	global destructors keyed to Event::Event
0x8013BE84	0x1A0	.text	game/examine.cpp	global	getEFB	getEFB
0x8013C024	0x478	.text	game/examine.cpp	local	gxDraw	gxDraw
0x8013C49C	0x300	.text	game/examine.cpp	global	drawBuffer	drawBuffer
0x8013C79C	0x54	.text	game/examine.cpp	global	store	store
0x8013C7F0	0xA8	.text	game/examine.cpp	global	render	render
0x8013C898	0x60	.text	game/examine.cpp	global	examInfo	examInfo
0x8013C8F8	0x54	.text	game/examine.cpp	global	setup__11ItemExamine	ItemExamine::setup
0x8013C94C	0x4B0	.text	game/examine.cpp	global	idSet__11ItemExamine	ItemExamine::idSet
0x8013CDFC	0x564	.text	game/examine.cpp	global	init__11ItemExamineUsP6cModelUc	ItemExamine::init
0x8013D360	0x14	.text	game/examine.cpp	global	level__11ItemExamineScScScSc	ItemExamine::level
0x8013D374	0x5B0	.text	game/examine.cpp	global	move__11ItemExamine	ItemExamine::move
0x8013D924	0x24	.text	game/examine.cpp	global	trans__11ItemExamine	ItemExamine::trans
0x8013D948	0x2CC	.text	game/examine.cpp	global	quit__11ItemExamine	ItemExamine::quit
0x8013DC14	0xF8	.text	game/examine.cpp	global	reset__11ItemExamine	ItemExamine::reset
0x8013DD0C	0x94	.text	game/fade.cpp	global	FadeSet	FadeSet
0x8013DDA0	0x3C	.text	game/fade.cpp	global	FadeKillAll	FadeKillAll
0x8013DDDC	0x1C	.text	game/fade.cpp	global	FadeKill	FadeKill
0x8013DDF8	0x54	.text	game/fade.cpp	global	FadeInit	FadeInit
0x8013DE4C	0x13C	.text	game/fade.cpp	global	FadeControl	FadeControl
0x8013DF88	0x294	.text	game/fade.cpp	global	fadeDraw	fadeDraw
0x8013E21C	0x48	.text	game/file.cpp	global	InitFile	InitFile
0x8013E264	0x74	.text	game/file.cpp	global	file_open	file_open
0x8013E2D8	0x48	.text	game/file.cpp	global	file_close	file_close
0x8013E320	0x3C	.text	game/file.cpp	global	file_read	file_read
0x8013E35C	0x3C	.text	game/file.cpp	global	file_write	file_write
0x8013E398	0x3C	.text	game/file.cpp	global	file_seek	file_seek
0x8013E3D4	0x60	.text	game/file.cpp	global	file_exist	file_exist
0x8013E434	0x5C	.text	game/file.cpp	global	file_path	file_path
0x8013E490	0xDC	.text	game/file_app.cpp	global	HDRead__FPCcPv	HDRead
0x8013E56C	0xE4	.text	game/file_app.cpp	global	HDReadSeekLen__FPCcPvUli	HDReadSeekLen
0x8013E650	0x28	.text	game/file_app.cpp	global	HDReadMemAlloc__FPCcPPv	HDReadMemAlloc
0x8013E678	0x28	.text	game/file_app.cpp	global	HDReadDebugAlloc__FPCcPPvi	HDReadDebugAlloc
0x8013E6A0	0x154	.text	game/file_app.cpp	global	hdRead_malloc__FPCcPPvii	hdRead_malloc
0x8013E7F4	0x6C	.text	game/file_app.cpp	global	HDWrite__FPCcPvi	HDWrite
0x8013E860	0x20	.text	game/file_app.cpp	global	HDWrite_only__FPCcPvi	HDWrite_only
0x8013E880	0xD4	.text	game/file_app.cpp	global	hdWrite_main__FPCcPvi	hdWrite_main
0x8013E954	0xF0	.text	game/file_app.cpp	global	createBackupFile__FPCc	createBackupFile
0x8013EA44	0xB8	.text	game/file_app.cpp	global	file_lock_check__FPCc	file_lock_check
0x8013EAFC	0x120	.text	game/file_app.cpp	global	file_lock__FPCc	file_lock
0x8013EC1C	0xA4	.text	game/file_app.cpp	global	file_unlock__FPCc	file_unlock
0x8013ECC0	0x9C	.text	game/file_app.cpp	global	get_lock_file__FPc	get_lock_file
0x8013ED5C	0x26C	.text	game/file_app.cpp	global	file_lock_msg__FiPCcT1	file_lock_msg
0x8013EFC8	0x60	.text	game/filter01.cpp	global	Filter01Init__Fv	Filter01Init
0x8013F028	0x60	.text	game/filter01.cpp	global	Filter01RoomInit__Fv	Filter01RoomInit
0x8013F088	0x148	.text	game/filter01.cpp	global	Filter01Trans__Fv	Filter01Trans
0x8013F1D0	0x1184	.text	game/filter01.cpp	global	Filter01Render	Filter01Render
0x80140354	0xD4	.text	game/filter01.cpp	global	Filter01SetParam_CamZ	Filter01SetParam_CamZ
0x80140428	0x48	.text	game/filter01.cpp	global	Filter01SetParam	Filter01SetParam
0x80140470	0x4	.text	game/filter05.cpp	global	Filter05Init__Fv	Filter05Init
0x80140474	0x4	.text	game/filter05.cpp	global	Filter05RoomInit__Fv	Filter05RoomInit
0x80140478	0x4	.text	game/filter05.cpp	global	Filter05Trans__Fv	Filter05Trans
0x8014047C	0x4	.text	game/filter05.cpp	global	Filter05SetParam__Fiiiiiiifff	Filter05SetParam
0x80140480	0x100	.text	game/filter06.cpp	global	init__11cParticle06Ul	cParticle06::init
0x80140580	0x420	.text	game/filter06.cpp	global	move__11cParticle06	cParticle06::move
0x801409A0	0x20	.text	game/filter06.cpp	global	Filter06Init__Fv	Filter06Init
0x801409C0	0x9C	.text	game/filter06.cpp	global	Filter06RoomInit__Fv	Filter06RoomInit
0x80140A5C	0x240	.text	game/filter06.cpp	global	Filter06Trans__Fv	Filter06Trans
0x80140C9C	0x1E4	.text	game/filter06.cpp	global	Filter06SetParam	Filter06SetParam
0x80140E80	0x26C	.text	game/filter06.cpp	global	Filter06Render	Filter06Render
0x801410EC	0x1B0	.text	game/filter0a.cpp	global	filter0a_mask_tex	filter0a_mask_tex
0x8014129C	0x18	.text	game/filter0a.cpp	global	Filter0aInit__Fv	Filter0aInit
0x801412B4	0x18	.text	game/filter0a.cpp	global	Filter0aRoomInit__Fv	Filter0aRoomInit
0x801412CC	0x70	.text	game/filter0a.cpp	global	Filter0aTrans__Fv	Filter0aTrans
0x8014133C	0x1C0	.text	game/filter0a.cpp	global	Filter0aGetEFB	Filter0aGetEFB
0x801414FC	0x94	.text	game/filter0a.cpp	global	Filter0aRender	Filter0aRender
0x80141590	0x628	.text	game/filter0a.cpp	global	Filter0aGXDraw	Filter0aGXDraw
0x80141BB8	0x3D4	.text	game/filter0a.cpp	global	Filter0aDrawBuffer	Filter0aDrawBuffer
0x80141F8C	0x20	.text	game/filter0b.cpp	global	Filter0bInit__Fv	Filter0bInit
0x80141FAC	0x10	.text	game/filter0b.cpp	global	Filter0bRoomInit__Fv	Filter0bRoomInit
0x80141FBC	0x4C	.text	game/filter0b.cpp	global	Filter0bAllocBuf	Filter0bAllocBuf
0x80142008	0x34	.text	game/filter0b.cpp	global	Filter0bFreeBuf	Filter0bFreeBuf
0x8014203C	0x28	.text	game/filter0b.cpp	global	Filter0bCapture	Filter0bCapture
0x80142064	0x8	.text	game/filter0b.cpp	global	Filter0bSetAlpha	Filter0bSetAlpha
0x8014206C	0x60	.text	game/filter0b.cpp	global	Filter0bTrans__Fv	Filter0bTrans
0x801420CC	0x1C0	.text	game/filter0b.cpp	global	Filter0bGetEFB	Filter0bGetEFB
0x8014228C	0x100	.text	game/filter0b.cpp	global	Filter0bRender	Filter0bRender
0x8014238C	0x478	.text	game/filter0b.cpp	global	Filter0bGXDraw	Filter0bGXDraw
0x80142804	0x368	.text	game/filter0b.cpp	global	Filter0bDrawBuffer	Filter0bDrawBuffer
0x80142B6C	0xB0	.text	game/flr_at.cpp	global	FlrAtInit	FlrAtInit
0x80142C1C	0x14C	.text	game/flr_at.cpp	global	FlrAtCheck__FiP3Veci	FlrAtCheck
0x80142D68	0x84	.text	game/flr_at.cpp	global	FlrAtSetDefVal	FlrAtSetDefVal
0x80142DEC	0xD4	.text	game/game.cpp	global	DoorFlagInit	DoorFlagInit
0x80142EC0	0xBC	.text	game/game.cpp	global	GameTask	GameTask
0x80142F7C	0x1E4	.text	game/game.cpp	global	gameInit	gameInit
0x80143160	0x23C	.text	game/game.cpp	global	gameStageInit	gameStageInit
0x8014339C	0xA60	.text	game/game.cpp	global	gameRoomInit	gameRoomInit
0x80143DFC	0xA18	.text	game/game.cpp	global	gameMainLoop	gameMainLoop
0x80144814	0x7C	.text	game/game.cpp	global	GameLoad	GameLoad
0x80144890	0x12C	.text	game/game.cpp	global	GameContinue	GameContinue
0x801449BC	0x18C	.text	game/game.cpp	global	clearGlobalSaveData	clearGlobalSaveData
0x80144B48	0x154	.text	game/game.cpp	global	load__9cGameSaveP14SAVE_DATA_HEAD	cGameSave::load
0x80144C9C	0x12C	.text	game/game.cpp	global	save__9cGameSaveP14SAVE_DATA_HEADi	cGameSave::save
0x80144DC8	0x50	.text	game/game.cpp	global	checkAddr__9cGameSaveP14SAVE_DATA_HEAD	cGameSave::checkAddr
0x80144E18	0x60	.text	game/game.cpp	global	calcOffset__9cGameSaveP14SAVE_DATA_HEADUl	cGameSave::calcOffset
0x80144E78	0x50	.text	game/game.cpp	global	calcAddr__9cGameSaveP14SAVE_DATA_HEAD	cGameSave::calcAddr
0x80144EC8	0xD0	.text	game/game.cpp	global	alloc__9cGameSave	cGameSave::alloc
0x80144F98	0x10C	.text	game/game.cpp	global	gameEnding	gameEnding
0x801450A4	0x13C	.text	game/game.cpp	global	gameOption	gameOption
0x801451E0	0xB8	.text	game/game.cpp	global	DiedemoExec	DiedemoExec
0x80145298	0x88	.text	game/game.cpp	global	gameDiedemoCheck	gameDiedemoCheck
0x80145320	0x54C	.text	game/game.cpp	global	gameDiedemo	gameDiedemo
0x8014586C	0x350	.text	game/game.cpp	global	gameDoordemo	gameDoordemo
0x80145BBC	0x140	.text	game/game.cpp	global	gameRoomMemInit	gameRoomMemInit
0x80145CFC	0xEC	.text	game/game.cpp	global	GamePointInit	GamePointInit
0x80145DE8	0x48C	.text	game/game.cpp	global	GameAddPoint	GameAddPoint
0x80146274	0x4C	.text	game/game.cpp	global	GamePointBossReset	GamePointBossReset
0x801462C0	0xE4	.text	game/game.cpp	global	primInit	primInit
0x801463A4	0x34	.text	game/game.cpp	global	primFree	primFree
0x801463D8	0x84	.text	game/game.cpp	global	PrimDispWorkNum	PrimDispWorkNum
0x8014645C	0x24	.text	game/game.cpp	global	GameStopModeEnd__Fv	GameStopModeEnd
0x80146480	0x1BC	.text	game/game.cpp	global	gameStopMove	gameStopMove
0x8014663C	0x6FC	.text	game/game.cpp	global	gameDebugDisp	gameDebugDisp
0x80146D38	0x2F4	.text	game/game.cpp	global	gameDebug	gameDebug
0x8014702C	0x2C	.text	game/game.cpp	global	roomInit__t8cManager1Z10cModelInfo	cManager<cModelInfo>::roomInit
0x80147058	0x60	.text	game/game.cpp	global	arrayFree__t8cManager1Z10cModelInfo	cManager<cModelInfo>::arrayFree
0x801470B8	0x88	.text	game/game.cpp	global	arrayAlloc__t8cManager1Z10cModelInfoUl	cManager<cModelInfo>::arrayAlloc
0x80147140	0x2C	.text	game/game.cpp	global	roomInit__t8cManager1Z6cParts	cManager<cParts>::roomInit
0x8014716C	0x60	.text	game/game.cpp	global	arrayFree__t8cManager1Z6cParts	cManager<cParts>::arrayFree
0x801471CC	0x88	.text	game/game.cpp	global	arrayAlloc__t8cManager1Z6cPartsUl	cManager<cParts>::arrayAlloc
0x80147254	0x2C	.text	game/game.cpp	global	roomInit__t8cManager1Z3cEm	cManager<cEm>::roomInit
0x80147280	0x2C	.text	game/game.cpp	global	roomInit__t8cManager1Z4cObj	cManager<cObj>::roomInit
0x801472AC	0x60	.text	game/game.cpp	global	arrayFree__t8cManager1Z4cObj	cManager<cObj>::arrayFree
0x8014730C	0x88	.text	game/game.cpp	global	arrayAlloc__t8cManager1Z4cObjUl	cManager<cObj>::arrayAlloc
0x80147394	0x2C	.text	game/game.cpp	global	roomInit__t8cManager1Z5cCtrl	cManager<cCtrl>::roomInit
0x801473C0	0x60	.text	game/game.cpp	global	arrayFree__t8cManager1Z5cCtrl	cManager<cCtrl>::arrayFree
0x80147420	0x88	.text	game/game.cpp	global	arrayAlloc__t8cManager1Z5cCtrlUl	cManager<cCtrl>::arrayAlloc
0x801474A8	0x60	.text	game/game.cpp	global	arrayFree__t8cManager1Z6cLight	cManager<cLight>::arrayFree
0x80147508	0x88	.text	game/game.cpp	global	arrayAlloc__t8cManager1Z6cLightUl	cManager<cLight>::arrayAlloc
0x80147590	0x2C	.text	game/game.cpp	global	roomInit__t8cManager1Z4cDmg	cManager<cDmg>::roomInit
0x801475BC	0x60	.text	game/game.cpp	global	arrayFree__t8cManager1Z4cDmg	cManager<cDmg>::arrayFree
0x8014761C	0x88	.text	game/game.cpp	global	arrayAlloc__t8cManager1Z4cDmgUl	cManager<cDmg>::arrayAlloc
0x801476A4	0x2C	.text	game/game.cpp	global	roomInit__t8cManager1Z4cSat	cManager<cSat>::roomInit
0x801476D0	0x60	.text	game/game.cpp	global	arrayFree__t8cManager1Z4cSat	cManager<cSat>::arrayFree
0x80147730	0x88	.text	game/game.cpp	global	arrayAlloc__t8cManager1Z4cSatUl	cManager<cSat>::arrayAlloc
0x801477B8	0x2C	.text	game/game.cpp	global	roomInit__t8cManager1Z5Event	cManager<Event>::roomInit
0x801477E4	0x60	.text	game/game.cpp	global	arrayFree__t8cManager1Z5Event	cManager<Event>::arrayFree
0x80147844	0x88	.text	game/game.cpp	global	arrayAlloc__t8cManager1Z5EventUl	cManager<Event>::arrayAlloc
0x801478CC	0x138	.text	game/game.cpp	global	create__t8cManager1Z3cEmiUl	cManager<cEm>::create
0x80147A04	0xB0	.text	game/game.cpp	global	dieCheck__t8cManager1Z4cSat	cManager<cSat>::dieCheck
0x80147AB4	0xC0	.text	game/game.cpp	global	dispWorkNum__t8cManager1Z3cEmiiii	cManager<cEm>::dispWorkNum
0x80147B74	0xC0	.text	game/game.cpp	global	dispWorkNum__t8cManager1Z4cObjiiii	cManager<cObj>::dispWorkNum
0x80147C34	0xC0	.text	game/game.cpp	global	dispWorkNum__t8cManager1Z5cCtrliiii	cManager<cCtrl>::dispWorkNum
0x80147CF4	0xC0	.text	game/game.cpp	global	dispWorkNum__t8cManager1Z6cPartsiiii	cManager<cParts>::dispWorkNum
0x80147DB4	0xC0	.text	game/game.cpp	global	dispWorkNum__t8cManager1Z10cModelInfoiiii	cManager<cModelInfo>::dispWorkNum
0x80147E74	0xC0	.text	game/game.cpp	global	dispWorkNum__t8cManager1Z5Eventiiii	cManager<Event>::dispWorkNum
0x80147F34	0xC0	.text	game/game.cpp	global	dispWorkNum__t8cManager1Z4cSatiiii	cManager<cSat>::dispWorkNum
0x80147FF4	0xC0	.text	game/game.cpp	global	dispWorkNum__t8cManager1Z6cLightiiii	cManager<cLight>::dispWorkNum
0x801480B4	0x300	.text	game/geometry.cpp	global	collision_point_cone_rev_play	collision_point_cone_rev_play
0x801483B4	0x74	.text	game/geometry.cpp	global	collision_point_cone_rev_play_face	collision_point_cone_rev_play_face
0x80148428	0xA4	.text	game/geometry.cpp	global	collision_sphere_hexahedron	collision_sphere_hexahedron
0x801484CC	0x44	.text	game/gx_sub.cpp	global	bio4_GXSetCopyClear__FG7GXColorUl	bio4_GXSetCopyClear
0x80148510	0x324	.text	game/gx_sub.cpp	global	bio4_AddBgColor	bio4_AddBgColor
0x80148834	0x64	.text	game/hermite.cpp	global	Hermite_1Clear	Hermite_1Clear
0x80148898	0x54	.text	game/hermite.cpp	global	Hermite_1CurveRight	Hermite_1CurveRight
0x801488EC	0x68	.text	game/hermite.cpp	global	Hermite_1CurveCalc	Hermite_1CurveCalc
0x80148954	0xC8	.text	game/hermite.cpp	global	Hermite_1CurveCalc__FP8Hermite1f	Hermite_1CurveCalc
0x80148A1C	0xAC	.text	game/hermite.cpp	global	Hermite_1Scale	Hermite_1Scale
0x80148AC8	0x7C	.text	game/hermite.cpp	global	Hermite_1Trans	Hermite_1Trans
0x80148B44	0xF4	.text	game/hermite.cpp	global	Hermite_1Reverse	Hermite_1Reverse
0x80148C38	0x78	.text	game/hermite.cpp	global	Hermite_1	Hermite_1
0x80148CB0	0x70	.text	game/hermite.cpp	global	Hermite_1_dt	Hermite_1_dt
0x80148D20	0x88	.text	game/id_sys.cpp	global	gameInit__8IDSystemi	IDSystem::gameInit
0x80148DA8	0x8C	.text	game/id_sys.cpp	global	roomInit__8IDSystem	IDSystem::roomInit
0x80148E34	0x3C	.text	game/id_sys.cpp	global	free__8IDSystem	IDSystem::free
0x80148E70	0x30	.text	game/id_sys.cpp	global	setCk__8IDSystemi	IDSystem::setCk
0x80148EA0	0x60	.text	game/id_sys.cpp	global	dispSw__8IDSystemii	IDSystem::dispSw
0x80148F00	0xDC	.text	game/id_sys.cpp	global	unitPush__8IDSystemP6IdUnit	IDSystem::unitPush
0x80148FDC	0xB8	.text	game/id_sys.cpp	global	unitPull__8IDSystem	IDSystem::unitPull
0x80149094	0xA8	.text	game/id_sys.cpp	global	unitLevel__8IDSystemP6IdUnitUc	IDSystem::unitLevel
0x8014913C	0x38	.text	game/id_sys.cpp	global	unitParent__8IDSystemP6IdUnitT1	IDSystem::unitParent
0x80149174	0x98	.text	game/id_sys.cpp	global	unitPtr__8IDSystemUci	IDSystem::unitPtr
0x8014920C	0x2C	.text	game/id_sys.cpp	global	cmp_id_no__FP7IdData2Uci	cmp_id_no
0x80149238	0x898	.text	game/id_sys.cpp	global	set__8IDSystemPvUciUcUcUc	IDSystem::set
0x80149AD0	0xE0	.text	game/id_sys.cpp	global	kill__8IDSystemUci	IDSystem::kill
0x80149BB0	0xCC	.text	game/id_sys.cpp	global	stop__8IDSystem	IDSystem::stop
0x80149C7C	0x170	.text	game/id_sys.cpp	global	move__8IDSystem	IDSystem::move
0x80149DEC	0xB4	.text	game/id_sys.cpp	global	beMove__8IDSystemP6IdUniti	IDSystem::beMove
0x80149EA0	0x9C	.text	game/id_sys.cpp	global	setTime__8IDSystemP6IdUnits	IDSystem::setTime
0x80149F3C	0x8C	.text	game/id_sys.cpp	global	movePos__8IDSystemP6IdUnit	IDSystem::movePos
0x80149FC8	0x1F8	.text	game/id_sys.cpp	global	idSysMove00	idSysMove00
0x8014A1C0	0x1C0	.text	game/id_sys.cpp	global	IdCalcVertex	IdCalcVertex
0x8014A380	0x1A8	.text	game/id_sys.cpp	global	idSysMove01	idSysMove01
0x8014A528	0x43C	.text	game/id_sys.cpp	global	idSysMove02	idSysMove02
0x8014A964	0x210	.text	game/id_sys.cpp	global	idSysMove03	idSysMove03
0x8014AB74	0x138	.text	game/id_sys.cpp	global	idSysMove04	idSysMove04
0x8014ACAC	0xE8	.text	game/id_sys.cpp	global	trans__8IDSystem	IDSystem::trans
0x8014AD94	0x13C	.text	game/id_sys.cpp	global	unitTrans__8IDSystemP6IdUnit	IDSystem::unitTrans
0x8014AED0	0x104	.text	game/id_sys.cpp	global	IdGeneralTrans	IdGeneralTrans
0x8014AFD4	0x430	.text	game/id_sys.cpp	global	IdCommonTrans	IdCommonTrans
0x8014B404	0x7A4	.text	game/id_sys.cpp	global	IdNegativeTrans	IdNegativeTrans
0x8014BBA8	0xA58	.text	game/id_sys.cpp	global	IdShimmerTrans	IdShimmerTrans
0x8014C600	0x40	.text	game/id_sys.cpp	global	IdAllocBuffer	IdAllocBuffer
0x8014C640	0x34	.text	game/id_sys.cpp	global	IdFreeBuffer	IdFreeBuffer
0x8014C674	0x30	.text	game/id_sys.cpp	global	IdDebugAllocBuffer	IdDebugAllocBuffer
0x8014C6A4	0x2C	.text	game/id_sys.cpp	global	IdDebugFreeBuffer	IdDebugFreeBuffer
0x8014C6D0	0x58	.text	game/id_sys.cpp	global	IdGetBufferAddr	IdGetBufferAddr
0x8014C728	0x8	.text	game/id_sys.cpp	global	IdSetBufferType	IdSetBufferType
0x8014C730	0x54	.text	game/id_tex.cpp	global	IdTexGameInit	IdTexGameInit
0x8014C784	0x24	.text	game/id_tex.cpp	global	IdTexRoomInit	IdTexRoomInit
0x8014C7A8	0x28	.text	game/id_tex.cpp	global	IdTexRelease	IdTexRelease
0x8014C7D0	0xEC	.text	game/id_tex.cpp	global	IdTexDataLoad	IdTexDataLoad
0x8014C8BC	0x10C	.text	game/id_tex.cpp	global	IdTexSet__FUcUc	IdTexSet
0x8014C9C8	0x30	.text	game/id_tex.cpp	global	IdGetAnmAddr__FUcPP6TexAnm	IdGetAnmAddr
0x8014C9F8	0xC0	.text	game/id_tex.cpp	global	IdChannelSet__FP6IdUnit	IdChannelSet
0x8014CAB8	0x30	.text	game/id_tex.cpp	global	IdGetTexWk__FUci	IdGetTexWk
0x8014CAE8	0x20	.text	game/item_model.cpp	global	ItemModelInit	ItemModelInit
0x8014CB08	0x44	.text	game/item_model.cpp	global	ItemModelRoomInit	ItemModelRoomInit
0x8014CB4C	0x28	.text	game/item_model.cpp	global	ItemModelDataLoad	ItemModelDataLoad
0x8014CB74	0x30	.text	game/item_model.cpp	global	ItemGetBinAddr	ItemGetBinAddr
0x8014CBA4	0x30	.text	game/item_model.cpp	global	ItemGetTplAddr	ItemGetTplAddr
0x8014CBD4	0x58	.text	game/item_model.cpp	global	ItemGetBinTplAddr	ItemGetBinTplAddr
0x8014CC2C	0x20	.text	game/item_model.cpp	global	WorkClear__7cItmSys	cItmSys::WorkClear
0x8014CC4C	0x20	.text	game/item_model.cpp	global	Init__7cItmSys	cItmSys::Init
0x8014CC6C	0x98	.text	game/item_model.cpp	global	DataLoad__7cItmSysUl	cItmSys::DataLoad
0x8014CD04	0x18	.text	game/item_model.cpp	global	ItmRegist__7cItmSysPvT1Uc	cItmSys::ItmRegist
0x8014CD1C	0x20	.text	game/item_model.cpp	global	GetBinAddr__7cItmSysUcPPv	cItmSys::GetBinAddr
0x8014CD3C	0x24	.text	game/item_model.cpp	global	GetTplAddr__7cItmSysUcPPv	cItmSys::GetTplAddr
0x8014CD60	0x10	.text	game/libgpu.cpp	global	AddPrim	AddPrim
0x8014CD70	0x44	.text	game/libgpu.cpp	global	DelPrim	DelPrim
0x8014CDB4	0x28	.text	game/libgpu.cpp	global	ClearOTagR	ClearOTagR
0x8014CDDC	0xE8	.text	game/libgpu.cpp	global	DrawOTag	DrawOTag
0x8014CEC4	0x1AC	.text	game/libgpu.cpp	global	make_g3	make_g3
0x8014D070	0x1E0	.text	game/libgpu.cpp	global	make_g4	make_g4
0x8014D250	0xB0	.text	game/libgpu.cpp	global	make_f3	make_f3
0x8014D300	0xD8	.text	game/libgpu.cpp	global	make_f4	make_f4
0x8014D3D8	0xCC	.text	game/libgpu.cpp	global	make_tile	make_tile
0x8014D4A4	0x178	.text	game/libgpu.cpp	global	make_lg2	make_lg2
0x8014D61C	0x1AC	.text	game/libgpu.cpp	global	make_lg3	make_lg3
0x8014D7C8	0x1E0	.text	game/libgpu.cpp	global	make_lg4	make_lg4
0x8014D9A8	0x88	.text	game/libgpu.cpp	global	make_lf2	make_lf2
0x8014DA30	0xB0	.text	game/libgpu.cpp	global	make_lf3	make_lf3
0x8014DAE0	0xD8	.text	game/libgpu.cpp	global	make_lf4	make_lf4
0x8014DBB8	0x54	.text	game/light.cpp	global	__9cLightMgr	cLightMgr::cLightMgr
0x8014DC0C	0xB0	.text	game/light.cpp	global	log__9cLightMgrPCce	cLightMgr::log
0x8014DCBC	0x80	.text	game/light.cpp	global	init__9cLightMgrPPFP6cLight_v	cLightMgr::init
0x8014DD3C	0x158	.text	game/light.cpp	global	roomInit__9cLightMgrP4cLitN21	cLightMgr::roomInit
0x8014DE94	0xBC	.text	game/light.cpp	global	construct__9cLightMgrP6cLightUl	cLightMgr::construct
0x8014DF50	0x6C	.text	game/light.cpp	global	create__9cLightMgrP10cLightWork	cLightMgr::create
0x8014DFBC	0x54	.text	game/light.cpp	global	createBack__9cLightMgrP10cLightWork	cLightMgr::createBack
0x8014E010	0x11C	.text	game/light.cpp	global	create__9cLightMgrP4cLitiii	cLightMgr::create
0x8014E12C	0xF0	.text	game/light.cpp	global	createBack__9cLightMgrP4cLitiii	cLightMgr::createBack
0x8014E21C	0x48	.text	game/light.cpp	global	create__9cLightMgriiii	cLightMgr::create
0x8014E264	0x48	.text	game/light.cpp	global	createBack__9cLightMgriiii	cLightMgr::createBack
0x8014E2AC	0x38	.text	game/light.cpp	global	setElecPower__9cLightMgrf	cLightMgr::setElecPower
0x8014E2E4	0x2E4	.text	game/light.cpp	global	setElecPower2__9cLightMgrUcUc	cLightMgr::setElecPower2
0x8014E5C8	0x234	.text	game/light.cpp	global	funcDelCtrl__FP5cCtrl	funcDelCtrl
0x8014E7FC	0x28	.text	game/light.cpp	global	onKind__9cLightMgrUc	cLightMgr::onKind
0x8014E824	0x28	.text	game/light.cpp	global	offKind__9cLightMgrUc	cLightMgr::offKind
0x8014E84C	0x2C	.text	game/light.cpp	global	checkKind__9cLightMgrUc	cLightMgr::checkKind
0x8014E878	0x30	.text	game/light.cpp	global	getKindLight__9cLightMgrUc	cLightMgr::getKindLight
0x8014E8A8	0x74	.text	game/light.cpp	global	roomLitSet__9cLightMgrP4cLit	cLightMgr::roomLitSet
0x8014E91C	0x18	.text	game/light.cpp	global	roomLitCheck__9cLightMgr	cLightMgr::roomLitCheck
0x8014E934	0xD8	.text	game/light.cpp	global	move__9cLightMgr	cLightMgr::move
0x8014EA0C	0x344	.text	game/light.cpp	global	hokanMove__9cLightMgr	cLightMgr::hokanMove
0x8014ED50	0x27C	.text	game/light.cpp	global	lightMove__FP6cLight	lightMove
0x8014EFCC	0x8	.text	game/light.cpp	global	getEnvPtr__9cLightMgr	cLightMgr::getEnvPtr
0x8014EFD4	0xC	.text	game/light.cpp	global	Light00_Move__FP6cLight	Light00_Move
0x8014EFE0	0x1EC	.text	game/light.cpp	global	setModel2__9cLightMgrP6cModel	cLightMgr::setModel2
0x8014F1CC	0x134	.text	game/light.cpp	global	setCloth__9cLightMgrP6cModelUl	cLightMgr::setCloth
0x8014F300	0xB4	.text	game/light.cpp	global	setEsp__9cLightMgrP12EspLightListUc	cLightMgr::setEsp
0x8014F3B4	0x38	.text	game/light.cpp	global	lightHitCheck__FP6cModelP6cLight	lightHitCheck
0x8014F3EC	0x94	.text	game/light.cpp	global	lightHitCheckSphere__FP6cModelP6cLight	lightHitCheckSphere
0x8014F480	0x130	.text	game/light.cpp	global	lightHitCheckCylinder__FP6cModelP6cLight	lightHitCheckCylinder
0x8014F5B0	0x108	.text	game/light.cpp	global	lightHitCheckBBox__FP6cModelP6cLight	lightHitCheckBBox
0x8014F6B8	0x190	.text	game/light.cpp	global	update__9cLightMgrii	cLightMgr::update
0x8014F848	0xE0	.text	game/light.cpp	global	setThermo__9cLightMgr	cLightMgr::setThermo
0x8014F928	0x8C	.text	game/light.cpp	global	registCut__9cLightMgrP9cLightEnvi	cLightMgr::registCut
0x8014F9B4	0x24	.text	game/light.cpp	global	getLightWork__9cLightEnvi	cLightEnv::getLightWork
0x8014F9D8	0x10	.text	game/light.cpp	global	getSize__9cLightEnv	cLightEnv::getSize
0x8014F9E8	0x4C	.text	game/light.cpp	global	getCutAddr__9cLightMgrii	cLightMgr::getCutAddr
0x8014FA34	0x74	.text	game/light.cpp	global	getSafeCutNo__4cLiti	cLit::getSafeCutNo
0x8014FAA8	0x8	.text	game/light.cpp	global	setFogStart__9cLightMgrf	cLightMgr::setFogStart
0x8014FAB0	0x8	.text	game/light.cpp	global	setFogEnd__9cLightMgrf	cLightMgr::setFogEnd
0x8014FAB8	0x8	.text	game/light.cpp	global	getFogStart__9cLightMgr	cLightMgr::getFogStart
0x8014FAC0	0x8	.text	game/light.cpp	global	getFogEnd__9cLightMgr	cLightMgr::getFogEnd
0x8014FAC8	0xF4	.text	game/light.cpp	global	setFog__9cLightMgr	cLightMgr::setFog
0x8014FBBC	0x74	.text	game/light.cpp	global	setBlur__9cLightMgr	cLightMgr::setBlur
0x8014FC30	0x84	.text	game/light.cpp	global	deleteScr__9cLightMgr	cLightMgr::deleteScr
0x8014FCB4	0x78	.text	game/light.cpp	global	offScr__9cLightMgrUc	cLightMgr::offScr
0x8014FD2C	0x70	.text	game/light.cpp	global	countScr__9cLightMgr	cLightMgr::countScr
0x8014FD9C	0x210	.text	game/light.cpp	global	setEnv__9cLightMgrP9cLightEnvi	cLightMgr::setEnv
0x8014FFAC	0x6C	.text	game/light.cpp	global	setTune__9cLightMgrP9cLightEnv	cLightMgr::setTune
0x80150018	0x19C	.text	game/light.cpp	global	setMipmap__9cLightMgrP9cLightEnv	cLightMgr::setMipmap
0x801501B4	0x84	.text	game/light.cpp	global	loadLit__9cLightMgrP10cLightWorkUl	cLightMgr::loadLit
0x80150238	0x80	.text	game/light.cpp	global	saveLit__9cLightMgrP10cLightWork	cLightMgr::saveLit
0x801502B8	0x8	.text	game/light.cpp	global	getLitPPtr__9cLightMgr	cLightMgr::getLitPPtr
0x801502C0	0x60	.text	game/light.cpp	global	initPath__9cLightMgrP15LightPathHeader	cLightMgr::initPath
0x80150320	0xA4	.text	game/light.cpp	global	getPathPtr__9cLightMgrUc	cLightMgr::getPathPtr
0x801503C4	0x8	.text	game/light.cpp	global	getPathHeader__9cLightMgr	cLightMgr::getPathHeader
0x801503CC	0x24	.text	game/light.cpp	global	__6cLight	cLight::cLight
0x801503F0	0x38	.text	game/light.cpp	global	move__6cLight	cLight::move
0x80150428	0x210	.text	game/light.cpp	global	__as__6cLightR10cLightWork	cLight::operator=
0x80150638	0x1D4	.text	game/light.cpp	global	__as__10cLightWorkR6cLight	cLightWork::operator=
0x8015080C	0x2C	.text	game/light.cpp	global	checkScr__6cLight	cLight::checkScr
0x80150838	0x14	.text	game/light.cpp	global	setPartsNo__6cLighti	cLight::setPartsNo
0x8015084C	0x30	.text	game/light.cpp	global	setParent__6cLightUcUl	cLight::setParent
0x8015087C	0x144	.text	game/light.cpp	global	setParent__6cLightP6cModel	cLight::setParent
0x801509C0	0x10C	.text	game/light.cpp	global	calcParent__6cLight	cLight::calcParent
0x80150ACC	0x54	.text	game/light.cpp	global	getCoord__6cLight	cLight::getCoord
0x80150B20	0x14	.text	game/light.cpp	global	isParent__6cLightP6cModel	cLight::isParent
0x80150B34	0x20	.text	game/light.cpp	global	getPos2__6cLightP3VecT1	cLight::getPos2
0x80150B54	0x208	.text	game/light.cpp	global	calcPos__6cLightP3VecT1	cLight::calcPos
0x80150D5C	0x3F8	.text	game/light.cpp	global	getNormal__6cLightP3VecT1	cLight::getNormal
0x80151154	0x28	.text	game/light.cpp	global	setTrans__6cLighti	cLight::setTrans
0x8015117C	0x118	.text	game/light.cpp	global	hitAdjust__6cLight	cLight::hitAdjust
0x80151294	0x6C	.text	game/light.cpp	global	setSpotNormal__6cLightP3Vec	cLight::setSpotNormal
0x80151300	0xBC	.text	game/light.cpp	global	setSpotTarget__6cLightP3Vec	cLight::setSpotTarget
0x801513BC	0x38	.text	game/light.cpp	global	setItemLight__9cLightMgr	cLightMgr::setItemLight
0x801513F4	0x24	.text	game/light.cpp	global	beginEvent__9cLightMgr	cLightMgr::beginEvent
0x80151418	0x24	.text	game/light.cpp	global	endEvent__9cLightMgr	cLightMgr::endEvent
0x8015143C	0xC	.text	game/light.cpp	global	dbSetRoomLit__9cLightMgrP4cLit	cLightMgr::dbSetRoomLit
0x80151448	0x44	.text	game/light.cpp	global	getCut__4cLitUs	cLit::getCut
0x8015148C	0x74C	.text	game/light.cpp	global	versionUp__4cLit	cLit::versionUp
0x80151BD8	0x74	.text	game/light.cpp	global	getMaxLight__4cLit	cLit::getMaxLight
0x80151C4C	0x50	.text	game/light.cpp	global	inSscrn__9cLightMgr	cLightMgr::inSscrn
0x80151C9C	0xA8	.text	game/light.cpp	global	outSscrn__9cLightMgrUl	cLightMgr::outSscrn
0x80151D44	0x74	.text	game/light.cpp	global	set__8cPenWind	cPenWind::set
0x80151DB8	0x50	.text	game/light.cpp	global	__t8cManager1Z6cLightUlUc	cManager<cLight>::cManager
0x80151E08	0x8	.text	game/light.cpp	local	setName__t8cManager1Z6cLightPCc	cManager<cLight>::setName
0x80151E10	0x2C	.text	game/light.cpp	global	roomInit__t8cManager1Z6cLight	cManager<cLight>::roomInit
0x80151E3C	0x24	.text	game/light.cpp	global	init__t8cManager1Z6cLightPPFP6cLight_v	cManager<cLight>::init
0x80151E60	0x170	.text	game/light.cpp	global	createBack__t8cManager1Z6cLighti	cManager<cLight>::createBack
0x80151FD0	0xB0	.text	game/light.cpp	global	dieCheck__t8cManager1Z6cLight	cManager<cLight>::dieCheck
0x80152080	0x54	.text	game/light.cpp	local	__static_initialization_and_destruction_0_80152080	__static_initialization_and_destruction_0
0x801520D4	0x20	.text	game/light.cpp	global	_._6cLight	cLight::~cLight
0x801520F4	0x34	.text	game/light.cpp	global	_._9cLightMgr	cLightMgr::~cLightMgr
0x80152128	0x38	.text	game/light.cpp	global	memAlloc__9cLightMgrUl	cLightMgr::memAlloc
0x80152160	0x24	.text	game/light.cpp	global	memFree__9cLightMgrPv	cLightMgr::memFree
0x80152184	0x28	.text	game/light.cpp	global	memClear__9cLightMgrP6cLightUl	cLightMgr::memClear
0x801521AC	0x20	.text	game/light.cpp	global	_._8cLight02	cLight02::~cLight02
0x801521CC	0x20	.text	game/light.cpp	global	_._8cLight06	cLight06::~cLight06
0x801521EC	0x34	.text	game/light.cpp	global	_._t8cManager1Z6cLight	cManager<cLight>::~cManager
0x80152220	0x218	.text	game/light.cpp	global	destroy__t8cManager1Z6cLightP6cLight	cManager<cLight>::destroy
0x80152438	0x2C	.text	game/light.cpp	global	global_constructors_keyed_to_cLightMgr_FarDistance	global constructors keyed to cLightMgr::FarDistance
0x80152464	0x2C	.text	game/light.cpp	local	global_destructors_keyed_to_cLightMgr_FarDistance	global destructors keyed to cLightMgr::FarDistance
0x80152490	0x3C	.text	game/light01.cpp	global	__8cLight01	cLight01::cLight01
0x801524CC	0xD4	.text	game/light01.cpp	global	Light01_Move__FP6cLight	Light01_Move
0x801525A0	0x20	.text	game/light01.cpp	global	_._8cLight01	cLight01::~cLight01
0x801525C0	0x1CC	.text	game/light02.cpp	global	Light02_Move__FP6cLight	Light02_Move
0x8015278C	0x100	.text	game/light03.cpp	global	Light03_Move__FP6cLight	Light03_Move
0x8015288C	0x4	.text	game/light04.cpp	global	Light04_Move__FP6cLight	Light04_Move
0x80152890	0x36C	.text	game/light05.cpp	global	Light05_Move__FP6cLight	Light05_Move
0x80152BFC	0x128	.text	game/light06.cpp	global	Light06_Move__FP6cLight	Light06_Move
0x80152D24	0x3C	.text	game/light07.cpp	global	__8cLight07	cLight07::cLight07
0x80152D60	0xF0	.text	game/light07.cpp	global	Light07_Move__FP6cLight	Light07_Move
0x80152E50	0x20	.text	game/light07.cpp	global	_._8cLight07	cLight07::~cLight07
0x80152E70	0x3C	.text	game/light08.cpp	global	__8cLight08	cLight08::cLight08
0x80152EAC	0x70	.text	game/light08.cpp	global	Light08_Move__FP6cLight	Light08_Move
0x80152F1C	0x20	.text	game/light08.cpp	global	_._8cLight08	cLight08::~cLight08
0x80152F3C	0x8C	.text	game/light10.cpp	global	Light10_Move__FP6cLight	Light10_Move
0x80152FC8	0x374	.text	game/main.cpp	global	main	main
0x8015333C	0x4	.text	game/main.cpp	global	systemVSyncPost	systemVSyncPost
0x80153340	0x50	.text	game/main.cpp	global	postVSyncCallback	postVSyncCallback
0x80153390	0x64	.text	game/main.cpp	global	haltExecCheck	haltExecCheck
0x801533F4	0x164	.text	game/main.cpp	global	systemStartInit	systemStartInit
0x80153558	0x228	.text	game/main.cpp	global	systemRestartInit	systemRestartInit
0x80153780	0xEC	.text	game/main.cpp	local	systemScreenInit__Fv	systemScreenInit
0x8015386C	0xC4	.text	game/main.cpp	global	systemWorkInit	systemWorkInit
0x80153930	0x1C	.text	game/main.cpp	global	SetSystemVcnt	SetSystemVcnt
0x8015394C	0xC	.text	game/main.cpp	global	GetSystemVcnt	GetSystemVcnt
0x80153958	0x9C	.text	game/main.cpp	global	checkHardReset	checkHardReset
0x801539F4	0xB8	.text	game/main.cpp	global	systemResetCheck	systemResetCheck
0x80153AAC	0x11C	.text	game/main.cpp	global	systemResetCommon	systemResetCommon
0x80153BC8	0x50	.text	game/main.cpp	global	systemHardReset	systemHardReset
0x80153C18	0x90	.text	game/main.cpp	global	systemSoftReset	systemSoftReset
0x80153CA8	0x2C	.text	game/main.cpp	global	setLanguage	setLanguage
0x80153CD4	0x34	.text	game/main_mem.cpp	global	__builtin_new	__builtin_new
0x80153D08	0x34	.text	game/main_mem.cpp	global	__builtin_vec_new	__builtin_vec_new
0x80153D3C	0x20	.text	game/main_mem.cpp	global	__builtin_delete	__builtin_delete
0x80153D5C	0x20	.text	game/main_mem.cpp	global	__builtin_vec_delete	__builtin_vec_delete
0x80153D7C	0x20C	.text	game/main_mem.cpp	global	SystemMemInit__Fv	SystemMemInit
0x80153F88	0x5C	.text	game/main_mem.cpp	global	memInitHeapTbl__Fv	memInitHeapTbl
0x80153FE4	0x8C	.text	game/main_mem.cpp	global	MemSuspendHeap__Fi	MemSuspendHeap
0x80154070	0x84	.text	game/main_mem.cpp	global	MemSignalHeap__Fi	MemSignalHeap
0x801540F4	0x18	.text	game/main_mem.cpp	global	memGetHeapSattus__Fi	memGetHeapSattus
0x8015410C	0x28	.text	game/main_mem.cpp	global	memCheckHeapActive__Fi	memCheckHeapActive
0x80154134	0x70	.text	game/main_mem.cpp	global	MemSetCurrentHeap__Fi	MemSetCurrentHeap
0x801541A4	0x60	.text	game/main_mem.cpp	global	MemSetCurrentDbgHeap__Fi	MemSetCurrentDbgHeap
0x80154204	0x8	.text	game/main_mem.cpp	global	MemGetCurrentHeap__Fv	MemGetCurrentHeap
0x8015420C	0x8	.text	game/main_mem.cpp	global	MemGetCurrentDbgHeap__Fv	MemGetCurrentDbgHeap
0x80154214	0x18	.text	game/main_mem.cpp	global	MemGetHeapStartAddr__Fi	MemGetHeapStartAddr
0x8015422C	0x18	.text	game/main_mem.cpp	global	MemGetHeapEndAddr__Fi	MemGetHeapEndAddr
0x80154244	0x9C	.text	game/main_mem.cpp	global	MemCheckHeapEnd__Fi	MemCheckHeapEnd
0x801542E0	0xD4	.text	game/main_mem.cpp	global	MemCreateHeap__FiUlUl	MemCreateHeap
0x801543B4	0xA0	.text	game/main_mem.cpp	global	MemDestroyHeap__Fi	MemDestroyHeap
0x80154454	0x158	.text	game/main_mem.cpp	global	MemReplaceHeap__Fii	MemReplaceHeap
0x801545AC	0x54	.text	game/main_mem.cpp	global	MemClearAllHeap__Fv	MemClearAllHeap
0x80154600	0x1A0	.text	game/main_mem.cpp	global	mem_alloc__FUlPCciii	mem_alloc
0x801547A0	0x44	.text	game/main_mem.cpp	global	mem_calloc__FUlPCciii	mem_calloc
0x801547E4	0x24	.text	game/main_mem.cpp	global	Mem_free__FPv	Mem_free
0x80154808	0x50	.text	game/main_mem.cpp	global	Mem_free_h__FPvi	Mem_free_h
0x80154858	0xC	.text	game/main_mem.cpp	global	SetDebugAlloc__Fv	SetDebugAlloc
0x80154864	0xA8	.text	game/main_mem.cpp	global	ResetDebugAlloc__Fv	ResetDebugAlloc
0x8015490C	0xD0	.text	game/main_mem.cpp	global	Debug_alloc__FUli	Debug_alloc
0x801549DC	0x24	.text	game/main_mem.cpp	global	Debug_free__FPv	Debug_free
0x80154A00	0x70	.text	game/main_mem.cpp	global	Debug_free_h__FPvi	Debug_free_h
0x80154A70	0x4C	.text	game/main_mem.cpp	global	MemAlloc__FUli	MemAlloc
0x80154ABC	0x38	.text	game/main_mem.cpp	global	MemFree__FPv	MemFree
0x80154AF4	0x1290	.text	game/main_mem.cpp	global	MemCheckUsedHeap	MemCheckUsedHeap
0x80155D84	0x150	.text	game/main_sub.cpp	global	Render_init	Render_init
0x80155ED4	0xB8	.text	game/main_sub.cpp	global	Render_before	Render_before
0x80155F8C	0xEC	.text	game/main_sub.cpp	global	Render_done	Render_done
0x80156078	0x58	.text	game/main_sub.cpp	global	Render_swap	Render_swap
0x801560D0	0x2C	.text	game/main_sub.cpp	global	UpdateNearClipDist	UpdateNearClipDist
0x801560FC	0x18	.text	game/main_sub.cpp	global	SetNearClipDist	SetNearClipDist
0x80156114	0x2C	.text	game/main_sub.cpp	global	Render_checkBlurPermission__Fv	Render_checkBlurPermission
0x80156140	0x4C	.text	game/main_sub.cpp	global	Render_DrawSyncCallback	Render_DrawSyncCallback
0x8015618C	0x54	.text	game/main_sub.cpp	global	systemVISetBlack	systemVISetBlack
0x801561E0	0xCC	.text	game/main_sub.cpp	global	SetScissorState	SetScissorState
0x801562AC	0x130	.text	game/main_sub.cpp	global	SetNoScissor	SetNoScissor
0x801563DC	0x4C	.text	game/main_sub.cpp	global	ScreenGXSet	ScreenGXSet
0x80156428	0x114	.text	game/main_sub.cpp	global	ScreenReSize	ScreenReSize
0x8015653C	0x1A8	.text	game/main_sub.cpp	global	EFBReSize	EFBReSize
0x801566E4	0x68	.text	game/main_sub.cpp	global	SecToTime	SecToTime
0x8015674C	0x4C	.text	game/main_sub.cpp	global	InitGameTime	InitGameTime
0x80156798	0x7C	.text	game/main_sub.cpp	global	GetGameTime	GetGameTime
0x80156814	0x80	.text	game/main_sub.cpp	global	SetGameTime	SetGameTime
0x80156894	0x18	.text	game/main_sub.cpp	global	ScreenShotStart	ScreenShotStart
0x801568AC	0xC	.text	game/main_sub.cpp	global	ScreenShotEnd	ScreenShotEnd
0x801568B8	0x68	.text	game/main_sub.cpp	global	SelfScreenShotInit	SelfScreenShotInit
0x80156920	0x38	.text	game/main_sub.cpp	global	StopwatchInit	StopwatchInit
0x80156958	0x38	.text	game/main_sub.cpp	global	StopwatchStart	StopwatchStart
0x80156990	0xCC	.text	game/main_sub.cpp	global	StopwatchStop	StopwatchStop
0x80156A5C	0x3C	.text	game/main_sub.cpp	global	after_render_proc	after_render_proc
0x80156A98	0x198	.text	game/main_sub.cpp	global	Bg_brightness_set	Bg_brightness_set
0x80156C30	0x178	.text	game/main_sub.cpp	global	DrawTpl	DrawTpl
0x80156DA8	0x28C	.text	game/main_sub.cpp	global	DrawTexture	DrawTexture
0x80157034	0xB0	.text	game/main_sub.cpp	global	DLL_Unlink	DLL_Unlink
0x801570E4	0x98	.text	game/main_sub.cpp	global	DLL_Link	DLL_Link
0x8015717C	0x270	.text	game/math_sub.cpp	global	SetOrientationZX	SetOrientationZX
0x801573EC	0x278	.text	game/math_sub.cpp	global	SetOrientationZY	SetOrientationZY
0x80157664	0x164	.text	game/math_sub.cpp	global	Matrix2AxisAngle	Matrix2AxisAngle
0x801577C8	0x9C	.text	game/math_sub.cpp	global	VecRadLimit	VecRadLimit
0x80157864	0x8C	.text	game/math_sub.cpp	global	VecAngle	VecAngle
0x801578F0	0x48	.text	game/math_sub.cpp	global	VecElevation	VecElevation
0x80157938	0x114	.text	game/math_sub.cpp	global	MtxRotAxisPosRad	MtxRotAxisPosRad
0x80157A4C	0x64	.text	game/math_sub.cpp	global	VecLinearCombination	VecLinearCombination
0x80157AB0	0x17C	.text	game/math_sub.cpp	global	VecInternalDivisionAngle	VecInternalDivisionAngle
0x80157C2C	0x108	.text	game/math_sub.cpp	global	VecLinearDecomposition	VecLinearDecomposition
0x80157D34	0x94	.text	game/math_sub.cpp	global	ScaleMatrix__FPA3_fP3Vec	ScaleMatrix
0x80157DC8	0x1C	.text	game/math_sub.cpp	global	TransMatrix__FPA3_fP3Vec	TransMatrix
0x80157DE4	0x104	.text	game/math_sub.cpp	global	RotMatrix__FPA3_fP3Vec	RotMatrix
0x80157EE8	0x164	.text	game/math_sub.cpp	global	low_RotMatrix	low_RotMatrix
0x8015804C	0x78	.text	game/math_sub.cpp	global	RotMatrixZXY	RotMatrixZXY
0x801580C4	0x5C	.text	game/math_sub.cpp	global	hermite	hermite
0x80158120	0x100	.text	game/math_sub.cpp	global	malloc_2dim_array_f32	malloc_2dim_array_f32
0x80158220	0x58	.text	game/math_sub.cpp	global	free_2dim_array_f32	free_2dim_array_f32
0x80158278	0x474	.text	game/math_sub.cpp	global	de_Boor_Cox	de_Boor_Cox
0x801586EC	0x1C0	.text	game/math_sub.cpp	global	MtxNNLUDecomposition	MtxNNLUDecomposition
0x801588AC	0x288	.text	game/math_sub.cpp	global	MtxNNInverse	MtxNNInverse
0x80158B34	0x70	.text	game/math_sub.cpp	global	MtxNNMultVecSR	MtxNNMultVecSR
0x80158BA4	0x88	.text	game/math_sub.cpp	global	OrthographicProjection	OrthographicProjection
0x80158C2C	0x24	.text	game/math_sub.cpp	global	IPOW	IPOW
0x80158C50	0x4C	.text	game/math_sub.cpp	global	SQRTF	SQRTF
0x80158C9C	0x80	.text	game/math_sub.cpp	global	SINF	SINF
0x80158D1C	0x8C	.text	game/math_sub.cpp	global	COSF	COSF
0x80158DA8	0x48	.text	game/math_sub.cpp	global	LIMIT_ANGLE	LIMIT_ANGLE
0x80158DF0	0x68	.text	game/memset_2.cpp	global	memset_asm	memset_asm
0x80158E58	0x58	.text	game/memset_2.cpp	global	memclr_asm	memclr_asm
0x80158EB0	0x44	.text	game/memset_2.cpp	global	mtxclr_asm	mtxclr_asm
0x80158EF4	0x170	.text	game/model.cpp	global	__6cModel	cModel::cModel
0x80159064	0x17C	.text	game/model.cpp	global	modelInit__6cModelPvT1	cModel::modelInit
0x801591E0	0x90	.text	game/model.cpp	global	initJoint__6cModelPv	cModel::initJoint
0x80159270	0x30	.text	game/model.cpp	global	releaseJoint__6cModel	cModel::releaseJoint
0x801592A0	0x1A0	.text	game/model.cpp	global	setPartsOffset__6cModelPv	cModel::setPartsOffset
0x80159440	0x80	.text	game/model.cpp	global	setPartsParent__6cModel	cModel::setPartsParent
0x801594C0	0x70	.text	game/model.cpp	global	partsMatCalc__6cModel	cModel::partsMatCalc
0x80159530	0x2DC	.text	game/model.cpp	global	matBlend__6cModelf	cModel::matBlend
0x8015980C	0x60	.text	game/model.cpp	global	zeroPartsPosInit__6cModelP3VecT1	cModel::zeroPartsPosInit
0x8015986C	0x2E0	.text	game/model.cpp	global	partsWorldCalc__6cModel	cModel::partsWorldCalc
0x80159B4C	0x44	.text	game/model.cpp	global	setParent__6cModelP6cCoordP3VecT2	cModel::setParent
0x80159B90	0xE8	.text	game/model.cpp	global	setParent__6cModelP6cModeliP3VecT3	cModel::setParent
0x80159C78	0x78	.text	game/model.cpp	global	updateOldPos__6cModel	cModel::updateOldPos
0x80159CF0	0x11C	.text	game/model.cpp	global	setPos__6cModelP3Vec	cModel::setPos
0x80159E0C	0x50	.text	game/model.cpp	global	setAng__6cModelP3Vec	cModel::setAng
0x80159E5C	0x50	.text	game/model.cpp	global	setSca__6cModelP3Vec	cModel::setSca
0x80159EAC	0x4E0	.text	game/model.cpp	global	debugSkeletonDisp__6cModel	cModel::debugSkeletonDisp
0x8015A38C	0x34	.text	game/model.cpp	global	addModel__6cModelP10cModelInfo	cModel::addModel
0x8015A3C0	0x124	.text	game/model.cpp	global	partsFixMemory__6cModeli	cModel::partsFixMemory
0x8015A4E4	0x124	.text	game/model.cpp	global	partsFixAdjust__6cModel	cModel::partsFixAdjust
0x8015A608	0x54	.text	game/model.cpp	global	push__6cModel	cModel::push
0x8015A65C	0x48	.text	game/model.cpp	global	drawAllBoundingBox__6cModelP10cModelInfo	cModel::drawAllBoundingBox
0x8015A6A4	0x68	.text	game/model.cpp	global	__10cModelInfo	cModelInfo::cModelInfo
0x8015A70C	0x28	.text	game/model.cpp	global	setTplAddr__10cModelInfoPv	cModelInfo::setTplAddr
0x8015A734	0x40	.text	game/model.cpp	global	addTplAddr__10cModelInfoPv	cModelInfo::addTplAddr
0x8015A774	0x14	.text	game/model.cpp	global	setTexBlendTbl__10cModelInfoPv	cModelInfo::setTexBlendTbl
0x8015A788	0x18	.text	game/model.cpp	global	resetTexBlendTbl__10cModelInfo	cModelInfo::resetTexBlendTbl
0x8015A7A0	0x8	.text	game/model.cpp	global	setBlendRatio__10cModelInfoUs	cModelInfo::setBlendRatio
0x8015A7A8	0x8	.text	game/model.cpp	global	setBlendType__10cModelInfoUc	cModelInfo::setBlendType
0x8015A7B0	0x40	.text	game/model.cpp	global	setSpecular__10cModelInfoUcUcUc	cModelInfo::setSpecular
0x8015A7F0	0x8C	.text	game/model.cpp	global	deleteModelData__6cModelP10cModelData	cModel::deleteModelData
0x8015A87C	0x84	.text	game/model.cpp	global	deleteModelInfo__6cModelP10cModelInfo	cModel::deleteModelInfo
0x8015A900	0xD0	.text	game/model.cpp	global	swapModelInfo__6cModelP10cModelDataP10cModelInfo	cModel::swapModelInfo
0x8015A9D0	0x90	.text	game/model.cpp	global	moveDataAddr__6cModeli	cModel::moveDataAddr
0x8015AA60	0xEC	.text	game/model.cpp	global	calcModelAddr	calcModelAddr
0x8015AB4C	0x9C	.text	game/model.cpp	global	calcModelOffset	calcModelOffset
0x8015ABE8	0xCC	.text	game/model.cpp	global	slideModelAddr__FUli	slideModelAddr
0x8015ACB4	0x90	.text	game/model.cpp	global	calcTplAddr	calcTplAddr
0x8015AD44	0x8C	.text	game/model.cpp	global	calcTplOffset	calcTplOffset
0x8015ADD0	0x9C	.text	game/model.cpp	global	slideTplAddr__FPvi	slideTplAddr
0x8015AE6C	0x68	.text	game/model.cpp	global	releaseModelInfo__6cModel	cModel::releaseModelInfo
0x8015AED4	0xB0	.text	game/model.cpp	global	makePartsList__6cModeli	cModel::makePartsList
0x8015AF84	0x50	.text	game/model.cpp	global	setJointInfo__6cModelPv	cModel::setJointInfo
0x8015AFD4	0x228	.text	game/model.cpp	global	releasePartsList__6cModeli	cModel::releasePartsList
0x8015B1FC	0x40	.text	game/model.cpp	global	motionSet__6cModelPvUcUsUsT1	cModel::motionSet
0x8015B23C	0x24	.text	game/model.cpp	global	motionMove__6cModel	cModel::motionMove
0x8015B260	0x20	.text	game/model.cpp	global	motionPause__6cModel	cModel::motionPause
0x8015B280	0x84	.text	game/model.cpp	global	matUpdate__6cModel	cModel::matUpdate
0x8015B304	0x84	.text	game/model.cpp	global	__6cParts	cParts::cParts
0x8015B388	0x13C	.text	game/model.cpp	global	getBoundingBox	getBoundingBox
0x8015B4C4	0x54	.text	game/model.cpp	global	__9cPartsMgr	cPartsMgr::cPartsMgr
0x8015B518	0xA4	.text	game/model.cpp	global	log__9cPartsMgrPCce	cPartsMgr::log
0x8015B5BC	0x28	.text	game/model.cpp	global	construct__9cPartsMgrP6cPartsUl	cPartsMgr::construct
0x8015B5E4	0x134	.text	game/model.cpp	global	createSequential__9cPartsMgrUl	cPartsMgr::createSequential
0x8015B718	0x54	.text	game/model.cpp	global	__11cModInfoMgr	cModInfoMgr::cModInfoMgr
0x8015B76C	0xA4	.text	game/model.cpp	global	log__11cModInfoMgrPCce	cModInfoMgr::log
0x8015B810	0x28	.text	game/model.cpp	global	construct__11cModInfoMgrP10cModelInfoUl	cModInfoMgr::construct
0x8015B838	0xC8	.text	game/model.cpp	global	create__11cModInfoMgrPvT1	cModInfoMgr::create
0x8015B900	0xC4	.text	game/model.cpp	global	GetPartsAddr	GetPartsAddr
0x8015B9C4	0xC4	.text	game/model.cpp	global	GetModelInfoAddr__FP10cModelInfoi	GetModelInfoAddr
0x8015BA88	0xB0	.text	game/model.cpp	global	GetModelInfoNum	GetModelInfoNum
0x8015BB38	0x90	.text	game/model.cpp	global	ModelInfoRefrectOffAll__FP6cModel	ModelInfoRefrectOffAll
0x8015BBC8	0x60	.text	game/model.cpp	global	ModelInfoRefrectOn__FP6cModeli	ModelInfoRefrectOn
0x8015BC28	0x58	.text	game/model.cpp	global	ModelInfoSetTrans	ModelInfoSetTrans
0x8015BC80	0x23C	.text	game/model.cpp	global	drawBoundingBox	drawBoundingBox
0x8015BEBC	0xAC	.text	game/model.cpp	global	error__6cModel	cModel::error
0x8015BF68	0x48	.text	game/model.cpp	global	log__t8cManager1Z6cPartsPCce	cManager<cParts>::log
0x8015BFB0	0xBC	.text	game/model.cpp	global	countActiveWork__t8cManager1Z6cParts	cManager<cParts>::countActiveWork
0x8015C06C	0x158	.text	game/model.cpp	global	create__t8cManager1Z6cPartsi	cManager<cParts>::create
0x8015C1C4	0x24	.text	game/model.cpp	global	create__t8cManager1Z6cParts	cManager<cParts>::create
0x8015C1E8	0x50	.text	game/model.cpp	global	__t8cManager1Z6cPartsUlUc	cManager<cParts>::cManager
0x8015C238	0x8	.text	game/model.cpp	global	setName__t8cManager1Z6cPartsPCc	cManager<cParts>::setName
0x8015C240	0x138	.text	game/model.cpp	global	create__t8cManager1Z6cPartsiUl	cManager<cParts>::create
0x8015C378	0x50	.text	game/model.cpp	global	__t8cManager1Z10cModelInfoUlUc	cManager<cModelInfo>::cManager
0x8015C3C8	0x8	.text	game/model.cpp	global	setName__t8cManager1Z10cModelInfoPCc	cManager<cModelInfo>::setName
0x8015C3D0	0xBC	.text	game/model.cpp	local	countActiveWork__t8cManager1Z10cModelInfo	cManager<cModelInfo>::countActiveWork
0x8015C48C	0x158	.text	game/model.cpp	global	create__t8cManager1Z10cModelInfoi	cManager<cModelInfo>::create
0x8015C5E4	0x24	.text	game/model.cpp	global	create__t8cManager1Z10cModelInfo	cManager<cModelInfo>::create
0x8015C608	0x70	.text	game/model.cpp	local	__static_initialization_and_destruction_0_8015C608	__static_initialization_and_destruction_0
0x8015C678	0x20	.text	game/model.cpp	global	_._10cModelInfo	cModelInfo::~cModelInfo
0x8015C698	0x34	.text	game/model.cpp	global	_._11cModInfoMgr	cModInfoMgr::~cModInfoMgr
0x8015C6CC	0x28	.text	game/model.cpp	global	memAlloc__11cModInfoMgrUl	cModInfoMgr::memAlloc
0x8015C6F4	0x24	.text	game/model.cpp	global	memFree__11cModInfoMgrPv	cModInfoMgr::memFree
0x8015C718	0x28	.text	game/model.cpp	global	memClear__11cModInfoMgrP10cModelInfoUl	cModInfoMgr::memClear
0x8015C740	0x20	.text	game/model.cpp	global	_._6cParts	cParts::~cParts
0x8015C760	0x34	.text	game/model.cpp	global	_._9cPartsMgr	cPartsMgr::~cPartsMgr
0x8015C794	0x28	.text	game/model.cpp	global	memAlloc__9cPartsMgrUl	cPartsMgr::memAlloc
0x8015C7BC	0x24	.text	game/model.cpp	global	memFree__9cPartsMgrPv	cPartsMgr::memFree
0x8015C7E0	0x28	.text	game/model.cpp	global	memClear__9cPartsMgrP6cPartsUl	cPartsMgr::memClear
0x8015C808	0x20	.text	game/model.cpp	global	_._6cModel	cModel::~cModel
0x8015C828	0x4	.text	game/model.cpp	global	move__6cModel	cModel::move
0x8015C82C	0x28	.text	game/model.cpp	global	setNoSuspend__6cModeli	cModel::setNoSuspend
0x8015C854	0x24	.text	game/model.cpp	global	isTrans__6cModel	cModel::isTrans
0x8015C878	0xC0	.text	game/model.cpp	global	getPartsPtr__6cModeli	cModel::getPartsPtr
0x8015C938	0x218	.text	game/model.cpp	global	destroy__t8cManager1Z10cModelInfoP10cModelInfo	cManager<cModelInfo>::destroy
0x8015CB50	0x218	.text	game/model.cpp	global	destroy__t8cManager1Z6cPartsP6cParts	cManager<cParts>::destroy
0x8015CD68	0x34	.text	game/model.cpp	global	_._t8cManager1Z6cParts	cManager<cParts>::~cManager
0x8015CD9C	0x34	.text	game/model.cpp	global	_._t8cManager1Z10cModelInfo	cManager<cModelInfo>::~cManager
0x8015CDD0	0x2C	.text	game/model.cpp	global	global_constructors_keyed_to_cModel_mm	global constructors keyed to cModel::mm
0x8015CDFC	0x2C	.text	game/model.cpp	global	global_destructors_keyed_to_cModel_mm	global destructors keyed to cModel::mm
0x8015CE28	0xF8	.text	game/motion.cpp	global	PartsWorldPosCalc	PartsWorldPosCalc
0x8015CF20	0xC	.text	game/motion.cpp	global	MotionBlendOff	MotionBlendOff
0x8015CF2C	0x10	.text	game/motion.cpp	global	MotionPause	MotionPause
0x8015CF3C	0x14C	.text	game/motion.cpp	global	MotionClear	MotionClear
0x8015D088	0xA10	.text	game/motion.cpp	global	MotionSetCore__FP6cModelPvN21iii	MotionSetCore
0x8015DA98	0x85C	.text	game/motion.cpp	global	MotionMove	MotionMove
0x8015E2F4	0x58	.text	game/motion.cpp	global	MotionMoveSub	MotionMoveSub
0x8015E34C	0x53C	.text	game/motion.cpp	global	MotionMoveCore	MotionMoveCore
0x8015E888	0x5D4	.text	game/motion.cpp	global	MotionHokan	MotionHokan
0x8015EE5C	0x408	.text	game/motion.cpp	global	MotionGetSpeed	MotionGetSpeed
0x8015F264	0x60	.text	game/motion.cpp	global	MotionAddSpeed	MotionAddSpeed
0x8015F2C4	0x1A4	.text	game/motion.cpp	global	MotionGetPosition	MotionGetPosition
0x8015F468	0x39C	.text	game/motion.cpp	global	MotionSequenceCtrl	MotionSequenceCtrl
0x8015F804	0x8	.text	game/motion.cpp	global	FcvGetMaxFrame	FcvGetMaxFrame
0x8015F80C	0x20	.text	game/motion.cpp	global	MotionGetMaxFrame	MotionGetMaxFrame
0x8015F82C	0x20	.text	game/motion.cpp	global	MotionGetCurrentFrame	MotionGetCurrentFrame
0x8015F84C	0x98	.text	game/motion.cpp	global	MotionCheckCrossFrame	MotionCheckCrossFrame
0x8015F8E4	0x1C	.text	game/motion.cpp	global	MotionGetState	MotionGetState
0x8015F900	0x2CC	.text	game/motion.cpp	global	HermiteInterpolation	HermiteInterpolation
0x8015FBCC	0xB4	.text	game/motion.cpp	global	Fcc_get_data_000	Fcc_get_data_000
0x8015FC80	0xB8	.text	game/motion.cpp	global	Fcc_get_data_001	Fcc_get_data_001
0x8015FD38	0xA8	.text	game/motion.cpp	global	Fcc_get_data_002	Fcc_get_data_002
0x8015FDE0	0xB8	.text	game/motion.cpp	global	Fcc_get_data_010	Fcc_get_data_010
0x8015FE98	0x13C	.text	game/motion.cpp	global	Fcc_get_data_011	Fcc_get_data_011
0x8015FFD4	0x9C	.text	game/motion.cpp	global	Fcc_get_data_012	Fcc_get_data_012
0x80160070	0xA8	.text	game/motion.cpp	global	Fcc_get_data_020	Fcc_get_data_020
0x80160118	0x9C	.text	game/motion.cpp	global	Fcc_get_data_021	Fcc_get_data_021
0x801601B4	0x84	.text	game/motion.cpp	global	Fcc_get_data_022	Fcc_get_data_022
0x80160238	0x64	.text	game/motion.cpp	global	Fcc_get_data_033	Fcc_get_data_033
0x8016029C	0x4	.text	game/motion.cpp	global	dummy	dummy
0x801602A0	0xD8	.text	game/motion.cpp	global	Fcc_next_axis_addr	Fcc_next_axis_addr
0x80160378	0x5C	.text	game/obj.cpp	global	__7cObjMgr	cObjMgr::cObjMgr
0x801603D4	0xA4	.text	game/obj.cpp	global	log__7cObjMgrPCce	cObjMgr::log
0x80160478	0x4F8	.text	game/obj.cpp	global	construct__7cObjMgrP4cObjQ27cObjMgr2ID	cObjMgr::construct
0x80160970	0x20	.text	game/obj.cpp	global	construct__7cObjMgrP4cObjUl	cObjMgr::construct
0x80160990	0x58	.text	game/obj.cpp	global	move__7cObjMgr	cObjMgr::move
0x801609E8	0xBC	.text	game/obj.cpp	global	objMove	objMove
0x80160AA4	0x23C	.text	game/obj.cpp	global	destroy__7cObjMgrP4cObj	cObjMgr::destroy
0x80160CE0	0x50	.text	game/obj.cpp	global	__4cObj	cObj::cObj
0x80160D30	0x50	.text	game/obj.cpp	global	__t8cManager1Z4cObjUlUc	cManager<cObj>::cManager
0x80160D80	0x8	.text	game/obj.cpp	global	setName__t8cManager1Z4cObjPCc	cManager<cObj>::setName
0x80160D88	0x54	.text	game/obj.cpp	local	__static_initialization_and_destruction_0_80160D88	__static_initialization_and_destruction_0
0x80160DDC	0x20	.text	game/obj.cpp	global	_._4cObj	cObj::~cObj
0x80160DFC	0x34	.text	game/obj.cpp	global	_._7cObjMgr	cObjMgr::~cObjMgr
0x80160E30	0x28	.text	game/obj.cpp	global	memAlloc__7cObjMgrUl	cObjMgr::memAlloc
0x80160E58	0x24	.text	game/obj.cpp	global	memFree__7cObjMgrPv	cObjMgr::memFree
0x80160E7C	0x28	.text	game/obj.cpp	global	memClear__7cObjMgrP4cObjUl	cObjMgr::memClear
0x80160EA4	0x34	.text	game/obj.cpp	global	_._t8cManager1Z4cObj	cManager<cObj>::~cManager
0x80160ED8	0x218	.text	game/obj.cpp	global	destroy__t8cManager1Z4cObjP4cObj	cManager<cObj>::destroy
0x801610F0	0x2C	.text	game/obj.cpp	global	global_constructors_keyed_to_cObjMgr_cObjMgr	global constructors keyed to cObjMgr::cObjMgr
0x8016111C	0x2C	.text	game/obj.cpp	global	global_destructors_keyed_to_cObjMgr_cObjMgr	global destructors keyed to cObjMgr::cObjMgr
0x80161148	0x148	.text	game/obj00.cpp	global	move__6cObj00	cObj00::move
0x80161290	0x17C	.text	game/obj00.cpp	global	SetObj00__FPvT0P3VecT2	SetObj00
0x8016140C	0x54	.text	game/obj00.cpp	global	MotSetObj00__FP4cObjPvii	MotSetObj00
0x80161460	0x2C	.text	game/obj00.cpp	global	OyaSetObj00__FP4cObjP6cModeli	OyaSetObj00
0x8016148C	0x678	.text	game/obj00.cpp	global	obj00FallMove	obj00FallMove
0x80161B04	0x41C	.text	game/obj00.cpp	global	obj00SetOya	obj00SetOya
0x80161F20	0x74	.text	game/obj00.cpp	global	setScrAtari__6cObj00f	cObj00::setScrAtari
0x80161F94	0x20	.text	game/obj00.cpp	global	_._6cObj00	cObj00::~cObj00
0x80161FB4	0x9C	.text	game/obj01.cpp	global	move__6cObj01	cObj01::move
0x80162050	0x704	.text	game/obj01.cpp	global	move00__6cObj01	cObj01::move00
0x80162754	0x8C	.text	game/obj01.cpp	global	move01__6cObj01	cObj01::move01
0x801627E0	0xEC	.text	game/obj01.cpp	global	dmgSet__6cObj01i	cObj01::dmgSet
0x801628CC	0x43C	.text	game/obj01.cpp	global	obj01AddSpeed	obj01AddSpeed
0x80162D08	0x27C	.text	game/obj01.cpp	global	SetObj01__FPvT0P3VecN22ffii	SetObj01
0x80162F84	0x40	.text	game/obj01.cpp	global	Obj01SetEst__FP4cObjUlUlUlUlUlUlUlUlUl	Obj01SetEst
0x80162FC4	0x20	.text	game/obj01.cpp	global	_._6cObj01	cObj01::~cObj01
0x80162FE4	0x4C	.text	game/obj02.cpp	global	__7cObjScr	cObjScr::cObjScr
0x80163030	0x100	.text	game/obj02.cpp	global	move__7cObjScr	cObjScr::move
0x80163130	0x4	.text	game/obj02.cpp	global	moveNormal__7cObjScr	cObjScr::moveNormal
0x80163134	0x4C	.text	game/obj02.cpp	global	moveRotate__7cObjScr	cObjScr::moveRotate
0x80163180	0xD4	.text	game/obj02.cpp	global	moveSwingRot__7cObjScr	cObjScr::moveSwingRot
0x80163254	0x8	.text	game/obj02.cpp	global	SetCallBack__7cObjScrPFP4cObj_v	cObjScr::SetCallBack
0x8016325C	0x20	.text	game/obj02.cpp	global	_._7cObjScr	cObjScr::~cObjScr
0x8016327C	0xA0	.text	game/obj03.cpp	global	__6cObj03	cObj03::cObj03
0x8016331C	0x1C8	.text	game/obj03.cpp	global	move__6cObj03	cObj03::move
0x801634E4	0x20	.text	game/obj03.cpp	global	_._6cObj03	cObj03::~cObj03
0x80163504	0x5FC	.text	game/obj04.cpp	global	move__6cObj04	cObj04::move
0x80163B00	0x8C	.text	game/obj04.cpp	global	Efm04RotMatrix	Efm04RotMatrix
0x80163B8C	0x20	.text	game/obj04.cpp	global	_._6cObj04	cObj04::~cObj04
0x80163BAC	0x930	.text	game/obj05.cpp	global	move__6cObj05	cObj05::move
0x801644DC	0x90	.text	game/obj05.cpp	global	Efm05RotMatrix	Efm05RotMatrix
0x8016456C	0x20	.text	game/obj05.cpp	global	_._6cObj05	cObj05::~cObj05
0x8016458C	0x3C	.text	game/obj06.cpp	global	__7cObjBox	cObjBox::cObjBox
0x801645C8	0x60	.text	game/obj06.cpp	global	move__7cObjBox	cObjBox::move
0x80164628	0x20	.text	game/obj06.cpp	global	_._7cObjBox	cObjBox::~cObjBox
0x80164648	0x1DC	.text	game/obj08.cpp	global	SetObj08__FP6cModelPvT1P3VecT3iT1	SetObj08
0x80164824	0x68	.text	game/obj08.cpp	global	SetObj08Spd__FP4cObjP3Veciff	SetObj08Spd
0x8016488C	0x5C	.text	game/obj08.cpp	global	SetObj08Est__FP4cObjiiiiiiiiUc	SetObj08Est
0x801648E8	0x34	.text	game/obj08.cpp	global	SetObj08Se__FP4cObjUsUs	SetObj08Se
0x8016491C	0x18C	.text	game/obj08.cpp	global	move__6cObj08	cObj08::move
0x80164AA8	0x44	.text	game/obj08.cpp	global	obj08AddSpeed	obj08AddSpeed
0x80164AEC	0x1D4	.text	game/obj08.cpp	global	obj08ScrHitCk	obj08ScrHitCk
0x80164CC0	0x278	.text	game/obj08.cpp	global	obj08ToEmHitCk	obj08ToEmHitCk
0x80164F38	0x140	.text	game/obj08.cpp	global	obj08ToPlHitCk	obj08ToPlHitCk
0x80165078	0x1FC	.text	game/obj08.cpp	global	obj08DmEstSet	obj08DmEstSet
0x80165274	0x20	.text	game/obj08.cpp	global	_._6cObj08	cObj08::~cObj08
0x80165294	0x74	.text	game/obj09.cpp	global	AddForce	AddForce
0x80165308	0x88	.text	game/obj09.cpp	global	dwdt	dwdt
0x80165390	0x1DC	.text	game/obj09.cpp	local	CalcVel__FP4cObjf	CalcVel
0x8016556C	0x36C	.text	game/obj09.cpp	global	Calc	Calc
0x801658D8	0x6E4	.text	game/obj09.cpp	local	Obj09HitCheck__FP4cObj	Obj09HitCheck
0x80165FBC	0x1E8	.text	game/obj09.cpp	global	lu	lu
0x801661A4	0xF8	.text	game/obj09.cpp	local	solve__FPA2_fPfPiT1	solve
0x8016629C	0x6C	.text	game/obj09.cpp	global	LinerEquation3	LinerEquation3
0x80166308	0x4A0	.text	game/obj09.cpp	local	calcPointHit__FP4cObjP9Efm09WorkP3VecN42	calcPointHit
0x801667A8	0x6EC	.text	game/obj09.cpp	global	move__6cObj09	cObj09::move
0x80166E94	0x20	.text	game/obj09.cpp	local	_._6cObj09	cObj09::~cObj09
0x80166EB4	0x9C	.text	game/obj10.cpp	global	move__8cWepItem	cWepItem::move
0x80166F50	0x650	.text	game/obj10.cpp	global	move00__8cWepItem	cWepItem::move00
0x801675A0	0x8C	.text	game/obj10.cpp	global	move01__8cWepItem	cWepItem::move01
0x8016762C	0xAC	.text	game/obj10.cpp	global	dmgSet__8cWepItemi	cWepItem::dmgSet
0x801676D8	0x4C	.text	game/obj10.cpp	global	hitCkPl__8cWepItem	cWepItem::hitCkPl
0x80167724	0x2C	.text	game/obj10.cpp	global	beginEvent__8cWepItemUl	cWepItem::beginEvent
0x80167750	0x444	.text	game/obj10.cpp	global	obj10AddSpeed	obj10AddSpeed
0x80167B94	0x84	.text	game/obj10.cpp	global	effWaterCheck	effWaterCheck
0x80167C18	0x264	.text	game/obj10.cpp	global	SetObj10__FPvT0P3VecN22ffii	SetObj10
0x80167E7C	0x40	.text	game/obj10.cpp	global	Obj10SetEst__FP4cObjiiUliiiiii	Obj10SetEst
0x80167EBC	0x20	.text	game/obj10.cpp	global	_._8cWepItem	cWepItem::~cWepItem
0x80167EDC	0x5B0	.text	game/obj12.cpp	global	move__6cObj12	cObj12::move
0x8016848C	0x150	.text	game/obj12.cpp	global	SetObj12__FPvT0P3VecT2	SetObj12
0x801685DC	0x3C	.text	game/obj12.cpp	global	setParent__6cObj12P6cModelii	cObj12::setParent
0x80168618	0xC	.text	game/obj12.cpp	global	chainMove__6cObj12	cObj12::chainMove
0x80168624	0x1E4	.text	game/obj12.cpp	global	setFall__6cObj12P3VecUc	cObj12::setFall
0x80168808	0x1C	.text	game/obj12.cpp	global	setFallSe__6cObj12UcUcUc	cObj12::setFallSe
0x80168824	0x9B8	.text	game/obj12.cpp	global	fallMove__6cObj12	cObj12::fallMove
0x801691DC	0x290	.text	game/obj12.cpp	global	throwMove__6cObj12	cObj12::throwMove
0x8016946C	0x2C	.text	game/obj12.cpp	global	setBurn__6cObj12	cObj12::setBurn
0x80169498	0x20	.text	game/obj12.cpp	global	_._6cObj12	cObj12::~cObj12
0x801694B8	0x6CC	.text	game/obj18.cpp	global	SetObj18__FPvT0P3VecT2i	SetObj18
0x80169B84	0x64	.text	game/obj18.cpp	global	DelObj18__FP4cObj	DelObj18
0x80169BE8	0x35C	.text	game/obj18.cpp	global	move__6cObj18	cObj18::move
0x80169F44	0x40	.text	game/obj18.cpp	global	OyaSetObj18__FP4cObjP6cModeli	OyaSetObj18
0x80169F84	0x3C	.text	game/obj18.cpp	global	obj18GetOya__FPP6cModelP4cObj	obj18GetOya
0x80169FC0	0x36C	.text	game/obj18.cpp	global	obj18SetOya	obj18SetOya
0x8016A32C	0x28	.text	game/obj18.cpp	global	Obj18CmfSet__FP4cObjUl	Obj18CmfSet
0x8016A354	0x30	.text	game/obj18.cpp	global	Obj18CmfGet__FP4cObj	Obj18CmfGet
0x8016A384	0x60	.text	game/obj18.cpp	global	Obj18CmfOn__FP4cObjUl	Obj18CmfOn
0x8016A3E4	0x20	.text	game/obj18.cpp	global	_._6cObj18	cObj18::~cObj18
0x8016A404	0x50	.text	game/pad.cpp	global	PadInit	PadInit
0x8016A454	0x95C	.text	game/pad.cpp	global	PadRead	PadRead
0x8016ADB0	0x30	.text	game/pad.cpp	global	KeyStop	KeyStop
0x8016ADE0	0xE8	.text	game/pad.cpp	global	KeyClear	KeyClear
0x8016AEC8	0x150	.text	game/pad.cpp	global	VibControl	VibControl
0x8016B018	0x44	.text	game/pad.cpp	global	PullVibWork	PullVibWork
0x8016B05C	0x68	.text	game/pad.cpp	global	VibSet	VibSet
0x8016B0C4	0xA8	.text	game/pad.cpp	global	VibSetDataCore	VibSetDataCore
0x8016B16C	0x48	.text	game/pad.cpp	global	VibSetData	VibSetData
0x8016B1B4	0x34	.text	game/pad.cpp	global	VibSetClearType	VibSetClearType
0x8016B1E8	0x28	.text	game/pad.cpp	global	PadCheckStatus	PadCheckStatus
0x8016B210	0x2E0	.text	game/pad.cpp	global	Pad_test	Pad_test
0x8016B4F0	0x3C	.text	game/path.cpp	global	PathHasWeight	PathHasWeight
0x8016B52C	0x14	.text	game/path.cpp	global	PathGetLength	PathGetLength
0x8016B540	0x144	.text	game/path.cpp	global	PathGetPos	PathGetPos
0x8016B684	0x19C	.text	game/path.cpp	global	PathGetPosEm	PathGetPosEm
0x8016B820	0x7D0	.text	game/path.cpp	global	PathGetMatEm	PathGetMatEm
0x8016BFF0	0x2A0	.text	game/path.cpp	global	PathGetVtxMat	PathGetVtxMat
0x8016C290	0x480	.text	game/path.cpp	global	FuncPathParametrize	FuncPathParametrize
0x8016C710	0x15C	.text	game/path.cpp	global	FuncPathCalc	FuncPathCalc
0x8016C86C	0x6C	.text	game/path.cpp	global	FuncPathClear	FuncPathClear
0x8016C8D8	0x380	.text	game/pendulum.cpp	global	PenClothSet	PenClothSet
0x8016CC58	0x68	.text	game/pendulum.cpp	global	PenClothFixSet	PenClothFixSet
0x8016CCC0	0x40	.text	game/pendulum.cpp	global	PenClothFixClear	PenClothFixClear
0x8016CD00	0x1670	.text	game/pendulum.cpp	global	PenClothMove	PenClothMove
0x8016E370	0x15A4	.text	game/pendulum.cpp	global	PenClothMove2	PenClothMove2
0x8016F914	0x1750	.text	game/pendulum.cpp	global	PenClothMove3	PenClothMove3
0x80171064	0x42C	.text	game/pendulum.cpp	global	penClothAtMake	penClothAtMake
0x80171490	0x2CC	.text	game/pendulum.cpp	global	penClothAtCk	penClothAtCk
0x8017175C	0x644	.text	game/pendulum.cpp	global	penClothAtCkBorder	penClothAtCkBorder
0x80171DA0	0x5C8	.text	game/pendulum.cpp	global	penClothAtCkParallel	penClothAtCkParallel
0x80172368	0x170	.text	game/pendulum.cpp	local	PenClothReset	PenClothReset
0x801724D8	0x90	.text	game/pendulum.cpp	global	PenWindSet	PenWindSet
0x80172568	0x40	.text	game/pl_body.cpp	global	__7cPlBodyP6cModel	cPlBody::cPlBody
0x801725A8	0x20	.text	game/pl_body.cpp	global	move__7cPlBody	cPlBody::move
0x801725C8	0x8	.text	game/pl_body.cpp	global	waistSet__7cPlBodyf	cPlBody::waistSet
0x801725D0	0xC4	.text	game/pl_body.cpp	global	waistMove__7cPlBody	cPlBody::waistMove
0x80172694	0xAC	.text	game/pl_body.cpp	global	makeSpaeData__7cPlBody	cPlBody::makeSpaeData
0x80172740	0x8	.text	game/pl_body.cpp	global	initWepHand__7cPlBodyUl	cPlBody::initWepHand
0x80172748	0x2A8	.text	game/pl_class.cpp	global	actWallCheck	actWallCheck
0x801729F0	0x20C	.text	game/pl_class.cpp	global	fanceCheck	fanceCheck
0x80172BFC	0x17C	.text	game/pl_class.cpp	global	windowCheck	windowCheck
0x80172D78	0x7C	.text	game/pl_class.cpp	global	fanceOn	fanceOn
0x80172DF4	0x44	.text	game/pl_class.cpp	global	windowOn	windowOn
0x80172E38	0x48	.text	game/pl_class.cpp	local	fallCheck_80172E38	fallCheck
0x80172E80	0x4C	.text	game/pl_class.cpp	global	fallOn	fallOn
0x80172ECC	0x54	.text	game/pl_class.cpp	global	levelUpOn	levelUpOn
0x80172F20	0x54	.text	game/pl_class.cpp	global	levelDownOn	levelDownOn
0x80172F74	0x58	.text	game/pl_class.cpp	global	level2UpOn	level2UpOn
0x80172FCC	0x58	.text	game/pl_class.cpp	global	level2DownOn	level2DownOn
0x80173024	0x20	.text	game/pl_class.cpp	global	holdOn	holdOn
0x80173044	0x224	.text	game/pl_class.cpp	global	jumpCheck	jumpCheck
0x80173268	0x74	.text	game/pl_class.cpp	global	jumpFallOn	jumpFallOn
0x801732DC	0x90	.text	game/pl_class.cpp	global	motionSet__7cPlayerPvN31ii	cPlayer::motionSet
0x8017336C	0x80	.text	game/pl_class.cpp	global	dmMotCk__Fv	dmMotCk
0x801733EC	0x5A0	.text	game/pl_class.cpp	global	actionSelect__7cPlayer	cPlayer::actionSelect
0x8017398C	0x10C	.text	game/pl_class.cpp	global	dmgCheck__7cPlayer	cPlayer::dmgCheck
0x80173A98	0x1C4	.text	game/pl_class.cpp	global	setDamage__7cPlayerUcifii	cPlayer::setDamage
0x80173C5C	0x64	.text	game/pl_class.cpp	global	visibleCtrl__7cPlayer	cPlayer::visibleCtrl
0x80173CC0	0x88	.text	game/pl_class.cpp	global	subScrCheck__7cPlayer	cPlayer::subScrCheck
0x80173D48	0xA0	.text	game/pl_class.cpp	global	setNoSuspend__7cPlayeri	cPlayer::setNoSuspend
0x80173DE8	0x90	.text	game/pl_class.cpp	global	setFootwork__7cPlayer	cPlayer::setFootwork
0x80173E78	0x234	.text	game/pl_class.cpp	global	seqSeCtrl__7cPlayer	cPlayer::seqSeCtrl
0x801740AC	0xDC	.text	game/pl_class.cpp	global	isKamae__7cPlayer	cPlayer::isKamae
0x80174188	0x84	.text	game/pl_class.cpp	global	checkCtrl__7cPlayer	cPlayer::checkCtrl
0x8017420C	0x38	.text	game/pl_class.cpp	global	upDownCk	upDownCk
0x80174244	0x44	.text	game/pl_class.cpp	global	keyConfig__7cPlayer	cPlayer::keyConfig
0x80174288	0x90	.text	game/pl_class.cpp	global	keyConfigTypeA__7cPlayer	cPlayer::keyConfigTypeA
0x80174318	0x60	.text	game/pl_class.cpp	global	actCheck__7cPlayer	cPlayer::actCheck
0x80174378	0x58	.text	game/pl_class.cpp	global	beginDamage__7cPlayer	cPlayer::beginDamage
0x801743D0	0x78	.text	game/pl_class.cpp	global	endDamage__7cPlayer	cPlayer::endDamage
0x80174448	0xE4	.text	game/pl_class.cpp	global	getLifeLevel__7cPlayer	cPlayer::getLifeLevel
0x8017452C	0xD8	.text	game/pl_class.cpp	global	beginEvent__7cPlayerUl	cPlayer::beginEvent
0x80174604	0x1D8	.text	game/pl_class.cpp	global	interrupt__7cPlayer	cPlayer::interrupt
0x801747DC	0x150	.text	game/pl_class.cpp	global	endCamera__7cPlayer	cPlayer::endCamera
0x8017492C	0x20	.text	game/pl_class.cpp	global	endEvent__7cPlayerUl	cPlayer::endEvent
0x8017494C	0x13C	.text	game/pl_class.cpp	global	endEvent0__7cPlayerUl	cPlayer::endEvent0
0x80174A88	0x10	.text	game/pl_class.cpp	global	checkEvent__7cPlayer	cPlayer::checkEvent
0x80174A98	0x74	.text	game/pl_class.cpp	global	beginAction__7cPlayer	cPlayer::beginAction
0x80174B0C	0x90	.text	game/pl_class.cpp	global	endAction__7cPlayeri	cPlayer::endAction
0x80174B9C	0x2C	.text	game/pl_class.cpp	global	setSlow__7cPlayerf	cPlayer::setSlow
0x80174BC8	0x5C	.text	game/pl_class.cpp	global	moveEye__7cPlayer	cPlayer::moveEye
0x80174C24	0x45C	.text	game/pl_class.cpp	global	moveEyeNormal__7cPlayer	cPlayer::moveEyeNormal
0x80175080	0x78	.text	game/pl_class.cpp	global	moveEyeMotion__7cPlayer	cPlayer::moveEyeMotion
0x801750F8	0x74	.text	game/pl_class.cpp	global	setLaserSight__7cPlayerii	cPlayer::setLaserSight
0x8017516C	0xC0	.text	game/pl_class.cpp	global	moveBinocular__7cPlayer	cPlayer::moveBinocular
0x8017522C	0x9C	.text	game/pl_class.cpp	global	shadowCtrl__7cPlayer	cPlayer::shadowCtrl
0x801752C8	0x98	.text	game/pl_class.cpp	global	keyReload__7cPlayer	cPlayer::keyReload
0x80175360	0x34	.text	game/pl_class.cpp	global	__7cPlNeckP7cPlayer	cPlNeck::cPlNeck
0x80175394	0x9C	.text	game/pl_class.cpp	global	init__7cPlNeckPvT1i	cPlNeck::init
0x80175430	0x2F4	.text	game/pl_class.cpp	global	move__7cPlNeck	cPlNeck::move
0x80175724	0xBC	.text	game/pl_class.cpp	global	motSet__7cPlNeckPvi	cPlNeck::motSet
0x801757E0	0x12C	.text	game/pl_class.cpp	global	getTarget__7cPlNeck	cPlNeck::getTarget
0x8017590C	0x8	.text	game/pl_class.cpp	global	setMode__7cPlNecki	cPlNeck::setMode
0x80175914	0x14	.text	game/pl_class.cpp	global	__8cPlWaist	cPlWaist::cPlWaist
0x80175928	0x24	.text	game/pl_class.cpp	global	set__8cPlWaistff	cPlWaist::set
0x8017594C	0x1C	.text	game/pl_class.cpp	global	__5cMot3	cMot3::cMot3
0x80175968	0xA0	.text	game/pl_class.cpp	global	set__5cMot3P6cModelPvN32UciUsUs	cMot3::set
0x80175A08	0x74	.text	game/pl_class.cpp	global	set0__5cMot3PvUci	cMot3::set0
0x80175A7C	0x120	.text	game/pl_class.cpp	global	move__5cMot3f	cMot3::move
0x80175B9C	0x20	.text	game/pl_class.cpp	global	_._7cPlayer	cPlayer::~cPlayer
0x80175BBC	0x8	.text	game/pl_class.cpp	global	checkXbutton__7cPlayer	cPlayer::checkXbutton
0x80175BC4	0x4	.text	game/pl_class.cpp	global	setMotion__7cPlayer	cPlayer::setMotion
0x80175BC8	0x4	.text	game/pl_class.cpp	global	setHead__7cPlayeri	cPlayer::setHead
0x80175BCC	0x4	.text	game/pl_class.cpp	global	setHead__7cPlayerPvT1	cPlayer::setHead
0x80175BD0	0x4	.text	game/pl_class.cpp	global	setWound__7cPlayer	cPlayer::setWound
0x80175BD4	0x4	.text	game/pl_class.cpp	global	moveMatCalcBefore__7cPlayer	cPlayer::moveMatCalcBefore
0x80175BD8	0x4	.text	game/pl_class.cpp	global	initCloth__7cPlayer	cPlayer::initCloth
0x80175BDC	0x4	.text	game/pl_class.cpp	global	moveCloth__7cPlayer	cPlayer::moveCloth
0x80175BE0	0x9C	.text	game/pl_class.cpp	global	subCharLiveCheck__7cPlayer	cPlayer::subCharLiveCheck
0x80175C7C	0x4C	.text	game/pl_cloth.cpp	global	PlClothSetLeon__FP6cModelP7PlClothN21	PlClothSetLeon
0x80175CC8	0x58	.text	game/pl_cloth.cpp	global	PlClothMoveLeon__FP6cModelP7PlClothN21	PlClothMoveLeon
0x80175D20	0x7C	.text	game/pl_cloth.cpp	global	PlClothSetGirl__FP6cModelP7PlClothN21i	PlClothSetGirl
0x80175D9C	0x84	.text	game/pl_cloth.cpp	global	PlClothMoveGirl__FP6cModelP7PlClothN21	PlClothMoveGirl
0x80175E20	0x20	.text	game/pl_cloth.cpp	global	PlClothSetLuis__FP6cModelP7PlCloth	PlClothSetLuis
0x80175E40	0x38	.text	game/pl_cloth.cpp	global	PlClothMoveLuis__FP6cModelP7PlCloth	PlClothMoveLuis
0x80175E78	0x44	.text	game/pl_cloth.cpp	global	PlClothSetAda__FP6cModelP7PlClothN21i	PlClothSetAda
0x80175EBC	0x4C	.text	game/pl_cloth.cpp	global	PlClothMoveAda__FP6cModelP7PlClothN21	PlClothMoveAda
0x80175F08	0x104	.text	game/pl_cloth.cpp	global	testHairSetLeon__FP6cModelP7PlCloth	testHairSetLeon
0x8017600C	0x20	.text	game/pl_cloth.cpp	global	testHairMoveLeon__FP6cModelP7PlCloth	testHairMoveLeon
0x8017602C	0x128	.text	game/pl_cloth.cpp	global	testJacketSetLeon__FP6cModelP7PlCloth	testJacketSetLeon
0x80176154	0x30	.text	game/pl_cloth.cpp	global	testJacketMoveLeon__FP6cModelP7PlCloth	testJacketMoveLeon
0x80176184	0x104	.text	game/pl_cloth.cpp	global	testHolsterSetLeon__FP6cModelP7PlCloth	testHolsterSetLeon
0x80176288	0x30	.text	game/pl_cloth.cpp	global	testHolsterMoveLeon__FP6cModelP7PlCloth	testHolsterMoveLeon
0x801762B8	0x128	.text	game/pl_cloth.cpp	global	testHairSetGirl__FP6cModelP7PlClothi	testHairSetGirl
0x801763E0	0x20	.text	game/pl_cloth.cpp	global	testHairMoveGirl__FP6cModelP7PlCloth	testHairMoveGirl
0x80176400	0x12C	.text	game/pl_cloth.cpp	global	testSkirtSetGirl__FP6cModelP7PlClothi	testSkirtSetGirl
0x8017652C	0x48	.text	game/pl_cloth.cpp	global	testSkirtMoveGirl__FP6cModelP7PlCloth	testSkirtMoveGirl
0x80176574	0x100	.text	game/pl_cloth.cpp	global	testSweaterSetGirl__FP6cModelP7PlCloth	testSweaterSetGirl
0x80176674	0x20	.text	game/pl_cloth.cpp	global	testSweaterMoveGirl__FP6cModelP7PlCloth	testSweaterMoveGirl
0x80176694	0x108	.text	game/pl_cloth.cpp	global	testRibbonSetGirl__FP6cModelP7PlCloth	testRibbonSetGirl
0x8017679C	0x20	.text	game/pl_cloth.cpp	global	testRibbonMoveGirl__FP6cModelP7PlCloth	testRibbonMoveGirl
0x801767BC	0x4B8	.text	game/pl_cloth.cpp	global	girlLapelMove__FP6cModel	girlLapelMove
0x80176C74	0x108	.text	game/pl_cloth.cpp	global	testHairSetLuis__FP6cModelP7PlCloth	testHairSetLuis
0x80176D7C	0x20	.text	game/pl_cloth.cpp	global	testHairMoveLuis__FP6cModelP7PlCloth	testHairMoveLuis
0x80176D9C	0x11C	.text	game/pl_cloth.cpp	global	testDressSetAda__FP6cModelP7PlClothi	testDressSetAda
0x80176EB8	0x20	.text	game/pl_cloth.cpp	global	testDressMoveAda__FP6cModelP7PlCloth	testDressMoveAda
0x80176ED8	0x108	.text	game/pl_cloth.cpp	global	testHairSetAda__FP6cModelP7PlCloth	testHairSetAda
0x80176FE0	0x20	.text	game/pl_cloth.cpp	global	testHairMoveAda__FP6cModelP7PlCloth	testHairMoveAda
0x80177000	0x178	.text	game/pl_cloth.cpp	global	AdaRibbonSet__FP6cModelP7PlClothPvT2	AdaRibbonSet
0x80177178	0x98	.text	game/pl_sub.cpp	global	PlSelect	PlSelect
0x80177210	0xBC	.text	game/pl_sub.cpp	global	PlSetCostume__Fv	PlSetCostume
0x801772CC	0x104	.text	game/pl_sub.cpp	global	PlChangeData__Fv	PlChangeData
0x801773D0	0x10	.text	game/pl_sub.cpp	global	PlGachaInit	PlGachaInit
0x801773E0	0xCC	.text	game/pl_sub.cpp	global	PlGachaMove	PlGachaMove
0x801774AC	0x2C	.text	game/pl_sub.cpp	global	PlGachaGet	PlGachaGet
0x801774D8	0x84	.text	game/pl_sub.cpp	global	PlSetDamageSe	PlSetDamageSe
0x8017755C	0x1A0	.text	game/pl_sub.cpp	global	PlGetStatus	PlGetStatus
0x801776FC	0x20	.text	game/pl_sub.cpp	global	PlSetCrouch	PlSetCrouch
0x8017771C	0x3C	.text	game/pl_sub.cpp	global	PlSetHand	PlSetHand
0x80177758	0x44	.text	game/pl_sub.cpp	global	SubCharSetHand	SubCharSetHand
0x8017779C	0x70	.text	game/pl_sub.cpp	global	SetPlDamage	SetPlDamage
0x8017780C	0x90	.text	game/pl_sub.cpp	global	EndPlDamage	EndPlDamage
0x8017789C	0x68	.text	game/pl_sub.cpp	global	SetSubAux	SetSubAux
0x80177904	0x68	.text	game/pl_sub.cpp	global	SetSubBulldozer	SetSubBulldozer
0x8017796C	0xA4	.text	game/pl_sub.cpp	global	SetSubDamage__FP3cEmPFv_v	SetSubDamage
0x80177A10	0xC0	.text	game/pl_sub.cpp	global	EndSubDamage	EndSubDamage
0x80177AD0	0x180	.text	game/pl_sub.cpp	global	SubCharInit	SubCharInit
0x80177C50	0x1AC	.text	game/pl_sub.cpp	global	SubCharCtrl	SubCharCtrl
0x80177DFC	0x80	.text	game/pl_sub.cpp	global	SubCharCheckCtrl	SubCharCheckCtrl
0x80177E7C	0x94	.text	game/pl_sub.cpp	global	SubCharCtrlHide	SubCharCtrlHide
0x80177F10	0xC4	.text	game/pl_sub.cpp	global	SubCharMoveTo	SubCharMoveTo
0x80177FD4	0x12C	.text	game/pl_sub.cpp	global	PlSetLadder	PlSetLadder
0x80178100	0x2C	.text	game/pl_sub.cpp	global	PlSetNeck	PlSetNeck
0x8017812C	0x6C	.text	game/pl_sub.cpp	global	PlEndCamera	PlEndCamera
0x80178198	0x138	.text	game/pl_sub.cpp	global	PlRegistMotion	PlRegistMotion
0x801782D0	0x60	.text	game/pl_sub.cpp	global	SubCharRegistMotion	SubCharRegistMotion
0x80178330	0xC	.text	game/pl_sub.cpp	global	PlRegistRoomEff	PlRegistRoomEff
0x8017833C	0x70	.text	game/pl_sub.cpp	global	PlReloadBullet	PlReloadBullet
0x801783AC	0x8C	.text	game/pl_sub.cpp	global	joyFireOn__Fv	joyFireOn
0x80178438	0x5C	.text	game/pl_sub.cpp	global	joyFireTrg__Fv	joyFireTrg
0x80178494	0x148	.text	game/pl_sub.cpp	global	joyKamae__Fv	joyKamae
0x801785DC	0xA4	.text	game/pl_sub.cpp	global	joyLKamae__Fv	joyLKamae
0x80178680	0x1C4	.text	game/pl_sub.cpp	global	PlWaterProc	PlWaterProc
0x80178844	0x44	.text	game/pl_sub.cpp	global	PlMotionReset	PlMotionReset
0x80178888	0xB0	.text	game/pl_sub.cpp	global	SubCharCheckHealing	SubCharCheckHealing
0x80178938	0x50	.text	game/pl_sub.cpp	global	SubCharMotionReset	SubCharMotionReset
0x80178988	0xC	.text	game/pl_sub.cpp	global	PlSetEyeMode	PlSetEyeMode
0x80178994	0x18	.text	game/pl_sub.cpp	global	PlGetDirY	PlGetDirY
0x801789AC	0x10	.text	game/pl_sub.cpp	global	PlRegistBoss	PlRegistBoss
0x801789BC	0x44	.text	game/pl_sub.cpp	global	PlIsArmor	PlIsArmor
0x80178A00	0xC8	.text	game/pl_sub.cpp	global	PlSetWhistle	PlSetWhistle
0x80178AC8	0x5C	.text	game/pl_sub.cpp	global	PlGetWeaponNo	PlGetWeaponNo
0x80178B24	0x5C	.text	game/pl_sub.cpp	global	PlSetFace	PlSetFace
0x80178B80	0x48	.text	game/pl_sub.cpp	global	SubCharSetFace	SubCharSetFace
0x80178BC8	0xC0	.text	game/pl_sub.cpp	global	PlDataRelease	PlDataRelease
0x80178C88	0x18	.text	game/pl_wep.cpp	global	__6cPlWep	cPlWep::cPlWep
0x80178CA0	0x2B4	.text	game/pl_wep.cpp	global	weaponRelease__7cPlayer	cPlayer::weaponRelease
0x80178F54	0x38	.text	game/pl_wep.cpp	global	weaponLoad__7cPlayerii	cPlayer::weaponLoad
0x80178F8C	0x98	.text	game/pl_wep.cpp	global	weaponInit__7cPlayer	cPlayer::weaponInit
0x80179024	0x61C	.text	game/pl_wep.cpp	global	PlWepHitCheck2__FP6cModelP3VecT1iUlf	PlWepHitCheck2
0x80179640	0xF8	.text	game/pl_wep.cpp	global	PlWepHitCheck3	PlWepHitCheck3
0x80179738	0x54	.text	game/pl_wep.cpp	global	getAngle__6cPlWep	cPlWep::getAngle
0x8017978C	0x58	.text	game/pl_wep.cpp	global	getPitch__6cPlWep	cPlWep::getPitch
0x801797E4	0x40	.text	game/pl_wep.cpp	global	move__6cPlWep	cPlWep::move
0x80179824	0x58	.text	game/pl_wep.cpp	global	getMarkerPos__6cPlWepP3Vec	cPlWep::getMarkerPos
0x8017987C	0xC8	.text	game/pl_wep.cpp	global	setTrans__6cPlWepii	cPlWep::setTrans
0x80179944	0xC4	.text	game/pl_wep.cpp	global	lockInit__6cPlWep	cPlWep::lockInit
0x80179A08	0x120	.text	game/pl_wep.cpp	global	rangeDist	rangeDist
0x80179B28	0x74	.text	game/pl_wep.cpp	global	lockMove__6cPlWep	cPlWep::lockMove
0x80179B9C	0x118	.text	game/pl_wep.cpp	global	lockEmCk	lockEmCk
0x80179CB4	0x5C	.text	game/pl_wep.cpp	global	lockNext__6cPlWep	cPlWep::lockNext
0x80179D10	0x44	.text	game/pl_wep.cpp	global	SearchLockEm	SearchLockEm
0x80179D54	0x20	.text	game/pl_wep.cpp	global	SearchTargetEm	SearchTargetEm
0x80179D74	0xF4	.text	game/pl_wep.cpp	global	searchLockEm	searchLockEm
0x80179E68	0x1A8	.text	game/pl_wep.cpp	global	PlCornerCheck	PlCornerCheck
0x8017A010	0x144	.text	game/pl_wep.cpp	global	cnCkSub	cnCkSub
0x8017A154	0x65C	.text	game/pl_wep.cpp	global	PlWepLockCtrl__FP6cModel	PlWepLockCtrl
0x8017A7B0	0x10	.text	game/pl_wep.cpp	global	PlWepLockRandInit	PlWepLockRandInit
0x8017A7C0	0x148	.text	game/pl_wep.cpp	global	PlWepLockRand	PlWepLockRand
0x8017A908	0x254	.text	game/pl_wep.cpp	global	PlWepAutoTrack	PlWepAutoTrack
0x8017AB5C	0x118	.text	game/pl_wep.cpp	global	wepSetWaterShot	wepSetWaterShot
0x8017AC74	0x58	.text	game/pl_wep.cpp	global	setWaterShot	setWaterShot
0x8017ACCC	0xCC	.text	game/pl_wep.cpp	global	PlSetLockPitch	PlSetLockPitch
0x8017AD98	0xE8	.text	game/pl_wep.cpp	global	GetWepSizeGroup	GetWepSizeGroup
0x8017AE80	0x3C	.text	game/puzzle.cpp	global	searchItemPieceData	searchItemPieceData
0x8017AEBC	0x3C	.text	game/puzzle.cpp	global	searchItemModelData	searchItemModelData
0x8017AEF8	0xD0	.text	game/puzzle.cpp	global	orientation__8pzlPiecei	pzlPiece::orientation
0x8017AFC8	0xE4	.text	game/puzzle.cpp	global	rotate__8pzlPiecei	pzlPiece::rotate
0x8017B0AC	0x14C	.text	game/puzzle.cpp	global	mirror__8pzlPiecei	pzlPiece::mirror
0x8017B1F8	0x30	.text	game/puzzle.cpp	global	init__8pzlPieceP9PieceData	pzlPiece::init
0x8017B228	0x10	.text	game/puzzle.cpp	global	ver0_x__8pzlPiece	pzlPiece::ver0_x
0x8017B238	0x10	.text	game/puzzle.cpp	global	ver0_y__8pzlPiece	pzlPiece::ver0_y
0x8017B248	0xA8	.text	game/puzzle.cpp	global	size_x__8pzlPiece	pzlPiece::size_x
0x8017B2F0	0xA8	.text	game/puzzle.cpp	global	size_y__8pzlPiece	pzlPiece::size_y
0x8017B398	0x114	.text	game/puzzle.cpp	global	snap__8pzlPiece	pzlPiece::snap
0x8017B4AC	0x174	.text	game/puzzle.cpp	global	shape__8pzlPieceii	pzlPiece::shape
0x8017B620	0xE4	.text	game/puzzle.cpp	global	init__8pzlBoardiii	pzlBoard::init
0x8017B704	0x48	.text	game/puzzle.cpp	global	quit__8pzlBoard	pzlBoard::quit
0x8017B74C	0x3C	.text	game/puzzle.cpp	global	getPieceNum__8pzlBoard	pzlBoard::getPieceNum
0x8017B788	0x4C	.text	game/puzzle.cpp	global	search__8pzlBoardP8pzlPiece	pzlBoard::search
0x8017B7D4	0x18C	.text	game/puzzle.cpp	global	ckInsideWall__8pzlBoardP8pzlPiece	pzlBoard::ckInsideWall
0x8017B960	0x1B0	.text	game/puzzle.cpp	global	outPiece__8pzlBoardP8pzlPiece	pzlBoard::outPiece
0x8017BB10	0x214	.text	game/puzzle.cpp	global	putPiece__8pzlBoardP8pzlPiece	pzlBoard::putPiece
0x8017BD24	0x154	.text	game/puzzle.cpp	global	lapPiece__8pzlBoardP8pzlPiece	pzlBoard::lapPiece
0x8017BE78	0xE0	.text	game/puzzle.cpp	global	getPiece__8pzlBoardii	pzlBoard::getPiece
0x8017BF58	0x16C	.text	game/puzzle.cpp	global	rmPiece__8pzlBoardP8pzlPiece	pzlBoard::rmPiece
0x8017C0C4	0x44	.text	game/puzzle.cpp	global	rmPiece__8pzlBoardii	pzlBoard::rmPiece
0x8017C108	0x1C	.text	game/puzzle.cpp	global	cell__8pzlBoardii	pzlBoard::cell
0x8017C124	0xC4	.text	game/puzzle.cpp	global	cellState__8pzlBoardii	pzlBoard::cellState
0x8017C1E8	0x98	.text	game/puzzle.cpp	global	clearState__8pzlBoardUc	pzlBoard::clearState
0x8017C280	0x3AC	.text	game/puzzle.cpp	global	init__9pzlPlayeri	pzlPlayer::init
0x8017C62C	0x68	.text	game/puzzle.cpp	global	quit__9pzlPlayer	pzlPlayer::quit
0x8017C694	0x3C	.text	game/puzzle.cpp	global	pieceNum__9pzlPlayer	pzlPlayer::pieceNum
0x8017C6D0	0x5C	.text	game/puzzle.cpp	global	piecePtr__9pzlPlayeri	pzlPlayer::piecePtr
0x8017C72C	0x4C	.text	game/puzzle.cpp	global	piecePtr__9pzlPlayerP8ItemWork	pzlPlayer::piecePtr
0x8017C778	0xD8	.text	game/puzzle.cpp	global	save__9pzlPlayer	pzlPlayer::save
0x8017C850	0xE4	.text	game/puzzle.cpp	global	appendExtraPiece__9pzlPlayerP8ItemWork	pzlPlayer::appendExtraPiece
0x8017C934	0xE8	.text	game/puzzle.cpp	global	removeExtraPiece__9pzlPlayer	pzlPlayer::removeExtraPiece
0x8017CA1C	0x18	.text	game/puzzle.cpp	global	inHandExtraPiece__9pzlPlayer	pzlPlayer::inHandExtraPiece
0x8017CA34	0xC	.text	game/puzzle.cpp	global	giveupExtraPiece__9pzlPlayer	pzlPlayer::giveupExtraPiece
0x8017CA40	0x2C4	.text	game/puzzle.cpp	global	selPiece__9pzlPlayerP8pzlBoard	pzlPlayer::selPiece
0x8017CD04	0x34	.text	game/puzzle.cpp	global	ptrPiece__9pzlPlayerP8pzlBoard	pzlPlayer::ptrPiece
0x8017CD38	0x74	.text	game/puzzle.cpp	global	getPiece__9pzlPlayerP8pzlBoard	pzlPlayer::getPiece
0x8017CDAC	0x8C	.text	game/puzzle.cpp	global	putPiece__9pzlPlayerP8pzlBoard	pzlPlayer::putPiece
0x8017CE38	0x98	.text	game/puzzle.cpp	global	relPiece__9pzlPlayerP8pzlBoard	pzlPlayer::relPiece
0x8017CED0	0x98	.text	game/puzzle.cpp	global	chgPiece__9pzlPlayerP8pzlBoard	pzlPlayer::chgPiece
0x8017CF68	0x14C	.text	game/puzzle.cpp	global	cmbPiece__9pzlPlayerP8pzlBoard	pzlPlayer::cmbPiece
0x8017D0B4	0xCA8	.text	game/puzzle.cpp	global	movePiece__9pzlPlayer	pzlPlayer::movePiece
0x8017DD5C	0xD8	.text	game/puzzle.cpp	global	rehash__9pzlPlayer	pzlPlayer::rehash
0x8017DE34	0x1C	.text	game/puzzle.cpp	global	saveCursor__9pzlPlayer	pzlPlayer::saveCursor
0x8017DE50	0x20	.text	game/puzzle.cpp	global	loadCursor__9pzlPlayer	pzlPlayer::loadCursor
0x8017DE70	0x2C	.text	game/puzzle.cpp	global	salvCursor__9pzlPlayer	pzlPlayer::salvCursor
0x8017DE9C	0x41C	.text	game/puzzle.cpp	global	PutInCase	PutInCase
0x8017E2B8	0x34	.text	game/quake.cpp	global	QuakeMove	QuakeMove
0x8017E2EC	0x50	.text	game/quake.cpp	global	QuakeInit__Fv	QuakeInit
0x8017E33C	0x6C	.text	game/quake.cpp	global	QuakeExec	QuakeExec
0x8017E3A8	0x58	.text	game/quake.cpp	local	QuakeKill__FUc	QuakeKill
0x8017E400	0xCC	.text	game/quake.cpp	global	QuakeScheduler	QuakeScheduler
0x8017E4CC	0x138	.text	game/quake.cpp	global	QuakeMain	QuakeMain
0x8017E604	0x190	.text	game/read.cpp	global	decodeData	decodeData
0x8017E794	0x268	.text	game/read.cpp	global	ReadAreaData	ReadAreaData
0x8017E9FC	0xF4	.text	game/read.cpp	global	CoreDataRead	CoreDataRead
0x8017EAF0	0x12C	.text	game/read.cpp	global	OptionDataRead	OptionDataRead
0x8017EC1C	0x98	.text	game/read.cpp	global	InitModule	InitModule
0x8017ECB4	0xA4	.text	game/read.cpp	local	readEm	readEm
0x8017ED58	0x344	.text	game/read.cpp	global	readEmData	readEmData
0x8017F09C	0x178	.text	game/read.cpp	global	setEmModule	setEmModule
0x8017F214	0x44	.text	game/read.cpp	global	EmReadInit	EmReadInit
0x8017F258	0x2C	.text	game/read.cpp	local	checkAshleyId	checkAshleyId
0x8017F284	0x60	.text	game/read.cpp	global	EmReadSearch	EmReadSearch
0x8017F2E4	0x4C	.text	game/read.cpp	global	SearchEmModule__Fi	SearchEmModule
0x8017F330	0x34	.text	game/read.cpp	global	pullEmModule	pullEmModule
0x8017F364	0x38C	.text	game/read.cpp	global	ReadPlayerData	ReadPlayerData
0x8017F6F0	0x48	.text	game/read.cpp	global	ReleasePlData	ReleasePlData
0x8017F738	0x48	.text	game/read.cpp	global	ReleaseWepData	ReleaseWepData
0x8017F780	0x52C	.text	game/read.cpp	global	ReadWepData	ReadWepData
0x8017FCAC	0x6C	.text	game/read.cpp	global	ContinueWepData	ContinueWepData
0x8017FD18	0xD8	.text	game/read.cpp	global	GetDataExt__FPvPCci	GetDataExt
0x8017FDF0	0x54	.text	game/read.cpp	local	__static_initialization_and_destruction_0_8017FDF0	__static_initialization_and_destruction_0
0x8017FE44	0x2C	.text	game/read.cpp	global	global_constructors_keyed_to_ReadAreaData	global constructors keyed to ReadAreaData
0x8017FE70	0x8	.text	game/rnd.cpp	global	RndInit__FUs	RndInit
0x8017FE78	0x38	.text	game/rnd.cpp	global	Rnd	Rnd
0x8017FEB0	0x60	.text	game/rnd.cpp	global	fRand0_1	fRand0_1
0x8017FF10	0x64	.text	game/rnd.cpp	global	fRand1_1	fRand1_1
0x8017FF74	0x4C	.text	game/rnd.cpp	global	fRandSeed0_1	fRandSeed0_1
0x8017FFC0	0x5C	.text	game/rnd.cpp	global	fRandSeed1_1	fRandSeed1_1
0x8018001C	0x9C	.text	game/room_jmp.cpp	global	setNextPos__9CRoomInfo	CRoomInfo::setNextPos
0x801800B8	0xEC	.text	game/room_jmp.cpp	global	__8cRoomJmpPv	cRoomJmp::cRoomJmp
0x801801A4	0x30	.text	game/room_jmp.cpp	global	getIndexNum__8cRoomJmpSc	cRoomJmp::getIndexNum
0x801801D4	0x94	.text	game/room_jmp.cpp	global	getPointNum__8cRoomJmpScSc	cRoomJmp::getPointNum
0x80180268	0x4C	.text	game/room_jmp.cpp	global	getRoomInfo__8cRoomJmpUcUc	cRoomJmp::getRoomInfo
0x801802B4	0x7C	.text	game/room_jmp.cpp	global	getRoomIdx__8cRoomJmpUcUc	cRoomJmp::getRoomIdx
0x80180330	0x44	.text	game/room_jmp.cpp	global	setNextPos__8cRoomJmpUcUc	cRoomJmp::setNextPos
0x80180374	0x3C	.text	game/room_jmp.cpp	global	getNextStageNo__8cRoomJmpSci	cRoomJmp::getNextStageNo
0x801803B0	0xF8	.text	game/room_jmp.cpp	global	getNextRoomNo__8cRoomJmpScSci	cRoomJmp::getNextRoomNo
0x801804A8	0xBC	.text	game/room_jmp.cpp	global	getNextPointNo__8cRoomJmpScScScSc	cRoomJmp::getNextPointNo
0x80180564	0x70	.text	game/room_jmp.cpp	global	checkRoomNo__8cRoomJmpScSc	cRoomJmp::checkRoomNo
0x801805D4	0x54	.text	game/room_jmp.cpp	global	RoomJump__Fv	RoomJump
0x80180628	0xAC	.text	game/room_jmp.cpp	global	roomJumpInit	roomJumpInit
0x801806D4	0x438	.text	game/room_jmp.cpp	global	roomJumpMove	roomJumpMove
0x80180B0C	0xD0	.text	game/room_jmp.cpp	global	roomJumpExec	roomJumpExec
0x80180BDC	0x94	.text	game/room_jmp.cpp	global	roomJumpExit	roomJumpExit
0x80180C70	0x58	.text	game/room_jmp.cpp	global	GetNextPos	GetNextPos
0x80180CC8	0xC	.text	game/room_tex.cpp	global	RoomTexInit	RoomTexInit
0x80180CD4	0x68	.text	game/room_tex.cpp	global	RoomTexRoomInit__Fv	RoomTexRoomInit
0x80180D3C	0x34	.text	game/room_tex.cpp	global	RoomTexDataLoad	RoomTexDataLoad
0x80180D70	0x30	.text	game/room_tex.cpp	global	RoomGetTplAddr	RoomGetTplAddr
0x80180DA0	0x38	.text	game/room_tex.cpp	global	RoomGetTexObj	RoomGetTexObj
0x80180DD8	0x30	.text	game/room_tex.cpp	global	RoomGetTlutObj	RoomGetTlutObj
0x80180E08	0x1A4	.text	game/roomdata.cpp	global	init__9cRoomData	cRoomData::init
0x80180FAC	0x4	.text	game/roomdata.cpp	global	initRoomSet__9cRoomData	cRoomData::initRoomSet
0x80180FB0	0x3C	.text	game/roomdata.cpp	global	save__9cRoomDataPv	cRoomData::save
0x80180FEC	0xD8	.text	game/roomdata.cpp	global	load__9cRoomDataPv	cRoomData::load
0x801810C4	0xB0	.text	game/roomdata.cpp	global	clear__9cRoomDataPv	cRoomData::clear
0x80181174	0xE8	.text	game/roomdata.cpp	global	getRoomSavePtr__9cRoomDataUs	cRoomData::getRoomSavePtr
0x8018125C	0x6C	.text	game/roomdata.cpp	global	execInitFunc__9cRoomDataUs	cRoomData::execInitFunc
0x801812C8	0x6C	.text	game/roomdata.cpp	global	execMainFunc__9cRoomDataUs	cRoomData::execMainFunc
0x80181334	0x3C	.text	game/roomdata.cpp	global	checkRoomRange__9cRoomDataUcUc	cRoomData::checkRoomRange
0x80181370	0x7C	.text	game/roomdata.cpp	global	checkRelRead__9cRoomDataUs	cRoomData::checkRelRead
0x801813EC	0x1A8	.text	game/roomdata.cpp	global	linkRelData__9cRoomDataUs	cRoomData::linkRelData
0x80181594	0x68	.text	game/roomdata.cpp	global	stopRelData__9cRoomData	cRoomData::stopRelData
0x801815FC	0x6C	.text	game/roomdata.cpp	global	restartRelData__9cRoomData	cRoomData::restartRelData
0x80181668	0x4C	.text	game/roomdata.cpp	global	checkPassed__9cRoomDataUsi	cRoomData::checkPassed
0x801816B4	0x48	.text	game/roomdata.cpp	global	setPassed__9cRoomDataUsi	cRoomData::setPassed
0x801816FC	0x28	.text	game/roomdata.cpp	local	__static_initialization_and_destruction_0_801816FC	__static_initialization_and_destruction_0
0x80181724	0x2C	.text	game/roomdata.cpp	global	global_constructors_keyed_to_St0_data_tbl	global constructors keyed to St0_data_tbl
0x80181750	0x2C	.text	game/roomdata.cpp	global	global_destructors_keyed_to_St0_data_tbl	global destructors keyed to St0_data_tbl
0x8018177C	0x64	.text	game/route_ck.cpp	global	RouteCk	RouteCk
0x801817E0	0x330	.text	game/route_ck.cpp	global	RouteCkToEm	RouteCkToEm
0x80181B10	0x190	.text	game/route_ck.cpp	global	RouteCkEscEm	RouteCkEscEm
0x80181CA0	0x3D0	.text	game/route_ck.cpp	global	RouteCkToPos	RouteCkToPos
0x80182070	0x280	.text	game/route_ck.cpp	global	RouteCkPosToPos	RouteCkPosToPos
0x801822F0	0xA4	.text	game/route_ck.cpp	global	RouteCkConnectPosCk	RouteCkConnectPosCk
0x80182394	0x174	.text	game/route_ck.cpp	global	RouteCkPosToPosDis	RouteCkPosToPosDis
0x80182508	0x9C	.text	game/route_ck.cpp	global	RouteCkGetPoint	RouteCkGetPoint
0x801825A4	0x20	.text	game/route_ck.cpp	global	RouteCkGetPointNumber	RouteCkGetPointNumber
0x801825C4	0xF8	.text	game/route_ck.cpp	global	RouteCkGetDist	RouteCkGetDist
0x801826BC	0x28	.text	game/route_ck.cpp	global	RouteCkGetNearPoint	RouteCkGetNearPoint
0x801826E4	0xD4	.text	game/route_ck.cpp	local	rckLineHitCheck	rckLineHitCheck
0x801827B8	0x48	.text	game/route_ck.cpp	global	getNearInfo	getNearInfo
0x80182800	0x234	.text	game/route_ck.cpp	global	getNearPoint	getNearPoint
0x80182A34	0x548	.text	game/route_ck.cpp	global	Draw_rtp	Draw_rtp
0x80182F7C	0x398	.text	game/route_ck.cpp	global	Draw_eminfo	Draw_eminfo
0x80183314	0x224	.text	game/sce_at.cpp	global	SceAtInit	SceAtInit
0x80183538	0xC	.text	game/sce_at.cpp	global	sceAtSetOtStart	sceAtSetOtStart
0x80183544	0x24	.text	game/sce_at.cpp	global	sceAtGetOtAddr	sceAtGetOtAddr
0x80183568	0x2C	.text	game/sce_at.cpp	global	SceAtClearHitFlg	SceAtClearHitFlg
0x80183594	0x28	.text	game/sce_at.cpp	global	SceAtSetHitFlg	SceAtSetHitFlg
0x801835BC	0x2C	.text	game/sce_at.cpp	global	SceAtClearExecFlg	SceAtClearExecFlg
0x801835E8	0x28	.text	game/sce_at.cpp	global	SceAtSetExecFlg	SceAtSetExecFlg
0x80183610	0x38	.text	game/sce_at.cpp	global	SceAtWorkLoopInit	SceAtWorkLoopInit
0x80183648	0x68	.text	game/sce_at.cpp	local	sceAtDataLoopInit	sceAtDataLoopInit
0x801836B0	0x204	.text	game/sce_at.cpp	global	SceAtCheck	SceAtCheck
0x801838B4	0x450	.text	game/sce_at.cpp	global	sceAtCheck_main	sceAtCheck_main
0x80183D04	0x308	.text	game/sce_at.cpp	global	sceAtGetArea	sceAtGetArea
0x8018400C	0x24C	.text	game/sce_at.cpp	global	sceAtHitCheck	sceAtHitCheck
0x80184258	0x44	.text	game/sce_at.cpp	global	sceAtFunc_normal	sceAtFunc_normal
0x8018429C	0x190	.text	game/sce_at.cpp	global	sceInLock	sceInLock
0x8018442C	0x80	.text	game/sce_at.cpp	global	CheckAshleyActive	CheckAshleyActive
0x801844AC	0x4C	.text	game/sce_at.cpp	global	CheckDoorJumpWithAshley	CheckDoorJumpWithAshley
0x801844F8	0x21C	.text	game/sce_at.cpp	global	sceAtFunc_door	sceAtFunc_door
0x80184714	0x7C	.text	game/sce_at.cpp	local	sceAtFunc_exec	sceAtFunc_exec
0x80184790	0x2C	.text	game/sce_at.cpp	global	initReleaseModelTbl	initReleaseModelTbl
0x801847BC	0x68	.text	game/sce_at.cpp	global	setReleaseModelTbl	setReleaseModelTbl
0x80184824	0x90	.text	game/sce_at.cpp	global	checkReleaseModelTbl	checkReleaseModelTbl
0x801848B4	0x214	.text	game/sce_at.cpp	global	itemZoom	itemZoom
0x80184AC8	0xBC	.text	game/sce_at.cpp	global	releaseModel	releaseModel
0x80184B84	0xA50	.text	game/sce_at.cpp	global	sceAtGetItem	sceAtGetItem
0x801855D4	0x7F4	.text	game/sce_at.cpp	global	sceAtGetItem_NoModel	sceAtGetItem_NoModel
0x80185DC8	0xF8	.text	game/sce_at.cpp	global	sceAtFunc_item	sceAtFunc_item
0x80185EC0	0x1E0	.text	game/sce_at.cpp	global	sceAtFunc_flg	sceAtFunc_flg
0x801860A0	0x58	.text	game/sce_at.cpp	global	sceAtFunc_mes	sceAtFunc_mes
0x801860F8	0x178	.text	game/sce_at.cpp	global	SceAtSetMes	SceAtSetMes
0x80186270	0xA8	.text	game/sce_at.cpp	global	sceAtFunc_save	sceAtFunc_save
0x80186318	0x7C	.text	game/sce_at.cpp	local	sceAtFunc_shd_disp	sceAtFunc_shd_disp
0x80186394	0x70	.text	game/sce_at.cpp	global	sceAtFunc_shd_disp_reverse	sceAtFunc_shd_disp_reverse
0x80186404	0x23C	.text	game/sce_at.cpp	global	sceAtFunc_damage	sceAtFunc_damage
0x80186640	0x8	.text	game/sce_at.cpp	global	sceAtFunc_scr_at	sceAtFunc_scr_at
0x80186648	0x20	.text	game/sce_at.cpp	global	sceAtFunc_field_info	sceAtFunc_field_info
0x80186668	0x24	.text	game/sce_at.cpp	global	sceAtFunc_stoop	sceAtFunc_stoop
0x8018668C	0x68	.text	game/sce_at.cpp	global	sceAtFunc_skey	sceAtFunc_skey
0x801866F4	0x98	.text	game/sce_at.cpp	local	sceAtSkey	sceAtSkey
0x8018678C	0x108	.text	game/sce_at.cpp	global	sceAtLadder	sceAtLadder
0x80186894	0x84	.text	game/sce_at.cpp	global	sceAtFunc_ladder	sceAtFunc_ladder
0x80186918	0xDC	.text	game/sce_at.cpp	global	sceAtGetLadderPos	sceAtGetLadderPos
0x801869F4	0xCC	.text	game/sce_at.cpp	global	sceAtCheckLadderUp	sceAtCheckLadderUp
0x80186AC0	0x30	.text	game/sce_at.cpp	global	sceAtFunc_use	sceAtFunc_use
0x80186AF0	0x5C	.text	game/sce_at.cpp	global	sceAtFunc_hide	sceAtFunc_hide
0x80186B4C	0x74	.text	game/sce_at.cpp	global	SceAtDataSet_hide	SceAtDataSet_hide
0x80186BC0	0x5C	.text	game/sce_at.cpp	global	SceAtCheckHideActive	SceAtCheckHideActive
0x80186C1C	0x278	.text	game/sce_at.cpp	global	SceAtCheckHideProc	SceAtCheckHideProc
0x80186E94	0x74	.text	game/sce_at.cpp	global	sceAtFunc_pos_jump	sceAtFunc_pos_jump
0x80186F08	0x14	.text	game/sce_at.cpp	global	SceAtStopSemiautoCheck	SceAtStopSemiautoCheck
0x80186F1C	0x258	.text	game/sce_at.cpp	global	SceAtRoomSet	SceAtRoomSet
0x80187174	0x250	.text	game/sce_at.cpp	global	sceAtSetScrAt	sceAtSetScrAt
0x801873C4	0x80	.text	game/sce_at.cpp	global	sceAtDeleteScrAt	sceAtDeleteScrAt
0x80187444	0x9C	.text	game/sce_at.cpp	global	SceAtCheckMoveScrAt	SceAtCheckMoveScrAt
0x801874E0	0x58	.text	game/sce_at.cpp	global	SceAtPtr	SceAtPtr
0x80187538	0xB0	.text	game/sce_at.cpp	global	sceAtPullAtNo	sceAtPullAtNo
0x801875E8	0x60	.text	game/sce_at.cpp	global	SceAtSetDoorFunc	SceAtSetDoorFunc
0x80187648	0xE4	.text	game/sce_at.cpp	global	SceAtDataSet_exec	SceAtDataSet_exec
0x8018772C	0x70	.text	game/sce_at.cpp	global	SceAtDataReset	SceAtDataReset
0x8018779C	0xB0	.text	game/sce_at.cpp	global	SceAtSetEnable	SceAtSetEnable
0x8018784C	0x30	.text	game/sce_at.cpp	global	SceAtHitCheck	SceAtHitCheck
0x8018787C	0x68	.text	game/sce_at.cpp	global	SceAtExecute	SceAtExecute
0x801878E4	0x80	.text	game/sce_at.cpp	global	SceAtCheckHitModel	SceAtCheckHitModel
0x80187964	0x58	.text	game/sce_at.cpp	global	SceAtSetActColor	SceAtSetActColor
0x801879BC	0x70	.text	game/sce_at.cpp	global	SceAtGetCenterPos	SceAtGetCenterPos
0x80187A2C	0x374	.text	game/sce_at.cpp	global	SceAtSetParent	SceAtSetParent
0x80187DA0	0x68	.text	game/sce_at.cpp	global	SceAtSetParent__FiP4cObji	SceAtSetParent
0x80187E08	0xB8	.text	game/sce_at.cpp	global	InScreenCheck	InScreenCheck
0x80187EC0	0x6C	.text	game/sce_at.cpp	global	SceAtExecRoomJump	SceAtExecRoomJump
0x80187F2C	0x98	.text	game/sce_at.cpp	global	SceAtCheckFieldInfo	SceAtCheckFieldInfo
0x80187FC4	0xE0	.text	game/sce_at.cpp	global	SceAtCheckLadder	SceAtCheckLadder
0x801880A4	0xF8	.text	game/sce_at.cpp	global	SceAtSearchLadder	SceAtSearchLadder
0x8018819C	0x32C	.text	game/sce_at.cpp	global	sceAtCamCtrlCheck	sceAtCamCtrlCheck
0x801884C8	0x268	.text	game/sce_at.cpp	global	sceAtDebugDisp	sceAtDebugDisp
0x80188730	0x60	.text	game/sce_at.cpp	global	SceAtDataEyeTriggreCopy	SceAtDataEyeTriggreCopy
0x80188790	0x3FC	.text	game/sce_at.cpp	global	sceAtItemFindCheck	sceAtItemFindCheck
0x80188B8C	0xAC	.text	game/sce_at.cpp	global	SceAtItemFlgOn	SceAtItemFlgOn
0x80188C38	0xB8	.text	game/sce_at.cpp	global	SceAtItemFlgCk	SceAtItemFlgCk
0x80188CF0	0x44	.text	game/sce_at.cpp	global	SceAtItemFlgCk__Fi	SceAtItemFlgCk
0x80188D34	0x44	.text	game/sce_at.cpp	global	SceAtItemFindFlgCk	SceAtItemFindFlgCk
0x80188D78	0xB8	.text	game/sce_at.cpp	global	sceAtItemFlgOn	sceAtItemFlgOn
0x80188E30	0xC4	.text	game/sce_at.cpp	global	sceAtItemFlgCk	sceAtItemFlgCk
0x80188EF4	0xB8	.text	game/sce_at.cpp	global	sceAtItemFindFlgOn	sceAtItemFindFlgOn
0x80188FAC	0xC4	.text	game/sce_at.cpp	global	sceAtItemFindFlgCk	sceAtItemFindFlgCk
0x80189070	0x88	.text	game/sce_at.cpp	global	SceAtDestroy	SceAtDestroy
0x801890F8	0x1D8	.text	game/sce_at.cpp	global	SceAtCreateExecAt	SceAtCreateExecAt
0x801892D0	0x1E8	.text	game/sce_at.cpp	global	SceAtCreateFieldAt	SceAtCreateFieldAt
0x801894B8	0x32C	.text	game/sce_at.cpp	global	SceAtCreateItemAt	SceAtCreateItemAt
0x801897E4	0x1D4	.text	game/sce_at.cpp	global	SceAtReserveItemAt	SceAtReserveItemAt
0x801899B8	0x78	.text	game/sce_at.cpp	global	SceAtCancelItemAt	SceAtCancelItemAt
0x80189A30	0x8C	.text	game/sce_at.cpp	global	sceAtCheckItemEffectCol	sceAtCheckItemEffectCol
0x80189ABC	0x44	.text	game/sce_at.cpp	global	sceAtCheckSaveItem	sceAtCheckSaveItem
0x80189B00	0xE4	.text	game/sce_at.cpp	global	SceAtLinkEtcDead	SceAtLinkEtcDead
0x80189BE4	0x284	.text	game/sce_at.cpp	global	sceAtLink_check	sceAtLink_check
0x80189E68	0x44	.text	game/sce_at.cpp	global	SceAtSetEmItem	SceAtSetEmItem
0x80189EAC	0x74	.text	game/sce_at.cpp	global	SceAtSetEmItem__FP3cEmP9SceAtWork	SceAtSetEmItem
0x80189F20	0x140	.text	game/sce_at.cpp	global	SceAtSetSaveItem	SceAtSetSaveItem
0x8018A060	0x34	.text	game/sce_at.cpp	global	sceAtPullItemSaveWork	sceAtPullItemSaveWork
0x8018A094	0x2C	.text	game/sce_at.cpp	global	SceAtInitSaveItem	SceAtInitSaveItem
0x8018A0C0	0x48	.text	game/sce_at.cpp	global	SceAtCheckSaveItemId	SceAtCheckSaveItemId
0x8018A108	0xA8	.text	game/sce_at.cpp	global	sceAtCheckItemModelParent	sceAtCheckItemModelParent
0x8018A1B0	0xFC	.text	game/sce_at.cpp	global	sceAtSetItemModelParent	sceAtSetItemModelParent
0x8018A2AC	0x64	.text	game/sce_at.cpp	global	SceAtSetItemModel	SceAtSetItemModel
0x8018A310	0xEC	.text	game/sce_at.cpp	global	SceAtSetItemModel__FP9SceAtWorkP6cModel	SceAtSetItemModel
0x8018A3FC	0x114	.text	game/sce_at.cpp	global	SceAtSetShootDownItem	SceAtSetShootDownItem
0x8018A510	0x6C	.text	game/sce_at.cpp	global	SceAtItemModelPtr	SceAtItemModelPtr
0x8018A57C	0x398	.text	game/sce_at.cpp	global	SceAtItemHitCheck	SceAtItemHitCheck
0x8018A914	0x33C	.text	game/sce_at.cpp	global	SceAtCheckSystemItemSet	SceAtCheckSystemItemSet
0x8018AC50	0x5DC	.text	game/sce_at.cpp	global	sceAtSetItem	sceAtSetItem
0x8018B22C	0x7C	.text	game/sce_at.cpp	global	SceAtItemAutoArea	SceAtItemAutoArea
0x8018B2A8	0x48	.text	game/sce_at.cpp	local	sceAtDeleteItem	sceAtDeleteItem
0x8018B2F0	0x78	.text	game/sce_at.cpp	global	sceAtItemEffDelete	sceAtItemEffDelete
0x8018B368	0x864	.text	game/sce_at.cpp	global	sceAtItemEffSet	sceAtItemEffSet
0x8018BBCC	0x59C	.text	game/sce_at.cpp	global	sceAtItemDisappearEffSet	sceAtItemDisappearEffSet
0x8018C168	0x20C	.text	game/sce_com.cpp	global	SceEventStart	SceEventStart
0x8018C374	0x21C	.text	game/sce_com.cpp	global	SceEventEnd	SceEventEnd
0x8018C590	0x1A8	.text	game/sce_com.cpp	global	SceUpCutStart	SceUpCutStart
0x8018C738	0x104	.text	game/sce_com.cpp	global	SceUpCutEnd	SceUpCutEnd
0x8018C83C	0x30	.text	game/sce_com.cpp	global	SceCheckEventStart	SceCheckEventStart
0x8018C86C	0x14	.text	game/sce_com.cpp	global	SceSetRoomExitFunc	SceSetRoomExitFunc
0x8018C880	0x1C	.text	game/sce_com.cpp	global	SetFree	SetFree
0x8018C89C	0x24	.text	game/sce_com.cpp	global	GetFree	GetFree
0x8018C8C0	0xD0	.text	game/sce_com.cpp	global	SceMesSet	SceMesSet
0x8018C990	0xBC	.text	game/sce_com.cpp	global	SceMesCamSndSet	SceMesCamSndSet
0x8018CA4C	0x60	.text	game/sce_com.cpp	global	SceUpCut	SceUpCut
0x8018CAAC	0x5C	.text	game/sce_com.cpp	global	SceMesGetSelection	SceMesGetSelection
0x8018CB08	0x50	.text	game/sce_com.cpp	global	SceMesWait	SceMesWait
0x8018CB58	0x38	.text	game/sce_com.cpp	global	SceSndCallThunder	SceSndCallThunder
0x8018CB90	0x5C	.text	game/sce_com.cpp	global	SceCheckEmAlive	SceCheckEmAlive
0x8018CBEC	0xA4	.text	game/sce_com.cpp	global	SceCountEmAlive	SceCountEmAlive
0x8018CC90	0xC4	.text	game/sce_com.cpp	global	SceDestroyEm	SceDestroyEm
0x8018CD54	0x24	.text	game/sce_com.cpp	global	SceInitItemEvent	SceInitItemEvent
0x8018CD78	0x1C4	.text	game/sce_com.cpp	global	SceExecItemEvent	SceExecItemEvent
0x8018CF3C	0x2D8	.text	game/sce_com.cpp	global	SceSetItemEvent	SceSetItemEvent
0x8018D214	0x184	.text	game/sce_com.cpp	global	getChapterSection	getChapterSection
0x8018D398	0x638	.text	game/sce_com.cpp	global	SceChapterEnd	SceChapterEnd
0x8018D9D0	0xE4	.text	game/sce_com.cpp	global	SceSetChapterEnd	SceSetChapterEnd
0x8018DAB4	0xCC	.text	game/sce_com.cpp	global	SceCamMove	SceCamMove
0x8018DB80	0x958	.text	game/sce_com.cpp	global	OpenBoxMain	OpenBoxMain
0x8018E4D8	0x6DC	.text	game/sce_com.cpp	global	SceElevator	SceElevator
0x8018EBB4	0xE4	.text	game/sce_com.cpp	global	SceDebugDisp	SceDebugDisp
0x8018EC98	0x8	.text	game/sce_com.cpp	global	DebugTrg__Fi	DebugTrg
0x8018ECA0	0x88	.text	game/sce_com.cpp	global	beginEvent__t8cManager1Z3cEmi	cManager<cEm>::beginEvent
0x8018ED28	0x88	.text	game/sce_com.cpp	global	beginEvent__t8cManager1Z4cObji	cManager<cObj>::beginEvent
0x8018EDB0	0x88	.text	game/sce_com.cpp	global	beginEvent__t8cManager1Z4cDmgi	cManager<cDmg>::beginEvent
0x8018EE38	0x88	.text	game/sce_com.cpp	global	endEvent__t8cManager1Z3cEmi	cManager<cEm>::endEvent
0x8018EEC0	0x88	.text	game/sce_com.cpp	global	endEvent__t8cManager1Z4cObji	cManager<cObj>::endEvent
0x8018EF48	0x2C	.text	game/sce_sys.cpp	global	ScenarioInit	ScenarioInit
0x8018EF74	0x104	.text	game/sce_sys.cpp	global	ScenarioRoomInit	ScenarioRoomInit
0x8018F078	0x5C	.text	game/sce_sys.cpp	global	ScenarioTaskAllOff	ScenarioTaskAllOff
0x8018F0D4	0x44	.text	game/sce_sys.cpp	global	scenarioLoopBeforeInit	scenarioLoopBeforeInit
0x8018F118	0x24	.text	game/sce_sys.cpp	global	scenarioLoopAfterInit	scenarioLoopAfterInit
0x8018F13C	0xB0	.text	game/sce_sys.cpp	global	ScenarioMove	ScenarioMove
0x8018F1EC	0xC	.text	game/sce_sys.cpp	global	scenarioSetOtStart	scenarioSetOtStart
0x8018F1F8	0x24	.text	game/sce_sys.cpp	global	scenarioGetOtAddr	scenarioGetOtAddr
0x8018F21C	0x7C	.text	game/sce_sys.cpp	global	SceTaskDelete	SceTaskDelete
0x8018F298	0x198	.text	game/sce_sys.cpp	global	scheduler__7cSceSys	cSceSys::scheduler
0x8018F430	0x1E8	.text	game/sce_sys.cpp	global	SceExec	SceExec
0x8018F618	0x44	.text	game/sce_sys.cpp	global	SceSleep	SceSleep
0x8018F65C	0x3C	.text	game/sce_sys.cpp	global	SceExit	SceExit
0x8018F698	0x44	.text	game/sce_sys.cpp	global	SceKill__FUl	SceKill
0x8018F6DC	0x38	.text	game/sce_sys.cpp	global	SceKill__FP8SCE_TASK	SceKill
0x8018F714	0x34	.text	game/sce_sys.cpp	global	SceKill__FP4TASK	SceKill
0x8018F748	0x5C	.text	game/sce_sys.cpp	global	SceKill__FPFi_v	SceKill
0x8018F7A4	0x40	.text	game/sce_sys.cpp	global	checkCTaskRange__7cSceSys	cSceSys::checkCTaskRange
0x8018F7E4	0x8	.text	game/sce_sys.cpp	global	SceCTask	SceCTask
0x8018F7EC	0x28	.text	game/sce_sys.cpp	global	SceExecInitCondition	SceExecInitCondition
0x8018F814	0x164	.text	game/sce_sys.cpp	global	SceExecCheckCondition_sub	SceExecCheckCondition_sub
0x8018F978	0x90	.text	game/sce_sys.cpp	global	SceExecCheckCondition	SceExecCheckCondition
0x8018FA08	0x80	.text	game/sce_sys.cpp	global	SceExecLinkCondition	SceExecLinkCondition
0x8018FA88	0x44	.text	game/sce_sys.cpp	global	SceExecLinkEmDead	SceExecLinkEmDead
0x8018FACC	0x58	.text	game/sce_sys.cpp	global	EmMoveActiveCheck	EmMoveActiveCheck
0x8018FB24	0x134	.text	game/sce_sys.cpp	global	SceExecEventCancel	SceExecEventCancel
0x8018FC58	0x98	.text	game/sce_sys.cpp	global	SceSetEventCancel	SceSetEventCancel
0x8018FCF0	0xC0	.text	game/sce_sys.cpp	global	scenarioCheckEventCancel	scenarioCheckEventCancel
0x8018FDB0	0x44	.text	game/sce_sys.cpp	local	__static_initialization_and_destruction_0_8018FDB0	__static_initialization_and_destruction_0
0x8018FDF4	0x2C	.text	game/sce_sys.cpp	global	global_constructors_keyed_to_ScenarioInit	global constructors keyed to ScenarioInit
0x8018FE20	0xF4	.text	game/scheduler.cpp	global	TaskSchedulerInit	TaskSchedulerInit
0x8018FF14	0x44	.text	game/scheduler.cpp	global	TaskAllClear	TaskAllClear
0x8018FF58	0x24	.text	game/scheduler.cpp	global	GetStackSize	GetStackSize
0x8018FF7C	0x88	.text	game/scheduler.cpp	global	TaskScheduler	TaskScheduler
0x80190004	0x124	.text	game/scheduler.cpp	global	TaskSchedulerMain	TaskSchedulerMain
0x80190128	0x11C	.text	game/scheduler.cpp	global	stackUsedCheck	stackUsedCheck
0x80190244	0x94	.text	game/scheduler.cpp	global	StackOverflowCheck	StackOverflowCheck
0x801902D8	0x88	.text	game/scheduler.cpp	global	TaskExec_hook	TaskExec_hook
0x80190360	0xA4	.text	game/scheduler.cpp	global	TaskExec	TaskExec
0x80190404	0x8C	.text	game/scheduler.cpp	global	TaskSleep__Fi	TaskSleep
0x80190490	0x80	.text	game/scheduler.cpp	global	TaskChain	TaskChain
0x80190510	0x68	.text	game/scheduler.cpp	global	TaskExit__Fv	TaskExit
0x80190578	0x30	.text	game/scheduler.cpp	global	TaskKill	TaskKill
0x801905A8	0x78	.text	game/scheduler.cpp	global	TaskKill__FP4TASK	TaskKill
0x80190620	0x2C	.text	game/scheduler.cpp	global	TaskSuspend__Fi	TaskSuspend
0x8019064C	0x40	.text	game/scheduler.cpp	global	TaskSignal__Fi	TaskSignal
0x8019068C	0x18	.text	game/scheduler.cpp	global	TaskStatus	TaskStatus
0x801906A4	0x1C	.text	game/scheduler.cpp	global	SetTaskModelPtr	SetTaskModelPtr
0x801906C0	0x70	.text	game/scheduler.cpp	global	iTaskScheduler	iTaskScheduler
0x80190730	0x54	.text	game/scheduler.cpp	global	iTaskExec	iTaskExec
0x80190784	0x30	.text	game/scheduler.cpp	global	iTaskKill	iTaskKill
0x801907B4	0x28	.text	game/scheduler.cpp	global	iTaskExit	iTaskExit
0x801907DC	0x50	.text	game/scheduler.cpp	global	iTaskSuspend	iTaskSuspend
0x8019082C	0x8	.text	game/scheduler.cpp	global	iTaskStatus	iTaskStatus
0x80190834	0x24	.text	game/scheduler.cpp	local	__static_initialization_and_destruction_0_80190834	__static_initialization_and_destruction_0
0x80190858	0x2C	.text	game/scheduler.cpp	global	global_constructors_keyed_to_CTASK_MAIN	global constructors keyed to CTASK_MAIN
0x80190884	0xB8	.text	game/scroll.cpp	global	SmdInit__FP4cSmdP4cSmxT0	SmdInit
0x8019093C	0x88	.text	game/scroll.cpp	global	SmdClear__Fi	SmdClear
0x801909C4	0x64	.text	game/scroll.cpp	global	workInit__FP4cObj	workInit
0x80190A28	0x68	.text	game/scroll.cpp	global	SmdSetup__Fi	SmdSetup
0x80190A90	0x18C	.text	game/scroll.cpp	global	setObj__Fi	setObj
0x80190C1C	0x2F8	.text	game/scroll.cpp	global	SmdSetParam__FP4cObjP7SmdWork	SmdSetParam
0x80190F14	0x70	.text	game/scroll.cpp	global	SmxSetFlag__FP4cObjUl	SmxSetFlag
0x80190F84	0x6C	.text	game/scroll.cpp	global	SmxGetFlag__FP4cObj	SmxGetFlag
0x80190FF0	0x64	.text	game/scroll.cpp	global	smxInit__FP4cObjUc	smxInit
0x80191054	0x1E4	.text	game/scroll.cpp	global	smxInit__FP4cObjP7SmxWork	smxInit
0x80191238	0x1C	.text	game/scroll.cpp	global	SmdGetTplPtr__Fi	SmdGetTplPtr
0x80191254	0xF8	.text	game/scroll.cpp	global	SmdGetObjPtr__FUl	SmdGetObjPtr
0x8019134C	0x8	.text	game/scroll.cpp	global	SmdGetObjNum__Fv	SmdGetObjNum
0x80191354	0x70	.text	game/scroll.cpp	global	SmdGetWorkId__FP4cObj	SmdGetWorkId
0x801913C4	0x24	.text	game/scroll.cpp	global	BlockCreate__FiP4cSmd	BlockCreate
0x801913E8	0x70	.text	game/scroll.cpp	global	BlockDestroy__Fi	BlockDestroy
0x80191458	0x1A8	.text	game/scroll.cpp	global	slide__4cSmdi	cSmd::slide
0x80191600	0x30	.text	game/scroll.cpp	global	getWorkPtr__4cSmdi	cSmd::getWorkPtr
0x80191630	0x18	.text	game/scroll.cpp	global	getBinPtr__4cSmdi	cSmd::getBinPtr
0x80191648	0x18	.text	game/scroll.cpp	global	getTplPtr__4cSmdi	cSmd::getTplPtr
0x80191660	0x18	.text	game/scroll.cpp	global	getMotPtr__4cSmdi	cSmd::getMotPtr
0x80191678	0x48	.text	game/scroll.cpp	global	getWorkNum__4cSmd	cSmd::getWorkNum
0x801916C0	0x60	.text	game/scroll.cpp	global	SmdGetWorkPtr__Fi	SmdGetWorkPtr
0x80191720	0xD8	.text	game/scroll.cpp	global	SmdGetGroupObjPtr__FUl	SmdGetGroupObjPtr
0x801917F8	0x20	.text	game/scroll.cpp	global	SmdGetGroupObjPtr2__FUl	SmdGetGroupObjPtr2
0x80191818	0x40	.text	game/scroll.cpp	global	SmdGetGroupNext__FP4cObj	SmdGetGroupNext
0x80191858	0xA8	.text	game/scroll.cpp	global	SmdSetTrans__FUli	SmdSetTrans
0x80191900	0x164	.text	game/scroll.cpp	global	SetObjSmd__FPvT0P3VecT2ii	SetObjSmd
0x80191A64	0x3C	.text	game/scroll.cpp	global	getPrevWork__t8cManager1Z4cObjP4cObj	cManager<cObj>::getPrevWork
0x80191AA0	0x90	.text	game/se_at.cpp	global	SeAtInit	SeAtInit
0x80191B30	0x174	.text	game/se_at.cpp	global	SeAtCheck__Fv	SeAtCheck
0x80191CA4	0xA4	.text	game/se_at.cpp	global	SeAtSetOnOff	SeAtSetOnOff
0x80191D48	0x68	.text	game/se_at.cpp	global	GetSeAtPtr	GetSeAtPtr
0x80191DB0	0x84	.text	game/se_at.cpp	global	SeAtSndCall	SeAtSndCall
0x80191E34	0x8	.text	game/shadow.cpp	global	SetShadowCamMoveSize	SetShadowCamMoveSize
0x80191E3C	0x10	.text	game/shadow.cpp	global	ResetShadowCamMoveSize	ResetShadowCamMoveSize
0x80191E4C	0x8	.text	game/shadow.cpp	global	SetShadowParallelDirX	SetShadowParallelDirX
0x80191E54	0xC	.text	game/shadow.cpp	global	ReetShadowParallelDirX	ReetShadowParallelDirX
0x80191E60	0x10	.text	game/shadow.cpp	global	GetSelfShadowMng	GetSelfShadowMng
0x80191E70	0x218	.text	game/shadow.cpp	global	ShdInit	ShdInit
0x80192088	0x58	.text	game/shadow.cpp	global	ShdGetObjPtr	ShdGetObjPtr
0x801920E0	0x10	.text	game/shadow.cpp	global	ShadowInit	ShadowInit
0x801920F0	0xD4	.text	game/shadow.cpp	global	ShadowRoomInit	ShadowRoomInit
0x801921C4	0xF4	.text	game/shadow.cpp	global	ShadowMngReAlloc	ShadowMngReAlloc
0x801922B8	0x74	.text	game/shadow.cpp	global	ShadowMemClear	ShadowMemClear
0x8019232C	0x48	.text	game/shadow.cpp	global	getShadowMng	getShadowMng
0x80192374	0x350	.text	game/shadow.cpp	global	ShadowTrans	ShadowTrans
0x801926C4	0x244	.text	game/shadow.cpp	global	Fit_ParallelShadowModelSet	Fit_ParallelShadowModelSet
0x80192908	0xE0	.text	game/shadow.cpp	global	Fit_ParallelShadowModelAddOt	Fit_ParallelShadowModelAddOt
0x801929E8	0x29C	.text	game/shadow.cpp	global	FixShadowLightSet	FixShadowLightSet
0x80192C84	0xB8	.text	game/shadow.cpp	global	shadowModelRender	shadowModelRender
0x80192D3C	0x40C	.text	game/shadow.cpp	global	make_comn_fit_light	make_comn_fit_light
0x80193148	0x480	.text	game/shadow.cpp	global	make_comn_parallel_light	make_comn_parallel_light
0x801935C8	0x238	.text	game/shadow.cpp	global	make_fix_light	make_fix_light
0x80193800	0x220	.text	game/shadow.cpp	global	SoftShadowGetEFB	SoftShadowGetEFB
0x80193A20	0x4A0	.text	game/shadow.cpp	global	SoftShadowGXDraw	SoftShadowGXDraw
0x80193EC0	0x204	.text	game/shadow.cpp	global	MakeSoftShadow	MakeSoftShadow
0x801940C4	0x9F0	.text	game/shadow.cpp	global	make_shadow_texture	make_shadow_texture
0x80194AB4	0x294	.text	game/shadow.cpp	global	shadowChkInFrustum	shadowChkInFrustum
0x80194D48	0x1A0	.text	game/shadow.cpp	global	ProcShadowScrModel	ProcShadowScrModel
0x80194EE8	0x234	.text	game/shadow.cpp	global	shadowScrModelRender	shadowScrModelRender
0x8019511C	0x704	.text	game/shadow.cpp	global	shadowShaderSetup2	shadowShaderSetup2
0x80195820	0x3B0	.text	game/shadow.cpp	global	shadowModelTrans	shadowModelTrans
0x80195BD0	0x2A0	.text	game/shadow.cpp	global	shadowModelTrans2	shadowModelTrans2
0x80195E70	0x478	.text	game/shadow.cpp	global	TransLightTexture	TransLightTexture
0x801962E8	0x3C0	.text	game/shadow.cpp	local	drawTexture2__FP8GXTexObjsssss	drawTexture2
0x801966A8	0x160	.text	game/shadow.cpp	global	GetCastShadowMngPtr	GetCastShadowMngPtr
0x80196808	0x24	.text	game/shadow.cpp	local	create__t8cManager1Z4cObj	cManager<cObj>::create
0x8019682C	0x24	.text	game/shadow.cpp	local	__static_initialization_and_destruction_0_8019682C	__static_initialization_and_destruction_0
0x80196850	0x2C	.text	game/shadow.cpp	global	global_constructors_keyed_to_isSelfUse	global constructors keyed to isSelfUse
0x8019687C	0x80	.text	game/shape.cpp	global	ShapeSet__FPviT0i	ShapeSet
0x801968FC	0x114	.text	game/shape.cpp	global	ShapeMove	ShapeMove
0x80196A10	0x30	.text	game/shape.cpp	global	ShapeEnd__FPv	ShapeEnd
0x80196A40	0x44	.text	game/shape.cpp	global	SetOriginalShape	SetOriginalShape
0x80196A84	0x64	.text	game/shape.cpp	global	ClrShape	ClrShape
0x80196AE8	0x88	.text	game/shape.cpp	global	SetShape	SetShape
0x80196B70	0x34	.text	game/shape.cpp	global	ResetShape	ResetShape
0x80196BA4	0x2AC	.text	game/shape.cpp	global	CalculateShape_new	CalculateShape_new
0x80196E50	0xEC	.text	game/sofdec.cpp	global	UsrSfcnt2time	UsrSfcnt2time
0x80196F3C	0x140	.text	game/sofdec.cpp	global	disp_info	disp_info
0x8019707C	0x50	.text	game/sofdec.cpp	global	SofdecInit	SofdecInit
0x801970CC	0x3D4	.text	game/sofdec.cpp	global	setTevPrm	setTevPrm
0x801974A0	0x118	.text	game/sofdec.cpp	global	restoreTevPrm	restoreTevPrm
0x801975B8	0x20	.text	game/sofdec.cpp	global	ap_mwply_err_func	ap_mwply_err_func
0x801975D8	0x1A4	.text	game/sofdec.cpp	global	drawTex__7cSofdec	cSofdec::drawTex
0x8019777C	0x110	.text	game/sofdec.cpp	global	drawQuad__7cSofdecP10SofdecDraw	cSofdec::drawQuad
0x8019788C	0x110	.text	game/sofdec.cpp	global	drawPolygon__7cSofdecP10SofdecDraw	cSofdec::drawPolygon
0x8019799C	0x124	.text	game/sofdec.cpp	global	setCamera__7cSofdecP10SofdecDraw	cSofdec::setCamera
0x80197AC0	0xFC	.text	game/sofdec.cpp	global	loadMvFrmFx__7cSofdecP9MWPLY_OBJP7MWS_FRM	cSofdec::loadMvFrmFx
0x80197BBC	0x1EC	.text	game/sofdec.cpp	global	allocTexMem__7cSofdecP9SofdecTexii	cSofdec::allocTexMem
0x80197DA8	0x84	.text	game/sofdec.cpp	global	clrTexMem__7cSofdecP9SofdecTex	cSofdec::clrTexMem
0x80197E2C	0x44	.text	game/sofdec.cpp	global	initDraw__7cSofdecP10SofdecDraw	cSofdec::initDraw
0x80197E70	0xF0	.text	game/sofdec.cpp	global	initApp__7cSofdecPCc	cSofdec::initApp
0x80197F60	0x100	.text	game/sofdec.cpp	global	startApp__7cSofdec	cSofdec::startApp
0x80198060	0x90	.text	game/sofdec.cpp	global	initSync__7cSofdec	cSofdec::initSync
0x801980F0	0x11C	.text	game/sofdec.cpp	global	appMain__7cSofdec	cSofdec::appMain
0x8019820C	0x78	.text	game/sofdec.cpp	global	draw__7cSofdec	cSofdec::draw
0x80198284	0x148	.text	game/sofdec.cpp	global	finishMovie__7cSofdec	cSofdec::finishMovie
0x801983CC	0x13C	.text	game/sofdec.cpp	global	initWork__7cSofdecPCc	cSofdec::initWork
0x80198508	0x20	.text	game/sofdec.cpp	global	Initialize__7cSofdecPCcUl	cSofdec::Initialize
0x80198528	0x44	.text	game/sofdec.cpp	global	Initialize__7cSofdecR7cStringUl	cSofdec::Initialize
0x8019856C	0xE0	.text	game/sofdec.cpp	global	initSub__7cSofdecPCcUl	cSofdec::initSub
0x8019864C	0x54	.text	game/sofdec.cpp	global	Move__7cSofdec	cSofdec::Move
0x801986A0	0x98	.text	game/sofdec.cpp	global	ThreadMove__7cSofdecP7cSofdec	cSofdec::ThreadMove
0x80198738	0x50	.text	game/sofdec.cpp	global	PlayPause__7cSofdeci	cSofdec::PlayPause
0x80198788	0x4	.text	game/sofdec.cpp	local	__static_initialization_and_destruction_0_80198788	__static_initialization_and_destruction_0
0x8019878C	0x2C	.text	game/sofdec.cpp	global	global_constructors_keyed_to_float_nan	global constructors keyed to __float_nan
0x801987B8	0x2C	.text	game/sofdec.cpp	global	global_destructors_keyed_to_float_nan	global destructors keyed to __float_nan
0x801987E4	0x188	.text	game/stage.cpp	global	checkEmListNo	checkEmListNo
0x8019896C	0x28	.text	game/stage.cpp	global	getEmListName	getEmListName
0x80198994	0x3C	.text	game/stage.cpp	global	getEmListDbgName	getEmListDbgName
0x801989D0	0x8	.text	game/stage.cpp	global	getEmListNum	getEmListNum
0x801989D8	0x134	.text	game/stage.cpp	global	StageSet	StageSet
0x80198B0C	0x120	.text	game/stage.cpp	global	readEmList	readEmList
0x80198C2C	0x7C	.text	game/stage.cpp	global	checkSubMissionTarget	checkSubMissionTarget
0x80198CA8	0x3DC	.text	game/stage.cpp	global	subMissionSt1	subMissionSt1
0x80199084	0x4	.text	game/stage.cpp	global	subMissionSt2	subMissionSt2
0x80199088	0x4	.text	game/stage.cpp	global	subMissionSt3	subMissionSt3
0x8019908C	0x5C	.text	game/stage.cpp	global	SubMissionCheck	SubMissionCheck
0x801990E8	0xB0	.text	game/sub2.cpp	global	HitCheckPoint4	HitCheckPoint4
0x80199198	0x3C	.text	game/sub2.cpp	global	GetXZAngle	GetXZAngle
0x801991D4	0x3C	.text	game/sub2.cpp	global	GetXYAngle	GetXYAngle
0x80199210	0x34	.text	game/sub2.cpp	global	GetXZAngleLocal	GetXZAngleLocal
0x80199244	0x34	.text	game/sub2.cpp	global	GetDistance	GetDistance
0x80199278	0x34	.text	game/sub2.cpp	global	GetDistance__FR3VecT0	GetDistance
0x801992AC	0x24	.text	game/sub2.cpp	global	GetDistanceXZ	GetDistanceXZ
0x801992D0	0x90	.text	game/sub2.cpp	global	Muku	Muku
0x80199360	0x64	.text	game/sub2.cpp	global	Muku2	Muku2
0x801993C4	0x54	.text	game/sub2.cpp	global	Muku3	Muku3
0x80199418	0x54	.text	game/sub2.cpp	global	Front_check__FP6cModelT0f	Front_check
0x8019946C	0x50	.text	game/sub2.cpp	global	Front_check__FP6cModelP3Vecf	Front_check
0x801994BC	0x48	.text	game/sub2.cpp	global	Front_check__FP3VecT0ff	Front_check
0x80199504	0x7C	.text	game/sub2.cpp	global	AddSpeed	AddSpeed
0x80199580	0x38	.text	game/sub2.cpp	global	RootSumSquare3	RootSumSquare3
0x801995B8	0x58	.text	game/sub2.cpp	global	GetDistance3	GetDistance3
0x80199610	0x44	.text	game/sub2.cpp	global	RotVector	RotVector
0x80199654	0x70	.text	game/sub2.cpp	global	BoxWorldCalc	BoxWorldCalc
0x801996C4	0x9C	.text	game/sub2.cpp	global	GetScreenPos	GetScreenPos
0x80199760	0x1AC	.text	game/sub2.cpp	global	Get3DPosFrom2D	Get3DPosFrom2D
0x8019990C	0x70	.text	game/sub2.cpp	global	PosToPos	PosToPos
0x8019997C	0xA8	.text	game/sub2.cpp	global	VecToCamVec	VecToCamVec
0x80199A24	0x28C	.text	game/sub2.cpp	global	LineSphereCrossCk	LineSphereCrossCk
0x80199CB0	0x68	.text	game/sub2.cpp	global	SphereHitCk	SphereHitCk
0x80199D18	0x108	.text	game/sub2.cpp	global	CalcParabolaVector	CalcParabolaVector
0x80199E20	0x28	.text	game/sub2.cpp	global	CalcStopDist	CalcStopDist
0x80199E48	0x118	.text	game/sub2.cpp	global	CalcMovePosDist	CalcMovePosDist
0x80199F60	0x28	.text	game/t_bugcheck.cpp	global	ToolBugcheck__Fv	ToolBugcheck
0x80199F88	0x3C	.text	game/t_bugcheck.cpp	global	init__13cToolBugcheck	cToolBugcheck::init
0x80199FC4	0xD8	.text	game/t_bugcheck.cpp	global	main__13cToolBugcheck	cToolBugcheck::main
0x8019A09C	0x3C	.text	game/t_bugcheck.cpp	global	exit__13cToolBugcheck	cToolBugcheck::exit
0x8019A0D8	0x474	.text	game/t_bugcheck.cpp	global	menuPosMove__13cToolBugcheck	cToolBugcheck::menuPosMove
0x8019A54C	0x574	.text	game/t_bugcheck.cpp	global	menuLife__13cToolBugcheck	cToolBugcheck::menuLife
0x8019AAC0	0xA5C	.text	game/t_bugcheck.cpp	global	menu__13cToolBugcheck	cToolBugcheck::menu
0x8019B51C	0x98	.text	game/t_flag.cpp	global	FlagEdit__Fv	FlagEdit
0x8019B5B4	0x28	.text	game/t_flag.cpp	global	init__FP7FE_WORK	init
0x8019B5DC	0x478	.text	game/t_flag.cpp	global	move__FP7FE_WORK	move
0x8019BA54	0x48	.text	game/t_flag.cpp	global	die__FP7FE_WORK	die
0x8019BA9C	0x28	.text	game/t_flag.cpp	global	CkBit__FPUlUl	CkBit
0x8019BAC4	0x60	.text	game/t_log.cpp	global	ToolLogView__Fv	ToolLogView
0x8019BB24	0x70	.text	game/t_log.cpp	global	toolInit__Fv	toolInit
0x8019BB94	0x21C	.text	game/t_log.cpp	global	LogMove__Fv	LogMove
0x8019BDB0	0x24	.text	game/t_log.cpp	global	toolQuit__Fv	toolQuit
0x8019BDD4	0x60	.text	game/t_option.cpp	global	clear__9cDbOptionUc	cDbOption::clear
0x8019BE34	0xE8	.text	game/t_option.cpp	global	joySet__9cDbOption	cDbOption::joySet
0x8019BF1C	0x30	.text	game/t_option.cpp	global	move__9cDbOption	cDbOption::move
0x8019BF4C	0x28	.text	game/t_option.cpp	global	setRno__9cDbOptionUcUcUcUcUcUcUcUc	cDbOption::setRno
0x8019BF74	0xA8	.text	game/t_option.cpp	global	ToolOption__Fv	ToolOption
0x8019C01C	0x34	.text	game/t_option.cpp	global	tp_init__Fv	tp_init
0x8019C050	0x158	.text	game/t_option.cpp	global	tp_menu__Fv	tp_menu
0x8019C1A8	0x10	.text	game/t_option.cpp	global	tp_quit__Fv	tp_quit
0x8019C1B8	0x3C	.text	game/t_option.cpp	global	tp_pl__Fv	tp_pl
0x8019C1F4	0x188	.text	game/t_option.cpp	global	tp_pl_menu__Fv	tp_pl_menu
0x8019C37C	0x4C4	.text	game/t_option.cpp	global	tp_pl_flag__Fv	tp_pl_flag
0x8019C840	0x2A4	.text	game/t_option.cpp	global	tp_pl_life__Fv	tp_pl_life
0x8019CAE4	0x3B8	.text	game/t_option.cpp	global	tp_pl_posmove__Fv	tp_pl_posmove
0x8019CE9C	0xB9C	.text	game/t_option.cpp	global	tp_pl_weapon__Fv	tp_pl_weapon
0x8019DA38	0x94	.text	game/t_option.cpp	global	tp_pl_PlKill__Fv	tp_pl_PlKill
0x8019DACC	0x74	.text	game/t_option.cpp	global	tp_pl_mountweapon__Fv	tp_pl_mountweapon
0x8019DB40	0x268	.text	game/t_option.cpp	global	tp_pl_face__Fv	tp_pl_face
0x8019DDA8	0x3C	.text	game/t_option.cpp	global	tp_scr__Fv	tp_scr
0x8019DDE4	0x164	.text	game/t_option.cpp	global	tp_scr_menu__Fv	tp_scr_menu
0x8019DF48	0x2E8	.text	game/t_option.cpp	global	tp_scr_flag__Fv	tp_scr_flag
0x8019E230	0x270	.text	game/t_option.cpp	global	tp_scr_view__Fv	tp_scr_view
0x8019E4A0	0x4C	.text	game/t_option.cpp	global	printCursor__Fii	printCursor
0x8019E4EC	0x40	.text	game/t_page.cpp	global	ToolDebugPage__Fv	ToolDebugPage
0x8019E52C	0x3C	.text	game/t_page.cpp	global	t_page_init__Fv	t_page_init
0x8019E568	0x140	.text	game/t_page.cpp	global	t_page_main__Fv	t_page_main
0x8019E6A8	0x24	.text	game/t_page.cpp	global	t_page_exit__Fv	t_page_exit
0x8019E6CC	0x84	.text	game/t_prim.cpp	global	TprimInitEnv2D3D__FP9TprimViewPA3_fT1	TprimInitEnv2D3D
0x8019E750	0x4C	.text	game/t_prim.cpp	global	TprimDraw3D__FUl	TprimDraw3D
0x8019E79C	0x58	.text	game/t_prim.cpp	global	TprimSetBlend__FUl	TprimSetBlend
0x8019E7F4	0xBC	.text	game/t_prim.cpp	global	set_attr_common__Fv	set_attr_common
0x8019E8B0	0x68	.text	game/t_prim.cpp	global	set_attr_f32__Fv	set_attr_f32
0x8019E918	0x210	.text	game/t_sc_shot.cpp	global	ToolScreenShot__Fv	ToolScreenShot
0x8019EB28	0x1A0	.text	game/t_util.cpp	global	TutilInitDefault__Fv	TutilInitDefault
0x8019ECC8	0x12C	.text	game/t_util.cpp	global	TutilQuitDefault__Fv	TutilQuitDefault
0x8019EDF4	0x238	.text	game/t_util.cpp	global	ToolMenuDisp_cur__FiiiPScP9TOOL_MENUiP3JOY	ToolMenuDisp_cur
0x8019F02C	0x14	.text	game/TexRender.cpp	global	GetTexRenderMgrAddr	GetTexRenderMgrAddr
0x8019F040	0x54	.text	game/TexRender.cpp	global	TexRenderMgrInit	TexRenderMgrInit
0x8019F094	0x54	.text	game/TexRender.cpp	global	TexRenderMgrRoomInit	TexRenderMgrRoomInit
0x8019F0E8	0xC4	.text	game/TexRender.cpp	global	GetTexRenderMgr	GetTexRenderMgr
0x8019F1AC	0x168	.text	game/TexRender.cpp	global	RenderTexRenderMgr	RenderTexRenderMgr
0x8019F314	0x2B4	.text	game/TexRender.cpp	global	CopyTexRenderMgr	CopyTexRenderMgr
0x8019F5C8	0xC4	.text	game/TexRender.cpp	global	TransTexRenderMgr	TransTexRenderMgr
0x8019F68C	0x30	.text	game/TexRender.cpp	global	__12TexRenderMng	TexRenderMng::TexRenderMng
0x8019F6BC	0x2C	.text	game/TexRender.cpp	global	Init__12TexRenderMng	TexRenderMng::Init
0x8019F6E8	0x80	.text	game/TexRender.cpp	global	AllocBuf__12TexRenderMng	TexRenderMng::AllocBuf
0x8019F768	0x40	.text	game/TexRender.cpp	global	ReAllocBuf__12TexRenderMng	TexRenderMng::ReAllocBuf
0x8019F7A8	0x7C	.text	game/TexRender.cpp	global	TexRenderInit	TexRenderInit
0x8019F824	0x14C	.text	game/TexRender.cpp	global	TexRenderModSet	TexRenderModSet
0x8019F970	0x94	.text	game/TexRender.cpp	global	TexRenderModRes	TexRenderModRes
0x8019FA04	0xA0	.text	game/TexRender.cpp	global	TexRenderModAddOt	TexRenderModAddOt
0x8019FAA4	0xBC	.text	game/TexRender.cpp	global	TexRenderModAddOtMirror	TexRenderModAddOtMirror
0x8019FB60	0x78	.text	game/TexRender.cpp	global	TexRenderCamAddOt	TexRenderCamAddOt
0x8019FBD8	0x1BC	.text	game/TexRender.cpp	global	CamRenderPrev	CamRenderPrev
0x8019FD94	0x64	.text	game/TexRender.cpp	global	CamRenderAfter	CamRenderAfter
0x8019FDF8	0x60	.text	game/TexRender.cpp	local	__static_initialization_and_destruction_0_8019FDF8	__static_initialization_and_destruction_0
0x8019FE58	0x2C	.text	game/TexRender.cpp	global	global_constructors_keyed_to_g_TexUse	global constructors keyed to g_TexUse
0x8019FE84	0xE4	.text	game/texture.cpp	global	Init__7cTexSysPCcUl	cTexSys::Init
0x8019FF68	0x7C	.text	game/texture.cpp	global	Clear__7cTexSys	cTexSys::Clear
0x8019FFE4	0x74	.text	game/texture.cpp	global	GetTexObjFlag__7cTexSysUl	cTexSys::GetTexObjFlag
0x801A0058	0xA0	.text	game/texture.cpp	global	SetTexObjFlag__7cTexSysUli	cTexSys::SetTexObjFlag
0x801A00F8	0xE8	.text	game/texture.cpp	global	DataLoad__7cTexSysP7TexDataUli	cTexSys::DataLoad
0x801A01E0	0xDC	.text	game/texture.cpp	global	PullTexObj__7cTexSysUl	cTexSys::PullTexObj
0x801A02BC	0x88	.text	game/texture.cpp	global	CalcTplAddr__7cTexSysP10TEXPalette	cTexSys::CalcTplAddr
0x801A0344	0x2C8	.text	game/texture.cpp	global	TexRegist__7cTexSysP10TEXPaletteP6TexAnmUcUlii	cTexSys::TexRegist
0x801A060C	0x2C	.text	game/texture.cpp	global	GetTplAddr__7cTexSysUlPP10TEXPalette	cTexSys::GetTplAddr
0x801A0638	0x34	.text	game/texture.cpp	global	GetTexObj__7cTexSysUlUlPP8GXTexObj	cTexSys::GetTexObj
0x801A066C	0x2C	.text	game/texture.cpp	global	GetAnmAddr__7cTexSysUlPP6TexAnm	cTexSys::GetAnmAddr
0x801A0698	0x50	.text	game/texture.cpp	global	GetTlutObj__7cTexSysUlPP9GXTlutObj	cTexSys::GetTlutObj
0x801A06E8	0x5C	.text	game/texture.cpp	global	GetTexWk__7cTexSysUli	cTexSys::GetTexWk
0x801A0744	0xAC	.text	game/texture.cpp	global	TexRelease__7cTexSysUl	cTexSys::TexRelease
0x801A07F0	0x80	.text	game/title.cpp	global	Title_task	Title_task
0x801A0870	0xA4	.text	game/title.cpp	global	titleInit__FP9TitleWork	titleInit
0x801A0914	0xCC	.text	game/title.cpp	global	titleSet__FP9TitleWorki	titleSet
0x801A09E0	0x220	.text	game/title.cpp	global	titleWait__FP9TitleWork	titleWait
0x801A0C00	0x17C	.text	game/title.cpp	global	titleNintendo__FP9TitleWork	titleNintendo
0x801A0D7C	0x160	.text	game/title.cpp	global	titleWarning__FP9TitleWork	titleWarning
0x801A0EDC	0x2E4	.text	game/title.cpp	global	titleLogo__FP9TitleWork	titleLogo
0x801A11C0	0x170	.text	game/title.cpp	global	titleMenuInit__FP9TitleWork	titleMenuInit
0x801A1330	0x244	.text	game/title.cpp	global	titleMenuSelect__FP9TitleWork	titleMenuSelect
0x801A1574	0x108	.text	game/title.cpp	global	titleLevelInit__FP9TitleWork	titleLevelInit
0x801A167C	0x270	.text	game/title.cpp	global	titleLevelSelect__FP9TitleWork	titleLevelSelect
0x801A18EC	0x8B4	.text	game/title.cpp	global	titleMain__FP9TitleWork	titleMain
0x801A21A0	0x26C	.text	game/title.cpp	global	titleLoop__FP9TitleWork	titleLoop
0x801A240C	0x78	.text	game/title.cpp	global	id_color_copy__FiiUc	id_color_copy
0x801A2484	0xEFC	.text	game/title.cpp	global	titleSub__FP9TitleWork	titleSub
0x801A3380	0x6C	.text	game/title.cpp	global	stageSelectInit__FP9TitleWork	stageSelectInit
0x801A33EC	0x5A4	.text	game/title.cpp	global	stageSelect__FP9TitleWork	stageSelect
0x801A3990	0x714	.text	game/title.cpp	global	titleExit__FP9TitleWork	titleExit
0x801A40A4	0x107C	.text	game/title.cpp	global	titleDebugMenu__FP9TitleWork	titleDebugMenu
0x801A5120	0x48	.text	game/TmpBuf.cpp	global	AllocDrawTmpBuf__Fv	AllocDrawTmpBuf
0x801A5168	0x24	.text	game/TmpBuf.cpp	global	GetDrawTmpBufAddr__Fi	GetDrawTmpBufAddr
0x801A518C	0x8	.text	game/TmpBuf.cpp	global	SetDrawTmpBufType__Fi	SetDrawTmpBufType
0x801A5194	0x8	.text	game/TmpBuf.cpp	global	GetDrawTmpBufType__Fv	GetDrawTmpBufType
0x801A519C	0x60	.text	game/trans.cpp	global	org_LoadTexObj	org_LoadTexObj
0x801A51FC	0x178	.text	game/trans.cpp	global	Trans	Trans
0x801A5374	0x8C	.text	game/trans.cpp	global	lightSetEm__FP6cModel	lightSetEm
0x801A5400	0x68	.text	game/trans.cpp	global	lightSetObj	lightSetObj
0x801A5468	0x70	.text	game/trans.cpp	global	emTrans	emTrans
0x801A54D8	0x4C	.text	game/trans.cpp	global	objTrans	objTrans
0x801A5524	0x670	.text	game/trans.cpp	global	ModelTrans	ModelTrans
0x801A5B94	0x88	.text	game/trans.cpp	global	commonScreenMat__FP6cModel	commonScreenMat
0x801A5C1C	0x468	.text	game/trans.cpp	global	commonScreenMatSub	commonScreenMatSub
0x801A6084	0xA8	.text	game/trans.cpp	global	calcWeightMat	calcWeightMat
0x801A612C	0x1C8	.text	game/trans.cpp	global	MakeWeightPaletteExt	MakeWeightPaletteExt
0x801A62F4	0x1F8	.text	game/trans.cpp	global	MakeWeightPalette	MakeWeightPalette
0x801A64EC	0x328	.text	game/trans.cpp	global	Render	Render
0x801A6814	0x1B8	.text	game/trans.cpp	global	ModelRender__FP6cModel	ModelRender
0x801A69CC	0xA10	.text	game/trans.cpp	global	commonModelTrans	commonModelTrans
0x801A73DC	0x9C	.text	game/trans.cpp	global	move__7cTexChgP8GXTexObj	cTexChg::move
0x801A7478	0x298	.text	game/trans.cpp	global	ThermoShaderSetup	ThermoShaderSetup
0x801A7710	0x390	.text	game/trans.cpp	global	shaderSetup	shaderSetup
0x801A7AA0	0x9A8	.text	game/trans.cpp	global	TextureBlend	TextureBlend
0x801A8448	0x960	.text	game/trans.cpp	global	TextureBlend2	TextureBlend2
0x801A8DA8	0xF04	.text	game/trans.cpp	global	TextureBlend3	TextureBlend3
0x801A9CAC	0x404	.text	game/trans.cpp	global	materialSetup	materialSetup
0x801AA0B0	0x734	.text	game/trans.cpp	local	specularSetup	specularSetup
0x801AA7E4	0xA50	.text	game/trans.cpp	global	specularSetup2	specularSetup2
0x801AB234	0x35C	.text	game/trans.cpp	global	GlobalIlluminationSetup	GlobalIlluminationSetup
0x801AB590	0x218	.text	game/trans.cpp	global	SetCastShadowLight	SetCastShadowLight
0x801AB7A8	0xCE0	.text	game/trans.cpp	global	ShadowCastSetup	ShadowCastSetup
0x801AC488	0x7E4	.text	game/trans.cpp	global	SelfShadowSetup	SelfShadowSetup
0x801ACC6C	0x244	.text	game/trans.cpp	global	bumpSetup	bumpSetup
0x801ACEB0	0x294	.text	game/trans.cpp	global	alphaSetup	alphaSetup
0x801AD144	0x40	.text	game/trans.cpp	global	SetPrimBuffPtr	SetPrimBuffPtr
0x801AD184	0xC0	.text	game/trans.cpp	global	GetPrimBuff	GetPrimBuff
0x801AD244	0x10C	.text	game/trans.cpp	global	shaderReset	shaderReset
0x801AD350	0x78	.text	game/trans.cpp	global	CalcSk1_x	CalcSk1_x
0x801AD3C8	0x78	.text	game/trans.cpp	global	CalcSk1_x2	CalcSk1_x2
0x801AD440	0x8	.text	game/trans.cpp	global	setupGQR6	setupGQR6
0x801AD448	0x88	.text	game/trans.cpp	global	CalcTplAddrC8	CalcTplAddrC8
0x801AD4D0	0x194	.text	game/trans.cpp	global	SpecularInit	SpecularInit
0x801AD664	0x88	.text	game/trans.cpp	global	GlobalIlmTexInit	GlobalIlmTexInit
0x801AD6EC	0xE8	.text	game/trans.cpp	global	updateMatrices	updateMatrices
0x801AD7D4	0xE60	.text	game/trans.cpp	global	RefractShaderSetup	RefractShaderSetup
0x801AE634	0x2C4	.text	game/trans.cpp	global	GetEfbTex	GetEfbTex
0x801AE8F8	0x254	.text	game/trans.cpp	global	ClearZbuf	ClearZbuf
0x801AEB4C	0x64	.text	game/trans.cpp	global	getID__9cTevStage	cTevStage::getID
0x801AEBB0	0x64	.text	game/trans.cpp	global	getID__12cIndTexStage	cIndTexStage::getID
0x801AEC14	0x8C	.text	game/trans_lit.cpp	global	LightSetInit	LightSetInit
0x801AECA0	0x51C	.text	game/trans_lit.cpp	global	LightSetModel	LightSetModel
0x801AF1BC	0x30C	.text	game/trans_lit.cpp	global	commonClothLightSet	commonClothLightSet
0x801AF4C8	0x300	.text	game/trans_lit.cpp	global	commonWaterLightSet	commonWaterLightSet
0x801AF7C8	0x1AC	.text	game/trans_lit.cpp	global	commonEspLightSet	commonEspLightSet
0x801AF974	0xE4	.text	game/trans_lit.cpp	global	lightSetConstant	lightSetConstant
0x801AFA58	0xB0	.text	game/trans_lit.cpp	global	lightSetLinear	lightSetLinear
0x801AFB08	0x114	.text	game/trans_lit.cpp	local	lightSetQuadratic	lightSetQuadratic
0x801AFC1C	0x12C	.text	game/trans_lit.cpp	global	lightSetSpotlight	lightSetSpotlight
0x801AFD48	0x84	.text	game/trans_lit.cpp	global	lightSetCustom	lightSetCustom
0x801AFDCC	0x178	.text	game/trans_lit.cpp	global	lightSetParallel	lightSetParallel
0x801AFF44	0x164	.text	game/trans_lit.cpp	global	lightSetSpotQuad	lightSetSpotQuad
0x801B00A8	0x1C4	.text	game/trans_lit.cpp	global	lightSetLocalAmb	lightSetLocalAmb
0x801B026C	0x1F8	.text	game/trans_lit.cpp	global	lightSetColor	lightSetColor
0x801B0464	0x30	.text	game/trans_lit.cpp	global	lightSetAmbient	lightSetAmbient
0x801B0494	0xAC	.text	game/trans_lit.cpp	global	LightDisable	LightDisable
0x801B0540	0x84	.text	game/trans_ot.cpp	global	InitOt	InitOt
0x801B05C4	0x4C	.text	game/trans_ot.cpp	global	ClearOt	ClearOt
0x801B0610	0x50	.text	game/trans_ot.cpp	global	clearOtWork	clearOtWork
0x801B0660	0x54	.text	game/trans_ot.cpp	global	MakeOtData	MakeOtData
0x801B06B4	0x144	.text	game/trans_ot.cpp	global	AddOtWorldPos	AddOtWorldPos
0x801B07F8	0x18C	.text	game/trans_ot.cpp	global	AddOtWorldPosRadius	AddOtWorldPosRadius
0x801B0984	0x190	.text	game/trans_ot.cpp	global	AddOtModelPosRadius	AddOtModelPosRadius
0x801B0B14	0x124	.text	game/trans_ot.cpp	global	AddOtDirect	AddOtDirect
0x801B0C38	0xAC	.text	game/trans_ot.cpp	global	ExecOt	ExecOt
0x801B0CE4	0x2C	.text	game/trans_ot.cpp	global	OtGetPrevKind	OtGetPrevKind
0x801B0D10	0x48	.text	game/trans_ot.cpp	global	CrearOtMirrorWork	CrearOtMirrorWork
0x801B0D58	0xA4	.text	game/trans_ot.cpp	global	DeleteOtData	DeleteOtData
0x801B0DFC	0xFC	.text	game/tv_mode.cpp	global	SetTvMode	SetTvMode
0x801B0EF8	0x74	.text	game/tv_mode.cpp	global	tvModeCheckTask	tvModeCheckTask
0x801B0F6C	0xB4	.text	game/tv_mode.cpp	global	tvModeTrigger	tvModeTrigger
0x801B1020	0x274	.text	game/tv_mode.cpp	global	tvModeMenu_progressive	tvModeMenu_progressive
0x801B1294	0x28	.text	game/tv_mode.cpp	global	tvModeExit	tvModeExit
0x801B12BC	0x24	.text	game/view.cpp	global	gameInit__4VIEWP6CAMERA	VIEW::gameInit
0x801B12E0	0x20	.text	game/view.cpp	global	roomInit__4VIEW	VIEW::roomInit
0x801B1300	0x60	.text	game/view.cpp	global	init__4VIEW	VIEW::init
0x801B1360	0x80	.text	game/view.cpp	global	move__4VIEW	VIEW::move
0x801B13E0	0x8	.text	game/view.cpp	global	setFarPlane__4VIEWf	VIEW::setFarPlane
0x801B13E8	0xBE4	.text	game/view.cpp	global	initPerspective__4VIEWffff	VIEW::initPerspective
0x801B1FCC	0x110	.text	game/view.cpp	global	orientation__4VIEW	VIEW::orientation
0x801B20DC	0x64	.text	game/xml.cpp	global	GetXmlStart__9XmlSimplePPcPCcT2	XmlSimple::GetXmlStart
0x801B2140	0x24	.text	game/xml.cpp	global	GetXmlNext__9XmlSimplePPcPCcT2	XmlSimple::GetXmlNext
0x801B2164	0xEC	.text	game/xml.cpp	global	GetXmlElem__9XmlSimplePcPCcT2	XmlSimple::GetXmlElem
0x801B2250	0xA8	.text	game/xml.cpp	global	SetXmlStart__9XmlSimplePiPc	XmlSimple::SetXmlStart
0x801B22F8	0x70	.text	game/xml.cpp	global	SetXmlEnd__9XmlSimplePiPc	XmlSimple::SetXmlEnd
0x801B2368	0x70	.text	game/xml.cpp	global	SetXmlElemStart__9XmlSimplePiPc	XmlSimple::SetXmlElemStart
0x801B23D8	0x60	.text	game/xml.cpp	global	SetXmlElemEnd__9XmlSimplePiPc	XmlSimple::SetXmlElemEnd
0x801B2438	0x70	.text	game/xml.cpp	global	SetXmlElem__9XmlSimplePiPcPCcT3	XmlSimple::SetXmlElem
0x801B24A8	0x8C	.text	game/yz2code.cpp	global	Yz2DecodeSet	Yz2DecodeSet
0x801B2534	0x4E4	.text	game/yz2code.cpp	global	Yz2DecodeExec	Yz2DecodeExec
0x801B2A18	0x128	.text	game/at_sub2.cpp	global	getWepEff__9AtEffInfoiPUlT2	AtEffInfo::getWepEff
0x801B2B40	0x4C	.text	game/cinesco.cpp	global	CinescoMove	CinescoMove
0x801B2B8C	0x58	.text	game/cinesco.cpp	global	cine_polling	cine_polling
0x801B2BE4	0x6C	.text	game/cinesco.cpp	global	cine_on_move	cine_on_move
0x801B2C50	0x64	.text	game/cinesco.cpp	global	cine_off_move	cine_off_move
0x801B2CB4	0x2AC	.text	game/cinesco.cpp	global	Draw_cinesco	Draw_cinesco
0x801B2F60	0x28	.text	game/cinesco.cpp	global	CinescoInit	CinescoInit
0x801B2F88	0x28	.text	game/cloth.cpp	global	ClothInit	ClothInit
0x801B2FB0	0x20	.text	game/cloth.cpp	global	ClothRoomInit	ClothRoomInit
0x801B2FD0	0x3CC	.text	game/cloth.cpp	global	Set__5ClothG3VecT1UcUcfP8GXTexObjfPvfP9GXTlutObji	Cloth::Set
0x801B339C	0x40	.text	game/cloth.cpp	global	SetPosAng__5ClothG3VecT1	Cloth::SetPosAng
0x801B33DC	0x38	.text	game/cloth.cpp	global	Destroy__5Cloth	Cloth::Destroy
0x801B3414	0x88	.text	game/cloth.cpp	global	ClothCalcTplAddr	ClothCalcTplAddr
0x801B349C	0xD0	.text	game/cloth.cpp	global	ClothTexSetUp	ClothTexSetUp
0x801B356C	0x274	.text	game/cloth.cpp	global	calcSpeed__5Clothf	Cloth::calcSpeed
0x801B37E0	0x40	.text	game/cloth.cpp	global	PullCloth	PullCloth
0x801B3820	0xC8	.text	game/cloth.cpp	global	move__5Cloth	Cloth::move
0x801B38E8	0x1C8	.text	game/cloth.cpp	global	calcNormal__5Cloth	Cloth::calcNormal
0x801B3AB0	0x44	.text	game/cloth.cpp	global	disturbance__5ClothUlUlf	Cloth::disturbance
0x801B3AF4	0x70	.text	game/cloth.cpp	global	ClothDraw	ClothDraw
0x801B3B64	0x550	.text	game/cloth.cpp	global	clothTrans	clothTrans
0x801B40B4	0x14	.text	game/db_work.cpp	global	__7cDbWork	cDbWork::cDbWork
0x801B40C8	0x144	.text	game/db_work.cpp	global	move__7cDbWork	cDbWork::move
0x801B420C	0x19C	.text	game/db_work.cpp	global	dispEm__7cDbWork	cDbWork::dispEm
0x801B43A8	0x200	.text	game/db_work.cpp	global	dispObj__7cDbWork	cDbWork::dispObj
0x801B45A8	0x404	.text	game/db_work.cpp	global	dispModel__7cDbWorkP6cModelii	cDbWork::dispModel
0x801B49AC	0x190	.text	game/db_work.cpp	global	dispLit__7cDbWork	cDbWork::dispLit
0x801B4B3C	0x24	.text	game/emobj.cpp	global	EmObjInit__6cEmObj	cEmObj::EmObjInit
0x801B4B60	0xAC	.text	game/emobj.cpp	global	EmObjMove__6cEmObj	cEmObj::EmObjMove
0x801B4C0C	0x70	.text	game/emobj.cpp	global	setSat__6cEmObjP3Veciiifff	cEmObj::setSat
0x801B4C7C	0xEC	.text	game/emobj.cpp	global	setSatMain__6cEmObj	cEmObj::setSatMain
0x801B4D68	0x28	.text	game/emobj.cpp	global	clrSat__6cEmObj	cEmObj::clrSat
0x801B4D90	0x70	.text	game/emobj.cpp	global	setEat__6cEmObjP3Veciiifff	cEmObj::setEat
0x801B4E00	0xEC	.text	game/emobj.cpp	global	setEatMain__6cEmObj	cEmObj::setEatMain
0x801B4EEC	0x28	.text	game/emobj.cpp	global	clrEat__6cEmObj	cEmObj::clrEat
0x801B4F14	0xA0	.text	game/emobj.cpp	global	setYarare__6cEmObjsP3VecUsifff	cEmObj::setYarare
0x801B4FB4	0x8	.text	game/emobj.cpp	global	setEff__6cEmObjUc	cEmObj::setEff
0x801B4FBC	0x8	.text	game/emobj.cpp	global	getEff__6cEmObj	cEmObj::getEff
0x801B4FC4	0x8	.text	game/emobj.cpp	global	setEtc__6cEmObjUc	cEmObj::setEtc
0x801B4FCC	0x8	.text	game/emobj.cpp	global	getEtc__6cEmObj	cEmObj::getEtc
0x801B4FD4	0x44	.text	game/esp00.cpp	global	Esp00_Create__Fv	Esp00_Create
0x801B5018	0x4C	.text	game/esp00.cpp	global	move__6cEsp00	cEsp00::move
0x801B5064	0x20	.text	game/esp00.cpp	global	_._6cEsp00	cEsp00::~cEsp00
0x801B5084	0x44	.text	game/esp01.cpp	global	Esp01_Create__Fv	Esp01_Create
0x801B50C8	0x128	.text	game/esp01.cpp	global	move__6cEsp01	cEsp01::move
0x801B51F0	0x34	.text	game/esp01.cpp	global	Esp01_Trans	Esp01_Trans
0x801B5224	0x15C	.text	game/esp01.cpp	global	EspStrip01_setup	EspStrip01_setup
0x801B5380	0x648	.text	game/esp01.cpp	global	esp01Trans_sub	esp01Trans_sub
0x801B59C8	0x768	.text	game/esp01.cpp	global	EspStrip_draw_poly	EspStrip_draw_poly
0x801B6130	0x74	.text	game/esp01.cpp	global	SetFreeWork__6cEsp01P10EspGenWorkPUl	cEsp01::SetFreeWork
0x801B61A4	0x20	.text	game/esp01.cpp	global	_._6cEsp01	cEsp01::~cEsp01
0x801B61C4	0x44	.text	game/esp02.cpp	global	Esp02_Create__Fv	Esp02_Create
0x801B6208	0x140	.text	game/esp02.cpp	global	move__6cEsp02	cEsp02::move
0x801B6348	0x34	.text	game/esp02.cpp	global	Esp02_Trans	Esp02_Trans
0x801B637C	0x170	.text	game/esp02.cpp	global	EspStrip02_setup	EspStrip02_setup
0x801B64EC	0x404	.text	game/esp02.cpp	global	esp02Trans_sub	esp02Trans_sub
0x801B68F0	0x88	.text	game/esp02.cpp	global	SetFreeWork__6cEsp02P10EspGenWorkPUl	cEsp02::SetFreeWork
0x801B6978	0x20	.text	game/esp02.cpp	global	_._6cEsp02	cEsp02::~cEsp02
0x801B6998	0x44	.text	game/esp03.cpp	global	Esp03_Create__Fv	Esp03_Create
0x801B69DC	0x184	.text	game/esp03.cpp	global	move__6cEsp03	cEsp03::move
0x801B6B60	0x628	.text	game/esp03.cpp	global	Esp03_Trans	Esp03_Trans
0x801B7188	0xC4	.text	game/esp03.cpp	global	SetFreeWork__6cEsp03P10EspGenWorkPUl	cEsp03::SetFreeWork
0x801B724C	0x88	.text	game/esp03.cpp	global	Esp03_HitWall	Esp03_HitWall
0x801B72D4	0x20	.text	game/esp03.cpp	global	_._6cEsp03	cEsp03::~cEsp03
0x801B72F4	0x44	.text	game/esp04.cpp	global	Esp04_Create__Fv	Esp04_Create
0x801B7338	0x7C	.text	game/esp04.cpp	global	move__6cEsp04	cEsp04::move
0x801B73B4	0x2C	.text	game/esp04.cpp	global	move00	move00
0x801B73E0	0x344	.text	game/esp04.cpp	global	move10	move10
0x801B7724	0x2F8	.text	game/esp04.cpp	global	Esp04_Trans	Esp04_Trans
0x801B7A1C	0xA4	.text	game/esp04.cpp	global	SetFreeWork__6cEsp04P10EspGenWorkPUl	cEsp04::SetFreeWork
0x801B7AC0	0x20	.text	game/esp04.cpp	global	_._6cEsp04	cEsp04::~cEsp04
0x801B7AE0	0x44	.text	game/esp05.cpp	global	Esp05_Create__Fv	Esp05_Create
0x801B7B24	0xE0	.text	game/esp05.cpp	global	move__6cEsp05	cEsp05::move
0x801B7C04	0xB0	.text	game/esp05.cpp	global	SetFreeWork__6cEsp05P10EspGenWorkPUl	cEsp05::SetFreeWork
0x801B7CB4	0x20	.text	game/esp05.cpp	global	_._6cEsp05	cEsp05::~cEsp05
0x801B7CD4	0x44	.text	game/esp06.cpp	global	Esp06_Create__Fv	Esp06_Create
0x801B7D18	0x8C	.text	game/esp06.cpp	global	Esp06GetPathPos	Esp06GetPathPos
0x801B7DA4	0x328	.text	game/esp06.cpp	global	esp06_CommonMove	esp06_CommonMove
0x801B80CC	0x34	.text	game/esp06.cpp	global	esp06_Move00	esp06_Move00
0x801B8100	0x20	.text	game/esp06.cpp	global	esp06_Move01	esp06_Move01
0x801B8120	0x34	.text	game/esp06.cpp	global	move__6cEsp06	cEsp06::move
0x801B8154	0x42C	.text	game/esp06.cpp	global	SetFreeWork__6cEsp06P10EspGenWorkPUl	cEsp06::SetFreeWork
0x801B8580	0x20	.text	game/esp06.cpp	global	_._6cEsp06	cEsp06::~cEsp06
0x801B85A0	0x44	.text	game/esp07.cpp	global	Esp07_Create__Fv	Esp07_Create
0x801B85E4	0x240	.text	game/esp07.cpp	global	Esp07_ChkGnd	Esp07_ChkGnd
0x801B8824	0x78	.text	game/esp07.cpp	global	Esp07_HitGndLight	Esp07_HitGndLight
0x801B889C	0x58	.text	game/esp07.cpp	global	Esp07_HitGnd	Esp07_HitGnd
0x801B88F4	0x22C	.text	game/esp07.cpp	global	Esp07_HitWall	Esp07_HitWall
0x801B8B20	0xD0	.text	game/esp07.cpp	global	move__6cEsp07	cEsp07::move
0x801B8BF0	0x114	.text	game/esp07.cpp	global	SetFreeWork__6cEsp07P10EspGenWorkPUl	cEsp07::SetFreeWork
0x801B8D04	0x20	.text	game/esp07.cpp	global	_._6cEsp07	cEsp07::~cEsp07
0x801B8D24	0x44	.text	game/esp08.cpp	global	Esp08_Create	Esp08_Create
0x801B8D68	0x1F0	.text	game/esp08.cpp	global	move__6cEsp08	cEsp08::move
0x801B8F58	0x1444	.text	game/esp08.cpp	global	Esp08_Trans	Esp08_Trans
0x801BA39C	0x1B8C	.text	game/esp08.cpp	global	Esp08_TransShimmer	Esp08_TransShimmer
0x801BBF28	0x154	.text	game/esp08.cpp	global	SetFreeWork__6cEsp08P10EspGenWorkPUl	cEsp08::SetFreeWork
0x801BC07C	0x20	.text	game/esp08.cpp	global	_._6cEsp08	cEsp08::~cEsp08
0x801BC09C	0x44	.text	game/esp09.cpp	global	Esp09_Create__Fv	Esp09_Create
0x801BC0E0	0x13C	.text	game/esp09.cpp	global	Esp09_ClearPrevPos	Esp09_ClearPrevPos
0x801BC21C	0x214	.text	game/esp09.cpp	global	move__6cEsp09	cEsp09::move
0x801BC430	0xFC	.text	game/esp09.cpp	global	Esp09_Trans	Esp09_Trans
0x801BC52C	0x9C	.text	game/esp09.cpp	global	EspChannelSet09	EspChannelSet09
0x801BC5C8	0x1B4	.text	game/esp09.cpp	global	Esp09_Trans_Setup	Esp09_Trans_Setup
0x801BC77C	0x134	.text	game/esp09.cpp	global	Esp09_2DTrans	Esp09_2DTrans
0x801BC8B0	0x104	.text	game/esp09.cpp	global	Esp09_3DTrans	Esp09_3DTrans
0x801BC9B4	0x368	.text	game/esp09.cpp	global	Esp09_PolyTrans	Esp09_PolyTrans
0x801BCD1C	0x214	.text	game/esp09.cpp	global	Esp09_StripDrawPoly	Esp09_StripDrawPoly
0x801BCF30	0x2C	.text	game/esp09.cpp	global	GetVecLen	GetVecLen
0x801BCF5C	0x224	.text	game/esp09.cpp	global	Esp09_HideCheck	Esp09_HideCheck
0x801BD180	0x44	.text	game/esp09.cpp	global	SetFreeWork__6cEsp09P10EspGenWorkPUl	cEsp09::SetFreeWork
0x801BD1C4	0x20	.text	game/esp09.cpp	global	_._6cEsp09	cEsp09::~cEsp09
0x801BD1E4	0x44	.text	game/esp0a.cpp	global	Esp0a_Create__Fv	Esp0a_Create
0x801BD228	0x2D0	.text	game/esp0a.cpp	global	move__6cEsp0a	cEsp0a::move
0x801BD4F8	0x280	.text	game/esp0a.cpp	global	Esp0a_Trans	Esp0a_Trans
0x801BD778	0x20	.text	game/esp0a.cpp	global	Esp0a_Trans2	Esp0a_Trans2
0x801BD798	0x274	.text	game/esp0a.cpp	global	SetFreeWork__6cEsp0aP10EspGenWorkPUl	cEsp0a::SetFreeWork
0x801BDA0C	0x20	.text	game/esp0a.cpp	global	_._6cEsp0a	cEsp0a::~cEsp0a
0x801BDA2C	0x44	.text	game/esp0b.cpp	global	Esp0b_Create__Fv	Esp0b_Create
0x801BDA70	0x280	.text	game/esp0b.cpp	global	move__6cEsp0b	cEsp0b::move
0x801BDCF0	0x25C	.text	game/esp0b.cpp	global	Esp0b_Trans	Esp0b_Trans
0x801BDF4C	0x9C	.text	game/esp0b.cpp	global	SetFreeWork__6cEsp0bP10EspGenWorkPUl	cEsp0b::SetFreeWork
0x801BDFE8	0x20	.text	game/esp0b.cpp	global	_._6cEsp0b	cEsp0b::~cEsp0b
0x801BE008	0x44	.text	game/esp0c.cpp	global	Esp0c_Create__Fv	Esp0c_Create
0x801BE04C	0x130	.text	game/esp0c.cpp	global	move__6cEsp0c	cEsp0c::move
0x801BE17C	0x38	.text	game/esp0c.cpp	global	Esp0c_Trans	Esp0c_Trans
0x801BE1B4	0x1C8	.text	game/esp0c.cpp	global	SetFreeWork__6cEsp0cP10EspGenWorkPUl	cEsp0c::SetFreeWork
0x801BE37C	0x20	.text	game/esp0c.cpp	global	_._6cEsp0c	cEsp0c::~cEsp0c
0x801BE39C	0x44	.text	game/esp0d.cpp	global	Esp0d_Create__Fv	Esp0d_Create
0x801BE3E0	0x16C	.text	game/esp0d.cpp	global	move__6cEsp0d	cEsp0d::move
0x801BE54C	0xC4	.text	game/esp0d.cpp	global	SetFreeWork__6cEsp0dP10EspGenWorkPUl	cEsp0d::SetFreeWork
0x801BE610	0x20	.text	game/esp0d.cpp	global	_._6cEsp0d	cEsp0d::~cEsp0d
0x801BE630	0x44	.text	game/esp0e.cpp	global	Esp0e_Create__Fv	Esp0e_Create
0x801BE674	0x2F8	.text	game/esp0e.cpp	global	move__6cEsp0e	cEsp0e::move
0x801BE96C	0x184	.text	game/esp0e.cpp	global	Esp0e_Trans	Esp0e_Trans
0x801BEAF0	0xC0	.text	game/esp0e.cpp	local	GetDistAlpha	GetDistAlpha
0x801BEBB0	0x134	.text	game/esp0e.cpp	local	GetDirAlpha	GetDirAlpha
0x801BECE4	0x2B4	.text	game/esp0e.cpp	global	Esp0e_HideCheck	Esp0e_HideCheck
0x801BEF98	0x230	.text	game/esp0e.cpp	global	SetFreeWork__6cEsp0eP10EspGenWorkPUl	cEsp0e::SetFreeWork
0x801BF1C8	0x20	.text	game/esp0e.cpp	global	_._6cEsp0e	cEsp0e::~cEsp0e
0x801BF1E8	0x44	.text	game/esp0f.cpp	global	Esp0f_Create__Fv	Esp0f_Create
0x801BF22C	0x4C	.text	game/esp0f.cpp	global	move__6cEsp0f	cEsp0f::move
0x801BF278	0xADC	.text	game/esp0f.cpp	global	Esp0f_Trans	Esp0f_Trans
0x801BFD54	0x54	.text	game/esp0f.cpp	global	SetFreeWork__6cEsp0fP10EspGenWorkPUl	cEsp0f::SetFreeWork
0x801BFDA8	0x20	.text	game/esp0f.cpp	global	_._6cEsp0f	cEsp0f::~cEsp0f
0x801BFDC8	0x44	.text	game/esp10.cpp	global	Esp10_Create__Fv	Esp10_Create
0x801BFE0C	0x4C	.text	game/esp10.cpp	global	move__6cEsp10	cEsp10::move
0x801BFE58	0xAC	.text	game/esp10.cpp	global	getFloor_attr__FP3VecPUliff	getFloor_attr
0x801BFF04	0x158	.text	game/esp10.cpp	global	SetFreeWork__6cEsp10P10EspGenWorkPUl	cEsp10::SetFreeWork
0x801C005C	0x20	.text	game/esp10.cpp	global	_._6cEsp10	cEsp10::~cEsp10
0x801C007C	0x44	.text	game/esp11.cpp	global	Esp11_Create__Fv	Esp11_Create
0x801C00C0	0xC0	.text	game/esp11.cpp	global	move__6cEsp11	cEsp11::move
0x801C0180	0x4	.text	game/esp11.cpp	global	Esp11_Trans__FP4cEsp	Esp11_Trans
0x801C0184	0x1EC	.text	game/esp11.cpp	global	Destruct__6cEsp11	cEsp11::Destruct
0x801C0370	0x1B4	.text	game/esp11.cpp	global	Esp11_SetParam	Esp11_SetParam
0x801C0524	0x190	.text	game/esp11.cpp	global	SetFreeWork__6cEsp11P10EspGenWorkPUl	cEsp11::SetFreeWork
0x801C06B4	0x20	.text	game/esp11.cpp	global	_._6cEsp11	cEsp11::~cEsp11
0x801C06D4	0x44	.text	game/esp12.cpp	global	Esp12_Create__Fv	Esp12_Create
0x801C0718	0x11C	.text	game/esp12.cpp	global	move__6cEsp12	cEsp12::move
0x801C0834	0x49C	.text	game/esp12.cpp	global	Esp12_Trans	Esp12_Trans
0x801C0CD0	0x38	.text	game/esp12.cpp	global	Destruct__6cEsp12	cEsp12::Destruct
0x801C0D08	0x130	.text	game/esp12.cpp	global	SetFreeWork__6cEsp12P10EspGenWorkPUl	cEsp12::SetFreeWork
0x801C0E38	0x20	.text	game/esp12.cpp	global	_._6cEsp12	cEsp12::~cEsp12
0x801C0E58	0x44	.text	game/esp13.cpp	global	Esp13_Create__Fv	Esp13_Create
0x801C0E9C	0x4C	.text	game/esp13.cpp	global	move__6cEsp13	cEsp13::move
0x801C0EE8	0x3C	.text	game/esp13.cpp	global	SetFreeWork__6cEsp13P10EspGenWorkPUl	cEsp13::SetFreeWork
0x801C0F24	0x20	.text	game/esp13.cpp	global	_._6cEsp13	cEsp13::~cEsp13
0x801C0F44	0x44	.text	game/esp14.cpp	global	Esp14_Create__Fv	Esp14_Create
0x801C0F88	0x248	.text	game/esp14.cpp	global	move__6cEsp14	cEsp14::move
0x801C11D0	0x118	.text	game/esp14.cpp	global	SetFreeWork__6cEsp14P10EspGenWorkPUl	cEsp14::SetFreeWork
0x801C12E8	0x20	.text	game/esp14.cpp	global	_._6cEsp14	cEsp14::~cEsp14
0x801C1308	0x44	.text	game/esp15.cpp	global	Esp15_Create__Fv	Esp15_Create
0x801C134C	0x5AC	.text	game/esp15.cpp	global	move__6cEsp15	cEsp15::move
0x801C18F8	0x120	.text	game/esp15.cpp	global	SetFreeWork__6cEsp15P10EspGenWorkPUl	cEsp15::SetFreeWork
0x801C1A18	0x20	.text	game/esp15.cpp	global	_._6cEsp15	cEsp15::~cEsp15
0x801C1A38	0x44	.text	game/esp16.cpp	global	Esp16_Create__Fv	Esp16_Create
0x801C1A7C	0x6F8	.text	game/esp16.cpp	global	move__6cEsp16	cEsp16::move
0x801C2174	0x518	.text	game/esp16.cpp	global	Esp16_Trans	Esp16_Trans
0x801C268C	0x60	.text	game/esp16.cpp	global	Destruct__6cEsp16	cEsp16::Destruct
0x801C26EC	0x258	.text	game/esp16.cpp	global	SetFreeWork__6cEsp16P10EspGenWorkPUl	cEsp16::SetFreeWork
0x801C2944	0x20	.text	game/esp16.cpp	global	_._6cEsp16	cEsp16::~cEsp16
0x801C2964	0x44	.text	game/esp17.cpp	global	Esp17_Create__Fv	Esp17_Create
0x801C29A8	0xB4	.text	game/esp17.cpp	global	move__6cEsp17	cEsp17::move
0x801C2A5C	0x2C	.text	game/esp17.cpp	global	SetFreeWork__6cEsp17P10EspGenWorkPUl	cEsp17::SetFreeWork
0x801C2A88	0x20	.text	game/esp17.cpp	global	_._6cEsp17	cEsp17::~cEsp17
0x801C2AA8	0x44	.text	game/esp18.cpp	global	Esp18_Create	Esp18_Create
0x801C2AEC	0x4C	.text	game/esp18.cpp	global	move__6cEsp18	cEsp18::move
0x801C2B38	0x38	.text	game/esp18.cpp	global	SetFreeWork__6cEsp18P10EspGenWorkPUl	cEsp18::SetFreeWork
0x801C2B70	0x1180	.text	game/esp18.cpp	global	Esp18_Trans	Esp18_Trans
0x801C3CF0	0x20	.text	game/esp18.cpp	global	_._6cEsp18	cEsp18::~cEsp18
0x801C3D10	0x44	.text	game/esp19.cpp	global	Esp19_Create__Fv	Esp19_Create
0x801C3D54	0x4C	.text	game/esp19.cpp	global	move__6cEsp19	cEsp19::move
0x801C3DA0	0x50	.text	game/esp19.cpp	global	SetFreeWork__6cEsp19P10EspGenWorkPUl	cEsp19::SetFreeWork
0x801C3DF0	0x370	.text	game/esp19.cpp	global	Draw_line3d_local_222__FP3VecT0PA3_fUlP4cEspf	Draw_line3d_local_222
0x801C4160	0x178	.text	game/esp19.cpp	global	Esp19_Trans	Esp19_Trans
0x801C42D8	0x20	.text	game/esp19.cpp	global	_._6cEsp19	cEsp19::~cEsp19
0x801C42F8	0x44	.text	game/esp1a.cpp	global	Esp1a_Create__Fv	Esp1a_Create
0x801C433C	0x210	.text	game/esp1a.cpp	global	move__6cEsp1a	cEsp1a::move
0x801C454C	0xCC	.text	game/esp1a.cpp	global	get_angle	get_angle
0x801C4618	0x2F4	.text	game/esp1a.cpp	global	SetFreeWork__6cEsp1aP10EspGenWorkPUl	cEsp1a::SetFreeWork
0x801C490C	0x20	.text	game/esp1a.cpp	global	_._6cEsp1a	cEsp1a::~cEsp1a
0x801C492C	0x44	.text	game/esp1b.cpp	global	Esp1b_Create__Fv	Esp1b_Create
0x801C4970	0x4C	.text	game/esp1b.cpp	global	move__6cEsp1b	cEsp1b::move
0x801C49BC	0x134	.text	game/esp1b.cpp	global	SetFreeWork__6cEsp1bP10EspGenWorkPUl	cEsp1b::SetFreeWork
0x801C4AF0	0x20	.text	game/esp1b.cpp	global	_._6cEsp1b	cEsp1b::~cEsp1b
0x801C4B10	0x44	.text	game/esp3f.cpp	global	Esp3f_Create__Fv	Esp3f_Create
0x801C4B54	0x4	.text	game/esp3f.cpp	global	move__6cEsp3f	cEsp3f::move
0x801C4B58	0x78	.text	game/esp3f.cpp	global	Destruct__6cEsp3f	cEsp3f::Destruct
0x801C4BD0	0x18C	.text	game/esp3f.cpp	global	Esp3f_Alloc__FUlUlPP6cEsp3fP7EspInfo	Esp3f_Alloc
0x801C4D5C	0x78	.text	game/esp3f.cpp	global	Esp3f_GetVecPtr__FP6cEsp3fUl	Esp3f_GetVecPtr
0x801C4DD4	0x8	.text	game/esp3f.cpp	global	SetFreeWork__6cEsp3fP10EspGenWorkPUl	cEsp3f::SetFreeWork
0x801C4DDC	0x20	.text	game/esp3f.cpp	local	_._6cEsp3f	cEsp3f::~cEsp3f
0x801C4DFC	0x44	.text	game/esp40.cpp	global	Esp40_Create__Fv	Esp40_Create
0x801C4E40	0x194	.text	game/esp40.cpp	global	move__6cEsp40	cEsp40::move
0x801C4FD4	0xE8	.text	game/esp40.cpp	global	SetFreeWork__6cEsp40P10EspGenWorkPUl	cEsp40::SetFreeWork
0x801C50BC	0x20	.text	game/esp40.cpp	global	_._6cEsp40	cEsp40::~cEsp40
0x801C50DC	0x44	.text	game/esp41.cpp	global	Esp41_Create__Fv	Esp41_Create
0x801C5120	0x1D8	.text	game/esp41.cpp	global	move__6cEsp41	cEsp41::move
0x801C52F8	0xB4	.text	game/esp41.cpp	global	SetFreeWork__6cEsp41P10EspGenWorkPUl	cEsp41::SetFreeWork
0x801C53AC	0x20	.text	game/esp41.cpp	global	_._6cEsp41	cEsp41::~cEsp41
0x801C53CC	0x44	.text	game/esp42.cpp	global	Esp42_Create__Fv	Esp42_Create
0x801C5410	0x4C	.text	game/esp42.cpp	global	move__6cEsp42	cEsp42::move
0x801C545C	0xC8	.text	game/esp42.cpp	global	SetFreeWork__6cEsp42P10EspGenWorkPUl	cEsp42::SetFreeWork
0x801C5524	0x20	.text	game/esp42.cpp	global	_._6cEsp42	cEsp42::~cEsp42
0x801C5544	0x44	.text	game/esp43.cpp	global	Esp43_Create__Fv	Esp43_Create
0x801C5588	0xDC	.text	game/esp43.cpp	global	move__6cEsp43	cEsp43::move
0x801C5664	0x10	.text	game/esp43.cpp	global	SetFreeWork__6cEsp43P10EspGenWorkPUl	cEsp43::SetFreeWork
0x801C5674	0x20	.text	game/esp43.cpp	global	_._6cEsp43	cEsp43::~cEsp43
0x801C5694	0x44	.text	game/esp44.cpp	global	Esp44_Create__Fv	Esp44_Create
0x801C56D8	0x4	.text	game/esp44.cpp	global	move__6cEsp44	cEsp44::move
0x801C56DC	0x4C	.text	game/esp44.cpp	global	SetFreeWork__6cEsp44P10EspGenWorkPUl	cEsp44::SetFreeWork
0x801C5728	0x20	.text	game/esp44.cpp	global	_._6cEsp44	cEsp44::~cEsp44
0x801C5748	0x44	.text	game/esp45.cpp	global	Esp45_Create	Esp45_Create
0x801C578C	0x94	.text	game/esp45.cpp	global	move__6cEsp45	cEsp45::move
0x801C5820	0x300	.text	game/esp45.cpp	global	Esp45_Trans	Esp45_Trans
0x801C5B20	0xC0	.text	game/esp45.cpp	local	GetDistAlpha	GetDistAlpha
0x801C5BE0	0x2E8	.text	game/esp45.cpp	global	Esp45_HideCheck	Esp45_HideCheck
0x801C5EC8	0x68	.text	game/esp45.cpp	global	SetFreeWork__6cEsp45P10EspGenWorkPUl	cEsp45::SetFreeWork
0x801C5F30	0x20	.text	game/esp45.cpp	global	_._6cEsp45	cEsp45::~cEsp45
0x801C5F50	0x44	.text	game/esp46.cpp	global	Esp46_Create__Fv	Esp46_Create
0x801C5F94	0x30	.text	game/esp46.cpp	global	move__6cEsp46	cEsp46::move
0x801C5FC4	0x84	.text	game/esp46.cpp	global	Esp46_Trans__FP6cEsp46	Esp46_Trans
0x801C6048	0x80	.text	game/esp46.cpp	global	SetFreeWork__6cEsp46P10EspGenWorkPUl	cEsp46::SetFreeWork
0x801C60C8	0x20	.text	game/esp46.cpp	global	_._6cEsp46	cEsp46::~cEsp46
0x801C60E8	0x44	.text	game/esp47.cpp	global	Esp47_Create__Fv	Esp47_Create
0x801C612C	0x4C	.text	game/esp47.cpp	global	move__6cEsp47	cEsp47::move
0x801C6178	0x43C	.text	game/esp47.cpp	global	Esp47_Trans__FP4cEsp	Esp47_Trans
0x801C65B4	0x8	.text	game/esp47.cpp	global	SetFreeWork__6cEsp47P10EspGenWorkPUl	cEsp47::SetFreeWork
0x801C65BC	0x20	.text	game/esp47.cpp	global	_._6cEsp47	cEsp47::~cEsp47
0x801C65DC	0x44	.text	game/esp48.cpp	global	Esp48_Create__Fv	Esp48_Create
0x801C6620	0xE0	.text	game/esp48.cpp	global	move__6cEsp48	cEsp48::move
0x801C6700	0x90	.text	game/esp48.cpp	global	SetFreeWork__6cEsp48P10EspGenWorkPUl	cEsp48::SetFreeWork
0x801C6790	0x20	.text	game/esp48.cpp	global	_._6cEsp48	cEsp48::~cEsp48
0x801C67B0	0x44	.text	game/esp49.cpp	global	Esp49_Create__Fv	Esp49_Create
0x801C67F4	0x188	.text	game/esp49.cpp	global	move__6cEsp49	cEsp49::move
0x801C697C	0x94	.text	game/esp49.cpp	global	SetFreeWork__6cEsp49P10EspGenWorkPUl	cEsp49::SetFreeWork
0x801C6A10	0x20	.text	game/esp49.cpp	global	_._6cEsp49	cEsp49::~cEsp49
0x801C6A30	0x44	.text	game/esp4a.cpp	global	Esp4a_Create__Fv	Esp4a_Create
0x801C6A74	0xB0	.text	game/esp4a.cpp	global	move__6cEsp4a	cEsp4a::move
0x801C6B24	0x4	.text	game/esp4a.cpp	global	Esp4a_Trans__Fv	Esp4a_Trans
0x801C6B28	0x98	.text	game/esp4a.cpp	global	SetFreeWork__6cEsp4aP10EspGenWorkPUl	cEsp4a::SetFreeWork
0x801C6BC0	0x20	.text	game/esp4a.cpp	global	_._6cEsp4a	cEsp4a::~cEsp4a
0x801C6BE0	0x44	.text	game/esp4b.cpp	global	Esp4b_Create__Fv	Esp4b_Create
0x801C6C24	0x20	.text	game/esp4b.cpp	global	move__6cEsp4b	cEsp4b::move
0x801C6C44	0xDC	.text	game/esp4b.cpp	global	SetFreeWork__6cEsp4bP10EspGenWorkPUl	cEsp4b::SetFreeWork
0x801C6D20	0x20	.text	game/esp4b.cpp	local	_._6cEsp4b	cEsp4b::~cEsp4b
0x801C6D40	0x44	.text	game/esp4c.cpp	global	Esp4c_Create__Fv	Esp4c_Create
0x801C6D84	0x16C	.text	game/esp4c.cpp	global	move__6cEsp4c	cEsp4c::move
0x801C6EF0	0x4	.text	game/esp4c.cpp	global	Destruct__6cEsp4c	cEsp4c::Destruct
0x801C6EF4	0x4	.text	game/esp4c.cpp	global	Esp4c_Trans__Fv	Esp4c_Trans
0x801C6EF8	0x174	.text	game/esp4c.cpp	global	SetFreeWork__6cEsp4cP10EspGenWorkPUl	cEsp4c::SetFreeWork
0x801C706C	0x20	.text	game/esp4c.cpp	global	_._6cEsp4c	cEsp4c::~cEsp4c
0x801C708C	0x44	.text	game/esp4d.cpp	global	Esp4d_Create__Fv	Esp4d_Create
0x801C70D0	0x1F0	.text	game/esp4d.cpp	global	move__6cEsp4d	cEsp4d::move
0x801C72C0	0x4	.text	game/esp4d.cpp	global	Esp4d_Trans__Fv	Esp4d_Trans
0x801C72C4	0x64	.text	game/esp4d.cpp	global	SetFreeWork__6cEsp4dP10EspGenWorkPUl	cEsp4d::SetFreeWork
0x801C7328	0x20	.text	game/esp4d.cpp	global	_._6cEsp4d	cEsp4d::~cEsp4d
0x801C7348	0x44	.text	game/esp4e.cpp	global	Esp4e_Create	Esp4e_Create
0x801C738C	0x420	.text	game/esp4e.cpp	global	move__6cEsp4e	cEsp4e::move
0x801C77AC	0x2C	.text	game/esp4e.cpp	global	Destruct__6cEsp4e	cEsp4e::Destruct
0x801C77D8	0x4	.text	game/esp4e.cpp	global	Esp4e_Trans	Esp4e_Trans
0x801C77DC	0x414	.text	game/esp4e.cpp	global	SetFreeWork__6cEsp4eP10EspGenWorkPUl	cEsp4e::SetFreeWork
0x801C7BF0	0x20	.text	game/esp4e.cpp	global	_._6cEsp4e	cEsp4e::~cEsp4e
0x801C7C10	0x44	.text	game/esp4f.cpp	global	Esp4f_Create__Fv	Esp4f_Create
0x801C7C54	0xB4	.text	game/esp4f.cpp	global	move__6cEsp4f	cEsp4f::move
0x801C7D08	0x10	.text	game/esp4f.cpp	global	SetFreeWork__6cEsp4fP10EspGenWorkPUl	cEsp4f::SetFreeWork
0x801C7D18	0x20	.text	game/esp4f.cpp	global	_._6cEsp4f	cEsp4f::~cEsp4f
0x801C7D38	0x104	.text	game/et00.cpp	global	EtXX_init__FPvP10EtcSetDataPP9cEmWindowiPCcN24i	EtXX_init
0x801C7E3C	0x3C	.text	game/et00.cpp	global	Et00_init	Et00_init
0x801C7E78	0x3C	.text	game/et00.cpp	global	Et07_init	Et07_init
0x801C7EB4	0x3C	.text	game/et00.cpp	global	Et1d_init	Et1d_init
0x801C7EF0	0x3C	.text	game/et00.cpp	global	Et25_init	Et25_init
0x801C7F2C	0x3C	.text	game/et00.cpp	global	Et29_init	Et29_init
0x801C7F68	0x3C	.text	game/et00.cpp	global	Et2c_init	Et2c_init
0x801C7FA4	0x3C	.text	game/et00.cpp	global	Et35_init	Et35_init
0x801C7FE0	0x3C	.text	game/et00.cpp	global	Et36_init	Et36_init
0x801C801C	0x3C	.text	game/et00.cpp	global	Et44_init	Et44_init
0x801C8058	0x3C	.text	game/et00.cpp	global	Et48_init	Et48_init
0x801C8094	0x3C	.text	game/et00.cpp	global	Et4a_init	Et4a_init
0x801C80D0	0x3C	.text	game/et00.cpp	global	Et50_init	Et50_init
0x801C810C	0x3C	.text	game/et00.cpp	global	Et51_init	Et51_init
0x801C8148	0x3C	.text	game/et00.cpp	global	Et52_init	Et52_init
0x801C8184	0x3C	.text	game/et00.cpp	global	Et53_init	Et53_init
0x801C81C0	0x3C	.text	game/et00.cpp	global	Et54_init	Et54_init
0x801C81FC	0x3C	.text	game/et00.cpp	global	Et55_init	Et55_init
0x801C8238	0x3C	.text	game/et00.cpp	global	Et56_init	Et56_init
0x801C8274	0x3C	.text	game/et00.cpp	global	Et57_init	Et57_init
0x801C82B0	0x3C	.text	game/et00.cpp	global	Et58_init	Et58_init
0x801C82EC	0x3C	.text	game/et00.cpp	global	Et5a_init	Et5a_init
0x801C8328	0x3C	.text	game/et00.cpp	global	Et5b_init	Et5b_init
0x801C8364	0x3C	.text	game/et00.cpp	global	Et5c_init	Et5c_init
0x801C83A0	0x3C	.text	game/et00.cpp	global	Et5d_init	Et5d_init
0x801C83DC	0x3C	.text	game/et00.cpp	global	Et5e_init	Et5e_init
0x801C8418	0x3C	.text	game/et00.cpp	global	Et5f_init	Et5f_init
0x801C8454	0x3C	.text	game/et00.cpp	global	Et60_init	Et60_init
0x801C8490	0x3C	.text	game/et00.cpp	global	Et64_init	Et64_init
0x801C84CC	0x3C	.text	game/et00.cpp	global	Et65_init	Et65_init
0x801C8508	0xB8	.text	game/exception.cpp	global	ExceptionInit	ExceptionInit
0x801C85C0	0xF8	.text	game/exception.cpp	global	excepLoadSymbolSub	excepLoadSymbolSub
0x801C86B8	0x338	.text	game/exception.cpp	global	excepLoadSymbol	excepLoadSymbol
0x801C89F0	0x7C	.text	game/exception.cpp	global	excepGetSymbolName	excepGetSymbolName
0x801C8A6C	0xC8	.text	game/exception.cpp	global	excepGetSymbolNameSub	excepGetSymbolNameSub
0x801C8B34	0x274	.text	game/exception.cpp	global	excepMemoryDumpMove	excepMemoryDumpMove
0x801C8DA8	0x288	.text	game/exception.cpp	global	excepMemoryDump	excepMemoryDump
0x801C9030	0x270	.text	game/exception.cpp	global	excepRegConsoleDump	excepRegConsoleDump
0x801C92A0	0x754	.text	game/exception.cpp	global	ErrorHandler	ErrorHandler
0x801C99F4	0x50	.text	game/filter.cpp	global	FilterInit__Fv	FilterInit
0x801C9A44	0x50	.text	game/filter.cpp	global	FilterRoomInit__Fv	FilterRoomInit
0x801C9A94	0x90	.text	game/filter.cpp	global	FilterTrans__Fv	FilterTrans
0x801C9B24	0x48	.text	game/filter00.cpp	global	Filter00CommonInit__Fv	Filter00CommonInit
0x801C9B6C	0x80	.text	game/filter00.cpp	global	Filter00Init__Fv	Filter00Init
0x801C9BEC	0x20	.text	game/filter00.cpp	global	Filter00RoomInit__Fv	Filter00RoomInit
0x801C9C0C	0x54	.text	game/filter00.cpp	global	Filter00Trans__Fv	Filter00Trans
0x801C9C60	0xF2C	.text	game/filter00.cpp	global	Filter00Render__Fv	Filter00Render
0x801CAB8C	0x10	.text	game/filter00.cpp	global	Filter00SetContrast__FUcUcUc	Filter00SetContrast
0x801CAB9C	0x8	.text	game/filter00.cpp	global	Filter00SetAlpha__FUc	Filter00SetAlpha
0x801CABA4	0x8	.text	game/filter00.cpp	global	Filter00SetPower__FSc	Filter00SetPower
0x801CABAC	0x4C	.text	game/filter00.cpp	global	Filter00SetType__FUl	Filter00SetType
0x801CABF8	0x68	.text	game/filter00.cpp	global	Filter00SetAddSpread	Filter00SetAddSpread
0x801CAC60	0x57C	.text	game/filter00.cpp	global	Filter00RenderContrast__Fv	Filter00RenderContrast
0x801CB1DC	0x14	.text	game/filter02.cpp	global	Filter02Init__Fv	Filter02Init
0x801CB1F0	0x20	.text	game/filter02.cpp	global	Filter02RoomInit__Fv	Filter02RoomInit
0x801CB210	0x60	.text	game/filter02.cpp	global	Filter02Trans__Fv	Filter02Trans
0x801CB270	0x288	.text	game/filter02.cpp	global	Filter02GetEFB	Filter02GetEFB
0x801CB4F8	0x198	.text	game/filter02.cpp	global	Filter02Render	Filter02Render
0x801CB690	0x520	.text	game/filter02.cpp	global	Filter02GXDraw	Filter02GXDraw
0x801CBBB0	0x764	.text	game/filter02.cpp	global	Filter02DrawBuffer	Filter02DrawBuffer
0x801CC314	0xC1C	.text	game/filter02.cpp	global	Filter02DrawBuffer2	Filter02DrawBuffer2
0x801CCF30	0xC	.text	game/filter03.cpp	global	Filter03Init__Fv	Filter03Init
0x801CCF3C	0x68	.text	game/filter03.cpp	global	Filter03RoomInit__Fv	Filter03RoomInit
0x801CCFA4	0x84	.text	game/filter03.cpp	global	Filter03SetParam	Filter03SetParam
0x801CD028	0x78	.text	game/filter03.cpp	global	Filter03Trans__Fv	Filter03Trans
0x801CD0A0	0x1C0	.text	game/filter03.cpp	global	Filter03GetEFB	Filter03GetEFB
0x801CD260	0xBC	.text	game/filter03.cpp	global	Filter03Render	Filter03Render
0x801CD31C	0x42C	.text	game/filter03.cpp	global	Filter03GXDraw	Filter03GXDraw
0x801CD748	0x620	.text	game/filter03.cpp	local	Filter03DrawBuffer	Filter03DrawBuffer
0x801CDD68	0xC	.text	game/filter04.cpp	global	Filter04Init__Fv	Filter04Init
0x801CDD74	0x70	.text	game/filter04.cpp	global	Filter04RoomInit__Fv	Filter04RoomInit
0x801CDDE4	0x60	.text	game/filter04.cpp	global	Filter04Trans__Fv	Filter04Trans
0x801CDE44	0x1C8	.text	game/filter04.cpp	global	Filter04GetEFB	Filter04GetEFB
0x801CE00C	0xBC	.text	game/filter04.cpp	global	Filter04Render	Filter04Render
0x801CE0C8	0x4CC	.text	game/filter04.cpp	global	Filter04GXDraw	Filter04GXDraw
0x801CE594	0x708	.text	game/filter04.cpp	global	Filter04DrawBuffer	Filter04DrawBuffer
0x801CEC9C	0x20	.text	game/filter07.cpp	global	Filter07Init__Fv	Filter07Init
0x801CECBC	0x14	.text	game/filter07.cpp	global	Filter07RoomInit__Fv	Filter07RoomInit
0x801CECD0	0xF8	.text	game/filter07.cpp	global	Filter07Trans__Fv	Filter07Trans
0x801CEDC8	0x1C0	.text	game/filter07.cpp	global	Filter07GetEFB	Filter07GetEFB
0x801CEF88	0xA0	.text	game/filter07.cpp	global	Filter07Render	Filter07Render
0x801CF028	0x548	.text	game/filter07.cpp	local	Filter07GXDraw	Filter07GXDraw
0x801CF570	0x59C	.text	game/filter07.cpp	global	Filter07DrawBuffer	Filter07DrawBuffer
0x801CFB0C	0x20	.text	game/filter08.cpp	global	Filter08Init__Fv	Filter08Init
0x801CFB2C	0x30	.text	game/filter08.cpp	global	Filter08RoomInit__Fv	Filter08RoomInit
0x801CFB5C	0x1A0	.text	game/filter08.cpp	global	Filter08Trans__Fv	Filter08Trans
0x801CFCFC	0x280	.text	game/filter08.cpp	global	Filter08GetEFB	Filter08GetEFB
0x801CFF7C	0x9C	.text	game/filter08.cpp	local	Filter08Render	Filter08Render
0x801D0018	0x28	.text	game/filter08.cpp	global	setCoord	setCoord
0x801D0040	0x76C	.text	game/filter08.cpp	global	Filter08GXDraw	Filter08GXDraw
0x801D07AC	0x688	.text	game/filter08.cpp	global	Filter08DrawBuffer	Filter08DrawBuffer
0x801D0E34	0x20	.text	game/filter09.cpp	global	Filter09Init__Fv	Filter09Init
0x801D0E54	0x14	.text	game/filter09.cpp	global	Filter09RoomInit__Fv	Filter09RoomInit
0x801D0E68	0x1C0	.text	game/filter09.cpp	global	Filter09GetEFB	Filter09GetEFB
0x801D1028	0x174	.text	game/filter09.cpp	global	Filter09Render	Filter09Render
0x801D119C	0x478	.text	game/filter09.cpp	local	Filter09GXDraw	Filter09GXDraw
0x801D1614	0x3CC	.text	game/filter09.cpp	global	Filter09DrawBuffer	Filter09DrawBuffer
0x801D19E0	0xC	.text	game/filter09.cpp	global	Filter09GetEFB_801D19E0	Filter09GetEFB
0x801D19EC	0xC	.text	game/filter09.cpp	global	Filter09SetbUse	Filter09SetbUse
0x801D19F8	0x8	.text	game/filter09.cpp	global	Filter09GetbUse__Fv	Filter09GetbUse
0x801D1A00	0x800	.text	game/foot_shadow.cpp	global	DrawFootShadow	DrawFootShadow
0x801D2200	0x320	.text	game/foot_shadow.cpp	global	drawShadowParts	drawShadowParts
0x801D2520	0x450	.text	game/ik.cpp	global	IKInit	IKInit
0x801D2970	0x1C4	.text	game/ik.cpp	global	ikCalc	ikCalc
0x801D2B34	0x114	.text	game/ik.cpp	local	heel2toe	heel2toe
0x801D2C48	0xCAC	.text	game/ik.cpp	global	InverseKinematics	InverseKinematics
0x801D38F4	0x48	.text	game/mirror.cpp	global	MirrorDraw2__FP6cModel	MirrorDraw2
0x801D393C	0x4C8	.text	game/mirror.cpp	local	mirrorModelTrans2__FP6cModelP10cModelInfoPA3_f	mirrorModelTrans2
0x801D3E04	0x70	.text	game/yz2asm.cpp	global	yz2Decode_Decode	yz2Decode_Decode
0x801D3E74	0x24	.text	game/yz2asm.cpp	global	yz2Decode_loop	yz2Decode_loop
0x801D3E98	0xA4	.text	game/yz2asm.cpp	global	yz2Decode_L01	yz2Decode_L01
0x801D3F3C	0x14	.text	game/yz2asm.cpp	global	yz2Decode_L02	yz2Decode_L02
0x801D3F50	0x8	.text	game/yz2asm.cpp	local	yz2Decode_L03	yz2Decode_L03
0x801D3F58	0x14	.text	game/yz2asm.cpp	global	yz2Decode_str_trans_loop	yz2Decode_str_trans_loop
0x801D3F6C	0x50	.text	game/yz2asm.cpp	global	yz2Decode_dic_set	yz2Decode_dic_set
0x801D3FBC	0x14	.text	game/yz2asm.cpp	global	yz2Decode_end	yz2Decode_end
0x801D3FD0	0x220	.text	game/yz2asm.cpp	global	FrequencyDecode_Decode	FrequencyDecode_Decode
0x801D41F0	0x220	.text	game/yz2asm.cpp	global	FrequencyDecode_Decode768	FrequencyDecode_Decode768
0x801D4410	0x5C	.text	lib/dummy.c	global	__sn_serialp	__sn_serialp
0x801D446C	0x50	.text	lib/dummy.c	global	_write	_write
0x801D44BC	0x20	.text	lib/dummy.c	global	write	write
0x801D44DC	0x20	.text	lib/dummy.c	global	close	close
0x801D44FC	0x10	.text	lib/dummy.c	global	fstat	fstat
0x801D450C	0x20	.text	lib/dummy.c	global	lseek	lseek
0x801D452C	0x20	.text	lib/dummy.c	global	read	read
0x801D454C	0x7D0	.text	lib/e_pow.c	global	pow	pow
0x801D4D1C	0x214	.text	lib/e_sqrt.c	global	sqrt	sqrt
0x801D4F30	0xE0	.text	lib/s_cos.c	global	cos	cos
0x801D5010	0x6F4	.text	lib/ef_pow.c	global	powf	powf
0x801D5704	0xF4	.text	lib/k_cos.c	global	__kernel_cos	__kernel_cos
0x801D57F8	0xAC	.text	lib/k_sin.c	global	__kernel_sin	__kernel_sin
0x801D58A4	0x1C	.text	game/tolower.cpp	global	tolower	tolower
0x801D58C0	0x94	.text	game/fprintf.cpp	global	fprintf	fprintf
0x801D5954	0xAC	.text	game/printf.cpp	global	printf	printf
0x801D5A00	0x34	.text	game/vprintf.cpp	global	vprintf	vprintf
0x801D5A34	0x5C	.text	game/vsprintf.cpp	global	vsprintf	vsprintf
0x801D5A90	0x90	.text	game/memcmp.cpp	global	memcmp	memcmp
0x801D5B20	0xEC	.text	game/memmove.cpp	global	memmove	memmove
0x801D5C0C	0x70	.text	game/strcspn.cpp	global	strcspn	strcspn
0x801D5C7C	0xAC	.text	game/strncat.cpp	global	strncat	strncat
0x801D5D28	0x90	.text	lib/__main.c	global	__do_global_ctors	__do_global_ctors
0x801D5DB8	0x38	.text	lib/__main.c	global	__main	__main
0x801D5DF0	0xAC	.text	lib/OSAlloc.c	local	DLInsert	DLInsert
0x801D5E9C	0xFC	.text	lib/OSAlloc.c	global	OSAllocFromHeap	OSAllocFromHeap
0x801D5F98	0x7C	.text	lib/OSAlloc.c	global	OSFreeToHeap	OSFreeToHeap
0x801D6014	0x10	.text	lib/OSAlloc.c	global	OSSetCurrentHeap	OSSetCurrentHeap
0x801D6024	0x70	.text	lib/OSAlloc.c	global	OSInitAlloc	OSInitAlloc
0x801D6094	0x6C	.text	lib/OSAlloc.c	global	OSCreateHeap	OSCreateHeap
0x801D6100	0x24	.text	lib/OSAlloc.c	global	OSDestroyHeap	OSDestroyHeap
0x801D6124	0x360	.text	lib/OSAlloc.c	global	OSCheckHeap	OSCheckHeap
0x801D6484	0x174	.text	lib/OSFont.c	local	GetFontCode	GetFontCode
0x801D65F8	0x174	.text	lib/OSFont.c	local	Decode	Decode
0x801D676C	0x64	.text	lib/OSFont.c	global	OSGetFontEncode	OSGetFontEncode
0x801D67D0	0x324	.text	lib/OSFont.c	local	ReadFont	ReadFont
0x801D6AF4	0x13C	.text	lib/OSFont.c	local	ParseStringS	ParseStringS
0x801D6C30	0x3AC	.text	lib/OSFont.c	local	ExpandFontSheet	ExpandFontSheet
0x801D6FDC	0x20C	.text	lib/OSFont.c	global	OSInitFont	OSInitFont
0x801D71E8	0x170	.text	lib/OSFont.c	global	OSGetFontTexture	OSGetFontTexture
0x801D7358	0x58	.text	lib/OSSemaphore.c	global	OSInitSemaphore	OSInitSemaphore
0x801D73B0	0x70	.text	lib/OSSemaphore.c	global	OSWaitSemaphore	OSWaitSemaphore
0x801D7420	0x60	.text	lib/OSSemaphore.c	global	OSSignalSemaphore	OSSignalSemaphore
0x801D7480	0x2C	.text	lib/OSStopwatch.c	global	OSInitStopwatch	OSInitStopwatch
0x801D74AC	0x3C	.text	lib/OSStopwatch.c	global	OSStartStopwatch	OSStartStopwatch
0x801D74E8	0xCC	.text	lib/OSStopwatch.c	global	OSStopStopwatch	OSStopStopwatch
0x801D75B4	0x28	.text	lib/OSStopwatch.c	global	OSResetStopwatch	OSResetStopwatch
0x801D75DC	0x78	.text	lib/mtx44vec.c	global	PSMTX44MultVec	PSMTX44MultVec
0x801D7654	0x4C	.text	lib/psmtx.c	global	PSMTXReorder	PSMTXReorder
0x801D76A0	0x130	.text	lib/Padclamp.c	local	ClampStick	ClampStick
0x801D77D0	0x114	.text	lib/Padclamp.c	global	PADClamp	PADClamp
0x801D78E4	0x588	.text	lib/reverb_hi.c	local	ReverbHICreate	ReverbHICreate
0x801D7E6C	0x20C	.text	lib/reverb_hi.c	local	ReverbHIModify	ReverbHIModify
0x801D8078	0x190	.text	lib/reverb_hi.c	local	DoCrossTalk	DoCrossTalk
0x801D8208	0x50C	.text	lib/reverb_hi.c	local	HandleReverb	HandleReverb
0x801D8714	0x124	.text	lib/reverb_hi.c	local	ReverbHIFree	ReverbHIFree
0x801D8838	0x70	.text	lib/reverb_hi.c	global	AXFXReverbHiInit	AXFXReverbHiInit
0x801D88A8	0x4C	.text	lib/reverb_hi.c	global	AXFXReverbHiShutdown	AXFXReverbHiShutdown
0x801D88F4	0x78	.text	lib/reverb_hi.c	global	AXFXReverbHiSettings	AXFXReverbHiSettings
0x801D896C	0x104	.text	lib/reverb_hi.c	global	AXFXReverbHiCallback	AXFXReverbHiCallback
0x801D8A70	0x47C	.text	lib/reverb_std.c	local	ReverbSTDCreate	ReverbSTDCreate
0x801D8EEC	0x1E8	.text	lib/reverb_std.c	local	ReverbSTDModify	ReverbSTDModify
0x801D90D4	0x3B4	.text	lib/reverb_std.c	local	HandleReverb	HandleReverb
0x801D9488	0x124	.text	lib/reverb_std.c	local	ReverbSTDFree	ReverbSTDFree
0x801D95AC	0x6C	.text	lib/reverb_std.c	global	AXFXReverbStdInit	AXFXReverbStdInit
0x801D9618	0x4C	.text	lib/reverb_std.c	global	AXFXReverbStdShutdown	AXFXReverbStdShutdown
0x801D9664	0x74	.text	lib/reverb_std.c	global	AXFXReverbStdSettings	AXFXReverbStdSettings
0x801D96D8	0x30	.text	lib/reverb_std.c	global	AXFXReverbStdCallback	AXFXReverbStdCallback
0x801D9708	0x198	.text	lib/chorus.c	local	do_src1	do_src1
0x801D98A0	0x1EC	.text	lib/chorus.c	local	do_src2	do_src2
0x801D9A8C	0x248	.text	lib/chorus.c	global	AXFXChorusInit	AXFXChorusInit
0x801D9CD4	0x50	.text	lib/chorus.c	global	AXFXChorusShutdown	AXFXChorusShutdown
0x801D9D24	0x110	.text	lib/chorus.c	global	AXFXChorusSettings	AXFXChorusSettings
0x801D9E34	0x350	.text	lib/chorus.c	global	AXFXChorusCallback	AXFXChorusCallback
0x801DA184	0x1D0	.text	lib/delay.c	global	AXFXDelayCallback	AXFXDelayCallback
0x801DA354	0x2C8	.text	lib/delay.c	global	AXFXDelaySettings	AXFXDelaySettings
0x801DA61C	0x48	.text	lib/delay.c	global	AXFXDelayInit	AXFXDelayInit
0x801DA664	0xA0	.text	lib/delay.c	global	AXFXDelayShutdown	AXFXDelayShutdown
0x801DA704	0x570	.text	lib/reverb_hi_4ch.c	local	ReverbHICreateDpl2	ReverbHICreateDpl2
0x801DAC74	0x1E8	.text	lib/reverb_hi_4ch.c	local	ReverbHIModifyDpl2	ReverbHIModifyDpl2
0x801DAE5C	0x50C	.text	lib/reverb_hi_4ch.c	local	HandleReverbDpl2	HandleReverbDpl2
0x801DB368	0x124	.text	lib/reverb_hi_4ch.c	local	ReverbHIDpl2Free	ReverbHIDpl2Free
0x801DB48C	0x6C	.text	lib/reverb_hi_4ch.c	global	AXFXReverbHiInitDpl2	AXFXReverbHiInitDpl2
0x801DB4F8	0x4C	.text	lib/reverb_hi_4ch.c	global	AXFXReverbHiShutdownDpl2	AXFXReverbHiShutdownDpl2
0x801DB544	0x74	.text	lib/reverb_hi_4ch.c	global	AXFXReverbHiSettingsDpl2	AXFXReverbHiSettingsDpl2
0x801DB5B8	0x80	.text	lib/reverb_hi_4ch.c	global	AXFXReverbHiCallbackDpl2	AXFXReverbHiCallbackDpl2
0x801DB638	0x31C	.text	lib/GXDraw.c	global	GXDrawTorus	GXDrawTorus
0x801DB954	0xCC	.text	lib/GXDisplayList.c	global	GXBeginDisplayList	GXBeginDisplayList
0x801DBA20	0xC4	.text	lib/GXDisplayList.c	global	GXEndDisplayList	GXEndDisplayList
0x801DBAE4	0x70	.text	lib/GXDisplayList.c	global	GXCallDisplayList	GXCallDisplayList
0x801DBB54	0x1D8	.text	lib/mwsfdfrm.c	local	mwsffrm_AnalySofdecHeader	mwsffrm_AnalySofdecHeader
0x801DBD2C	0x58	.text	lib/mwsfdfrm.c	global	MWSFFRM_SetShfCbFn	MWSFFRM_SetShfCbFn
0x801DBD84	0xD8	.text	lib/mwsfdfrm.c	global	MWSFFRM_InitSfhInfTable	MWSFFRM_InitSfhInfTable
0x801DBE5C	0x78	.text	lib/mwsfdfrm.c	global	mwsffrm_AnalyFxType	mwsffrm_AnalyFxType
0x801DBED4	0x54	.text	lib/mwsfdfrm.c	global	mwPlyGetFxType	mwPlyGetFxType
0x801DBF28	0x184	.text	lib/mwsfdfrm.c	global	MWSFFRM_AnalyTotalFrmNum	MWSFFRM_AnalyTotalFrmNum
0x801DC0AC	0x50	.text	lib/mwsfdfrm.c	global	mwPlyGetNumSkipDisp	mwPlyGetNumSkipDisp
0x801DC0FC	0x98	.text	lib/mwsfdfrm.c	global	mwPlyRelCurFrm	mwPlyRelCurFrm
0x801DC194	0x60	.text	lib/mwsfdfrm.c	global	mwPlyCalcYccPlane	mwPlyCalcYccPlane
0x801DC1F4	0x20C	.text	lib/mwsfdfrm.c	global	mwl_convFrmInfFromSFD	mwl_convFrmInfFromSFD
0x801DC400	0x3B4	.text	lib/mwsfdfrm.c	global	mwPlyGetCurFrm	mwPlyGetCurFrm
0x801DC7B4	0x24	.text	lib/mwsfdsvm.c	global	MWSFSVM_GotoIdleBorder	MWSFSVM_GotoIdleBorder
0x801DC7D8	0xBC	.text	lib/mwsfdsvm.c	global	MWSFSVM_Error	MWSFSVM_Error
0x801DC894	0x20	.text	lib/mwsfdsvm.c	global	MWSFSVM_TestAndSet	MWSFSVM_TestAndSet
0x801DC8B4	0x34	.text	lib/mwsfdsvm.c	global	MWSFSVM_EntryMainFunc	MWSFSVM_EntryMainFunc
0x801DC8E8	0x34	.text	lib/mwsfdsvm.c	global	MWSFSVM_EntryIdleFunc	MWSFSVM_EntryIdleFunc
0x801DC91C	0x48	.text	lib/mwsfdsvm.c	global	MWSFSVM_EntryIdVfunc	MWSFSVM_EntryIdVfunc
0x801DC964	0x44	.text	lib/mwsfdsvm.c	global	MWSFSVM_Init	MWSFSVM_Init
0x801DC9A8	0x5C	.text	lib/mwsfdsfx.c	global	MWSFSFX_DecideCompoMode	MWSFSFX_DecideCompoMode
0x801DCA04	0x24	.text	lib/mwsfdsfx.c	global	MWSFD_IsFrmDivField	MWSFD_IsFrmDivField
0x801DCA28	0x24	.text	lib/mwsfdsfx.c	global	MWSFSFX_IsFrmCcs	MWSFSFX_IsFrmCcs
0x801DCA4C	0x24	.text	lib/mwsfdsfx.c	global	MWSFSFX_SetPicUsrDat	MWSFSFX_SetPicUsrDat
0x801DCA70	0x18C	.text	lib/mwsfdsfx.c	local	mwsftag_GetAinfFromSj	mwsftag_GetAinfFromSj
0x801DCBFC	0xB8	.text	lib/mwsfdsfx.c	global	MWSFTAG_UpdateTagInf	MWSFTAG_UpdateTagInf
0x801DCCB4	0x38	.text	lib/mwsfdsfx.c	global	MWSFTAG_ResetAinfSj	MWSFTAG_ResetAinfSj
0x801DCCEC	0x1C	.text	lib/mwsfdsfx.c	global	MWSFTAG_InitTagInf	MWSFTAG_InitTagInf
0x801DCD08	0x6C	.text	lib/mwsfdsfx.c	global	MWSFTAG_SetAinfSj	MWSFTAG_SetAinfSj
0x801DCD74	0x38	.text	lib/mwsfdsfx.c	global	MWSFTAG_DestroyAinfSj	MWSFTAG_DestroyAinfSj
0x801DCDAC	0x8C	.text	lib/mwsfdsfx.c	global	MWSFTAG_CreateAinfSj	MWSFTAG_CreateAinfSj
0x801DCE38	0x24	.text	lib/mwsfdsfx.c	global	MWSFTAG_IsUseAinfSj	MWSFTAG_IsUseAinfSj
0x801DCE5C	0x80	.text	lib/mwsfdsfx.c	global	mwPlyFxSetOutBufSize	mwPlyFxSetOutBufSize
0x801DCEDC	0x80	.text	lib/mwsfdsfx.c	global	mwPlyFxSetOutBufPitchHeight	mwPlyFxSetOutBufPitchHeight
0x801DCF5C	0x24	.text	lib/mwsfdsfx.c	global	MWSFD_SetColAdj	MWSFD_SetColAdj
0x801DCF80	0x24	.text	lib/mwsfdsfx.c	global	MWSFSFX_SetColAdj	MWSFSFX_SetColAdj
0x801DCFA4	0x24	.text	lib/mwsfdsfx.c	global	MWSFSFX_SetFxType	MWSFSFX_SetFxType
0x801DCFC8	0x24	.text	lib/mwsfdsfx.c	global	MWSFSFX_SetCompoMode	MWSFSFX_SetCompoMode
0x801DCFEC	0x26C	.text	lib/mwsfdsfx.c	global	MWSFSFX_CnvFrmInfToSfx	MWSFSFX_CnvFrmInfToSfx
0x801DD258	0x8	.text	lib/mwsfdsfx.c	global	MWSFSFX_GetSfxHn	MWSFSFX_GetSfxHn
0x801DD260	0x20	.text	lib/mwsfdsfx.c	global	MWSFSFX_Destroy	MWSFSFX_Destroy
0x801DD280	0x20	.text	lib/mwsfdsfx.c	global	MWSFSFX_Create	MWSFSFX_Create
0x801DD2A0	0x8	.text	lib/mwsfdsfx.c	global	MWSFSFX_CalcHnWorkSiz	MWSFSFX_CalcHnWorkSiz
0x801DD2A8	0x28	.text	lib/mwsfdsfx.c	global	mwsfsfx_SfxErrCbFn	mwsfsfx_SfxErrCbFn
0x801DD2D0	0x30	.text	lib/mwsfdsfx.c	global	MWSFSFX_Init	MWSFSFX_Init
0x801DD300	0x204	.text	lib/mwsfdcre.c	global	mwPlyGetHdrInf	mwPlyGetHdrInf
0x801DD504	0x180	.text	lib/mwsfdcre.c	global	mwSfdDestroy	mwSfdDestroy
0x801DD684	0x2C4	.text	lib/mwsfdcre.c	global	mwsfcre_MallocCompoWork	mwsfcre_MallocCompoWork
0x801DD948	0x1078	.text	lib/mwsfdcre.c	global	mwPlyCreateSofdec	mwPlyCreateSofdec
0x801DE9C0	0x100	.text	lib/mwsfdcre.c	global	MWSFCRE_ResetSfdHn	MWSFCRE_ResetSfdHn
0x801DEAC0	0xE70	.text	lib/mwsfdcre.c	local	mwsfcre_CreateSfd	mwsfcre_CreateSfd
0x801DF930	0x2A4	.text	lib/mwsfdcre.c	global	mwsfcre_MallocRfb	mwsfcre_MallocRfb
0x801DFBD4	0xF4	.text	lib/mwsfdcre.c	global	MWSFCRE_SetSupplySj	MWSFCRE_SetSupplySj
0x801DFCC8	0x84	.text	lib/mwsfdcre.c	global	mwPlyCalcWorkCprmSfd	mwPlyCalcWorkCprmSfd
0x801DFD4C	0x1DC	.text	lib/mwsfdcre.c	global	mwPlyCalcWorkSfd	mwPlyCalcWorkSfd
0x801DFF28	0x1B8	.text	lib/mwsfdlib.c	global	MWSFLIB_SfdErrFunc	MWSFLIB_SfdErrFunc
0x801E00E0	0x20	.text	lib/mwsfdlib.c	global	MWSFLIB_SetErrCode	MWSFLIB_SetErrCode
0x801E0100	0x10	.text	lib/mwsfdlib.c	global	MWSFD_GetPauseBdr	MWSFD_GetPauseBdr
0x801E0110	0x10	.text	lib/mwsfdlib.c	global	MWSFD_GetUsePicUsr	MWSFD_GetUsePicUsr
0x801E0120	0x2EC	.text	lib/mwsfdlib.c	global	mwPlyInitSfdFx	mwPlyInitSfdFx
0x801E040C	0x28	.text	lib/mwsfdlib.c	global	mwsflib_LscErrFunc	mwsflib_LscErrFunc
0x801E0434	0xC	.text	lib/mwsfdlib.c	global	MWSFLIB_GetLibWorkPtr	MWSFLIB_GetLibWorkPtr
0x801E0440	0x4C	.text	lib/mwsfdply.c	global	mwPlyChkSupply	mwPlyChkSupply
0x801E048C	0x5C	.text	lib/mwsfdply.c	global	MWSFPLY_SetFlowLimit	MWSFPLY_SetFlowLimit
0x801E04E8	0x118	.text	lib/mwsfdply.c	global	mwSfdPause	mwSfdPause
0x801E0600	0xD8	.text	lib/mwsfdply.c	global	mwSfdStop	mwSfdStop
0x801E06D8	0x98	.text	lib/mwsfdply.c	global	mwSfdStopDec	mwSfdStopDec
0x801E0770	0x294	.text	lib/mwsfdply.c	global	mwSfdStartSj	mwSfdStartSj
0x801E0A04	0x298	.text	lib/mwsfdply.c	global	mwSfdStartMem	mwSfdStartMem
0x801E0C9C	0x2C8	.text	lib/mwsfdply.c	global	mwSfdStartFnameSub	mwSfdStartFnameSub
0x801E0F64	0x84	.text	lib/mwsfdply.c	global	mwSfdStartFname	mwSfdStartFname
0x801E0FE8	0x50	.text	lib/mwsfdply.c	global	mwPlySfdStart	mwPlySfdStart
0x801E1038	0x54	.text	lib/mwsfdset.c	global	mwSfdGetOutPan	mwSfdGetOutPan
0x801E108C	0x50	.text	lib/mwsfdset.c	global	mwSfdSetOutPan	mwSfdSetOutPan
0x801E10DC	0x8C	.text	lib/mwsfdset.c	global	mwSfdGetOutVol	mwSfdGetOutVol
0x801E1168	0x78	.text	lib/mwsfdset.c	global	mwSfdSetOutVol	mwSfdSetOutVol
0x801E11E0	0xD0	.text	lib/mwsfdset.c	global	mwSfdGetTime	mwSfdGetTime
0x801E12B0	0x9C	.text	lib/mwsfdset.c	global	mwSfdGetStat	mwSfdGetStat
0x801E134C	0x18	.text	lib/mwsfdset.c	global	MWSFD_IsEnableHndl	MWSFD_IsEnableHndl
0x801E1364	0x48	.text	lib/mwsfdset.c	global	MWSFD_SetFlowLimit	MWSFD_SetFlowLimit
0x801E13AC	0x34	.text	lib/mwsfdset.c	global	MWSFD_SetCond	MWSFD_SetCond
0x801E13E0	0x9C	.text	lib/mwsfdset.c	global	mwPlyGetNumSkipDec	mwPlyGetNumSkipDec
0x801E147C	0x54	.text	lib/mwsfdset.c	global	mwPlyGetSfdHn	mwPlyGetSfdHn
0x801E14D0	0xA4	.text	lib/mwsfdsvr.c	global	mwlSfdSleepDecSvr	mwlSfdSleepDecSvr
0x801E1574	0x8	.text	lib/mwsfdsvr.c	global	MWSFSVR_SetHnSfdSvrFlg	MWSFSVR_SetHnSfdSvrFlg
0x801E157C	0x8	.text	lib/mwsfdsvr.c	global	MWSFSVR_SetHnMwplySvrFlg	MWSFSVR_SetHnMwplySvrFlg
0x801E1584	0x30	.text	lib/mwsfdsvr.c	global	MWSFSVR_SetMwsfdSvrFlg	MWSFSVR_SetMwsfdSvrFlg
0x801E15B4	0xB8	.text	lib/mwsfdsvr.c	local	mwsfd_ExecSvrHndl	mwsfd_ExecSvrHndl
0x801E166C	0xA8	.text	lib/mwsfdsvr.c	global	mwSfdExecSvrHndl	mwSfdExecSvrHndl
0x801E1714	0x114	.text	lib/mwsfdsvr.c	global	MWSFSVR_DecodeServer	MWSFSVR_DecodeServer
0x801E1828	0x90	.text	lib/mwsfdsvr.c	global	mwSfdVsync	mwSfdVsync
0x801E18B8	0x60	.text	lib/mwsfdsvr.c	global	MWSFSVR_IdleThrdProc	MWSFSVR_IdleThrdProc
0x801E1918	0xDC	.text	lib/mwsfdsvr.c	global	MWSFSVR_MainThrdProc	MWSFSVR_MainThrdProc
0x801E19F4	0xA8	.text	lib/mwsfdsvr.c	global	MWSFSVR_VsyncThrdProc	MWSFSVR_VsyncThrdProc
0x801E1A9C	0x2F8	.text	lib/mwsfdsvr.c	global	mwSfdExecDecSvrHndl	mwSfdExecDecSvrHndl
0x801E1D94	0x19C	.text	lib/mwsfdsst.c	global	MWSST_Destroy	MWSST_Destroy
0x801E1F30	0x128	.text	lib/mwsfdsst.c	global	MWSST_Reset	MWSST_Reset
0x801E2058	0xA0	.text	lib/mwsfdsst.c	global	MWSST_GetOutVol	MWSST_GetOutVol
0x801E20F8	0x8C	.text	lib/mwsfdsst.c	global	MWSST_SetOutVol	MWSST_SetOutVol
0x801E2184	0x8C	.text	lib/mwsfdsst.c	global	MWSST_Pause	MWSST_Pause
0x801E2210	0xA0	.text	lib/mwsfdsst.c	global	MWSST_GetStat	MWSST_GetStat
0x801E22B0	0x8C	.text	lib/mwsfdsst.c	global	MWSST_Stop	MWSST_Stop
0x801E233C	0x90	.text	lib/mwsfdsst.c	global	MWSST_StartSj	MWSST_StartSj
0x801E23CC	0xB0	.text	lib/mwsfx_ARGB8888PLN.c	global	mwPlyFxCnvFrmARGB8888	mwPlyFxCnvFrmARGB8888
0x801E247C	0xC0	.text	lib/mwsfx_Y84C44.c	global	mwPlyFxCnvFrmY84C44	mwPlyFxCnvFrmY84C44
0x801E253C	0xC8	.text	lib/sud_lib.c	global	SUD_SearchSudDat	SUD_SearchSudDat
0x801E2604	0x50	.text	lib/sud_lib.c	global	SUD_AnalyTypeCcs	SUD_AnalyTypeCcs
0x801E2654	0x50	.text	lib/sud_lib.c	global	SUD_AnalyTypeDivField	SUD_AnalyTypeDivField
0x801E26A4	0x30	.text	lib/sud_lib.c	global	SUD_Init	SUD_Init
0x801E26D4	0x8	.text	lib/sfx_set.c	global	SFX_GetColAdj	SFX_GetColAdj
0x801E26DC	0x8	.text	lib/sfx_set.c	global	SFX_SetColAdj	SFX_SetColAdj
0x801E26E4	0x30	.text	lib/sfx_set.c	global	SFX_GetTagInf	SFX_GetTagInf
0x801E2714	0x9C	.text	lib/sfx_set.c	global	SFX_SetTagInf	SFX_SetTagInf
0x801E27B0	0x8	.text	lib/sfx_set.c	global	SFX_SetUnitWidth	SFX_SetUnitWidth
0x801E27B8	0xC	.text	lib/sfx_set.c	global	SFX_SetOutBufSize	SFX_SetOutBufSize
0x801E27C4	0x8	.text	lib/sfx_set.c	global	SFX_GetFxType	SFX_GetFxType
0x801E27CC	0x8	.text	lib/sfx_set.c	global	SFX_SetFxType	SFX_SetFxType
0x801E27D4	0x8	.text	lib/sfx_set.c	global	SFX_SetCompoMode	SFX_SetCompoMode
0x801E27DC	0x478	.text	lib/sfx_cnv.c	global	SFX_MakeTable	SFX_MakeTable
0x801E2C54	0x64	.text	lib/sfx_cnv.c	global	SFX_DecideTableAlph3	SFX_DecideTableAlph3
0x801E2CB8	0xCC	.text	lib/sfx_cnv.c	global	sfxcnv_IsCnvUpHalf	sfxcnv_IsCnvUpHalf
0x801E2D84	0x2C	.text	lib/sfx_cnv.c	global	SFX_SetBottomUpPlnBuf	SFX_SetBottomUpPlnBuf
0x801E2DB0	0x10	.text	lib/sfx_lib.c	global	SFX_GetCcirFx	SFX_GetCcirFx
0x801E2DC0	0x4C	.text	lib/sfx_lib.c	global	SFXLIB_Error	SFXLIB_Error
0x801E2E0C	0x60	.text	lib/sfx_lib.c	global	SFX_Destroy	SFX_Destroy
0x801E2E6C	0x280	.text	lib/sfx_lib.c	global	SFX_Create	SFX_Create
0x801E30EC	0x14	.text	lib/sfx_lib.c	global	SFX_SetErrFn	SFX_SetErrFn
0x801E3100	0x8C	.text	lib/sfx_lib.c	global	SFX_Init	SFX_Init
0x801E318C	0x8	.text	lib/sfx_alp.c	global	SFXA_IsNeedUpdateLumiTbl	SFXA_IsNeedUpdateLumiTbl
0x801E3194	0x34	.text	lib/sfx_alp.c	global	SFXA_MakeAlp3211Tbl	SFXA_MakeAlp3211Tbl
0x801E31C8	0x34	.text	lib/sfx_alp.c	global	SFXA_MakeAlp3110Tbl	SFXA_MakeAlp3110Tbl
0x801E31FC	0x44	.text	lib/sfx_alp.c	global	SFXA_MakeAlpLumiTbl	SFXA_MakeAlpLumiTbl
0x801E3240	0x24	.text	lib/sfx_alp.c	global	SFXA_Destroy	SFXA_Destroy
0x801E3264	0x90	.text	lib/sfx_alp.c	global	SFXA_Create	SFXA_Create
0x801E32F4	0x40	.text	lib/sfx_alp.c	global	SFXA_Init	SFXA_Init
0x801E3334	0x490	.text	lib/sfx_zmv.c	global	sfxzmv_MakeCnvZTbl	sfxzmv_MakeCnvZTbl
0x801E37C4	0x138	.text	lib/sfx_zmv.c	global	SFXZ_MakeCnvZTbl	SFXZ_MakeCnvZTbl
0x801E38FC	0x6F0	.text	lib/sfx_zmv.c	global	sfxzmv_MakeOrgZ32TblByCCIR	sfxzmv_MakeOrgZ32TblByCCIR
0x801E3FEC	0x320	.text	lib/sfx_zmv.c	global	sfxzmv_MakeOrgZ32TblByDirect	sfxzmv_MakeOrgZ32TblByDirect
0x801E430C	0xD8	.text	lib/sfx_zmv.c	global	SFXZ_SetTagInf	SFXZ_SetTagInf
0x801E43E4	0x24	.text	lib/sfx_zmv.c	global	SFXZ_Destroy	SFXZ_Destroy
0x801E4408	0x80	.text	lib/sfx_zmv.c	global	SFXZ_Create	SFXZ_Create
0x801E4488	0x48	.text	lib/sfx_zmv.c	global	SFXZ_Init	SFXZ_Init
0x801E44D0	0x2C	.text	lib/sfx_sud.c	global	SFX_GetTypeCcs	SFX_GetTypeCcs
0x801E44FC	0x2C	.text	lib/sfx_sud.c	global	SFX_GetTypeDivField	SFX_GetTypeDivField
0x801E4528	0xC	.text	lib/sfx_sud.c	global	SFX_SetPicUsrDat	SFX_SetPicUsrDat
0x801E4534	0x20	.text	lib/sfx_sud.c	global	SFXSUD_Init	SFXSUD_Init
0x801E4554	0xA0	.text	lib/sfx_cnv_to_ARGB8888PLN.c	global	SFX_CnvFrmARGB8888	SFX_CnvFrmARGB8888
0x801E45F4	0x94	.text	lib/sfx_cnv_to_Y84C44.c	global	SFX_CnvFrmY84C44	SFX_CnvFrmY84C44
0x801E4688	0x200	.text	lib/sfx_YCC420PLN_to_ARGB8888PLN.c	global	sfxcnv_CnvAlphFulYcc420plnToArgb8888	sfxcnv_CnvAlphFulYcc420plnToArgb8888
0x801E4888	0x7C4	.text	lib/sfx_YCC420PLN_to_ARGB8888PLN.c	global	SFX_CnvFrmYcc420plnToArgb8888	SFX_CnvFrmYcc420plnToArgb8888
0x801E504C	0x160	.text	lib/sfx_YCC420PLN_to_Y84C44.c	global	SFX_CnvFrmYcc420plnToY84C44	SFX_CnvFrmYcc420plnToY84C44
0x801E51AC	0xD0	.text	lib/sfd_adxt.c	global	SFADXT_Seek	SFADXT_Seek
0x801E527C	0x28	.text	lib/sfd_adxt.c	global	SFADXT_AddRead	SFADXT_AddRead
0x801E52A4	0x28	.text	lib/sfd_adxt.c	global	SFADXT_GetRead	SFADXT_GetRead
0x801E52CC	0x28	.text	lib/sfd_adxt.c	global	SFADXT_AddWrite	SFADXT_AddWrite
0x801E52F4	0x28	.text	lib/sfd_adxt.c	local	SFADXT_GetWrite	SFADXT_GetWrite
0x801E531C	0x14C	.text	lib/sfd_adxt.c	global	SFADXT_Pause	SFADXT_Pause
0x801E5468	0x2C	.text	lib/sfd_adxt.c	global	SFADXT_Stop	SFADXT_Stop
0x801E5494	0x60	.text	lib/sfd_adxt.c	global	SFADXT_Start	SFADXT_Start
0x801E54F4	0x8	.text	lib/sfd_adxt.c	global	SFADXT_Standby	SFADXT_Standby
0x801E54FC	0xE4	.text	lib/sfd_adxt.c	local	SFADXT_Destroy	SFADXT_Destroy
0x801E55E0	0xFC	.text	lib/sfd_adxt.c	global	sfadxt_GetTime	sfadxt_GetTime
0x801E56DC	0x210	.text	lib/sfd_adxt.c	global	sfadxt_InitInf	sfadxt_InitInf
0x801E58EC	0x1B8	.text	lib/sfd_adxt.c	global	SFADXT_Create	SFADXT_Create
0x801E5AA4	0x130	.text	lib/sfd_adxt.c	global	sfadxt_ExcludeSilence	sfadxt_ExcludeSilence
0x801E5BD4	0x174	.text	lib/sfd_adxt.c	global	sfadxt_ExcludeHdr	sfadxt_ExcludeHdr
0x801E5D48	0x280	.text	lib/sfd_adxt.c	global	sfadxt_AdjustSync	sfadxt_AdjustSync
0x801E5FC8	0x110	.text	lib/sfd_adxt.c	global	sfadxt_CopyData	sfadxt_CopyData
0x801E60D8	0x428	.text	lib/sfd_adxt.c	local	sfadxt_ExecServerSub	sfadxt_ExecServerSub
0x801E6500	0x20	.text	lib/sfd_adxt.c	global	SFADXT_ExecServer	SFADXT_ExecServer
0x801E6520	0x28	.text	lib/sfd_adxt.c	global	SFADXT_Finish	SFADXT_Finish
0x801E6548	0x3C	.text	lib/sfd_adxt.c	global	SFADXT_Init	SFADXT_Init
0x801E6584	0x54	.text	lib/sfd_adxt.c	global	SFD_SetAdxtPara	SFD_SetAdxtPara
0x801E65D8	0xBC	.text	lib/sfd_adxt.c	global	SFADXT_SetSpeed	SFADXT_SetSpeed
0x801E6694	0x28	.text	lib/sfd_adxt.c	local	SFADXT_GetOutVol	SFADXT_GetOutVol
0x801E66BC	0x28	.text	lib/sfd_adxt.c	global	SFADXT_SetOutVol	SFADXT_SetOutVol
0x801E66E4	0x28	.text	lib/sfd_adxt.c	global	SFADXT_GetOutPan	SFADXT_GetOutPan
0x801E670C	0x28	.text	lib/sfd_adxt.c	global	SFADXT_SetOutPan	SFADXT_SetOutPan
0x801E6734	0x78	.text	lib/sfd_adxt.c	global	SFADXT_IsHeader	SFADXT_IsHeader
0x801E67AC	0x8	.text	lib/sfd_aoap.c	global	SFAOAP_Seek	SFAOAP_Seek
0x801E67B4	0x28	.text	lib/sfd_aoap.c	global	SFAOAP_AddRead	SFAOAP_AddRead
0x801E67DC	0x28	.text	lib/sfd_aoap.c	global	SFAOAP_GetRead	SFAOAP_GetRead
0x801E6804	0x28	.text	lib/sfd_aoap.c	global	SFAOAP_AddWrite	SFAOAP_AddWrite
0x801E682C	0x28	.text	lib/sfd_aoap.c	global	SFAOAP_GetWrite	SFAOAP_GetWrite
0x801E6854	0x78	.text	lib/sfd_aoap.c	global	SFAOAP_Pause	SFAOAP_Pause
0x801E68CC	0x6C	.text	lib/sfd_aoap.c	global	SFAOAP_Stop	SFAOAP_Stop
0x801E6938	0x6C	.text	lib/sfd_aoap.c	global	SFAOAP_Start	SFAOAP_Start
0x801E69A4	0x6C	.text	lib/sfd_aoap.c	global	SFAOAP_Standby	SFAOAP_Standby
0x801E6A10	0x8	.text	lib/sfd_aoap.c	global	SFAOAP_Destroy	SFAOAP_Destroy
0x801E6A18	0x4C	.text	lib/sfd_aoap.c	global	SFAOAP_Create	SFAOAP_Create
0x801E6A64	0xB4	.text	lib/sfd_aoap.c	global	SFAOAP_ExecServer	SFAOAP_ExecServer
0x801E6B18	0x8	.text	lib/sfd_aoap.c	global	SFAOAP_Finish	SFAOAP_Finish
0x801E6B20	0x8	.text	lib/sfd_aoap.c	global	SFAOAP_Init	SFAOAP_Init
0x801E6B28	0x64	.text	lib/sfd_aoap.c	global	SFAOAP_SetSpeed	SFAOAP_SetSpeed
0x801E6B8C	0x7C	.text	lib/sfd_aoap.c	global	SFD_GetOutVol	SFD_GetOutVol
0x801E6C08	0x80	.text	lib/sfd_aoap.c	global	SFD_SetOutVol	SFD_SetOutVol
0x801E6C88	0x8C	.text	lib/sfd_aoap.c	global	SFD_GetOutPan	SFD_GetOutPan
0x801E6D14	0x90	.text	lib/sfd_aoap.c	global	SFD_SetOutPan	SFD_SetOutPan
0x801E6DA4	0x2C	.text	lib/sfd_buf.c	global	SFBUF_UpdateFlowCnt	SFBUF_UpdateFlowCnt
0x801E6DD0	0x100	.text	lib/sfd_buf.c	global	SFBUF_GetFlowCnt	SFBUF_GetFlowCnt
0x801E6ED0	0x118	.text	lib/sfd_buf.c	global	SFBUF_RingGetDataSiz	SFBUF_RingGetDataSiz
0x801E6FE8	0x10	.text	lib/sfd_buf.c	global	SFBUF_GetTermFlg	SFBUF_GetTermFlg
0x801E6FF8	0x10	.text	lib/sfd_buf.c	global	SFBUF_SetTermFlg	SFBUF_SetTermFlg
0x801E7008	0x10	.text	lib/sfd_buf.c	global	SFBUF_GetPrepFlg	SFBUF_GetPrepFlg
0x801E7018	0x10	.text	lib/sfd_buf.c	global	SFBUF_SetPrepFlg	SFBUF_SetPrepFlg
0x801E7028	0x64	.text	lib/sfd_buf.c	global	SFBUF_VfrmAddRead	SFBUF_VfrmAddRead
0x801E708C	0x4C	.text	lib/sfd_buf.c	global	SFBUF_VfrmGetRead	SFBUF_VfrmGetRead
0x801E70D8	0x20	.text	lib/sfd_buf.c	global	SFBUF_AddRtotSj	SFBUF_AddRtotSj
0x801E70F8	0x54	.text	lib/sfd_buf.c	global	SFBUF_RingGetSj	SFBUF_RingGetSj
0x801E714C	0x94	.text	lib/sfd_buf.c	global	SFBUF_GetWTot	SFBUF_GetWTot
0x801E71E0	0x10	.text	lib/sfd_buf.c	global	SFBUF_GetRTot	SFBUF_GetRTot
0x801E71F0	0x10	.text	lib/sfd_buf.c	global	SFBUF_GetRingBufSiz	SFBUF_GetRingBufSiz
0x801E7200	0x5C	.text	lib/sfd_buf.c	global	SFBUF_RingSetDlm	SFBUF_RingSetDlm
0x801E725C	0x64	.text	lib/sfd_buf.c	global	SFBUF_RingGetDlm	SFBUF_RingGetDlm
0x801E72C0	0x238	.text	lib/sfd_buf.c	global	SFBUF_RingAddRead	SFBUF_RingAddRead
0x801E74F8	0x128	.text	lib/sfd_buf.c	global	SFBUF_RingAddWrite	SFBUF_RingAddWrite
0x801E7620	0x15C	.text	lib/sfd_buf.c	global	SFBUF_RingGetRead	SFBUF_RingGetRead
0x801E777C	0x15C	.text	lib/sfd_buf.c	global	SFBUF_RingGetWrite	SFBUF_RingGetWrite
0x801E78D8	0x34	.text	lib/sfd_buf.c	global	SFBUF_GetUoch	SFBUF_GetUoch
0x801E790C	0x34	.text	lib/sfd_buf.c	global	SFBUF_SetUoch	SFBUF_SetUoch
0x801E7940	0x1B8	.text	lib/sfd_buf.c	global	SFBUF_SetSupplySj	SFBUF_SetSupplySj
0x801E7AF8	0xCC	.text	lib/sfd_buf.c	global	SFBUF_DestroySj	SFBUF_DestroySj
0x801E7BC4	0x6D0	.text	lib/sfd_buf.c	global	SFBUF_InitHn	SFBUF_InitHn
0x801E8294	0xA0	.text	lib/sfd_buf.c	global	SFBUF_Init	SFBUF_Init
0x801E8334	0xBC	.text	lib/sfd_con.c	global	SFCON_ReadTotSmplQue	SFCON_ReadTotSmplQue
0x801E83F0	0xA8	.text	lib/sfd_con.c	global	SFCON_WriteTotSmplQue	SFCON_WriteTotSmplQue
0x801E8498	0x80	.text	lib/sfd_con.c	global	SFCON_UpdateConcatTime	SFCON_UpdateConcatTime
0x801E8518	0x58	.text	lib/sfd_con.c	global	SFCON_IsVideoEndcodeSkip	SFCON_IsVideoEndcodeSkip
0x801E8570	0x58	.text	lib/sfd_con.c	global	SFCON_IsSystemEndcodeSkip	SFCON_IsSystemEndcodeSkip
0x801E85C8	0x30	.text	lib/sfd_con.c	global	SFCON_IsEndcodeSkip	SFCON_IsEndcodeSkip
0x801E85F8	0x5C	.text	lib/sfd_con.c	global	SFD_SetConcatPlay	SFD_SetConcatPlay
0x801E8654	0x134	.text	lib/sfd_cre.c	global	sfcre_AnalyMpv	sfcre_AnalyMpv
0x801E8788	0x2F0	.text	lib/sfd_cre.c	global	sfcre_AnalyAdx	sfcre_AnalyAdx
0x801E8A78	0x254	.text	lib/sfd_cre.c	global	sfcre_AnalyAudio	sfcre_AnalyAudio
0x801E8CCC	0x2D4	.text	lib/sfd_cre.c	global	sfcre_AnalyMps	sfcre_AnalyMps
0x801E8FA0	0x1F8	.text	lib/sfd_cre.c	global	sfcre_AnalyCreInf	sfcre_AnalyCreInf
0x801E9198	0xAC	.text	lib/sfd_cre.c	global	SFD_AnalyCreInf	SFD_AnalyCreInf
0x801E9244	0x34	.text	lib/sfd_hds.c	global	SFHDS_GetColType	SFHDS_GetColType
0x801E9278	0x28	.text	lib/sfd_hds.c	global	SFHDS_GetMuxVerNum	SFHDS_GetMuxVerNum
0x801E92A0	0x614	.text	lib/sfd_hds.c	global	sfhds_DoProcessHdr	sfhds_DoProcessHdr
0x801E98B4	0x54	.text	lib/sfd_hds.c	global	SFHDS_ProcessHdr	SFHDS_ProcessHdr
0x801E9908	0xAC	.text	lib/sfd_hds.c	global	SFHDS_ReprocessHdr	SFHDS_ReprocessHdr
0x801E99B4	0x144	.text	lib/sfd_hds.c	global	sfhds_SetHdrRaw	sfhds_SetHdrRaw
0x801E9AF8	0x5C	.text	lib/sfd_hds.c	global	SFHDS_IsSfdHeader	SFHDS_IsSfdHeader
0x801E9B54	0x118	.text	lib/sfd_hds.c	global	SFHDS_SetHdr	SFHDS_SetHdr
0x801E9C6C	0x14	.text	lib/sfd_hds.c	global	SFHDS_FinishFhd	SFHDS_FinishFhd
0x801E9C80	0x1C	.text	lib/sfd_hds.c	global	SFHDS_InitFhd	SFHDS_InitFhd
0x801E9C9C	0x2C	.text	lib/sfd_hds.c	global	SFHDS_Init	SFHDS_Init
0x801E9CC8	0x20	.text	lib/sfd_lib.c	global	SFLIB_UnlockCs	SFLIB_UnlockCs
0x801E9CE8	0x20	.text	lib/sfd_lib.c	global	SFLIB_LockCs	SFLIB_LockCs
0x801E9D08	0x2C	.text	lib/sfd_lib.c	global	SFLIB_CheckHn	SFLIB_CheckHn
0x801E9D34	0xCC	.text	lib/sfd_lib.c	global	SFD_SetErrFn	SFD_SetErrFn
0x801E9E00	0xDC	.text	lib/sfd_lib.c	global	SFLIB_SetErr	SFLIB_SetErr
0x801E9EDC	0x1C	.text	lib/sfd_lib.c	global	SFLIB_InitErrInf	SFLIB_InitErrInf
0x801E9EF8	0x120	.text	lib/sfd_lib.c	global	SFD_Init	SFD_Init
0x801EA018	0x10	.text	lib/sfd_lib.c	global	SFD_IsVersionCompatible	SFD_IsVersionCompatible
0x801EA028	0x8	.text	lib/sfd_mem.c	global	SFMEM_Seek	SFMEM_Seek
0x801EA030	0x28	.text	lib/sfd_mem.c	global	SFMEM_AddRead	SFMEM_AddRead
0x801EA058	0x28	.text	lib/sfd_mem.c	global	SFMEM_GetRead	SFMEM_GetRead
0x801EA080	0x30	.text	lib/sfd_mem.c	global	SFMEM_AddWrite	SFMEM_AddWrite
0x801EA0B0	0x28	.text	lib/sfd_mem.c	global	SFMEM_GetWrite	SFMEM_GetWrite
0x801EA0D8	0x8	.text	lib/sfd_mem.c	global	SFMEM_Pause	SFMEM_Pause
0x801EA0E0	0x8	.text	lib/sfd_mem.c	global	SFMEM_Stop	SFMEM_Stop
0x801EA0E8	0x8	.text	lib/sfd_mem.c	global	SFMEM_Start	SFMEM_Start
0x801EA0F0	0x8	.text	lib/sfd_mem.c	global	SFMEM_Standby	SFMEM_Standby
0x801EA0F8	0x8	.text	lib/sfd_mem.c	global	SFMEM_Destroy	SFMEM_Destroy
0x801EA100	0x8	.text	lib/sfd_mem.c	global	SFMEM_Create	SFMEM_Create
0x801EA108	0x2C	.text	lib/sfd_mem.c	global	SFMEM_ExecServer	SFMEM_ExecServer
0x801EA134	0x8	.text	lib/sfd_mem.c	global	SFMEM_Finish	SFMEM_Finish
0x801EA13C	0x8	.text	lib/sfd_mem.c	global	SFMEM_Init	SFMEM_Init
0x801EA144	0xC	.text	lib/sfd_mps.c	global	SFMPS_GetConcatCnt	SFMPS_GetConcatCnt
0x801EA150	0x12C	.text	lib/sfd_mps.c	local	SFMPS_Seek	SFMPS_Seek
0x801EA27C	0x28	.text	lib/sfd_mps.c	global	SFMPS_AddRead	SFMPS_AddRead
0x801EA2A4	0x28	.text	lib/sfd_mps.c	global	SFMPS_GetRead	SFMPS_GetRead
0x801EA2CC	0x28	.text	lib/sfd_mps.c	global	SFMPS_AddWrite	SFMPS_AddWrite
0x801EA2F4	0x28	.text	lib/sfd_mps.c	global	SFMPS_GetWrite	SFMPS_GetWrite
0x801EA31C	0x8	.text	lib/sfd_mps.c	global	SFMPS_Pause	SFMPS_Pause
0x801EA324	0x8	.text	lib/sfd_mps.c	global	SFMPS_Stop	SFMPS_Stop
0x801EA32C	0x8	.text	lib/sfd_mps.c	global	SFMPS_Start	SFMPS_Start
0x801EA334	0x8	.text	lib/sfd_mps.c	global	SFMPS_Standby	SFMPS_Standby
0x801EA33C	0x54	.text	lib/sfd_mps.c	global	SFMPS_Destroy	SFMPS_Destroy
0x801EA390	0x20	.text	lib/sfd_mps.c	global	sfmps_ErrFn	sfmps_ErrFn
0x801EA3B0	0x1C0	.text	lib/sfd_mps.c	global	SFMPS_Create	SFMPS_Create
0x801EA570	0x37C	.text	lib/sfd_mps.c	local	sfmps_ProcPrep	sfmps_ProcPrep
0x801EA8EC	0x190	.text	lib/sfd_mps.c	global	sfmps_CopyDstBuft	sfmps_CopyDstBuft
0x801EAA7C	0x8	.text	lib/sfd_mps.c	global	sfmps_CopyPadding	sfmps_CopyPadding
0x801EAA84	0x364	.text	lib/sfd_mps.c	global	sfmps_CopyPrvate	sfmps_CopyPrvate
0x801EADE8	0x244	.text	lib/sfd_mps.c	global	sfmps_CopyVideo	sfmps_CopyVideo
0x801EB02C	0x194	.text	lib/sfd_mps.c	global	sfmps_CopyAudio	sfmps_CopyAudio
0x801EB1C0	0x2B8	.text	lib/sfd_mps.c	global	sfmps_CopyPketData	sfmps_CopyPketData
0x801EB478	0x674	.text	lib/sfd_mps.c	global	sfmps_DecodeOneUnit	sfmps_DecodeOneUnit
0x801EBAEC	0x1DC	.text	lib/sfd_mps.c	global	sfmps_ExecServerSub	sfmps_ExecServerSub
0x801EBCC8	0x20	.text	lib/sfd_mps.c	local	SFMPS_ExecServer	SFMPS_ExecServer
0x801EBCE8	0x24	.text	lib/sfd_mps.c	global	SFMPS_Finish	SFMPS_Finish
0x801EBD0C	0x8C	.text	lib/sfd_mps.c	global	SFMPS_Init	SFMPS_Init
0x801EBD98	0x8C	.text	lib/sfd_mps.c	global	SFD_SetElementOutSj	SFD_SetElementOutSj
0x801EBE24	0x174	.text	lib/sfd_mpv.c	global	SFMPV_Seek	SFMPV_Seek
0x801EBF98	0xBC	.text	lib/sfd_mpv.c	global	SFMPV_AddRead	SFMPV_AddRead
0x801EC054	0x264	.text	lib/sfd_mpv.c	global	sfmpv_SetFrmInf	sfmpv_SetFrmInf
0x801EC2B8	0x9C	.text	lib/sfd_mpv.c	global	SFMPV_GetRead	SFMPV_GetRead
0x801EC354	0x28	.text	lib/sfd_mpv.c	global	SFMPV_AddWrite	SFMPV_AddWrite
0x801EC37C	0x28	.text	lib/sfd_mpv.c	local	SFMPV_GetWrite	SFMPV_GetWrite
0x801EC3A4	0x8	.text	lib/sfd_mpv.c	global	SFMPV_Pause	SFMPV_Pause
0x801EC3AC	0x10	.text	lib/sfd_mpv.c	global	SFMPV_Stop	SFMPV_Stop
0x801EC3BC	0x8	.text	lib/sfd_mpv.c	global	SFMPV_Start	SFMPV_Start
0x801EC3C4	0x8	.text	lib/sfd_mpv.c	global	SFMPV_Standby	SFMPV_Standby
0x801EC3CC	0x110	.text	lib/sfd_mpv.c	global	SFMPV_Destroy	SFMPV_Destroy
0x801EC4DC	0x44	.text	lib/sfd_mpv.c	global	sfmpv_ErrFn	sfmpv_ErrFn
0x801EC520	0x388	.text	lib/sfd_mpv.c	global	sfmpv_InitInf	sfmpv_InitInf
0x801EC8A8	0x270	.text	lib/sfd_mpv.c	local	SFMPV_Create	SFMPV_Create
0x801ECB18	0x290	.text	lib/sfd_mpv.c	global	sfmpv_GoDdelim	sfmpv_GoDdelim
0x801ECDA8	0x270	.text	lib/sfd_mpv.c	global	sfmpv_SetFrmPara	sfmpv_SetFrmPara
0x801ED018	0x510	.text	lib/sfd_mpv.c	global	sfmpv_DecodeFrm	sfmpv_DecodeFrm
0x801ED528	0x430	.text	lib/sfd_mpv.c	global	sfmpv_IsSkip	sfmpv_IsSkip
0x801ED958	0x530	.text	lib/sfd_mpv.c	global	sfmpv_ChkBufSiz	sfmpv_ChkBufSiz
0x801EDE88	0x1DC	.text	lib/sfd_mpv.c	global	sfmpv_Pts2Tc	sfmpv_Pts2Tc
0x801EE064	0x250	.text	lib/sfd_mpv.c	global	sfmpv_DoReformTc	sfmpv_DoReformTc
0x801EE2B4	0x4D0	.text	lib/sfd_mpv.c	local	sfmpv_CalcRepeatField	sfmpv_CalcRepeatField
0x801EE784	0xAF8	.text	lib/sfd_mpv.c	global	sfmpv_DecodePicAtr	sfmpv_DecodePicAtr
0x801EF27C	0x348	.text	lib/sfd_mpv.c	global	sfmpv_Concat	sfmpv_Concat
0x801EF5C4	0x5B0	.text	lib/sfd_mpv.c	global	sfmpv_DecodeOneUnit	sfmpv_DecodeOneUnit
0x801EFB74	0x3A4	.text	lib/sfd_mpv.c	global	sfmpv_NeedSafeDlmRefresh	sfmpv_NeedSafeDlmRefresh
0x801EFF18	0x768	.text	lib/sfd_mpv.c	global	sfmpv_GetActiveSize	sfmpv_GetActiveSize
0x801F0680	0x3D4	.text	lib/sfd_mpv.c	global	sfmpv_ExecServerSub	sfmpv_ExecServerSub
0x801F0A54	0x20	.text	lib/sfd_mpv.c	global	SFMPV_ExecServer	SFMPV_ExecServer
0x801F0A74	0x24	.text	lib/sfd_mpv.c	global	SFMPV_Finish	SFMPV_Finish
0x801F0A98	0x74	.text	lib/sfd_mpv.c	local	sfmpv_ChkFatal	sfmpv_ChkFatal
0x801F0B0C	0xB4	.text	lib/sfd_mpv.c	global	SFMPV_Init	SFMPV_Init
0x801F0BC0	0x1A4	.text	lib/sfd_mpv.c	global	SFD_SetPicUsrBuf	SFD_SetPicUsrBuf
0x801F0D64	0x7C	.text	lib/sfd_mpv.c	global	SFMPV_RestoreCond	SFMPV_RestoreCond
0x801F0DE0	0x9C	.text	lib/sfd_mpv.c	global	SFMPV_SaveCond	SFMPV_SaveCond
0x801F0E7C	0xAC	.text	lib/sfd_mpv.c	global	SFD_SetMpvCond	SFD_SetMpvCond
0x801F0F28	0x88	.text	lib/sfd_mpv.c	global	SFD_CalcYccPlane	SFD_CalcYccPlane
0x801F0FB0	0x160	.text	lib/sfd_mpv.c	global	SFD_SetMpvParaTbl	SFD_SetMpvParaTbl
0x801F1110	0x22C	.text	lib/sfd_mpvf.c	global	sfmpvf_SearchStbyFrm	sfmpvf_SearchStbyFrm
0x801F133C	0xA8	.text	lib/sfd_mpvf.c	global	sfmpvf_ReferNextFrmReady	sfmpvf_ReferNextFrmReady
0x801F13E4	0x60	.text	lib/sfd_mpvf.c	global	SFD_IsNextFrmReady	SFD_IsNextFrmReady
0x801F1444	0x18C	.text	lib/sfd_mpvf.c	global	SFMPVF_HoldFrm	SFMPVF_HoldFrm
0x801F15D0	0x2C	.text	lib/sfd_mpvf.c	global	SFMPVF_EndRefFrm	SFMPVF_EndRefFrm
0x801F15FC	0x2C	.text	lib/sfd_mpvf.c	global	SFMPVF_EndDrawFrm	SFMPVF_EndDrawFrm
0x801F1628	0x14	.text	lib/sfd_mpvf.c	global	SFMPVF_RefStbyFrm	SFMPVF_RefStbyFrm
0x801F163C	0x14	.text	lib/sfd_mpvf.c	global	SFMPVF_StbyFrm	SFMPVF_StbyFrm
0x801F1650	0x14	.text	lib/sfd_mpvf.c	global	SFMPVF_FreeFrm	SFMPVF_FreeFrm
0x801F1664	0x94	.text	lib/sfd_mpvf.c	global	SFMPVF_AllocFrm	SFMPVF_AllocFrm
0x801F16F8	0x90	.text	lib/sfd_mpvf.c	global	SFMPVF_GetNumFrm	SFMPVF_GetNumFrm
0x801F1788	0xC	.text	lib/sfd_mpvf.c	global	SFMPVF_SetGopStat	SFMPVF_SetGopStat
0x801F1794	0xC	.text	lib/sfd_mpvf.c	global	SFMPVF_IsTermDec	SFMPVF_IsTermDec
0x801F17A0	0x10	.text	lib/sfd_mpvf.c	global	SFMPVF_TermDec	SFMPVF_TermDec
0x801F17B0	0x4C	.text	lib/sfd_mpvf.c	global	SFMPVF_SearchVfrmData	SFMPVF_SearchVfrmData
0x801F17FC	0x44	.text	lib/sfd_mpvf.c	global	SFMPVF_SearchFrmObj	SFMPVF_SearchFrmObj
0x801F1840	0x70	.text	lib/sfd_pl2.c	global	SFD_SetSpeed	SFD_SetSpeed
0x801F18B0	0x10	.text	lib/sfd_pl2.c	global	SFPL2_Standby	SFPL2_Standby
0x801F18C0	0x54	.text	lib/sfd_pl2.c	global	SFD_Standby	SFD_Standby
0x801F1914	0x180	.text	lib/sfd_pl2.c	global	SFPL2_Pause	SFPL2_Pause
0x801F1A94	0x1DC	.text	lib/sfd_pl2.c	global	SFD_Pause	SFD_Pause
0x801F1C70	0x60	.text	lib/sfd_ply.c	global	SFD_SetSupplySj	SFD_SetSupplySj
0x801F1CD0	0x74	.text	lib/sfd_ply.c	global	SFD_RelFrm	SFD_RelFrm
0x801F1D44	0xB8	.text	lib/sfd_ply.c	global	SFD_GetFrm	SFD_GetFrm
0x801F1DFC	0x8C	.text	lib/sfd_ply.c	global	SFD_TermSupply	SFD_TermSupply
0x801F1E88	0x3D8	.text	lib/sfd_ply.c	global	sfply_ResetHn	sfply_ResetHn
0x801F2260	0x10	.text	lib/sfd_ply.c	global	SFPLY_GetResetFlg	SFPLY_GetResetFlg
0x801F2270	0xF0	.text	lib/sfd_ply.c	global	SFD_Stop	SFD_Stop
0x801F2360	0x7C	.text	lib/sfd_ply.c	global	SFD_Start	SFD_Start
0x801F23DC	0x180	.text	lib/sfd_ply.c	global	SFD_Destroy	SFD_Destroy
0x801F255C	0x74	.text	lib/sfd_ply.c	global	SFPLY_AddSkipPic	SFPLY_AddSkipPic
0x801F25D0	0x74	.text	lib/sfd_ply.c	global	SFPLY_AddDecPic	SFPLY_AddDecPic
0x801F2644	0x2C8	.text	lib/sfd_ply.c	local	sfply_InitHn	sfply_InitHn
0x801F290C	0x180	.text	lib/sfd_ply.c	global	SFD_Create	SFD_Create
0x801F2A8C	0x2BC	.text	lib/sfd_ply.c	local	sfply_IsBpaOn	sfply_IsBpaOn
0x801F2D48	0x548	.text	lib/sfd_ply.c	global	sfply_StatPlay	sfply_StatPlay
0x801F3290	0x3B0	.text	lib/sfd_ply.c	local	sfply_StatPrep	sfply_StatPrep
0x801F3640	0x260	.text	lib/sfd_ply.c	global	sfply_ExecOne	sfply_ExecOne
0x801F38A0	0x54	.text	lib/sfd_ply.c	global	SFD_ExecOne	SFD_ExecOne
0x801F38F4	0xAC	.text	lib/sfd_ply.c	global	SFD_IsSvrWait	SFD_IsSvrWait
0x801F39A0	0x28	.text	lib/sfd_ply.c	global	SFD_IsHnSvrWait	SFD_IsHnSvrWait
0x801F39C8	0x20	.text	lib/sfd_ply.c	global	SFD_VbIn	SFD_VbIn
0x801F39E8	0x50	.text	lib/sfd_ply.c	global	SFPLY_Init	SFPLY_Init
0x801F3A38	0x38	.text	lib/sfd_pts.c	global	SFPTS_IsPtsQueFull	SFPTS_IsPtsQueFull
0x801F3A70	0x14C	.text	lib/sfd_pts.c	global	SFPTS_ReadPtsQue	SFPTS_ReadPtsQue
0x801F3BBC	0x114	.text	lib/sfd_pts.c	global	SFPTS_WritePtsQue	SFPTS_WritePtsQue
0x801F3CD0	0xC0	.text	lib/sfd_pts.c	global	SFD_SetVideoPts	SFD_SetVideoPts
0x801F3D90	0x1C	.text	lib/sfd_pts.c	global	SFPTS_InitPtsQue	SFPTS_InitPtsQue
0x801F3DAC	0x70	.text	lib/sfd_see.c	global	SFD_SetSeekPos	SFD_SetSeekPos
0x801F3E1C	0x104	.text	lib/sfd_see.c	global	SFD_SetByteRate	SFD_SetByteRate
0x801F3F20	0x114	.text	lib/sfd_see.c	global	SFD_SetTotTime	SFD_SetTotTime
0x801F4034	0x104	.text	lib/sfd_see.c	global	SFD_SetFileSize	SFD_SetFileSize
0x801F4138	0x280	.text	lib/sfd_see.c	local	sfsee_ExecHeadAnaly	sfsee_ExecHeadAnaly
0x801F43B8	0x198	.text	lib/sfd_see.c	global	SFSEE_ExecServer	SFSEE_ExecServer
0x801F4550	0x30	.text	lib/sfd_see.c	global	SFSEE_FixAvPlay	SFSEE_FixAvPlay
0x801F4580	0x5C	.text	lib/sfd_see.c	global	SFD_EntrySeek	SFD_EntrySeek
0x801F45DC	0x20	.text	lib/sfd_see.c	global	SFSEE_InitHn	SFSEE_InitHn
0x801F45FC	0x8C	.text	lib/sfd_set.c	global	SFD_GetTrHn	SFD_GetTrHn
0x801F4688	0x7C	.text	lib/sfd_set.c	global	SFD_GetPlyInf	SFD_GetPlyInf
0x801F4704	0x10	.text	lib/sfd_set.c	global	SFSET_GetCond	SFSET_GetCond
0x801F4714	0x90	.text	lib/sfd_set.c	global	SFD_GetCond	SFD_GetCond
0x801F47A4	0xAC	.text	lib/sfd_set.c	global	SFSET_SetCond	SFSET_SetCond
0x801F4850	0x1EC	.text	lib/sfd_set.c	global	SFD_SetCond	SFD_SetCond
0x801F4A3C	0x48	.text	lib/sfd_set.c	global	SFD_GetHnStat	SFD_GetHnStat
0x801F4A84	0x8	.text	lib/sfd_tim.c	global	SFTIM_GetSpeed	SFTIM_GetSpeed
0x801F4A8C	0x8	.text	lib/sfd_tim.c	global	SFTIM_SetSpeed	SFTIM_SetSpeed
0x801F4A94	0x88	.text	lib/sfd_tim.c	global	SFTIM_IsVideoTerm	SFTIM_IsVideoTerm
0x801F4B1C	0x238	.text	lib/sfd_tim.c	global	SFTIM_IsGetFrmTimeTunit	SFTIM_IsGetFrmTimeTunit
0x801F4D54	0x248	.text	lib/sfd_tim.c	global	SFTIM_IsGetFrmTime	SFTIM_IsGetFrmTime
0x801F4F9C	0x88	.text	lib/sfd_tim.c	global	SFD_GetFps	SFD_GetFps
0x801F5024	0x40	.text	lib/sfd_tim.c	global	SFTIM_GetTimeOneFrmVideo	SFTIM_GetTimeOneFrmVideo
0x801F5064	0xF0	.text	lib/sfd_tim.c	global	SFTIM_Pause	SFTIM_Pause
0x801F5154	0x84	.text	lib/sfd_tim.c	global	sftim_Tc2Time59D	sftim_Tc2Time59D
0x801F51D8	0x84	.text	lib/sfd_tim.c	global	sftim_Tc2Time29D	sftim_Tc2Time29D
0x801F525C	0x84	.text	lib/sfd_tim.c	global	sftim_Tc2Time23D	sftim_Tc2Time23D
0x801F52E0	0x78	.text	lib/sfd_tim.c	local	sftim_Tc2Time59N	sftim_Tc2Time59N
0x801F5358	0x64	.text	lib/sfd_tim.c	local	sftim_Tc2Time29N	sftim_Tc2Time29N
0x801F53BC	0x64	.text	lib/sfd_tim.c	global	sftim_Tc2Time23N	sftim_Tc2Time23N
0x801F5420	0x4C	.text	lib/sfd_tim.c	global	sftim_Tc2TimeN	sftim_Tc2TimeN
0x801F546C	0xA8	.text	lib/sfd_tim.c	global	SFTIM_Tc2Time	SFTIM_Tc2Time
0x801F5514	0x10	.text	lib/sfd_tim.c	global	SFTIM_SetTimeFn	SFTIM_SetTimeFn
0x801F5524	0xD8	.text	lib/sfd_tim.c	global	SFD_SetExtClockFn	SFD_SetExtClockFn
0x801F55FC	0x74	.text	lib/sfd_tim.c	global	SFD_SetUsrTimeFn	SFD_SetUsrTimeFn
0x801F5670	0x20	.text	lib/sfd_tim.c	global	SFD_CmpTime	SFD_CmpTime
0x801F5690	0x5C	.text	lib/sfd_tim.c	global	SFD_SetUsrIsSkipFn	SFD_SetUsrIsSkipFn
0x801F56EC	0x44	.text	lib/sfd_tim.c	global	SFTIM_ChkRegularTime	SFTIM_ChkRegularTime
0x801F5730	0x164	.text	lib/sfd_tim.c	global	sftim_GetTimeExtClock	sftim_GetTimeExtClock
0x801F5894	0x58	.text	lib/sfd_tim.c	global	sftim_GetTimeUfrm	sftim_GetTimeUfrm
0x801F58EC	0x70	.text	lib/sfd_tim.c	global	sftim_GetTimeVsync	sftim_GetTimeVsync
0x801F595C	0x68	.text	lib/sfd_tim.c	local	sftim_GetTimeNone	sftim_GetTimeNone
0x801F59C4	0x18	.text	lib/sfd_tim.c	global	SFTIM_GetTime	SFTIM_GetTime
0x801F59DC	0x98	.text	lib/sfd_tim.c	global	SFTIM_GetTimeSub	SFTIM_GetTimeSub
0x801F5A74	0xD0	.text	lib/sfd_tim.c	global	SFD_GetTime	SFD_GetTime
0x801F5B44	0xC	.text	lib/sfd_tim.c	global	SFTIM_SetStartTime	SFTIM_SetStartTime
0x801F5B50	0x7C	.text	lib/sfd_tim.c	global	SFTIM_GetVideoStartSample	SFTIM_GetVideoStartSample
0x801F5BCC	0xA8	.text	lib/sfd_tim.c	global	SFTIM_GetAudioStartSample	SFTIM_GetAudioStartSample
0x801F5C74	0xE8	.text	lib/sfd_tim.c	global	SFTIM_IsStagnant	SFTIM_IsStagnant
0x801F5D5C	0x1D0	.text	lib/sfd_tim.c	global	SFTIM_VbIn	SFTIM_VbIn
0x801F5F2C	0x38	.text	lib/sfd_tim.c	global	SFTIM_GetNextItime	SFTIM_GetNextItime
0x801F5F64	0x9C	.text	lib/sfd_tim.c	global	SFTIM_UpdateItime	SFTIM_UpdateItime
0x801F6000	0x3C	.text	lib/sfd_tim.c	global	SFTIM_InitTtu	SFTIM_InitTtu
0x801F603C	0x390	.text	lib/sfd_tim.c	global	SFTIM_InitHn	SFTIM_InitHn
0x801F63CC	0x14	.text	lib/sfd_tim.c	global	SFTIM_Init	SFTIM_Init
0x801F63E0	0x1C	.text	lib/sfd_trn.c	global	SFTRN_IsSetup	SFTRN_IsSetup
0x801F63FC	0x10	.text	lib/sfd_trn.c	global	SFTRN_GetTermFlg	SFTRN_GetTermFlg
0x801F640C	0x10	.text	lib/sfd_trn.c	global	SFTRN_SetTermFlg	SFTRN_SetTermFlg
0x801F641C	0x10	.text	lib/sfd_trn.c	global	SFTRN_GetPrepFlg	SFTRN_GetPrepFlg
0x801F642C	0x10	.text	lib/sfd_trn.c	global	SFTRN_SetPrepFlg	SFTRN_SetPrepFlg
0x801F643C	0x54	.text	lib/sfd_trn.c	global	SFTRN_CallTrtTrif	SFTRN_CallTrtTrif
0x801F6490	0x90	.text	lib/sfd_trn.c	global	SFTRN_CallTrSetup	SFTRN_CallTrSetup
0x801F6520	0x180	.text	lib/sfd_trn.c	global	sftrn_BuildSystem	sftrn_BuildSystem
0x801F66A0	0x1C8	.text	lib/sfd_trn.c	local	sftrn_BuildAll	sftrn_BuildAll
0x801F6868	0xF4	.text	lib/sfd_trn.c	global	SFTRN_InitHn	SFTRN_InitHn
0x801F695C	0xF4	.text	lib/sfd_trn.c	global	SFTRN_Init	SFTRN_Init
0x801F6A50	0x8	.text	lib/sfd_uo.c	global	SFUO_Seek	SFUO_Seek
0x801F6A58	0x28	.text	lib/sfd_uo.c	global	SFUO_AddRead	SFUO_AddRead
0x801F6A80	0x28	.text	lib/sfd_uo.c	global	SFUO_GetRead	SFUO_GetRead
0x801F6AA8	0x28	.text	lib/sfd_uo.c	global	SFUO_AddWrite	SFUO_AddWrite
0x801F6AD0	0x28	.text	lib/sfd_uo.c	global	SFUO_GetWrite	SFUO_GetWrite
0x801F6AF8	0x8	.text	lib/sfd_uo.c	global	SFUO_Pause	SFUO_Pause
0x801F6B00	0x8	.text	lib/sfd_uo.c	global	SFUO_Stop	SFUO_Stop
0x801F6B08	0x8	.text	lib/sfd_uo.c	global	SFUO_Start	SFUO_Start
0x801F6B10	0x8	.text	lib/sfd_uo.c	global	SFUO_Standby	SFUO_Standby
0x801F6B18	0x8	.text	lib/sfd_uo.c	global	SFUO_Destroy	SFUO_Destroy
0x801F6B20	0x78	.text	lib/sfd_uo.c	global	SFUO_Create	SFUO_Create
0x801F6B98	0x98	.text	lib/sfd_uo.c	global	SFUO_ExecServer	SFUO_ExecServer
0x801F6C30	0x8	.text	lib/sfd_uo.c	global	SFUO_Finish	SFUO_Finish
0x801F6C38	0x8	.text	lib/sfd_uo.c	global	SFUO_Init	SFUO_Init
0x801F6C40	0xC4	.text	lib/sfd_uo.c	global	SFD_SetUsrSj	SFD_SetUsrSj
0x801F6D04	0x8	.text	lib/sfd_vom.c	global	SFVOM_Seek	SFVOM_Seek
0x801F6D0C	0x28	.text	lib/sfd_vom.c	global	SFVOM_AddRead	SFVOM_AddRead
0x801F6D34	0x94	.text	lib/sfd_vom.c	global	SFVOM_GetRead	SFVOM_GetRead
0x801F6DC8	0x28	.text	lib/sfd_vom.c	global	SFVOM_AddWrite	SFVOM_AddWrite
0x801F6DF0	0x28	.text	lib/sfd_vom.c	global	SFVOM_GetWrite	SFVOM_GetWrite
0x801F6E18	0x8	.text	lib/sfd_vom.c	global	SFVOM_Pause	SFVOM_Pause
0x801F6E20	0x8	.text	lib/sfd_vom.c	global	SFVOM_Stop	SFVOM_Stop
0x801F6E28	0x8	.text	lib/sfd_vom.c	global	SFVOM_Start	SFVOM_Start
0x801F6E30	0x8	.text	lib/sfd_vom.c	global	SFVOM_Standby	SFVOM_Standby
0x801F6E38	0x8	.text	lib/sfd_vom.c	global	SFVOM_Destroy	SFVOM_Destroy
0x801F6E40	0x8	.text	lib/sfd_vom.c	global	SFVOM_Create	SFVOM_Create
0x801F6E48	0xF4	.text	lib/sfd_vom.c	global	SFVOM_ExecServer	SFVOM_ExecServer
0x801F6F3C	0x8	.text	lib/sfd_vom.c	global	SFVOM_Finish	SFVOM_Finish
0x801F6F44	0x8	.text	lib/sfd_vom.c	global	SFVOM_Init	SFVOM_Init
0x801F6F4C	0x94	.text	lib/sfd_tmr.c	global	SFTMR_AddTsum	SFTMR_AddTsum
0x801F6FE0	0x30	.text	lib/sfd_tmr.c	global	SFTMR_InitTsum	SFTMR_InitTsum
0x801F7010	0xA50	.text	lib/sfd_tst.c	global	SFTST_Calc	SFTST_Calc
0x801F7A60	0x80	.text	lib/sfd_tst.c	global	SFTST_GoNextFrame	SFTST_GoNextFrame
0x801F7AE0	0x8	.text	lib/sfd_tst.c	global	SFTST_SetAdjFlg	SFTST_SetAdjFlg
0x801F7AE8	0x8	.text	lib/sfd_tst.c	global	SFTST_Pause	SFTST_Pause
0x801F7AF0	0x10	.text	lib/sfd_tst.c	global	SFTST_SetMovaveRange	SFTST_SetMovaveRange
0x801F7B00	0x14	.text	lib/sfd_tst.c	global	SFTST_SetAdjPoff	SFTST_SetAdjPoff
0x801F7B14	0x14	.text	lib/sfd_tst.c	global	SFTST_SetAdjStart	SFTST_SetAdjStart
0x801F7B28	0x14	.text	lib/sfd_tst.c	global	SFTST_SetExcessErr	SFTST_SetExcessErr
0x801F7B3C	0x14	.text	lib/sfd_tst.c	global	SFTST_SetTolerance	SFTST_SetTolerance
0x801F7B50	0x8	.text	lib/sfd_tst.c	global	SFTST_SetTstFlg	SFTST_SetTstFlg
0x801F7B58	0x1D0	.text	lib/sfd_tst.c	global	SFTST_Create	SFTST_Create
0x801F7D28	0x74	.text	lib/sfh_main.c	global	getPicRate	getPicRate
0x801F7D9C	0x19C	.text	lib/sfh_main.c	global	SFH_AnlyFtrFxType	SFH_AnlyFtrFxType
0x801F7F38	0x19C	.text	lib/sfh_main.c	global	SFH_AnlyFtrGopM	SFH_AnlyFtrGopM
0x801F80D4	0x19C	.text	lib/sfh_main.c	global	SFH_AnlyFtrGopN	SFH_AnlyFtrGopN
0x801F8270	0x184	.text	lib/sfh_main.c	global	SFH_AnlyFtrExpand	SFH_AnlyFtrExpand
0x801F83F4	0x188	.text	lib/sfh_main.c	global	SFH_AnlyFtrShcFixFlg	SFH_AnlyFtrShcFixFlg
0x801F857C	0x188	.text	lib/sfh_main.c	global	SFH_AnlyFtrFixFlg	SFH_AnlyFtrFixFlg
0x801F8704	0x188	.text	lib/sfh_main.c	global	SFH_AnlyFtrPicType	SFH_AnlyFtrPicType
0x801F888C	0x188	.text	lib/sfh_main.c	global	SFH_AnlyFtrColType	SFH_AnlyFtrColType
0x801F8A14	0x1BC	.text	lib/sfh_main.c	global	SFH_AnlyElemPicRate	SFH_AnlyElemPicRate
0x801F8BD0	0x194	.text	lib/sfh_main.c	global	SFH_AnlyElemPicSz	SFH_AnlyElemPicSz
0x801F8D64	0x174	.text	lib/sfh_main.c	global	SFH_AnlyElemBitRate	SFH_AnlyElemBitRate
0x801F8ED8	0x150	.text	lib/sfh_main.c	global	SFH_AnlyElemCodecVid	SFH_AnlyElemCodecVid
0x801F9028	0x15C	.text	lib/sfh_main.c	global	SFH_AnlyElemSmpHz	SFH_AnlyElemSmpHz
0x801F9184	0x14C	.text	lib/sfh_main.c	global	SFH_AnlyElemChNum	SFH_AnlyElemChNum
0x801F92D0	0x160	.text	lib/sfh_main.c	global	SFH_AnlyElemLayer	SFH_AnlyElemLayer
0x801F9430	0x150	.text	lib/sfh_main.c	global	SFH_AnlyElemCodecAud	SFH_AnlyElemCodecAud
0x801F9580	0x9C	.text	lib/sfh_main.c	global	SFH_AnlyMaxFrmNum	SFH_AnlyMaxFrmNum
0x801F961C	0x9C	.text	lib/sfh_main.c	global	SFH_AnlyMaxPlyLenVid	SFH_AnlyMaxPlyLenVid
0x801F96B8	0x9C	.text	lib/sfh_main.c	global	SFH_AnlyMaxPlyLenAud	SFH_AnlyMaxPlyLenAud
0x801F9754	0xB0	.text	lib/sfh_main.c	global	SFH_AnlyByteRate	SFH_AnlyByteRate
0x801F9804	0x8C	.text	lib/sfh_main.c	global	SFH_AnlyNumElemPrv	SFH_AnlyNumElemPrv
0x801F9890	0x8C	.text	lib/sfh_main.c	global	SFH_AnlyNumElemVid	SFH_AnlyNumElemVid
0x801F991C	0x8C	.text	lib/sfh_main.c	global	SFH_AnlyNumElemAud	SFH_AnlyNumElemAud
0x801F99A8	0x8C	.text	lib/sfh_main.c	global	SFH_AnlyNumElemTot	SFH_AnlyNumElemTot
0x801F9A34	0x9C	.text	lib/sfh_main.c	global	SFH_AnlyPackSiz	SFH_AnlyPackSiz
0x801F9AD0	0x9C	.text	lib/sfh_main.c	global	SFH_AnlyPketSizLen	SFH_AnlyPketSizLen
0x801F9B6C	0x90	.text	lib/sfh_main.c	global	SFH_AnlyPackType	SFH_AnlyPackType
0x801F9BFC	0x9C	.text	lib/sfh_main.c	global	SFH_AnlyHdrSiz	SFH_AnlyHdrSiz
0x801F9C98	0x1D4	.text	lib/sfh_main.c	global	SFH_AnlyHdrToolVer	SFH_AnlyHdrToolVer
0x801F9E6C	0x34C	.text	lib/sfh_main.c	global	SFH_IsEffFtrInf	SFH_IsEffFtrInf
0x801FA1B8	0xF0	.text	lib/sfh_main.c	global	SFH_IsExistStmId	SFH_IsExistStmId
0x801FA2A8	0x26C	.text	lib/sfh_main.c	global	SFH_IsSfdHeader	SFH_IsSfdHeader
0x801FA514	0x2C	.text	lib/sfh_main.c	global	SFH_Destroy	SFH_Destroy
0x801FA540	0x6C	.text	lib/sfh_main.c	global	SFH_Create	SFH_Create
0x801FA5AC	0x134	.text	lib/sfh_main.c	global	SFH_Init	SFH_Init
0x801FA6E0	0x4C	.text	lib/cmptime.c	global	UTY_CmpTime	UTY_CmpTime
0x801FA72C	0x78	.text	lib/memsetd.c	global	UTY_MemsetDword	UTY_MemsetDword
0x801FA7A4	0x5C	.text	lib/muldiv.c	global	UTY_MulDiv	UTY_MulDiv
0x801FA800	0x15C	.text	lib/muldivr.c	global	UTY_MulDivRound64	UTY_MulDivRound64
0x801FA95C	0x14	.text	lib/uty_tmr.c	global	UTY_GetTmrUnit	UTY_GetTmrUnit
0x801FA970	0x5C	.text	lib/uty_tmr.c	global	UTY_IsTmrVoid	UTY_IsTmrVoid
0x801FA9CC	0x44	.text	lib/uty_tmr.c	global	UTY_GetTmr	UTY_GetTmr
0x801FAA10	0x30	.text	lib/uty_tmr.c	global	UTY_FinishTmr	UTY_FinishTmr
0x801FAA40	0x68	.text	lib/uty_tmr.c	global	UTY_InitTmr	UTY_InitTmr
0x801FAAA8	0x24	.text	lib/mwsfdrna.c	global	MWSFRNA_GetOutPan	MWSFRNA_GetOutPan
0x801FAACC	0x24	.text	lib/mwsfdrna.c	global	MWSFRNA_SetOutPan	MWSFRNA_SetOutPan
0x801FAAF0	0x24	.text	lib/mwsfdrna.c	global	MWSFRNA_GetOutVol	MWSFRNA_GetOutVol
0x801FAB14	0x24	.text	lib/mwsfdrna.c	global	MWSFRNA_SetOutVol	MWSFRNA_SetOutVol
0x801FAB38	0x4	.text	lib/mwsfdrsc.c	global	mwPlyRestoreRsc	mwPlyRestoreRsc
0x801FAB3C	0x4	.text	lib/mwsfdrsc.c	global	mwPlySaveRsc	mwPlySaveRsc
0x801FAB40	0xA8	.text	lib/mwsfdsl.c	global	mwPlyLinkStm	mwPlyLinkStm
0x801FABE8	0x2C	.text	lib/mwsfdsl.c	global	MWSFLSC_SetFlowLimit	MWSFLSC_SetFlowLimit
0x801FAC14	0x2C	.text	lib/mwsfdsl.c	global	MWSFLSC_IsFsStatErr	MWSFLSC_IsFsStatErr
0x801FAC40	0x20	.text	lib/mwstm.c	global	MWSTM_GetStat	MWSTM_GetStat
0x801FAC60	0x34	.text	lib/mwstm.c	global	MWSTM_ReqStop	MWSTM_ReqStop
0x801FAC94	0x20	.text	lib/mwstm.c	global	MWSTM_ReqStart	MWSTM_ReqStart
0x801FACB4	0x60	.text	lib/mwstm.c	global	MWSTM_SetFileRange	MWSTM_SetFileRange
0x801FAD14	0x20	.text	lib/mwstm.c	global	MWSTM_Destroy	MWSTM_Destroy
0x801FAD34	0x24	.text	lib/mwstm.c	global	MWSTM_Create	MWSTM_Create
0x801FAD58	0x28	.text	lib/mwstm.c	global	MWSTM_SetFlowLimit	MWSTM_SetFlowLimit
0x801FAD80	0x2C	.text	lib/mwstm.c	global	MWSTM_IsFsStatErr	MWSTM_IsFsStatErr
0x801FADAC	0x8	.text	lib/mwstm.c	global	MWSTM_InitStatic	MWSTM_InitStatic
0x801FADB4	0x4	.text	lib/mwsfdsee.c	global	MWSFSEE_ChkSupply	MWSFSEE_ChkSupply
0x801FADB8	0x4	.text	lib/mwsfdsee.c	global	MWSFSEE_StartFnameSub2	MWSFSEE_StartFnameSub2
0x801FADBC	0x4	.text	lib/mwsfdsee.c	global	MWSFSEE_StartFnameSub1	MWSFSEE_StartFnameSub1
0x801FADC0	0x478	.text	lib/cftyp422_ppc.c	global	CFT_MakeArgb8888Alp3211Tbl	CFT_MakeArgb8888Alp3211Tbl
0x801FB238	0x374	.text	lib/cftyp422_ppc.c	global	CFT_MakeArgb8888Alp3110Tbl	CFT_MakeArgb8888Alp3110Tbl
0x801FB5AC	0x288	.text	lib/cftyp422_ppc.c	global	CFT_MakeArgb8888AlpLumiTbl	CFT_MakeArgb8888AlpLumiTbl
0x801FB834	0x32C	.text	lib/cftyp422_ppc.c	global	CFT_Ycc420plnToY84C44	CFT_Ycc420plnToY84C44
0x801FBB60	0x5C8	.text	lib/cftyp422_ppc.c	global	cnvDynamicYcc420plnToArgb8888	cnvDynamicYcc420plnToArgb8888
0x801FC128	0x508	.text	lib/cftyp422_ppc.c	global	cnvStaticYcc420plnToArgb8888	cnvStaticYcc420plnToArgb8888
0x801FC630	0x30	.text	lib/cftyp422_ppc.c	global	CFT_Ycc420plnToArgb8888	CFT_Ycc420plnToArgb8888
0x801FC660	0x10C	.text	lib/cftyp422_ppc.c	global	CFT_Ycc420plnToArgb8888Init	CFT_Ycc420plnToArgb8888Init
0x801FC76C	0x228	.text	lib/cftfx.c	global	CFT_MakeArgb8888ColAdjTbl	CFT_MakeArgb8888ColAdjTbl
0x801FC994	0x274	.text	lib/cftfx.c	global	CFT_MakeYcc422ColAdjTbl	CFT_MakeYcc422ColAdjTbl
0x801FCC08	0x22C	.text	lib/cftfx.c	global	cnvDynamicYcc420plnToA256UserTable	cnvDynamicYcc420plnToA256UserTable
0x801FCE34	0x19C	.text	lib/cftfx.c	global	cnvStaticYcc420plnToA256V	cnvStaticYcc420plnToA256V
0x801FCFD0	0x30	.text	lib/cftfx.c	global	CFT_Ycc420plnToA256V	CFT_Ycc420plnToA256V
0x801FD000	0x2F8	.text	lib/cftfx.c	global	CFT_Argb420ToArgb8	CFT_Argb420ToArgb8
0x801FD2F8	0x16C	.text	lib/cftcoladj.c	global	CFT_MakeMtx3D	CFT_MakeMtx3D
0x801FD464	0x188	.text	lib/cftcoladj.c	global	CFT_MakeInverseMtx3D	CFT_MakeInverseMtx3D
0x801FD5EC	0x564	.text	lib/cftcoladj.c	global	CFT_MakeInvConvTableCustom	CFT_MakeInvConvTableCustom
0x801FDB50	0x8	.text	lib/sfx_inf.c	global	SFXINF_GetStmInf	SFXINF_GetStmInf
0x801FDB58	0x20	.text	lib/mcp_not.c	global	MEM_Copy	MEM_Copy
0x801FDB78	0x7EC	.text	lib/mps_dec.c	global	mpsdec_DecPketHd	mpsdec_DecPketHd
0x801FE364	0x4F4	.text	lib/mps_dec.c	global	mpsdec_DecSysHd	mpsdec_DecSysHd
0x801FE858	0x26C	.text	lib/mps_dec.c	global	mpsdec_DecPackHd	mpsdec_DecPackHd
0x801FEAC4	0x1AC	.text	lib/mps_dec.c	global	MPSDEC_DecHdMpeg1	MPSDEC_DecHdMpeg1
0x801FEC70	0x84	.text	lib/mps_dec.c	global	MPS_DecHd	MPS_DecHd
0x801FECF4	0x54	.text	lib/mps_dec.c	global	MPS_SetPesFn	MPS_SetPesFn
0x801FED48	0x54	.text	lib/mps_dec.c	global	MPS_SetPsMapFn	MPS_SetPsMapFn
0x801FED9C	0x54	.text	lib/mps_dec.c	global	MPS_SetSystemFn	MPS_SetSystemFn
0x801FEDF0	0x4	.text	lib/mps_dec.c	global	MPSDEC_Finish	MPSDEC_Finish
0x801FEDF4	0x4	.text	lib/mps_dec.c	global	MPSDEC_Init	MPSDEC_Init
0x801FEDF8	0x7C	.text	lib/mps_del.c	global	MPS_CheckDelim	MPS_CheckDelim
0x801FEE74	0x80	.text	lib/mps_get.c	global	MPS_GetPketHd	MPS_GetPketHd
0x801FEEF4	0x98	.text	lib/mps_get.c	global	MPS_GetLastSysHd	MPS_GetLastSysHd
0x801FEF8C	0xAC	.text	lib/mps_get.c	global	MPS_GetSysHd	MPS_GetSysHd
0x801FF038	0x68	.text	lib/mps_get.c	global	MPS_GetPackHd	MPS_GetPackHd
0x801FF0A0	0x4	.text	lib/mps_get.c	global	MPSGET_Finish	MPSGET_Finish
0x801FF0A4	0x4	.text	lib/mps_get.c	global	MPSGET_Init	MPSGET_Init
0x801FF0A8	0x98	.text	lib/mps_lib.c	global	MPS_Destroy	MPS_Destroy
0x801FF140	0x180	.text	lib/mps_lib.c	global	MPS_Create	MPS_Create
0x801FF2C0	0x30	.text	lib/mps_lib.c	global	MPSLIB_CheckHn	MPSLIB_CheckHn
0x801FF2F0	0xB4	.text	lib/mps_lib.c	global	MPS_SetErrFn	MPS_SetErrFn
0x801FF3A4	0x8C	.text	lib/mps_lib.c	global	MPSLIB_SetErr	MPSLIB_SetErr
0x801FF430	0xE4	.text	lib/mps_lib.c	global	MPS_Finish	MPS_Finish
0x801FF514	0x144	.text	lib/mps_lib.c	global	MPS_Init	MPS_Init
0x801FF658	0xEC	.text	lib/mpv_deli.c	global	MPV_SearchDelim	MPV_SearchDelim
0x801FF744	0x100	.text	lib/mpv_deli.c	global	MPV_BsearchDelim	MPV_BsearchDelim
0x801FF844	0xB0	.text	lib/mpv_deli.c	global	MPV_CheckDelim	MPV_CheckDelim
0x801FF8F4	0x380	.text	lib/mpv_emp.c	global	MPV_IsEmptyPpic	MPV_IsEmptyPpic
0x801FFC74	0x2EC	.text	lib/mpv_emp.c	global	MPV_IsEmptyBpic	MPV_IsEmptyBpic
0x801FFF60	0x88	.text	lib/mpv_err.c	global	MPVERR_SetCode	MPVERR_SetCode
0x801FFFE8	0x8C	.text	lib/mpv_err.c	global	MPV_SetErrFunc	MPV_SetErrFunc
0x80200074	0x1C	.text	lib/mpv_err.c	global	MPVERR_InitErrInf	MPVERR_InitErrInf
0x80200090	0x20	.text	lib/mpv_err.c	global	MPVERR_Init	MPVERR_Init
0x802000B0	0xA8	.text	lib/mpv_frm.c	global	MPV_SkipFrmSj	MPV_SkipFrmSj
0x80200158	0x170	.text	lib/mpv_frm.c	global	MPV_DecodeFrmSj	MPV_DecodeFrmSj
0x802002C8	0x4	.text	lib/mpv_frm.c	global	MPVFRM_Init	MPVFRM_Init
0x802002CC	0x74	.text	lib/mpv_get.c	global	MPV_GetLinkFlg	MPV_GetLinkFlg
0x80200340	0xC8	.text	lib/mpv_get.c	global	MPV_GetVbvBufSiz	MPV_GetVbvBufSiz
0x80200408	0x60	.text	lib/mpv_get.c	global	MPV_GetBitRate	MPV_GetBitRate
0x80200468	0x7C	.text	lib/mpv_get.c	global	MPV_GetPicAtr	MPV_GetPicAtr
0x802004E4	0x214	.text	lib/mpv_hdec.c	local	mpvhdec_DecSlice	mpvhdec_DecSlice
0x802006F8	0x6C	.text	lib/mpv_hdec.c	global	MPV_MoveChunk	MPV_MoveChunk
0x80200764	0x290	.text	lib/mpv_hdec.c	global	MPVHDEC_DecPicture	MPVHDEC_DecPicture
0x802009F4	0x154	.text	lib/mpv_hdec.c	global	MPV_GoNextDelimSj	MPV_GoNextDelimSj
0x80200B48	0x18C	.text	lib/mpv_hdec.c	global	mpvhdec_DecSeqUdsc	mpvhdec_DecSeqUdsc
0x80200CD4	0x1B8	.text	lib/mpv_hdec.c	global	mpvhdec_AnalyUd	mpvhdec_AnalyUd
0x80200E8C	0x440	.text	lib/mpv_hdec.c	global	mpvhdec_DecPscSj	mpvhdec_DecPscSj
0x802012CC	0x1AC	.text	lib/mpv_hdec.c	local	mpvhdec_DecGscSj	mpvhdec_DecGscSj
0x80201478	0x5B8	.text	lib/mpv_hdec.c	global	mpvhdec_DecShcSj	mpvhdec_DecShcSj
0x80201A30	0xB0	.text	lib/mpv_hdec.c	global	MPV_DecodePicAtr	MPV_DecodePicAtr
0x80201AE0	0x74C	.text	lib/mpv_hdec.c	global	MPV_DecodePicAtrSj	MPV_DecodePicAtrSj
0x8020222C	0x24	.text	lib/mpv_hdec.c	global	MPV_GetPicUsr	MPV_GetPicUsr
0x80202250	0x14	.text	lib/mpv_hdec.c	global	MPV_SetPicUsrBuf	MPV_SetPicUsrBuf
0x80202264	0x1C	.text	lib/mpv_hdec.c	global	MPV_SetUsrSj	MPV_SetUsrSj
0x80202280	0xF8	.text	lib/mpv_hdec.c	global	MPVHDEC_Init	MPVHDEC_Init
0x80202378	0x30	.text	lib/mpv_lib.c	global	MPVLIB_CheckHn	MPVLIB_CheckHn
0x802023A8	0x90	.text	lib/mpv_lib.c	global	MPV_GetCond	MPV_GetCond
0x80202438	0xE4	.text	lib/mpv_lib.c	global	MPV_SetCond	MPV_SetCond
0x8020251C	0x4	.text	lib/mpv_lib.c	global	MPV_MbCbFn	MPV_MbCbFn
0x80202520	0xD8	.text	lib/mpv_lib.c	global	MPV_Destroy	MPV_Destroy
0x802025F8	0x14	.text	lib/mpv_lib.c	global	MPV_GetDctCnt	MPV_GetDctCnt
0x8020260C	0x21C	.text	lib/mpv_lib.c	global	mpvlib_InitHn	mpvlib_InitHn
0x80202828	0xF4	.text	lib/mpv_lib.c	global	MPV_Create	MPV_Create
0x8020291C	0x54	.text	lib/mpv_lib.c	global	MPV_Finish	MPV_Finish
0x80202970	0xE4	.text	lib/mpv_lib.c	local	mpvlib_InitPicAtr	mpvlib_InitPicAtr
0x80202A54	0x378	.text	lib/mpv_lib.c	global	MPV_Init	MPV_Init
0x80202DCC	0x2C8	.text	lib/mpv_vlc.c	global	mpvvlc_InitIntRunLevel	mpvvlc_InitIntRunLevel
0x80203094	0x46C	.text	lib/mpv_vlc.c	global	mpvvlc2_InitDcSizC	mpvvlc2_InitDcSizC
0x80203500	0x508	.text	lib/mpv_vlc.c	global	mpvvlc2_InitDcSizY	mpvvlc2_InitDcSizY
0x80203A08	0x274	.text	lib/mpv_vlc.c	local	mpvvlc_InitDcSizC	mpvvlc_InitDcSizC
0x80203C7C	0x284	.text	lib/mpv_vlc.c	global	mpvvlc_InitDcSizY	mpvvlc_InitDcSizY
0x80203F00	0x834	.text	lib/mpv_vlc.c	local	mpvvlc_InitCbpSub2	mpvvlc_InitCbpSub2
0x80204734	0x1A8	.text	lib/mpv_vlc.c	global	mpvvlc_InitCbpSub1	mpvvlc_InitCbpSub1
0x802048DC	0x3DC	.text	lib/mpv_vlc.c	local	mpvvlc_InitMotion	mpvvlc_InitMotion
0x80204CB8	0x16C	.text	lib/mpv_vlc.c	global	mpvvlc_InitMbTypeBpic	mpvvlc_InitMbTypeBpic
0x80204E24	0xB4	.text	lib/mpv_vlc.c	global	mpvvlc_InitMbTypePpic	mpvvlc_InitMbTypePpic
0x80204ED8	0x3BC	.text	lib/mpv_vlc.c	local	mpvvlc_InitMbaiBpic	mpvvlc_InitMbaiBpic
0x80205294	0x3C4	.text	lib/mpv_vlc.c	global	mpvvlc_InitMbaiPpic	mpvvlc_InitMbaiPpic
0x80205658	0x5BC	.text	lib/mpv_vlc.c	local	mpvvlc_InitMbaiIpic	mpvvlc_InitMbaiIpic
0x80205C14	0x22C	.text	lib/mpv_vlc.c	global	MPVVLC_Init	MPVVLC_Init
0x80205E40	0x14	.text	lib/mpv_vlc.c	global	MPVVLC_IsVlcSizErr	MPVVLC_IsVlcSizErr
0x80205E54	0xF0	.text	lib/mpv_umc.c	global	MPVUMC_BpicSkipped	MPVUMC_BpicSkipped
0x80205F44	0x58C	.text	lib/mpv_umc.c	global	mpvumc_PpicSkipMb	mpvumc_PpicSkipMb
0x802064D0	0x124	.text	lib/mpv_umc.c	global	MPVUMC_PpicSkipped	MPVUMC_PpicSkipped
0x802065F4	0x3F8	.text	lib/mpv_umc.c	global	mpvumc_BiMakeMb	mpvumc_BiMakeMb
0x802069EC	0x27C	.text	lib/mpv_umc.c	global	mpvumc_OneMakeMb	mpvumc_OneMakeMb
0x80206C68	0x1A0	.text	lib/mpv_umc.c	global	mpvumc_OneReadMb	mpvumc_OneReadMb
0x80206E08	0xD8	.text	lib/mpv_umc.c	global	MPVUMC_BiDirect	MPVUMC_BiDirect
0x80206EE0	0xB4	.text	lib/mpv_umc.c	global	MPVUMC_Backward	MPVUMC_Backward
0x80206F94	0xB4	.text	lib/mpv_umc.c	global	MPVUMC_Forward	MPVUMC_Forward
0x80207048	0x17C	.text	lib/mpv_umc.c	global	mpvumc_OutputIntra6blk	mpvumc_OutputIntra6blk
0x802071C4	0xAC	.text	lib/mpv_umc.c	global	MPVUMC_Intra	MPVUMC_Intra
0x80207270	0x28	.text	lib/mpv_umc.c	global	MPVUMC_SetGqr	MPVUMC_SetGqr
0x80207298	0x4	.text	lib/mpv_umc.c	global	MPVUMC_EndOfFrame	MPVUMC_EndOfFrame
0x8020729C	0x94	.text	lib/mpv_umc.c	global	MPVUMC_InitOutRfb	MPVUMC_InitOutRfb
0x80207330	0x4	.text	lib/mpv_umc.c	global	MPVUMC_Finish	MPVUMC_Finish
0x80207334	0x8C	.text	lib/mpv_umc.c	global	MPVUMC_Init	MPVUMC_Init
0x802073C0	0x22C	.text	lib/mpv_mcy.c	global	MPVMC16_OneRef4p_TuneC	MPVMC16_OneRef4p_TuneC
0x802075EC	0x470	.text	lib/mpv_mcy.c	global	MPVMC16_OneRefH2_TuneC	MPVMC16_OneRefH2_TuneC
0x80207A5C	0x4C0	.text	lib/mpv_mcy.c	global	MPVMC16_OneRefV2_TuneC	MPVMC16_OneRefV2_TuneC
0x80207F1C	0x660	.text	lib/mpv_mcy.c	global	MPVMC16_OneRef1p_TuneC	MPVMC16_OneRef1p_TuneC
0x8020857C	0x2C	.text	lib/mpv_mcy.c	global	MPVMC16_Init	MPVMC16_Init
0x802085A8	0x8	.text	lib/mpv_m2v.c	global	MPVM2V_DecodeFrm	MPVM2V_DecodeFrm
0x802085B0	0x8	.text	lib/mpv_m2v.c	global	MPVM2V_DecodePicAtr	MPVM2V_DecodePicAtr
0x802085B8	0x4	.text	lib/mpv_m2v.c	global	MPVM2V_SetCond	MPVM2V_SetCond
0x802085BC	0x4	.text	lib/mpv_m2v.c	global	MPVM2V_Destroy	MPVM2V_Destroy
0x802085C0	0x8	.text	lib/mpv_m2v.c	global	MPVM2V_Create	MPVM2V_Create
0x802085C8	0x4	.text	lib/mpv_m2v.c	global	MPVM2V_Finish	MPVM2V_Finish
0x802085CC	0x4	.text	lib/mpv_m2v.c	global	MPVM2V_Init	MPVM2V_Init
0x802085D0	0x4498	.text	lib/mpvabdec.c	global	MPVABDEC_NintraBlock	MPVABDEC_NintraBlock
0x8020CA68	0x4230	.text	lib/mpvabdec.c	global	MPVABDEC_IntraBlock	MPVABDEC_IntraBlock
0x80210C98	0x4208	.text	lib/mpvabdec.c	global	MPVABDEC_IntraBlockDc11	MPVABDEC_IntraBlockDc11
0x80214EA0	0xC4	.text	lib/memcpyd.c	global	UTY_MemcpyDword	UTY_MemcpyDword
0x80214F64	0x34	.text	lib/uty_ppc.c	global	UTY_PopGqr	UTY_PopGqr
0x80214F98	0x34	.text	lib/uty_ppc.c	global	UTY_PushGqr	UTY_PushGqr
0x80214FCC	0x388	.text	lib/dct_fsri.c	global	DCT_FsriTransCore	DCT_FsriTransCore
0x80215354	0xF0	.text	lib/dct_fsri.c	global	DCT_FsriInitScanTbl	DCT_FsriInitScanTbl
0x80215444	0x24	.text	lib/dct_fsri.c	global	DCT_FsriTransCbp	DCT_FsriTransCbp
0x80215468	0x24	.text	lib/dct_fsri.c	global	DCT_FsriTrans6Blk	DCT_FsriTrans6Blk
0x8021548C	0x10	.text	lib/dct_fsri.c	global	DCT_FsriSetGqr	DCT_FsriSetGqr
0x8021549C	0x250	.text	lib/dct_fsri.c	global	initSparseTbl	initSparseTbl
0x802156EC	0x28	.text	lib/dct_fsri.c	global	DCT_FsriInitPa	DCT_FsriInitPa
0x80215714	0x104	.text	lib/dct_fsri.c	global	DCT_FsriInitScaleTbl	DCT_FsriInitScaleTbl
0x80215818	0x17C	.text	lib/dct_fsri.c	global	DCT_FsriInit	DCT_FsriInit
0x80215994	0x304	.text	lib/mpv_bdec.c	global	MPVBDEC_Init	MPVBDEC_Init
0x80215C98	0xAC	.text	lib/mpv_cdec.c	global	MPVCDEC_NintraBlocks	MPVCDEC_NintraBlocks
0x80215D44	0x454	.text	lib/mpv_cdec.c	global	MPVCDEC_IntraBlocks	MPVCDEC_IntraBlocks
0x80216198	0x4	.text	lib/mpv_cdec.c	global	MPVCDEC_InitFrm	MPVCDEC_InitFrm
0x8021619C	0x20	.text	lib/mpv_cmc.c	global	MPVCMC_SetCcnt	MPVCMC_SetCcnt
0x802161BC	0x40	.text	lib/mpv_cmc.c	global	MPVCMC_InitMcOiRt	MPVCMC_InitMcOiRt
0x802161FC	0x8C	.text	lib/mpv_cmc.c	global	MPVCMC_InitObj	MPVCMC_InitObj
0x80216288	0x48	.text	lib/mpv_cmc.c	global	MPVCMC_Init	MPVCMC_Init
0x802162D0	0x3D0	.text	lib/mpv_dec.c	global	MPVDEC_DecDpicMb	MPVDEC_DecDpicMb
0x802166A0	0x63C	.text	lib/mpv_dec.c	global	MPVDEC_DecBpicMb	MPVDEC_DecBpicMb
0x80216CDC	0x19C	.text	lib/mpv_dec.c	global	mpvdec_MotionSub	mpvdec_MotionSub
0x80216E78	0x14	.text	lib/mpv_dec.c	global	MPVDEC_ResetDc	MPVDEC_ResetDc
0x80216E8C	0x18	.text	lib/mpv_dec.c	global	MPVDEC_ResetMv	MPVDEC_ResetMv
0x80216EA4	0x5D4	.text	lib/mpv_dec.c	global	MPVDEC_DecPpicMb	MPVDEC_DecPpicMb
0x80217478	0x3F8	.text	lib/mpv_dec.c	global	MPVDEC_DecIpicMb	MPVDEC_DecIpicMb
0x80217870	0x78	.text	lib/mpv_dec.c	global	MPVDEC_CheckVersion	MPVDEC_CheckVersion
0x802178E8	0x130	.text	lib/mpv_mc.c	global	MPVMC08_OneRef4p_TuneC	MPVMC08_OneRef4p_TuneC
0x80217A18	0x3EC	.text	lib/mpv_mc.c	global	MPVMC08_OneRefH2_TuneC	MPVMC08_OneRefH2_TuneC
0x80217E04	0x330	.text	lib/mpv_mc.c	global	MPVMC08_OneRefV2_TuneC	MPVMC08_OneRefV2_TuneC
0x80218134	0x450	.text	lib/mpv_mc.c	global	MPVMC08_OneRef1p_TuneC	MPVMC08_OneRef1p_TuneC
0x80218584	0x2C	.text	lib/mpv_mc.c	global	MPVMC08_Init	MPVMC08_Init
0x802185B0	0x2B4	.text	lib/dct_ac.c	global	dctac_TransDouble	dctac_TransDouble
0x80218864	0x28	.text	lib/dct_ac.c	global	DCT_AcIdctDouble	DCT_AcIdctDouble
0x8021888C	0x100	.text	lib/dct_ac.c	global	DCT_AcInit	DCT_AcInit
0x8021898C	0x14	.text	lib/dct_ver.c	global	DCT_GetVerStr	DCT_GetVerStr
0x802189A0	0x1A8	.text	lib/adx_insh.c	global	ADXT_InsertHdrSfa	ADXT_InsertHdrSfa
0x80218B48	0x18	.text	lib/adx_sfa.c	global	SFA_Finish	SFA_Finish
0x80218B60	0x18	.text	lib/adx_sfa.c	global	SFA_Init	SFA_Init
0x80218B78	0x5C	.text	lib/adx_sje.c	global	ADXSJE_ExecServer	ADXSJE_ExecServer
0x80218BD4	0x190	.text	lib/adx_sje.c	global	ADXSJE_ExecHndl	ADXSJE_ExecHndl
0x80218D64	0x8C	.text	lib/adx_sje.c	local	adxsje_encode_exec	adxsje_encode_exec
0x80218DF0	0x1C	.text	lib/adx_sje.c	global	ADXSJE_SetConfigSfa	ADXSJE_SetConfigSfa
0x80218E0C	0xC	.text	lib/adx_sje.c	global	ADXSJE_Stop	ADXSJE_Stop
0x80218E18	0x104	.text	lib/adx_sje.c	global	ADXSJE_Start	ADXSJE_Start
0x80218F1C	0x8C	.text	lib/adx_sje.c	global	ADXSJE_Destroy	ADXSJE_Destroy
0x80218FA8	0x624	.text	lib/adx_sje.c	global	ADXSJE_Create	ADXSJE_Create
0x802195CC	0x44	.text	lib/adx_sje.c	global	ADXSJE_Finish	ADXSJE_Finish
0x80219610	0x44	.text	lib/adx_sje.c	global	ADXSJE_Init	ADXSJE_Init
0x80219654	0x6B4	.text	lib/adx_sje.c	local	adxsje_output_header	adxsje_output_header
0x80219D08	0x230	.text	lib/adx_sje.c	global	adxsje_write_end_code	adxsje_write_end_code
0x80219F38	0x29C	.text	lib/adx_sje.c	global	adxsje_encode_data	adxsje_encode_data
0x8021A1D4	0x240	.text	lib/adx_sje.c	global	adxsje_output_sdata	adxsje_output_sdata
0x8021A414	0x234	.text	lib/adx_sje.c	global	adxsje_set_rsig	adxsje_set_rsig
0x8021A648	0x4C8	.text	lib/adx_sje.c	global	adxsje_calc_rsig	adxsje_calc_rsig
0x8021AB10	0x230	.text	lib/adx_sje.c	global	adxsje_write68	adxsje_write68
0x8021AD40	0xC0	.text	lib/adx_sugc.c	global	ADXGC_SetupDvdFs	ADXGC_SetupDvdFs
0x8021AE00	0x24	.text	lib/adx_sugc.c	global	adxgc_err_dvd	adxgc_err_dvd
0x8021AE24	0x24	.text	lib/adx_gc.c	global	ADXGC_SetAdjsfreqFlg	ADXGC_SetAdjsfreqFlg
0x8021AE48	0x60	.text	lib/mfci.c	global	mfCiGetNumTr	mfCiGetNumTr
0x8021AEA8	0x98	.text	lib/mfci.c	global	mfCiSetSctLen	mfCiSetSctLen
0x8021AF40	0x60	.text	lib/mfci.c	global	mfCiGetSctLen	mfCiGetSctLen
0x8021AFA0	0x64	.text	lib/mfci.c	global	mfCiGetStat	mfCiGetStat
0x8021B004	0x70	.text	lib/mfci.c	global	mfCiStopTr	mfCiStopTr
0x8021B074	0x2A8	.text	lib/mfci.c	global	mfCiReqRd	mfCiReqRd
0x8021B31C	0x60	.text	lib/mfci.c	global	mfCiTell	mfCiTell
0x8021B37C	0xF4	.text	lib/mfci.c	global	mfCiSeek	mfCiSeek
0x8021B470	0x98	.text	lib/mfci.c	global	mfCiClose	mfCiClose
0x8021B508	0x230	.text	lib/mfci.c	global	mfCiOpen	mfCiOpen
0x8021B738	0x10C	.text	lib/mfci.c	global	mfCiGetFileSize	mfCiGetFileSize
0x8021B844	0x14	.text	lib/mfci.c	global	mfCiEntryErrFunc	mfCiEntryErrFunc
0x8021B858	0xC	.text	lib/mfci.c	global	mfCiExecServer	mfCiExecServer
0x8021B864	0x14	.text	lib/mfci.c	global	mfCiGetInterface	mfCiGetInterface
0x8021B878	0x4	.text	lib/gcci.c	global	gcci_rd_cbfn	gcci_rd_cbfn
0x8021B87C	0x60	.text	lib/gcci.c	global	gcCiGetNumTr	gcCiGetNumTr
0x8021B8DC	0xE4	.text	lib/gcci.c	global	gcCiSetSctLen	gcCiSetSctLen
0x8021B9C0	0x60	.text	lib/gcci.c	global	gcCiGetSctLen	gcCiGetSctLen
0x8021BA20	0x64	.text	lib/gcci.c	local	gcCiGetStat	gcCiGetStat
0x8021BA84	0x1A0	.text	lib/gcci.c	global	gcCiStopTr	gcCiStopTr
0x8021BC24	0x428	.text	lib/gcci.c	global	gcCiReqRd	gcCiReqRd
0x8021C04C	0x60	.text	lib/gcci.c	global	gcCiTell	gcCiTell
0x8021C0AC	0xCC	.text	lib/gcci.c	global	gcCiSeek	gcCiSeek
0x8021C178	0x1C4	.text	lib/gcci.c	global	gcCiClose	gcCiClose
0x8021C33C	0x210	.text	lib/gcci.c	global	gcCiOpen	gcCiOpen
0x8021C54C	0x164	.text	lib/gcci.c	global	gcCiGetFileSize	gcCiGetFileSize
0x8021C6B0	0x14	.text	lib/gcci.c	global	gcCiEntryErrFunc	gcCiEntryErrFunc
0x8021C6C4	0x178	.text	lib/gcci.c	global	gcCiExecServer	gcCiExecServer
0x8021C83C	0x6C	.text	lib/gcci.c	global	gcCiGetInterface	gcCiGetInterface
0x8021C8A8	0xC	.text	lib/gcci_sub.c	global	gcCiSetRdMode	gcCiSetRdMode
0x8021C8B4	0x4C	.text	lib/eabi.c	global	_savefpr_14	_savefpr_14
0x8021C900	0x4C	.text	lib/eabi.c	global	_restfpr_14	_restfpr_14
0x8021C960	0x4	.ctor	lib/crtbegin.c	global	__CTOR_LIST__	__CTOR_LIST__
0x8021C964	0x4	.ctor	game/cam_ctrl.cpp	global	lbl_8021C964	.
0x8021C968	0x4	.ctor	game/map_obj.cpp	global	lbl_8021C968	.
0x8021C96C	0x4	.ctor	game/merchant.cpp	global	lbl_8021C96C	.
0x8021C970	0x4	.ctor	game/mes.cpp	global	lbl_8021C970	.
0x8021C974	0x4	.ctor	game/pl_npc.cpp	global	lbl_8021C974	.
0x8021C978	0x4	.ctor	game/player.cpp	global	lbl_8021C978	.
0x8021C97C	0x4	.ctor	game/act_btn.cpp	global	lbl_8021C97C	.
0x8021C980	0x4	.ctor	game/atari.cpp	global	lbl_8021C980	.
0x8021C984	0x4	.ctor	game/block.cpp	global	lbl_8021C984	.
0x8021C988	0x4	.ctor	game/ctrl.cpp	global	lbl_8021C988	.
0x8021C98C	0x4	.ctor	game/datactrl.cpp	global	lbl_8021C98C	.
0x8021C990	0x4	.ctor	game/dmg.cpp	global	lbl_8021C990	.
0x8021C994	0x4	.ctor	game/eff_sys.cpp	global	lbl_8021C994	.
0x8021C998	0x4	.ctor	game/em.cpp	global	lbl_8021C998	.
0x8021C99C	0x4	.ctor	game/EtcModel.cpp	global	lbl_8021C99C	.
0x8021C9A0	0x4	.ctor	game/event.cpp	global	lbl_8021C9A0	.
0x8021C9A4	0x4	.ctor	game/light.cpp	global	lbl_8021C9A4	.
0x8021C9A8	0x4	.ctor	game/model.cpp	global	lbl_8021C9A8	.
0x8021C9AC	0x4	.ctor	game/obj.cpp	global	lbl_8021C9AC	.
0x8021C9B0	0x4	.ctor	game/read.cpp	global	lbl_8021C9B0	.
0x8021C9B4	0x4	.ctor	game/roomdata.cpp	global	lbl_8021C9B4	.
0x8021C9B8	0x4	.ctor	game/sce_sys.cpp	global	lbl_8021C9B8	.
0x8021C9BC	0x4	.ctor	game/scheduler.cpp	global	lbl_8021C9BC	.
0x8021C9C0	0x4	.ctor	game/shadow.cpp	global	lbl_8021C9C0	.
0x8021C9C4	0x4	.ctor	game/sofdec.cpp	global	lbl_8021C9C4	.
0x8021C9C8	0x4	.ctor	game/TexRender.cpp	global	lbl_8021C9C8	.
0x8021C9E0	0x4	.dtor	lib/crtbegin.c	global	__DTOR_LIST__	__DTOR_LIST__
0x8021C9E4	0x4	.dtor	game/cam_ctrl.cpp	global	lbl_8021C9E4	.
0x8021C9E8	0x4	.dtor	game/map_obj.cpp	global	lbl_8021C9E8	.
0x8021C9EC	0x4	.dtor	game/merchant.cpp	global	lbl_8021C9EC	.
0x8021C9F0	0x4	.dtor	game/mes.cpp	global	lbl_8021C9F0	.
0x8021C9F4	0x4	.dtor	game/act_btn.cpp	global	lbl_8021C9F4	.
0x8021C9F8	0x4	.dtor	game/atari.cpp	global	lbl_8021C9F8	.
0x8021C9FC	0x4	.dtor	game/block.cpp	local	lbl_8021C9FC	.
0x8021CA00	0x4	.dtor	game/ctrl.cpp	global	lbl_8021CA00	.
0x8021CA04	0x4	.dtor	game/datactrl.cpp	global	lbl_8021CA04	.
0x8021CA08	0x4	.dtor	game/dmg.cpp	global	lbl_8021CA08	.
0x8021CA0C	0x4	.dtor	game/eff_sys.cpp	global	lbl_8021CA0C	.
0x8021CA10	0x4	.dtor	game/em.cpp	global	lbl_8021CA10	.
0x8021CA14	0x4	.dtor	game/event.cpp	global	lbl_8021CA14	.
0x8021CA18	0x4	.dtor	game/light.cpp	global	lbl_8021CA18	.
0x8021CA1C	0x4	.dtor	game/model.cpp	global	lbl_8021CA1C	.
0x8021CA20	0x4	.dtor	game/obj.cpp	global	lbl_8021CA20	.
0x8021CA24	0x4	.dtor	game/roomdata.cpp	global	lbl_8021CA24	.
0x8021CA28	0x4	.dtor	game/sofdec.cpp	global	lbl_8021CA28	.
0x8021CA40	0x484	.rodata	game/cam_ctrl.cpp	global	lbl_8021CA40	.
0x8021CEC4	0x30	.rodata	game/cam_ctrl.cpp	global	smooth_ratio	smooth_ratio
0x8021CEF4	0x4	.rodata	game/cam_ctrl.cpp	global	lbl_8021CEF4	.
0x8021CEF8	0x4A4	.rodata	game/card.cpp	global	lbl_8021CEF8	.
0x8021D39C	0x14	.rodata	game/ctrl00.cpp	global	lbl_8021D39C	.
0x8021D3B0	0x1E8	.rodata	game/ctrl01.cpp	local	lbl_8021D3B0	.
0x8021D598	0x18	.rodata	game/ctrl10.cpp	global	lbl_8021D598	.
0x8021D5B0	0xC0	.rodata	game/ctrl11.cpp	global	lbl_8021D5B0	.
0x8021D670	0x38	.rodata	game/ctrl11.cpp	global	_vt.7cCtrl11	cCtrl11 virtual table
0x8021D6A8	0x28	.rodata	game/ctrl11.cpp	global	_vt.5cUnit	cUnit virtual table
0x8021D6D0	0x158	.rodata	game/ctrl12.cpp	global	lbl_8021D6D0	.
0x8021D828	0x38	.rodata	game/ctrl12.cpp	global	_vt.7cCtrl12	cCtrl12 virtual table
0x8021D860	0x28	.rodata	game/ctrl12.cpp	local	cUnit_virtual_table_8021D860	cUnit virtual table
0x8021D888	0x1B8	.rodata	game/ctrl14.cpp	global	lbl_8021D888	.
0x8021DA40	0x98	.rodata	game/ctrl14.cpp	global	_vt.7cCtrl14	cCtrl14 virtual table
0x8021DAD8	0x28	.rodata	game/ctrl14.cpp	local	cUnit_virtual_table_8021DAD8	cUnit virtual table
0x8021DB00	0x7C	.rodata	game/emBar.cpp	global	lbl_8021DB00	.
0x8021DB7C	0xC	.rodata	game/emBar.cpp	local	ofs.300	ofs.300
0x8021DB88	0xC	.rodata	game/emBar.cpp	local	size.301	size.301
0x8021DB94	0x114	.rodata	game/emBar.cpp	local	lbl_8021DB94	lbl_8021DB94
0x8021DCA8	0x58	.rodata	game/emBar.cpp	global	_vt.6cEmBar	cEmBar virtual table
0x8021DD00	0x28	.rodata	game/emBar.cpp	local	cUnit_virtual_table_8021DD00	cUnit virtual table
0x8021DD28	0xCC	.rodata	game/emwep.cpp	global	lbl_8021DD28	.
0x8021DDF4	0xC	.rodata	game/emwep.cpp	local	ofs.411	ofs.411
0x8021DE00	0xC	.rodata	game/emwep.cpp	local	size.412	size.412
0x8021DE0C	0x50C	.rodata	game/emwep.cpp	local	lbl_8021DE0C	lbl_8021DE0C
0x8021E318	0x58	.rodata	game/emwep.cpp	global	_vt.6cEmWep	cEmWep virtual table
0x8021E370	0x28	.rodata	game/emwep.cpp	local	cUnit_virtual_table_8021E370	cUnit virtual table
0x8021E398	0x8B0	.rodata	game/item.cpp	global	lbl_8021E398	.
0x8021EC48	0x3B2	.rodata	game/item.cpp	global	wep_info	wep_info
0x8021EFFA	0xBA	.rodata	game/item.cpp	global	wep_level_info	wep_level_info
0x8021F0B4	0x1CE	.rodata	game/item.cpp	global	combination_info	combination_info
0x8021F282	0x6	.rodata	game/item.cpp	global	lbl_8021F282	.
0x8021F288	0x4C	.rodata	game/light_area.cpp	global	lbl_8021F288	.
0x8021F2D4	0x48	.rodata	game/lightInfo.cpp	global	lbl_8021F2D4	.
0x8021F31C	0x64	.rodata	game/lightPath.cpp	global	lbl_8021F31C	.
0x8021F380	0xE8	.rodata	game/map_obj.cpp	global	lbl_8021F380	.
0x8021F468	0x48	.rodata	game/map_obj.cpp	global	_vt.7cMapMgr	cMapMgr virtual table
0x8021F4B0	0x48	.rodata	game/map_obj.cpp	global	_vt.t8cManager1Z4cMap	cManager<cMap> virtual table
0x8021F4F8	0x40	.rodata	game/map_obj.cpp	global	_vt.4cMap	cMap virtual table
0x8021F538	0x28	.rodata	game/map_obj.cpp	local	cUnit_virtual_table_8021F538	cUnit virtual table
0x8021F560	0x350	.rodata	game/mercenaries.cpp	global	lbl_8021F560	.
0x8021F8B0	0x190	.rodata	game/mercenaries.cpp	global	addScoreTbl	addScoreTbl
0x8021FA40	0x28	.rodata	game/mercenaries.cpp	global	defaultScoreTbl	defaultScoreTbl
0x8021FA68	0x170	.rodata	game/merchant.cpp	global	lbl_8021FA68	.
0x8021FBD8	0x23C	.rodata	game/mes.cpp	global	lbl_8021FBD8	.
0x8021FE14	0x26	.rodata	game/mes.cpp	local	arg.1157	arg.1157
0x8021FE3A	0xCE	.rodata	game/mes.cpp	global	lbl_8021FE3A	.
0x8021FF08	0x18	.rodata	game/mes.cpp	global	_vt.14MessageControl	MessageControl virtual table
0x8021FF20	0x18	.rodata	game/mes.cpp	global	_vt.7Message	Message virtual table
0x8021FF38	0x7C	.rodata	game/obj13.cpp	global	lbl_8021FF38	.
0x8021FFB4	0xC	.rodata	game/obj13.cpp	local	p0.366	p0.366
0x8021FFC0	0xC	.rodata	game/obj13.cpp	local	p1.367	p1.367
0x8021FFCC	0x31C	.rodata	game/obj13.cpp	local	lbl_8021FFCC	lbl_8021FFCC
0x802202E8	0x40	.rodata	game/obj13.cpp	global	_vt.10cObjLadder	cObjLadder virtual table
0x80220328	0x28	.rodata	game/obj13.cpp	local	cUnit_virtual_table_80220328	cUnit virtual table
0x80220350	0x68	.rodata	game/obj14.cpp	global	lbl_80220350	.
0x802203B8	0xC	.rodata	game/obj14.cpp	local	l0.234	l0.234
0x802203C4	0xC	.rodata	game/obj14.cpp	local	l1.235	l1.235
0x802203D0	0x148	.rodata	game/obj14.cpp	local	lbl_802203D0	lbl_802203D0
0x80220518	0x40	.rodata	game/obj14.cpp	global	_vt.8cObjBell	cObjBell virtual table
0x80220558	0x28	.rodata	game/obj14.cpp	local	cUnit_virtual_table_80220558	cUnit virtual table
0x80220580	0x68	.rodata	game/obj15.cpp	local	lbl_80220580	.
0x802205E8	0xC	.rodata	game/obj15.cpp	local	p0.333	p0.333
0x802205F4	0xC	.rodata	game/obj15.cpp	local	p1.334	p1.334
0x80220600	0x148	.rodata	game/obj15.cpp	local	lbl_80220600	lbl_80220600
0x80220748	0x40	.rodata	game/obj15.cpp	global	_vt.11cObjGatling	cObjGatling virtual table
0x80220788	0x28	.rodata	game/obj15.cpp	local	cUnit_virtual_table_80220788	cUnit virtual table
0x802207B0	0x7C	.rodata	game/obj16.cpp	global	lbl_802207B0	.
0x8022082C	0xC	.rodata	game/obj16.cpp	local	p0.351	p0.351
0x80220838	0xC	.rodata	game/obj16.cpp	local	p1.352	p1.352
0x80220844	0x1B4	.rodata	game/obj16.cpp	local	lbl_80220844	lbl_80220844
0x802209F8	0x40	.rodata	game/obj16.cpp	global	_vt.6cObj16	cObj16 virtual table
0x80220A38	0x28	.rodata	game/obj16.cpp	local	cUnit_virtual_table_80220A38	cUnit virtual table
0x80220A60	0xC	.rodata	game/obj19.cpp	global	_8cItemObj.zero	_8cItemObj.zero
0x80220A6C	0xC	.rodata	game/obj19.cpp	local	p1.108	p1.108
0x80220A78	0xC	.rodata	game/obj19.cpp	local	p1.115	p1.115
0x80220B38	0x40	.rodata	game/obj19.cpp	global	_vt.8cItemObj	cItemObj virtual table
0x80220B78	0x28	.rodata	game/obj19.cpp	local	cUnit_virtual_table_80220B78	cUnit virtual table
0x80220BA0	0x74	.rodata	game/obj1b.cpp	global	lbl_80220BA0	.
0x80220C14	0xC	.rodata	game/obj1b.cpp	local	p0.237	p0.237
0x80220C20	0xC	.rodata	game/obj1b.cpp	local	p1.238	p1.238
0x80220C2C	0x20C	.rodata	game/obj1b.cpp	local	lbl_80220C2C	lbl_80220C2C
0x80220E38	0x40	.rodata	game/obj1b.cpp	global	_vt.9cObjSpear	cObjSpear virtual table
0x80220E78	0x28	.rodata	game/obj1b.cpp	local	cUnit_virtual_table_80220E78	cUnit virtual table
0x80220EA0	0x74	.rodata	game/obj1c.cpp	global	lbl_80220EA0	.
0x80220F14	0xC	.rodata	game/obj1c.cpp	local	p0.216	p0.216
0x80220F20	0xC	.rodata	game/obj1c.cpp	local	p1.217	p1.217
0x80220F2C	0x134	.rodata	game/obj1c.cpp	local	lbl_80220F2C	lbl_80220F2C
0x80221060	0x40	.rodata	game/obj1c.cpp	global	_vt.6cObj1c	cObj1c virtual table
0x802210A0	0x28	.rodata	game/obj1c.cpp	local	cUnit_virtual_table_802210A0	cUnit virtual table
0x802210C8	0x5C	.rodata	game/obj1d.cpp	global	lbl_802210C8	.
0x80221124	0xC	.rodata	game/obj1d.cpp	local	p0.159	p0.159
0x80221130	0xC	.rodata	game/obj1d.cpp	local	p1.160	p1.160
0x8022113C	0xF4	.rodata	game/obj1d.cpp	local	lbl_8022113C	lbl_8022113C
0x80221230	0x40	.rodata	game/obj1d.cpp	global	_vt.9cObjChain	cObjChain virtual table
0x80221270	0x28	.rodata	game/obj1d.cpp	local	cUnit_virtual_table_80221270	cUnit virtual table
0x80221298	0x80	.rodata	game/obj20.cpp	global	lbl_80221298	.
0x80221318	0xC	.rodata	game/obj20.cpp	local	p0.228	p0.228
0x80221324	0xC	.rodata	game/obj20.cpp	local	p1.229	p1.229
0x80221330	0xD8	.rodata	game/obj20.cpp	local	lbl_80221330	lbl_80221330
0x80221408	0x40	.rodata	game/obj20.cpp	global	_vt.12cObjObaModel	cObjObaModel virtual table
0x80221448	0x28	.rodata	game/obj20.cpp	local	cUnit_virtual_table_80221448	cUnit virtual table
0x80221470	0x7C	.rodata	game/obj26.cpp	global	lbl_80221470	.
0x802214EC	0xC	.rodata	game/obj26.cpp	local	p0.234	p0.234
0x802214F8	0xC	.rodata	game/obj26.cpp	local	p1.235	p1.235
0x80221504	0xEC	.rodata	game/obj26.cpp	local	lbl_80221504	lbl_80221504
0x802215F0	0x40	.rodata	game/obj26.cpp	global	_vt.6cObj26	cObj26 virtual table
0x80221630	0x28	.rodata	game/obj26.cpp	local	cUnit_virtual_table_80221630	cUnit virtual table
0x80221658	0xAC	.rodata	game/objBull.cpp	global	lbl_80221658	.
0x80221704	0xC	.rodata	game/objBull.cpp	local	p0.381	p0.381
0x80221710	0xC	.rodata	game/objBull.cpp	local	p1.382	p1.382
0x8022171C	0x1BC	.rodata	game/objBull.cpp	local	lbl_8022171C	lbl_8022171C
0x802218D8	0x40	.rodata	game/objBull.cpp	global	_vt.8cObjBull	cObjBull virtual table
0x80221918	0x28	.rodata	game/objBull.cpp	local	cUnit_virtual_table_80221918	cUnit virtual table
0x80221940	0xAC	.rodata	game/objGondola.cpp	global	lbl_80221940	.
0x802219EC	0xC	.rodata	game/objGondola.cpp	local	p0.378	p0.378
0x802219F8	0xC	.rodata	game/objGondola.cpp	local	p1.379	p1.379
0x80221A04	0x1D4	.rodata	game/objGondola.cpp	local	lbl_80221A04	lbl_80221A04
0x80221BD8	0x40	.rodata	game/objGondola.cpp	global	_vt.11cObjGondola	cObjGondola virtual table
0x80221C18	0x28	.rodata	game/objGondola.cpp	local	cUnit_virtual_table_80221C18	cUnit virtual table
0x80221C40	0xAC	.rodata	game/objMissile.cpp	global	lbl_80221C40	.
0x80221CEC	0xC	.rodata	game/objMissile.cpp	local	p0.321	p0.321
0x80221CF8	0xC	.rodata	game/objMissile.cpp	local	p1.322	p1.322
0x80221D04	0x14C	.rodata	game/objMissile.cpp	local	lbl_80221D04	lbl_80221D04
0x80221E50	0x40	.rodata	game/objMissile.cpp	global	_vt.11cObjMissile	cObjMissile virtual table
0x80221E90	0x28	.rodata	game/objMissile.cpp	local	cUnit_virtual_table_80221E90	cUnit virtual table
0x80221EB8	0xAC	.rodata	game/objPillar.cpp	global	lbl_80221EB8	.
0x80221F64	0xC	.rodata	game/objPillar.cpp	local	p0.387	p0.387
0x80221F70	0xC	.rodata	game/objPillar.cpp	local	p1.388	p1.388
0x80221F7C	0x1C4	.rodata	game/objPillar.cpp	local	lbl_80221F7C	lbl_80221F7C
0x80222140	0x40	.rodata	game/objPillar.cpp	global	_vt.10cObjPillar	cObjPillar virtual table
0x80222180	0x28	.rodata	game/objPillar.cpp	local	cUnit_virtual_table_80222180	cUnit virtual table
0x802221A8	0xC0	.rodata	game/objRobo.cpp	global	lbl_802221A8	.
0x80222268	0xC	.rodata	game/objRobo.cpp	local	p0.381	p0.381
0x80222274	0xC	.rodata	game/objRobo.cpp	local	p1.382	p1.382
0x80222280	0x328	.rodata	game/objRobo.cpp	local	lbl_80222280	lbl_80222280
0x802225A8	0x40	.rodata	game/objRobo.cpp	global	_vt.8cObjRobo	cObjRobo virtual table
0x802225E8	0x28	.rodata	game/objRobo.cpp	local	cUnit_virtual_table_802225E8	cUnit virtual table
0x80222610	0x70	.rodata	game/objRocket.cpp	global	lbl_80222610	.
0x80222680	0xC	.rodata	game/objRocket.cpp	global	_10cObjRocket.lightPos	_10cObjRocket.lightPos
0x8022268C	0xC	.rodata	game/objRocket.cpp	global	_10cObjRocket.lightSize	_10cObjRocket.lightSize
0x80222698	0x290	.rodata	game/objRocket.cpp	local	lbl_80222698	lbl_80222698
0x80222928	0xB0	.rodata	game/objRocket.cpp	global	_vt.12cObjLauncher	cObjLauncher virtual table
0x802229D8	0x40	.rodata	game/objRocket.cpp	global	_vt.10cObjRocket	cObjRocket virtual table
0x80222A18	0x28	.rodata	game/objRocket.cpp	local	cUnit_virtual_table_80222A18	cUnit virtual table
0x80222A40	0x13C	.rodata	game/objSubWep.cpp	global	lbl_80222A40	.
0x80222B7C	0xC	.rodata	game/objSubWep.cpp	local	p0.382	p0.382
0x80222B88	0xC	.rodata	game/objSubWep.cpp	local	p1.383	p1.383
0x80222B94	0x1C	.rodata	game/objSubWep.cpp	local	lbl_80222B94	lbl_80222B94
0x80222BB0	0xC	.rodata	game/objSubWep.cpp	global	speedGre.958	speedGre.958
0x80222BBC	0xC	.rodata	game/objSubWep.cpp	global	speedEgg.959	speedEgg.959
0x80222BC8	0x130	.rodata	game/objSubWep.cpp	global	lbl_80222BC8	.
0x80222CF8	0x50	.rodata	game/objSubWep.cpp	global	_vt.7cObjEgg	cObjEgg virtual table
0x80222D48	0x50	.rodata	game/objSubWep.cpp	local	_vt.12cObjGreLight	cObjGreLight virtual table
0x80222D98	0x50	.rodata	game/objSubWep.cpp	global	_vt.11cObjGreFire	cObjGreFire virtual table
0x80222DE8	0x50	.rodata	game/objSubWep.cpp	global	_vt.11cObjGrenade	cObjGrenade virtual table
0x80222E38	0x50	.rodata	game/objSubWep.cpp	global	_vt.7cSubWep	cSubWep virtual table
0x80222E88	0x28	.rodata	game/objSubWep.cpp	local	cUnit_virtual_table_80222E88	cUnit virtual table
0x80222EB0	0xAC	.rodata	game/objTrolley.cpp	global	lbl_80222EB0	.
0x80222F5C	0xC	.rodata	game/objTrolley.cpp	local	p0.387	p0.387
0x80222F68	0xC	.rodata	game/objTrolley.cpp	local	p1.388	p1.388
0x80222F74	0x1BC	.rodata	game/objTrolley.cpp	local	lbl_80222F74	lbl_80222F74
0x80223130	0x40	.rodata	game/objTrolley.cpp	global	_vt.11cObjTrolley	cObjTrolley virtual table
0x80223170	0x28	.rodata	game/objTrolley.cpp	local	cUnit_virtual_table_80223170	cUnit virtual table
0x80223198	0x3C	.rodata	game/objWep.cpp	global	lbl_80223198	.
0x802231D4	0xC	.rodata	game/objWep.cpp	local	p0.321	p0.321
0x802231E0	0xC	.rodata	game/objWep.cpp	local	p1.322	p1.322
0x802231EC	0x5C	.rodata	game/objWep.cpp	local	lbl_802231EC	lbl_802231EC
0x80223248	0x228	.rodata	game/objWep.cpp	global	ofs.1065	ofs.1065
0x80223470	0x1A8	.rodata	game/objWep.cpp	global	lbl_80223470	.
0x80223618	0xB0	.rodata	game/objWep.cpp	global	_vt.7cObjWep	cObjWep virtual table
0x802236C8	0x10	.rodata	game/objWep.cpp	local	lbl_802236C8	.
0x802236D8	0x28	.rodata	game/objWep.cpp	local	cUnit_virtual_table_802236D8	cUnit virtual table
0x80223700	0xAC	.rodata	game/objYagura.cpp	global	lbl_80223700	.
0x802237AC	0xC	.rodata	game/objYagura.cpp	local	p0.249	p0.249
0x802237B8	0xC	.rodata	game/objYagura.cpp	local	p1.250	p1.250
0x802237C4	0xE4	.rodata	game/objYagura.cpp	local	lbl_802237C4	lbl_802237C4
0x802238A8	0x40	.rodata	game/objYagura.cpp	global	_vt.10cObjYagura	cObjYagura virtual table
0x802238E8	0x28	.rodata	game/objYagura.cpp	local	cUnit_virtual_table_802238E8	cUnit virtual table
0x80223910	0x160	.rodata	game/option.cpp	global	lbl_80223910	.
0x80223A70	0x278	.rodata	game/pl_ashley.cpp	global	lbl_80223A70	.
0x80223CE8	0xB8	.rodata	game/pl_ashley.cpp	global	_vt.9cPlAshley	cPlAshley virtual table
0x80223DA0	0x28	.rodata	game/pl_ashley.cpp	local	cUnit_virtual_table_80223DA0	cUnit virtual table
0x80223DC8	0x178	.rodata	game/pl_debug.cpp	global	lbl_80223DC8	.
0x80223F40	0x1D8	.rodata	game/pl_dmg.cpp	global	lbl_80223F40	.
0x80224118	0x4C	.rodata	game/pl_event.cpp	global	lbl_80224118	.
0x80224168	0x1D8	.rodata	game/pl_knife.cpp	global	lbl_80224168	.
0x80224340	0x1A0	.rodata	game/pl_leon.cpp	global	lbl_80224340	.
0x802244E0	0xB8	.rodata	game/pl_leon.cpp	global	_vt.7cPlLeon	cPlLeon virtual table
0x80224598	0x28	.rodata	game/pl_leon.cpp	local	cUnit_virtual_table_80224598	cUnit virtual table
0x802245C0	0x68	.rodata	game/pl_npc.cpp	local	lbl_802245C0	.
0x80224628	0xC	.rodata	game/pl_npc.cpp	global	_8cSubChar.atckPos	cSubChar::atckPos
0x80224634	0xC	.rodata	game/pl_npc.cpp	global	_8cSubChar.atckPos2	cSubChar::atckPos2
0x80224640	0xC8	.rodata	game/pl_npc.cpp	global	lbl_80224640	.
0x80224708	0xC	.rodata	game/pl_npc.cpp	local	lightOfs.405	lightOfs.405
0x80224714	0xC	.rodata	game/pl_npc.cpp	local	lightSize.406	lightSize.406
0x80224720	0x140	.rodata	game/pl_npc.cpp	local	lbl_80224720	lbl_80224720
0x80224860	0xC	.rodata	game/pl_npc.cpp	global	v_ok.1308	v_ok.1308
0x8022486C	0x1E8	.rodata	game/pl_npc.cpp	global	lbl_8022486C	.
0x80224A54	0xC	.rodata	game/pl_npc.cpp	global	chasePosFwd.1454	chasePosFwd.1454
0x80224A60	0xC	.rodata	game/pl_npc.cpp	global	chasePosBck.1455	chasePosBck.1455
0x80224A6C	0x58	.rodata	game/pl_npc.cpp	global	lbl_80224A6C	.
0x80224AC4	0xC	.rodata	game/pl_npc.cpp	local	chk.618	chk.618
0x80224AD0	0x1B0	.rodata	game/pl_npc.cpp	local	lbl_80224AD0	lbl_80224AD0
0x80224C80	0x88	.rodata	game/pl_npc.cpp	global	_vt.8cSubChar	cSubChar virtual table
0x80224D08	0x28	.rodata	game/pl_npc.cpp	local	cUnit_virtual_table_80224D08	cUnit virtual table
0x80224D30	0x8	.rodata	game/pl_npc.cpp	global	lbl_80224D30	.
0x80224D38	0x3C	.rodata	game/pl_push.cpp	global	lbl_80224D38	.
0x80224D74	0xC	.rodata	game/pl_push.cpp	global	sp.609	sp.609
0x80224D80	0x98	.rodata	game/pl_push.cpp	global	lbl_80224D80	.
0x80224E18	0x88	.rodata	game/player.cpp	local	lbl_80224E18	.
0x80224EA0	0xC	.rodata	game/player.cpp	local	lightOfs.375	lightOfs.375
0x80224EAC	0xC	.rodata	game/player.cpp	local	lightSize.376	lightSize.376
0x80224EB8	0x310	.rodata	game/player.cpp	local	lbl_80224EB8	lbl_80224EB8
0x802251C8	0x718	.rodata	game/snd.cpp	global	lbl_802251C8	.
0x802258E0	0x380	.rodata	game/sscrn.cpp	global	lbl_802258E0	.
0x80225C60	0x8	.rodata	lib/tealeaf.c	local	lbl_80225C60	.
0x80225C68	0x18	.rodata	lib/sndvd.c	global	lbl_80225C68	.
0x80225C80	0x101	.rodata	game/ctype_.cpp	global	_ctype_	_ctype_
0x80225D81	0x3	.rodata	game/ctype_.cpp	global	lbl_80225D81	.
0x80225D84	0x22	.rodata	game/vfscanf.cpp	global	basefix.3	basefix.3
0x80225DA6	0x2	.rodata	game/vfscanf.cpp	global	lbl_80225DA6	.
0x80225DA8	0x18	.rodata	game/mbtowc_r.cpp	global	lbl_80225DA8	.
0x80225DC0	0x20	.rodata	game/strtod2.cpp	global	lbl_80225DC0	.
0x80225DE0	0x40	.rodata	game/vfprintf.cpp	global	lbl_80225DE0	.
0x80225E20	0x10	.rodata	game/vfprintf.cpp	global	blanks.29	blanks.29
0x80225E30	0x10	.rodata	game/vfprintf.cpp	global	zeroes.30	zeroes.30
0x80225E40	0x70	.rodata	game/vfprintf.cpp	global	lbl_80225E40	.
0x80225EB0	0x10	.rodata	game/vfiprintf.cpp	local	blanks.12	blanks.12
0x80225EC0	0x10	.rodata	game/vfiprintf.cpp	global	zeroes.13	zeroes.13
0x80225ED0	0x4C	.rodata	game/vfiprintf.cpp	global	lbl_80225ED0	.
0x80225F1C	0x30	.rodata	game/locale.cpp	global	lconv	lconv
0x80225F4C	0x24	.rodata	game/locale.cpp	global	lbl_80225F4C	.
0x80225F70	0x10	.rodata	game/math_support.cpp	global	lbl_80225F70	.
0x80225F80	0x10	.rodata	game/math_support.cpp	global	Zero	Zero
0x80225F90	0xC0	.rodata	game/math_support.cpp	global	lbl_80225F90	.
0x80226050	0x4	.rodata	game/impure.cpp	global	lbl_80226050	.
0x80226054	0x44	.rodata	game/ungetc.cpp	global	lbl_80226054	.
0x80226098	0x2C	.rodata	game/fopen.cpp	global	lbl_80226098	.
0x802260C4	0x168	.rodata	lib/builtin-delete.c	global	lbl_802260C4	.
0x8022622C	0x8C	.rodata	lib/_eh.c	global	lbl_8022622C	.
0x802262B8	0xC	.rodata	lib/quat.c	global	@207_802262B8	@207
0x802262C8	0x90	.rodata	game/snd_efx.cpp	global	lbl_802262C8	.
0x80226358	0xA8	.rodata	game/snd_iss0.cpp	global	lbl_80226358	.
0x80226400	0x54	.rodata	game/snd_iss1.cpp	global	lbl_80226400	.
0x80226454	0x6C	.rodata	game/snd_main.cpp	global	lbl_80226454	.
0x802264C0	0x54	.rodata	game/snd_ram.cpp	global	lbl_802264C0	.
0x80226514	0x54	.rodata	game/snd_seq0.cpp	global	lbl_80226514	.
0x80226568	0x54	.rodata	game/snd_seq1.cpp	global	lbl_80226568	.
0x802265BC	0xE4	.rodata	game/snd_seq2.cpp	global	lbl_802265BC	.
0x802266A0	0x6C	.rodata	game/snd_seq3.cpp	global	lbl_802266A0	.
0x80226710	0x60	.rodata	game/snd_str0.cpp	global	lbl_80226710	.
0x80226770	0x54	.rodata	game/snd_str1.cpp	global	lbl_80226770	.
0x802267C4	0x54	.rodata	game/snd_str2.cpp	global	lbl_802267C4	.
0x80226818	0x110	.rodata	game/snd_str3.cpp	global	lbl_80226818	.
0x80226928	0x54	.rodata	game/snd_str4.cpp	global	lbl_80226928	.
0x8022697C	0x130	.rodata	game/snd_sub0.cpp	global	lbl_8022697C	.
0x80226AAC	0x54	.rodata	game/snd_sub1.cpp	global	lbl_80226AAC	.
0x80226B00	0x54	.rodata	game/snd_sub2.cpp	global	lbl_80226B00	.
0x80226B54	0x54	.rodata	game/snd_sub3.cpp	global	lbl_80226B54	.
0x80226BA8	0x8C	.rodata	game/snd_iss2.cpp	global	lbl_80226BA8	.
0x80226C38	0x108	.rodata	game/snd_iss3.cpp	global	lbl_80226C38	.
0x80226D40	0xB8	.rodata	game/snd_iss4.cpp	global	lbl_80226D40	.
0x80226DF8	0x2D	.rodata	lib/adx_tlk.c	global	...rodata.0	...rodata.0
0x80226E25	0x3	.rodata	lib/adx_tlk.c	global	lbl_80226E25	.
0x80226E28	0x2A	.rodata	lib/adx_tlk.c	local	@683_80226E28	@683
0x80226E52	0x2	.rodata	lib/adx_tlk.c	global	lbl_80226E52	.
0x80226E54	0x2A	.rodata	lib/adx_tlk.c	local	@684_80226E54	@684
0x80226E7E	0x2	.rodata	lib/adx_tlk.c	global	lbl_80226E7E	.
0x80226E80	0x29	.rodata	lib/adx_tlk.c	local	@685	@685
0x80226EA9	0x3	.rodata	lib/adx_tlk.c	global	lbl_80226EA9	.
0x80226EAC	0x2E	.rodata	lib/adx_tlk.c	local	@686	@686
0x80226EDA	0x2	.rodata	lib/adx_tlk.c	global	lbl_80226EDA	.
0x80226EDC	0x2E	.rodata	lib/adx_tlk.c	global	@687_80226EDC	@687
0x80226F0A	0x2	.rodata	lib/adx_tlk.c	global	lbl_80226F0A	.
0x80226F0C	0x2C	.rodata	lib/adx_tlk.c	global	@702_80226F0C	@702
0x80226F38	0x2E	.rodata	lib/adx_tlk.c	global	@707	@707
0x80226F66	0x2	.rodata	lib/adx_tlk.c	local	lbl_80226F66	.
0x80226F68	0x8	.rodata	lib/adx_tlk.c	global	@727_80226F68	@727
0x80226F70	0x2D	.rodata	lib/adx_tlk.c	global	@745	@745
0x80226F9D	0x3	.rodata	lib/adx_tlk.c	global	lbl_80226F9D	.
0x80226FA0	0x26	.rodata	lib/adx_tlk.c	global	@753	@753
0x80226FC6	0x2	.rodata	lib/adx_tlk.c	local	lbl_80226FC6	.
0x80226FC8	0x31	.rodata	lib/adx_tlk.c	global	@759	@759
0x80226FF9	0x3	.rodata	lib/adx_tlk.c	global	lbl_80226FF9	.
0x80226FFC	0x31	.rodata	lib/adx_tlk.c	local	@762	@762
0x8022702D	0x3	.rodata	lib/adx_tlk.c	global	lbl_8022702D	.
0x80227030	0x2B	.rodata	lib/adx_tlk.c	global	@765	@765
0x8022705B	0x1	.rodata	lib/adx_tlk.c	global	lbl_8022705B	.
0x8022705C	0x29	.rodata	lib/adx_tlk.c	local	@768	@768
0x80227085	0x3	.rodata	lib/adx_tlk.c	global	lbl_80227085	.
0x80227088	0x29	.rodata	lib/adx_tlk.c	global	@771	@771
0x802270B1	0x3	.rodata	lib/adx_tlk.c	global	lbl_802270B1	.
0x802270B4	0x2D	.rodata	lib/adx_tlk.c	global	@774_802270B4	@774
0x802270E1	0x3	.rodata	lib/adx_tlk.c	global	lbl_802270E1	.
0x802270E4	0x2B	.rodata	lib/adx_tlk.c	global	@777	@777
0x8022710F	0x1	.rodata	lib/adx_tlk.c	global	lbl_8022710F	.
0x80227110	0x2C	.rodata	lib/adx_tlk.c	global	@796_80227110	@796
0x8022713C	0x2D	.rodata	lib/adx_tlk.c	global	@803_8022713C	@803
0x80227169	0x3	.rodata	lib/adx_tlk.c	local	lbl_80227169	.
0x8022716C	0x4	.rodata	lib/adx_tlk.c	global	@819	@819
0x80227170	0x32	.rodata	lib/adx_tlk.c	global	@820	@820
0x802271A2	0x2	.rodata	lib/adx_tlk.c	global	lbl_802271A2	.
0x802271A4	0x4	.rodata	lib/adx_tlk.c	local	@821	@821
0x802271A8	0x28	.rodata	lib/adx_tlk.c	global	@822	@822
0x802271D0	0x2B	.rodata	lib/adx_tlk.c	global	@823_802271D0	@823
0x802271FB	0x1	.rodata	lib/adx_tlk.c	global	lbl_802271FB	.
0x802271FC	0x29	.rodata	lib/adx_tlk.c	global	@824_802271FC	@824
0x80227225	0x3	.rodata	lib/adx_tlk.c	global	lbl_80227225	.
0x80227228	0x2F	.rodata	lib/adx_tlk.c	global	@832_80227228	@832
0x80227257	0x1	.rodata	lib/adx_tlk.c	global	lbl_80227257	.
0x80227258	0x2E	.rodata	lib/adx_tlk.c	global	@837_80227258	@837
0x80227286	0x2	.rodata	lib/adx_tlk.c	local	lbl_80227286	.
0x80227288	0x2D	.rodata	lib/adx_tlk.c	global	@843_80227288	@843
0x802272B5	0x3	.rodata	lib/adx_tlk.c	global	lbl_802272B5	.
0x802272B8	0x30	.rodata	lib/adx_tlk.c	global	@848_802272B8	@848
0x802272E8	0x4	.rodata	lib/adx_tlk.c	global	@849_802272E8	@849
0x802272EC	0x2E	.rodata	lib/adx_tlk.c	global	@860	@860
0x8022731A	0x2	.rodata	lib/adx_tlk.c	global	lbl_8022731A	.
0x8022731C	0x2B	.rodata	lib/adx_tlk.c	local	@865	@865
0x80227347	0x1	.rodata	lib/adx_tlk.c	global	lbl_80227347	.
0x80227348	0x2A	.rodata	lib/adx_tlk.c	global	@874	@874
0x80227372	0x2	.rodata	lib/adx_tlk.c	global	lbl_80227372	.
0x80227374	0x2A	.rodata	lib/adx_tlk.c	local	@877_80227374	@877
0x8022739E	0x2	.rodata	lib/adx_tlk.c	local	lbl_8022739E	.
0x802273A0	0x2A	.rodata	lib/adx_tlk.c	global	@906	@906
0x802273CA	0x2	.rodata	lib/adx_tlk.c	local	lbl_802273CA	.
0x802273CC	0x2A	.rodata	lib/adx_tlk.c	global	@910_802273CC	@910
0x802273F6	0x2	.rodata	lib/adx_tlk.c	local	lbl_802273F6	.
0x802273F8	0x2B	.rodata	lib/adx_tlk.c	global	@920_802273F8	@920
0x80227423	0x1	.rodata	lib/adx_tlk.c	global	lbl_80227423	.
0x80227424	0x4	.rodata	lib/adx_tlk.c	global	@922	@922
0x80227428	0x28	.rodata	lib/adx_tlk.c	global	@982	@982
0x80227450	0x4	.rodata	lib/adx_tlk.c	global	@983	@983
0x80227454	0x4	.rodata	lib/adx_tlk.c	global	@984	@984
0x80227458	0x4	.rodata	lib/adx_tlk.c	global	@985	@985
0x8022745C	0x25	.rodata	lib/adx_tlk.c	global	@1032	@1032
0x80227481	0x3	.rodata	lib/adx_tlk.c	global	lbl_80227481	.
0x80227484	0x28	.rodata	lib/adx_tlk.c	global	@1067	@1067
0x802274AC	0x28	.rodata	lib/adx_tlk.c	local	@1156_802274AC	@1156
0x802274D4	0x27	.rodata	lib/adx_tlk.c	global	@1219	@1219
0x802274FB	0x1	.rodata	lib/adx_tlk.c	local	lbl_802274FB	.
0x802274FC	0x2A	.rodata	lib/adx_tlk.c	global	@1220	@1220
0x80227528	0x29	.rodata	lib/adx_tsvr.c	global	@328_80227528	@328
0x80227551	0x3	.rodata	lib/adx_tsvr.c	global	lbl_80227551	.
0x80227554	0x3F	.rodata	lib/adx_tsvr.c	global	@506_80227554	@506
0x80227593	0x1	.rodata	lib/adx_tsvr.c	global	lbl_80227593	.
0x80227594	0x2A	.rodata	lib/adx_tsvr.c	local	@541	@541
0x802275C0	0x21	.rodata	lib/adx_rnaa.c	global	@438	@438
0x802275E8	0x23	.rodata	lib/lsc.c	global	@191_802275E8	@191
0x8022760B	0x1	.rodata	lib/lsc.c	global	lbl_8022760B	.
0x8022760C	0x25	.rodata	lib/lsc.c	global	@204	@204
0x80227631	0x3	.rodata	lib/lsc.c	global	lbl_80227631	.
0x80227634	0x23	.rodata	lib/lsc.c	local	@212_80227634	@212
0x80227657	0x1	.rodata	lib/lsc.c	global	lbl_80227657	.
0x80227658	0x20	.rodata	lib/lsc.c	global	@231	@231
0x80227678	0x23	.rodata	lib/lsc.c	global	@297_80227678	@297
0x8022769B	0x1	.rodata	lib/lsc.c	local	lbl_8022769B	.
0x8022769C	0x2A	.rodata	lib/lsc.c	global	@333_8022769C	@333
0x802276C6	0x2	.rodata	lib/lsc.c	global	lbl_802276C6	.
0x802276C8	0x29	.rodata	lib/lsc.c	local	@334_802276C8	@334
0x802276F8	0x2D	.rodata	lib/lsc_ini.c	global	@1_802276F8	@1
0x80227725	0x3	.rodata	lib/lsc_ini.c	global	lbl_80227725	.
0x80227728	0x4	.rodata	lib/lsc_ini.c	global	lsc_build	lsc_build
0x80227730	0x15	.rodata	lib/lsc_svr.c	global	@99_80227730	@99
0x80227745	0x3	.rodata	lib/lsc_svr.c	global	lbl_80227745	.
0x80227748	0x40	.rodata	lib/lsc_svr.c	global	@100_80227748	@100
0x80227788	0x2C	.rodata	lib/sj_rbf.c	local	sj_build	sj_build
0x802277B4	0x10	.rodata	lib/sj_rbf.c	global	sjrbf_uuid	sjrbf_uuid
0x802277C4	0x29	.rodata	lib/sj_rbf.c	global	@251_802277C4	@251
0x802277ED	0x3	.rodata	lib/sj_rbf.c	local	lbl_802277ED	.
0x802277F0	0x2B	.rodata	lib/sj_rbf.c	global	@252_802277F0	@252
0x8022781B	0x1	.rodata	lib/sj_rbf.c	global	lbl_8022781B	.
0x8022781C	0x29	.rodata	lib/sj_rbf.c	global	@261_8022781C	@261
0x80227845	0x3	.rodata	lib/sj_rbf.c	global	lbl_80227845	.
0x80227848	0x2B	.rodata	lib/sj_rbf.c	global	@262	@262
0x80227873	0x1	.rodata	lib/sj_rbf.c	global	lbl_80227873	.
0x80227874	0x29	.rodata	lib/sj_rbf.c	global	@270_80227874	@270
0x8022789D	0x3	.rodata	lib/sj_rbf.c	global	lbl_8022789D	.
0x802278A0	0x2B	.rodata	lib/sj_rbf.c	global	@271_802278A0	@271
0x802278CB	0x1	.rodata	lib/sj_rbf.c	global	lbl_802278CB	.
0x802278CC	0x29	.rodata	lib/sj_rbf.c	global	@280	@280
0x802278F5	0x3	.rodata	lib/sj_rbf.c	global	lbl_802278F5	.
0x802278F8	0x2B	.rodata	lib/sj_rbf.c	global	@281_802278F8	@281
0x80227923	0x1	.rodata	lib/sj_rbf.c	global	lbl_80227923	.
0x80227924	0x29	.rodata	lib/sj_rbf.c	global	@290_80227924	@290
0x8022794D	0x3	.rodata	lib/sj_rbf.c	local	lbl_8022794D	.
0x80227950	0x2B	.rodata	lib/sj_rbf.c	global	@291_80227950	@291
0x8022797B	0x1	.rodata	lib/sj_rbf.c	global	lbl_8022797B	.
0x8022797C	0x29	.rodata	lib/sj_rbf.c	global	@323	@323
0x802279A5	0x3	.rodata	lib/sj_rbf.c	global	lbl_802279A5	.
0x802279A8	0x2B	.rodata	lib/sj_rbf.c	global	@324	@324
0x802279D3	0x1	.rodata	lib/sj_rbf.c	global	lbl_802279D3	.
0x802279D4	0x29	.rodata	lib/sj_rbf.c	global	@391_802279D4	@391
0x802279FD	0x3	.rodata	lib/sj_rbf.c	global	lbl_802279FD	.
0x80227A00	0x2B	.rodata	lib/sj_rbf.c	global	@392_80227A00	@392
0x80227A2B	0x1	.rodata	lib/sj_rbf.c	global	lbl_80227A2B	.
0x80227A2C	0x23	.rodata	lib/sj_rbf.c	global	@393_80227A2C	@393
0x80227A4F	0x1	.rodata	lib/sj_rbf.c	local	lbl_80227A4F	.
0x80227A50	0x29	.rodata	lib/sj_rbf.c	global	@432_80227A50	@432
0x80227A79	0x3	.rodata	lib/sj_rbf.c	global	lbl_80227A79	.
0x80227A7C	0x2B	.rodata	lib/sj_rbf.c	global	@433_80227A7C	@433
0x80227AA7	0x1	.rodata	lib/sj_rbf.c	global	lbl_80227AA7	.
0x80227AA8	0x29	.rodata	lib/sj_rbf.c	global	@469_80227AA8	@469
0x80227AD1	0x3	.rodata	lib/sj_rbf.c	global	lbl_80227AD1	.
0x80227AD4	0x2B	.rodata	lib/sj_rbf.c	global	@470	@470
0x80227AFF	0x1	.rodata	lib/sj_rbf.c	global	lbl_80227AFF	.
0x80227B00	0x23	.rodata	lib/sj_rbf.c	global	@471	@471
0x80227B23	0x1	.rodata	lib/sj_rbf.c	global	lbl_80227B23	.
0x80227B24	0x29	.rodata	lib/sj_rbf.c	global	@480_80227B24	@480
0x80227B4D	0x3	.rodata	lib/sj_rbf.c	global	lbl_80227B4D	.
0x80227B50	0x2B	.rodata	lib/sj_rbf.c	global	@481_80227B50	@481
0x80227B7B	0x1	.rodata	lib/sj_rbf.c	global	lbl_80227B7B	.
0x80227B7C	0x29	.rodata	lib/sj_rbf.c	global	@496_80227B7C	@496
0x80227BA5	0x3	.rodata	lib/sj_rbf.c	local	lbl_80227BA5	.
0x80227BA8	0x2B	.rodata	lib/sj_rbf.c	global	@497_80227BA8	@497
0x80227BD3	0x1	.rodata	lib/sj_rbf.c	global	lbl_80227BD3	.
0x80227BD4	0x29	.rodata	lib/sj_rbf.c	global	@506_80227BD4	@506
0x80227BFD	0x3	.rodata	lib/sj_rbf.c	global	lbl_80227BFD	.
0x80227C00	0x2B	.rodata	lib/sj_rbf.c	global	@507_80227C00	@507
0x80227C2B	0x1	.rodata	lib/sj_rbf.c	global	lbl_80227C2B	.
0x80227C2C	0x29	.rodata	lib/sj_rbf.c	global	@516	@516
0x80227C55	0x3	.rodata	lib/sj_rbf.c	global	lbl_80227C55	.
0x80227C58	0x2B	.rodata	lib/sj_rbf.c	global	@517_80227C58	@517
0x80227C83	0x1	.rodata	lib/sj_rbf.c	global	lbl_80227C83	.
0x80227C84	0x29	.rodata	lib/sj_rbf.c	global	@527_80227C84	@527
0x80227CAD	0x3	.rodata	lib/sj_rbf.c	global	lbl_80227CAD	.
0x80227CB0	0x2B	.rodata	lib/sj_rbf.c	global	@528	@528
0x80227CDB	0x1	.rodata	lib/sj_rbf.c	global	lbl_80227CDB	.
0x80227CDC	0xC	.rodata	lib/sj_rbf.c	global	@572	@572
0x80227CE8	0x2D	.rodata	lib/svm.c	global	...rodata.0_80227CE8	...rodata.0
0x80227D15	0x3	.rodata	lib/svm.c	global	lbl_80227D15	.
0x80227D18	0x4	.rodata	lib/svm.c	global	svm_build	svm_build
0x80227D1C	0x47	.rodata	lib/svm.c	global	@269_80227D1C	@269
0x80227D63	0x1	.rodata	lib/svm.c	global	lbl_80227D63	.
0x80227D64	0x25	.rodata	lib/svm.c	global	@390_80227D64	@390
0x80227D89	0x3	.rodata	lib/svm.c	local	lbl_80227D89	.
0x80227D8C	0x29	.rodata	lib/svm.c	global	@391_80227D8C	@391
0x80227DB5	0x3	.rodata	lib/svm.c	global	lbl_80227DB5	.
0x80227DB8	0x22	.rodata	lib/svm.c	global	@453_80227DB8	@453
0x80227DDA	0x2	.rodata	lib/svm.c	global	lbl_80227DDA	.
0x80227DDC	0x26	.rodata	lib/svm.c	global	@454	@454
0x80227E02	0x2	.rodata	lib/svm.c	global	lbl_80227E02	.
0x80227E04	0x35	.rodata	lib/svm.c	global	@455	@455
0x80227E39	0x3	.rodata	lib/svm.c	local	lbl_80227E39	.
0x80227E3C	0x20	.rodata	lib/svm.c	global	@474_80227E3C	@474
0x80227E5C	0x2E	.rodata	lib/svm.c	global	@496_80227E5C	@496
0x80227E8A	0x2	.rodata	lib/svm.c	global	lbl_80227E8A	.
0x80227E8C	0x2	.rodata	lib/svm.c	local	@544	@544
0x80227E90	0x29	.rodata	lib/pl2link.c	local	@54_80227E90	@54
0x80227EB9	0x3	.rodata	lib/pl2link.c	global	lbl_80227EB9	.
0x80227EBC	0x38	.rodata	lib/pl2link.c	global	@55_80227EBC	@55
0x80227EF4	0x3D	.rodata	lib/pl2link.c	local	@65_80227EF4	@65
0x80227F31	0x3	.rodata	lib/pl2link.c	global	lbl_80227F31	.
0x80227F34	0x31	.rodata	lib/pl2link.c	global	@66_80227F34	@66
0x80227F68	0x2D	.rodata	lib/pl2enc.c	global	pl2enc_build	pl2enc_build
0x80227F95	0x3	.rodata	lib/pl2enc.c	global	lbl_80227F95	.
0x80227F98	0x400	.rodata	lib/pl2enc.c	global	pl2enc_gain_tbl	pl2enc_gain_tbl
0x80228398	0x27	.rodata	lib/pl2enc.c	global	@146	@146
0x802283BF	0x1	.rodata	lib/pl2enc.c	global	lbl_802283BF	.
0x802283C0	0x2C	.rodata	lib/pl2enc.c	local	@147	@147
0x802283EC	0x27	.rodata	lib/pl2enc.c	global	@186	@186
0x80228413	0x1	.rodata	lib/pl2enc.c	local	lbl_80228413	.
0x80228414	0x2C	.rodata	lib/pl2enc.c	global	@187	@187
0x80228440	0x27	.rodata	lib/pl2enc.c	global	@348_80228440	@348
0x80228467	0x1	.rodata	lib/pl2enc.c	global	lbl_80228467	.
0x80228468	0x24	.rodata	lib/pl2enc.c	local	@349_80228468	@349
0x8022848C	0x24	.rodata	lib/pl2enc.c	global	@350_8022848C	@350
0x802284B0	0x2C	.rodata	lib/ax_rna.c	global	...rodata.0_802284B0	...rodata.0
0x802284DC	0x4	.rodata	lib/ax_rna.c	global	axrna_build	axrna_build
0x802284E0	0x4	.rodata	lib/ax_rna.c	local	@371	@371
0x802284E4	0x4	.rodata	lib/ax_rna.c	global	@372_802284E4	@372
0x802284E8	0x8	.rodata	lib/ax_rna.c	global	@373_802284E8	@373
0x802284F0	0x21	.rodata	lib/ax_rna.c	global	@1227	@1227
0x80228511	0x3	.rodata	lib/ax_rna.c	global	lbl_80228511	.
0x80228514	0x36	.rodata	lib/ax_rna.c	global	@1312	@1312
0x8022854A	0x2	.rodata	lib/ax_rna.c	global	lbl_8022854A	.
0x8022854C	0x37	.rodata	lib/ax_rna.c	global	@1313	@1313
0x80228583	0x1	.rodata	lib/ax_rna.c	global	lbl_80228583	.
0x80228584	0x21	.rodata	lib/ax_rna.c	local	@1314	@1314
0x802285A5	0x3	.rodata	lib/ax_rna.c	global	lbl_802285A5	.
0x802285A8	0x28	.rodata	lib/ax_rna.c	global	@1478	@1478
0x802285D0	0x26	.rodata	lib/ax_rna.c	global	@1479	@1479
0x802285F6	0x2	.rodata	lib/ax_rna.c	global	lbl_802285F6	.
0x802285F8	0x28	.rodata	lib/ax_rna.c	global	@1480	@1480
0x80228620	0x21	.rodata	lib/ax_rna.c	local	@1481	@1481
0x80228641	0x3	.rodata	lib/ax_rna.c	global	lbl_80228641	.
0x80228644	0x1F	.rodata	lib/ax_rna.c	global	@1482	@1482
0x80228663	0x1	.rodata	lib/ax_rna.c	global	lbl_80228663	.
0x80228664	0x1B	.rodata	lib/ax_rna.c	local	@1483	@1483
0x8022867F	0x1	.rodata	lib/ax_rna.c	global	lbl_8022867F	.
0x80228680	0x23	.rodata	lib/ax_rna.c	local	@1484_80228680	@1484
0x802286A8	0x24	.rodata	lib/rna_res.c	local	...rodata.0_802286A8	...rodata.0
0x802286CC	0x2B	.rodata	lib/rna_res.c	global	@319	@319
0x802286F7	0x1	.rodata	lib/rna_res.c	local	lbl_802286F7	.
0x802286F8	0x2C	.rodata	lib/rna_res.c	global	@332_802286F8	@332
0x80228724	0x2B	.rodata	lib/rna_res.c	global	@333_80228724	@333
0x8022874F	0x1	.rodata	lib/rna_res.c	global	lbl_8022874F	.
0x80228750	0x20	.rodata	lib/rna_res.c	global	@334_80228750	@334
0x80228770	0x50	.rodata	lib/adx_inis.c	global	adxt_build	adxt_build
0x802287C0	0x1E	.rodata	lib/adx_sjd.c	global	@727_802287C0	@727
0x802287DE	0x2	.rodata	lib/adx_sjd.c	global	lbl_802287DE	.
0x802287E0	0x21	.rodata	lib/adx_sjd.c	global	@728	@728
0x80228808	0x2D	.rodata	lib/adx_bsc.c	global	skg_version	...rodata.0
0x80228835	0x3	.rodata	lib/adx_bsc.c	global	lbl_80228835	.
0x80228838	0x800	.rodata	lib/adx_bsc.c	global	skg_prim_tbl	skg_prim_tbl
0x80229038	0x5	.rodata	lib/adx_bsc.c	global	@684_80229038	@684
0x8022903D	0x3	.rodata	lib/adx_bsc.c	global	lbl_8022903D	.
0x80229040	0x20	.rodata	lib/adx_bsc.c	global	@1038_80229040	@1038
0x80229060	0x23	.rodata	lib/adx_bsc.c	global	@1039	@1039
0x80229083	0x1	.rodata	lib/adx_bsc.c	local	lbl_80229083	.
0x80229084	0x7	.rodata	lib/adx_bsc.c	global	@1118	@1118
0x80229090	0x5	.rodata	lib/adx_bsps.c	local	@50_80229090	@50
0x80229098	0x8	.rodata	lib/adx_amp.c	local	@197	@197
0x802290A0	0x4	.rodata	lib/adx_amp.c	global	@240_802290A0	@240
0x802290A8	0x7	.rodata	lib/adx_dcd.c	global	@168	@168
0x802290AF	0x1	.rodata	lib/adx_dcd.c	global	lbl_802290AF	.
0x802290B0	0x4	.rodata	lib/adx_dcd.c	global	@325	@325
0x802290B4	0x4	.rodata	lib/adx_dcd.c	global	lbl_802290B4	.
0x802290B8	0x8	.rodata	lib/adx_dcd.c	global	@326_802290B8	@326
0x802290C0	0x8	.rodata	lib/adx_dcd.c	global	@327_802290C0	@327
0x802290C8	0x8	.rodata	lib/adx_dcd.c	global	@328_802290C8	@328
0x802290D0	0x4	.rodata	lib/adx_dcd.c	global	@329_802290D0	@329
0x802290D4	0x4	.rodata	lib/adx_dcd.c	global	@330_802290D4	@330
0x802290D8	0x8	.rodata	lib/adx_dcd.c	global	@331_802290D8	@331
0x802290E0	0x4	.rodata	lib/adx_dcd.c	global	@332_802290E0	@332
0x802290E4	0x4	.rodata	lib/adx_dcd.c	global	@333_802290E4	@333
0x802290E8	0x8	.rodata	lib/adx_dcd.c	local	@335	@335
0x802290F0	0x2	.rodata	lib/adx_errs.c	global	@86_802290F0	@86
0x802290F8	0x29	.rodata	lib/adx_stmc.c	global	@409_802290F8	@409
0x80229128	0x2C	.rodata	lib/adx_mgc.c	global	@229_80229128	@229
0x80229154	0x4	.rodata	lib/adx_mgc.c	global	lbl_80229154	.
0x80229158	0x31	.rodata	lib/adx_mgc.c	global	@448	@448
0x80229190	0x40	.rodata	lib/adx_dcd5.c	global	AdxQtbl	AdxQtbl
0x802291D0	0x2E	.rodata	lib/adx_fini.c	global	@1_802291D0	@1
0x802291FE	0x2	.rodata	lib/adx_fini.c	global	lbl_802291FE	.
0x80229200	0x4	.rodata	lib/adx_fini.c	global	adxf_build	adxf_build
0x80229208	0x2C	.rodata	lib/adx_fs.c	global	...rodata.0_80229208	...rodata.0
0x80229234	0x22	.rodata	lib/adx_fs.c	local	@496_80229234	@496
0x80229256	0x2	.rodata	lib/adx_fs.c	global	lbl_80229256	.
0x80229258	0x22	.rodata	lib/adx_fs.c	local	@497_80229258	@497
0x8022927A	0x2	.rodata	lib/adx_fs.c	global	lbl_8022927A	.
0x8022927C	0x27	.rodata	lib/adx_fs.c	global	@507_8022927C	@507
0x802292A3	0x1	.rodata	lib/adx_fs.c	global	lbl_802292A3	.
0x802292A4	0x2D	.rodata	lib/adx_fs.c	global	@510	@510
0x802292D1	0x3	.rodata	lib/adx_fs.c	global	lbl_802292D1	.
0x802292D4	0x2C	.rodata	lib/adx_fs.c	global	@513	@513
0x80229300	0x2B	.rodata	lib/adx_fs.c	global	@518_80229300	@518
0x8022932B	0x1	.rodata	lib/adx_fs.c	global	lbl_8022932B	.
0x8022932C	0x24	.rodata	lib/adx_fs.c	global	@527_8022932C	@527
0x80229350	0x24	.rodata	lib/adx_fs.c	global	@567_80229350	@567
0x80229374	0x24	.rodata	lib/adx_fs.c	global	@568_80229374	@568
0x80229398	0x29	.rodata	lib/adx_fs.c	global	@569	@569
0x802293C1	0x3	.rodata	lib/adx_fs.c	global	lbl_802293C1	.
0x802293C4	0x27	.rodata	lib/adx_fs.c	global	@570	@570
0x802293EB	0x1	.rodata	lib/adx_fs.c	global	lbl_802293EB	.
0x802293EC	0x26	.rodata	lib/adx_fs.c	global	@621_802293EC	@621
0x80229412	0x2	.rodata	lib/adx_fs.c	global	lbl_80229412	.
0x80229414	0x2B	.rodata	lib/adx_fs.c	global	@622	@622
0x8022943F	0x1	.rodata	lib/adx_fs.c	global	lbl_8022943F	.
0x80229440	0x34	.rodata	lib/adx_fs.c	global	@644	@644
0x80229474	0x28	.rodata	lib/adx_fs.c	global	@687_80229474	@687
0x8022949C	0x2C	.rodata	lib/adx_fs.c	global	@688_8022949C	@688
0x802294C8	0x27	.rodata	lib/adx_fs.c	global	@689	@689
0x802294EF	0x1	.rodata	lib/adx_fs.c	global	lbl_802294EF	.
0x802294F0	0x2B	.rodata	lib/adx_fs.c	global	@690	@690
0x8022951B	0x1	.rodata	lib/adx_fs.c	global	lbl_8022951B	.
0x8022951C	0x28	.rodata	lib/adx_fs.c	global	@710	@710
0x80229544	0x2B	.rodata	lib/adx_fs.c	global	@711_80229544	@711
0x8022956F	0x1	.rodata	lib/adx_fs.c	global	lbl_8022956F	.
0x80229570	0x25	.rodata	lib/adx_fs.c	global	@712_80229570	@712
0x80229595	0x3	.rodata	lib/adx_fs.c	global	lbl_80229595	.
0x80229598	0x34	.rodata	lib/adx_fs.c	global	@811_80229598	@811
0x802295CC	0x35	.rodata	lib/adx_fs.c	global	@812_802295CC	@812
0x80229601	0x3	.rodata	lib/adx_fs.c	global	lbl_80229601	.
0x80229604	0x32	.rodata	lib/adx_fs.c	global	@882_80229604	@882
0x80229636	0x2	.rodata	lib/adx_fs.c	global	lbl_80229636	.
0x80229638	0x33	.rodata	lib/adx_fs.c	local	@975	@975
0x8022966B	0x1	.rodata	lib/adx_fs.c	local	lbl_8022966B	.
0x8022966C	0x4	.rodata	lib/adx_fs.c	local	@976	@976
0x80229670	0x32	.rodata	lib/adx_fs.c	local	@977	@977
0x802296A2	0x2	.rodata	lib/adx_fs.c	local	lbl_802296A2	.
0x802296A4	0x31	.rodata	lib/adx_fs.c	local	@978	@978
0x802296D5	0x3	.rodata	lib/adx_fs.c	local	lbl_802296D5	.
0x802296D8	0x44	.rodata	lib/adx_fs.c	local	@979	@979
0x8022971C	0x3C	.rodata	lib/adx_fs.c	local	@1050	@1050
0x80229758	0x2B	.rodata	lib/adx_fs.c	local	@1051	@1051
0x80229783	0x1	.rodata	lib/adx_fs.c	local	lbl_80229783	.
0x80229784	0x28	.rodata	lib/adx_fs.c	local	@1052	@1052
0x802297AC	0x37	.rodata	lib/adx_fs.c	local	@1053	@1053
0x802297E3	0x1	.rodata	lib/adx_fs.c	local	lbl_802297E3	.
0x802297E4	0x2A	.rodata	lib/adx_fs.c	local	@1054_802297E4	@1054
0x8022980E	0x2	.rodata	lib/adx_fs.c	local	lbl_8022980E	.
0x80229810	0x2F	.rodata	lib/adx_fs.c	local	@1055	@1055
0x8022983F	0x1	.rodata	lib/adx_fs.c	local	lbl_8022983F	.
0x80229840	0x2A	.rodata	lib/adx_fs.c	local	@1056	@1056
0x80229870	0x2E	.rodata	lib/cri_cvfs.c	local	...rodata.0_80229870	...rodata.0
0x8022989E	0x2	.rodata	lib/cri_cvfs.c	local	lbl_8022989E	.
0x802298A0	0x4	.rodata	lib/cri_cvfs.c	local	cvfs_build	cvfs_build
0x802298A4	0x6	.rodata	lib/cri_cvfs.c	local	@610	@610
0x802298AA	0x2	.rodata	lib/cri_cvfs.c	local	lbl_802298AA	.
0x802298AC	0x25	.rodata	lib/cri_cvfs.c	local	@651	@651
0x802298D1	0x3	.rodata	lib/cri_cvfs.c	local	lbl_802298D1	.
0x802298D4	0x25	.rodata	lib/cri_cvfs.c	local	@652_802298D4	@652
0x802298F9	0x3	.rodata	lib/cri_cvfs.c	local	lbl_802298F9	.
0x802298FC	0x22	.rodata	lib/cri_cvfs.c	local	@653	@653
0x8022991E	0x2	.rodata	lib/cri_cvfs.c	local	lbl_8022991E	.
0x80229920	0x29	.rodata	lib/cri_cvfs.c	local	@681	@681
0x80229949	0x3	.rodata	lib/cri_cvfs.c	local	lbl_80229949	.
0x8022994C	0x29	.rodata	lib/cri_cvfs.c	local	@682	@682
0x80229975	0x3	.rodata	lib/cri_cvfs.c	local	lbl_80229975	.
0x80229978	0x26	.rodata	lib/cri_cvfs.c	local	@683_80229978	@683
0x8022999E	0x2	.rodata	lib/cri_cvfs.c	local	lbl_8022999E	.
0x802299A0	0x25	.rodata	lib/cri_cvfs.c	local	@711_802299A0	@711
0x802299C5	0x3	.rodata	lib/cri_cvfs.c	local	lbl_802299C5	.
0x802299C8	0x25	.rodata	lib/cri_cvfs.c	local	@712_802299C8	@712
0x802299ED	0x3	.rodata	lib/cri_cvfs.c	local	lbl_802299ED	.
0x802299F0	0x22	.rodata	lib/cri_cvfs.c	local	@713	@713
0x80229A12	0x2	.rodata	lib/cri_cvfs.c	local	lbl_80229A12	.
0x80229A14	0x27	.rodata	lib/cri_cvfs.c	local	@746_80229A14	@746
0x80229A3B	0x1	.rodata	lib/cri_cvfs.c	global	lbl_80229A3B	.
0x80229A3C	0x27	.rodata	lib/cri_cvfs.c	local	@747_80229A3C	@747
0x80229A63	0x1	.rodata	lib/cri_cvfs.c	local	lbl_80229A63	.
0x80229A64	0x28	.rodata	lib/cri_cvfs.c	local	@748_80229A64	@748
0x80229A8C	0x24	.rodata	lib/cri_cvfs.c	local	@749	@749
0x80229AB0	0x28	.rodata	lib/cri_cvfs.c	local	@778	@778
0x80229AD8	0x29	.rodata	lib/cri_cvfs.c	global	@779	@779
0x80229B01	0x3	.rodata	lib/cri_cvfs.c	global	lbl_80229B01	.
0x80229B04	0x25	.rodata	lib/cri_cvfs.c	local	@780	@780
0x80229B29	0x3	.rodata	lib/cri_cvfs.c	global	lbl_80229B29	.
0x80229B2C	0x1B	.rodata	lib/cri_cvfs.c	global	@794_80229B2C	@794
0x80229B47	0x1	.rodata	lib/cri_cvfs.c	local	lbl_80229B47	.
0x80229B48	0x19	.rodata	lib/cri_cvfs.c	global	@795_80229B48	@795
0x80229B61	0x3	.rodata	lib/cri_cvfs.c	global	lbl_80229B61	.
0x80229B64	0x1B	.rodata	lib/cri_cvfs.c	local	@809	@809
0x80229B7F	0x1	.rodata	lib/cri_cvfs.c	global	lbl_80229B7F	.
0x80229B80	0x19	.rodata	lib/cri_cvfs.c	global	@810_80229B80	@810
0x80229B99	0x3	.rodata	lib/cri_cvfs.c	local	lbl_80229B99	.
0x80229B9C	0x1D	.rodata	lib/cri_cvfs.c	global	@824_80229B9C	@824
0x80229BB9	0x3	.rodata	lib/cri_cvfs.c	global	lbl_80229BB9	.
0x80229BBC	0x24	.rodata	lib/cri_cvfs.c	local	@928	@928
0x80229BE0	0x26	.rodata	lib/cri_cvfs.c	global	@929_80229BE0	@929
0x80229C06	0x2	.rodata	lib/cri_cvfs.c	global	lbl_80229C06	.
0x80229C08	0x23	.rodata	lib/cri_cvfs.c	global	@930_80229C08	@930
0x80229C2B	0x1	.rodata	lib/cri_cvfs.c	local	lbl_80229C2B	.
0x80229C2C	0x1D	.rodata	lib/cri_cvfs.c	local	@931_80229C2C	@931
0x80229C49	0x3	.rodata	lib/cri_cvfs.c	local	lbl_80229C49	.
0x80229C4C	0x28	.rodata	lib/cri_cvfs.c	local	@1035	@1035
0x80229C74	0x25	.rodata	lib/cri_cvfs.c	global	@1036	@1036
0x80229C99	0x3	.rodata	lib/cri_cvfs.c	global	lbl_80229C99	.
0x80229C9C	0x22	.rodata	lib/cri_cvfs.c	global	@1037	@1037
0x80229CBE	0x2	.rodata	lib/cri_cvfs.c	global	lbl_80229CBE	.
0x80229CC0	0x1C	.rodata	lib/cri_cvfs.c	local	@1038_80229CC0	@1038
0x80229CDC	0x26	.rodata	lib/cri_cvfs.c	global	@1142_80229CDC	@1142
0x80229D02	0x2	.rodata	lib/cri_cvfs.c	global	lbl_80229D02	.
0x80229D04	0x23	.rodata	lib/cri_cvfs.c	local	@1143	@1143
0x80229D27	0x1	.rodata	lib/cri_cvfs.c	local	lbl_80229D27	.
0x80229D28	0x20	.rodata	lib/cri_cvfs.c	global	@1144	@1144
0x80229D48	0x1A	.rodata	lib/cri_cvfs.c	global	@1145	@1145
0x80229D62	0x2	.rodata	lib/cri_cvfs.c	global	lbl_80229D62	.
0x80229D64	0x23	.rodata	lib/cri_cvfs.c	local	@1159	@1159
0x80229D87	0x1	.rodata	lib/cri_cvfs.c	global	lbl_80229D87	.
0x80229D88	0x21	.rodata	lib/cri_cvfs.c	global	@1160	@1160
0x80229DA9	0x3	.rodata	lib/cri_cvfs.c	local	lbl_80229DA9	.
0x80229DAC	0x27	.rodata	lib/cri_cvfs.c	global	@1226	@1226
0x80229DD3	0x1	.rodata	lib/cri_cvfs.c	global	lbl_80229DD3	.
0x80229DD4	0x25	.rodata	lib/cri_cvfs.c	local	@1351	@1351
0x80229DF9	0x3	.rodata	lib/cri_cvfs.c	global	lbl_80229DF9	.
0x80229DFC	0x24	.rodata	lib/cri_cvfs.c	global	@1352	@1352
0x80229E20	0x1E	.rodata	lib/cri_cvfs.c	local	@1353	@1353
0x80229E3E	0x2	.rodata	lib/cri_cvfs.c	global	lbl_80229E3E	.
0x80229E40	0x28	.rodata	lib/cri_cvfs.c	global	@1457	@1457
0x80229E68	0x25	.rodata	lib/cri_cvfs.c	local	@1458	@1458
0x80229E8D	0x3	.rodata	lib/cri_cvfs.c	global	lbl_80229E8D	.
0x80229E90	0x22	.rodata	lib/cri_cvfs.c	global	@1459	@1459
0x80229EB2	0x2	.rodata	lib/cri_cvfs.c	local	lbl_80229EB2	.
0x80229EB4	0x1C	.rodata	lib/cri_cvfs.c	global	@1460	@1460
0x80229ED0	0x1D	.rodata	lib/cri_cvfs.c	global	@1474	@1474
0x80229EED	0x3	.rodata	lib/cri_cvfs.c	local	lbl_80229EED	.
0x80229EF0	0x1B	.rodata	lib/cri_cvfs.c	global	@1475	@1475
0x80229F0B	0x1	.rodata	lib/cri_cvfs.c	global	lbl_80229F0B	.
0x80229F0C	0x1E	.rodata	lib/cri_cvfs.c	local	@1489	@1489
0x80229F2A	0x2	.rodata	lib/cri_cvfs.c	global	lbl_80229F2A	.
0x80229F2C	0x1C	.rodata	lib/cri_cvfs.c	global	@1490	@1490
0x80229F48	0x1E	.rodata	lib/cri_cvfs.c	local	@1504	@1504
0x80229F66	0x2	.rodata	lib/cri_cvfs.c	global	lbl_80229F66	.
0x80229F68	0x1C	.rodata	lib/cri_cvfs.c	global	@1505	@1505
0x80229F84	0x24	.rodata	lib/cri_cvfs.c	local	@1534	@1534
0x80229FA8	0x1E	.rodata	lib/cri_cvfs.c	global	@1535	@1535
0x80229FC6	0x2	.rodata	lib/cri_cvfs.c	global	lbl_80229FC6	.
0x80229FC8	0x2D	.rodata	lib/cri_cvfs.c	local	@1544	@1544
0x80229FF5	0x3	.rodata	lib/cri_cvfs.c	global	lbl_80229FF5	.
0x80229FF8	0x27	.rodata	lib/cri_cvfs.c	global	@1648	@1648
0x8022A01F	0x1	.rodata	lib/cri_cvfs.c	local	lbl_8022A01F	.
0x8022A020	0x29	.rodata	lib/cri_cvfs.c	global	@1649	@1649
0x8022A049	0x3	.rodata	lib/cri_cvfs.c	global	lbl_8022A049	.
0x8022A04C	0x26	.rodata	lib/cri_cvfs.c	local	@1650	@1650
0x8022A072	0x2	.rodata	lib/cri_cvfs.c	global	lbl_8022A072	.
0x8022A074	0x20	.rodata	lib/cri_cvfs.c	global	@1651	@1651
0x8022A094	0x25	.rodata	lib/cri_cvfs.c	local	@1755	@1755
0x8022A0B9	0x3	.rodata	lib/cri_cvfs.c	global	lbl_8022A0B9	.
0x8022A0BC	0x27	.rodata	lib/cri_cvfs.c	global	@1756	@1756
0x8022A0E3	0x1	.rodata	lib/cri_cvfs.c	local	lbl_8022A0E3	.
0x8022A0E4	0x24	.rodata	lib/cri_cvfs.c	global	@1757	@1757
0x8022A108	0x1E	.rodata	lib/cri_cvfs.c	global	@1758	@1758
0x8022A126	0x2	.rodata	lib/cri_cvfs.c	local	lbl_8022A126	.
0x8022A128	0x1C	.rodata	lib/cri_cvfs.c	global	@1772	@1772
0x8022A144	0x1A	.rodata	lib/cri_cvfs.c	global	@1773	@1773
0x8022A15E	0x2	.rodata	lib/cri_cvfs.c	global	lbl_8022A15E	.
0x8022A160	0x1B	.rodata	lib/cri_cvfs.c	local	@1794	@1794
0x8022A17B	0x1	.rodata	lib/cri_cvfs.c	global	lbl_8022A17B	.
0x8022A17C	0x19	.rodata	lib/cri_cvfs.c	global	@1795	@1795
0x8022A195	0x3	.rodata	lib/cri_cvfs.c	global	lbl_8022A195	.
0x8022A198	0x1A	.rodata	lib/cri_cvfs.c	global	@1809	@1809
0x8022A1B2	0x2	.rodata	lib/cri_cvfs.c	global	lbl_8022A1B2	.
0x8022A1B4	0x18	.rodata	lib/cri_cvfs.c	global	@1810	@1810
0x8022A1CC	0x1A	.rodata	lib/cri_cvfs.c	global	@1824	@1824
0x8022A1E6	0x2	.rodata	lib/cri_cvfs.c	global	lbl_8022A1E6	.
0x8022A1E8	0x18	.rodata	lib/cri_cvfs.c	local	@1825	@1825
0x8022A200	0x19	.rodata	lib/cri_cvfs.c	global	@1839	@1839
0x8022A219	0x3	.rodata	lib/cri_cvfs.c	global	lbl_8022A219	.
0x8022A21C	0x17	.rodata	lib/cri_cvfs.c	local	@1840	@1840
0x8022A233	0x1	.rodata	lib/cri_cvfs.c	global	lbl_8022A233	.
0x8022A234	0x19	.rodata	lib/cri_cvfs.c	global	@1854	@1854
0x8022A24D	0x3	.rodata	lib/cri_cvfs.c	global	lbl_8022A24D	.
0x8022A250	0x17	.rodata	lib/cri_cvfs.c	local	@1855_8022A250	@1855
0x8022A267	0x1	.rodata	lib/cri_cvfs.c	global	lbl_8022A267	.
0x8022A268	0x1A	.rodata	lib/cri_cvfs.c	global	@1871	@1871
0x8022A282	0x2	.rodata	lib/cri_cvfs.c	local	lbl_8022A282	.
0x8022A284	0x18	.rodata	lib/cri_cvfs.c	local	@1872	@1872
0x8022A29C	0x1E	.rodata	lib/cri_cvfs.c	global	@2039	@2039
0x8022A2BA	0x2	.rodata	lib/cri_cvfs.c	global	lbl_8022A2BA	.
0x8022A2BC	0x22	.rodata	lib/cri_cvfs.c	local	@2040	@2040
0x8022A2DE	0x2	.rodata	lib/cri_cvfs.c	local	lbl_8022A2DE	.
0x8022A2E0	0x20	.rodata	lib/cri_cvfs.c	local	@2041	@2041
0x8022A300	0x1D	.rodata	lib/cri_cvfs.c	local	@2042	@2042
0x8022A31D	0x3	.rodata	lib/cri_cvfs.c	local	lbl_8022A31D	.
0x8022A320	0x17	.rodata	lib/cri_cvfs.c	global	@2043	@2043
0x8022A337	0x1	.rodata	lib/cri_cvfs.c	global	lbl_8022A337	.
0x8022A338	0x18	.rodata	lib/cri_cvfs.c	local	@2044	@2044
0x8022A350	0x25	.rodata	lib/cri_cvfs.c	global	@2130	@2130
0x8022A375	0x3	.rodata	lib/cri_cvfs.c	global	lbl_8022A375	.
0x8022A378	0x25	.rodata	lib/cri_cvfs.c	global	@2131	@2131
0x8022A39D	0x3	.rodata	lib/cri_cvfs.c	global	lbl_8022A39D	.
0x8022A3A0	0x22	.rodata	lib/cri_cvfs.c	global	@2143	@2143
0x8022A3C2	0x2	.rodata	lib/cri_cvfs.c	global	lbl_8022A3C2	.
0x8022A3C4	0x22	.rodata	lib/cri_cvfs.c	global	@2227	@2227
0x8022A3E6	0x2	.rodata	lib/cri_cvfs.c	local	lbl_8022A3E6	.
0x8022A3E8	0x24	.rodata	lib/cri_cvfs.c	global	@2228	@2228
0x8022A40C	0x24	.rodata	lib/cri_cvfs.c	local	@2229	@2229
0x8022A430	0x10	.rodata	lib/sj_mem.c	local	sjmem_uuid	sjmem_uuid
0x8022A440	0x29	.rodata	lib/sj_mem.c	local	@206_8022A440	@206
0x8022A469	0x3	.rodata	lib/sj_mem.c	local	lbl_8022A469	.
0x8022A46C	0x2B	.rodata	lib/sj_mem.c	global	@207_8022A46C	@207
0x8022A497	0x1	.rodata	lib/sj_mem.c	local	lbl_8022A497	.
0x8022A498	0x29	.rodata	lib/sj_mem.c	global	@216_8022A498	@216
0x8022A4C1	0x3	.rodata	lib/sj_mem.c	local	lbl_8022A4C1	.
0x8022A4C4	0x2B	.rodata	lib/sj_mem.c	local	@217_8022A4C4	@217
0x8022A4EF	0x1	.rodata	lib/sj_mem.c	local	lbl_8022A4EF	.
0x8022A4F0	0x29	.rodata	lib/sj_mem.c	global	@237_8022A4F0	@237
0x8022A519	0x3	.rodata	lib/sj_mem.c	global	lbl_8022A519	.
0x8022A51C	0x2B	.rodata	lib/sj_mem.c	local	@238_8022A51C	@238
0x8022A547	0x1	.rodata	lib/sj_mem.c	global	lbl_8022A547	.
0x8022A548	0x29	.rodata	lib/sj_mem.c	global	@281_8022A548	@281
0x8022A571	0x3	.rodata	lib/sj_mem.c	local	lbl_8022A571	.
0x8022A574	0x2B	.rodata	lib/sj_mem.c	global	@282_8022A574	@282
0x8022A59F	0x1	.rodata	lib/sj_mem.c	local	lbl_8022A59F	.
0x8022A5A0	0x29	.rodata	lib/sj_mem.c	global	@320	@320
0x8022A5C9	0x3	.rodata	lib/sj_mem.c	local	lbl_8022A5C9	.
0x8022A5CC	0x2B	.rodata	lib/sj_mem.c	local	@321	@321
0x8022A5F7	0x1	.rodata	lib/sj_mem.c	local	lbl_8022A5F7	.
0x8022A5F8	0x29	.rodata	lib/sj_mem.c	local	@347_8022A5F8	@347
0x8022A621	0x3	.rodata	lib/sj_mem.c	local	lbl_8022A621	.
0x8022A624	0x2B	.rodata	lib/sj_mem.c	local	@348_8022A624	@348
0x8022A64F	0x1	.rodata	lib/sj_mem.c	global	lbl_8022A64F	.
0x8022A650	0x29	.rodata	lib/sj_mem.c	local	@372_8022A650	@372
0x8022A679	0x3	.rodata	lib/sj_mem.c	local	lbl_8022A679	.
0x8022A67C	0x2B	.rodata	lib/sj_mem.c	local	@373_8022A67C	@373
0x8022A6A7	0x1	.rodata	lib/sj_mem.c	local	lbl_8022A6A7	.
0x8022A6A8	0x29	.rodata	lib/sj_mem.c	local	@388_8022A6A8	@388
0x8022A6D1	0x3	.rodata	lib/sj_mem.c	local	lbl_8022A6D1	.
0x8022A6D4	0x2B	.rodata	lib/sj_mem.c	local	@389_8022A6D4	@389
0x8022A6FF	0x1	.rodata	lib/sj_mem.c	local	lbl_8022A6FF	.
0x8022A700	0x29	.rodata	lib/sj_mem.c	local	@398	@398
0x8022A729	0x3	.rodata	lib/sj_mem.c	local	lbl_8022A729	.
0x8022A72C	0x2B	.rodata	lib/sj_mem.c	local	@399	@399
0x8022A757	0x1	.rodata	lib/sj_mem.c	local	lbl_8022A757	.
0x8022A758	0x29	.rodata	lib/sj_mem.c	local	@408_8022A758	@408
0x8022A781	0x3	.rodata	lib/sj_mem.c	local	lbl_8022A781	.
0x8022A784	0x2B	.rodata	lib/sj_mem.c	local	@409_8022A784	@409
0x8022A7AF	0x1	.rodata	lib/sj_mem.c	local	lbl_8022A7AF	.
0x8022A7B0	0x29	.rodata	lib/sj_mem.c	local	@419_8022A7B0	@419
0x8022A7D9	0x3	.rodata	lib/sj_mem.c	local	lbl_8022A7D9	.
0x8022A7DC	0x2B	.rodata	lib/sj_mem.c	local	@420_8022A7DC	@420
0x8022A807	0x1	.rodata	lib/sj_mem.c	local	lbl_8022A807	.
0x8022A808	0xC	.rodata	lib/sj_mem.c	local	@462_8022A808	@462
0x8022A818	0x10	.rodata	lib/sj_uni.c	local	sjuni_uuid	sjuni_uuid
0x8022A828	0x29	.rodata	lib/sj_uni.c	global	@256_8022A828	@256
0x8022A851	0x3	.rodata	lib/sj_uni.c	global	lbl_8022A851	.
0x8022A854	0x2B	.rodata	lib/sj_uni.c	global	@257	@257
0x8022A87F	0x1	.rodata	lib/sj_uni.c	global	lbl_8022A87F	.
0x8022A880	0x29	.rodata	lib/sj_uni.c	global	@273	@273
0x8022A8A9	0x3	.rodata	lib/sj_uni.c	global	lbl_8022A8A9	.
0x8022A8AC	0x2B	.rodata	lib/sj_uni.c	global	@274	@274
0x8022A8D7	0x1	.rodata	lib/sj_uni.c	global	lbl_8022A8D7	.
0x8022A8D8	0x29	.rodata	lib/sj_uni.c	global	@297_8022A8D8	@297
0x8022A901	0x3	.rodata	lib/sj_uni.c	global	lbl_8022A901	.
0x8022A904	0x2B	.rodata	lib/sj_uni.c	global	@298_8022A904	@298
0x8022A92F	0x1	.rodata	lib/sj_uni.c	global	lbl_8022A92F	.
0x8022A930	0x29	.rodata	lib/sj_uni.c	global	@345_8022A930	@345
0x8022A959	0x3	.rodata	lib/sj_uni.c	global	lbl_8022A959	.
0x8022A95C	0x2B	.rodata	lib/sj_uni.c	global	@346_8022A95C	@346
0x8022A987	0x1	.rodata	lib/sj_uni.c	global	lbl_8022A987	.
0x8022A988	0x29	.rodata	lib/sj_uni.c	global	@381	@381
0x8022A9B1	0x3	.rodata	lib/sj_uni.c	global	lbl_8022A9B1	.
0x8022A9B4	0x2B	.rodata	lib/sj_uni.c	global	@382	@382
0x8022A9DF	0x1	.rodata	lib/sj_uni.c	global	lbl_8022A9DF	.
0x8022A9E0	0x29	.rodata	lib/sj_uni.c	global	@405_8022A9E0	@405
0x8022AA09	0x3	.rodata	lib/sj_uni.c	global	lbl_8022AA09	.
0x8022AA0C	0x2B	.rodata	lib/sj_uni.c	global	@406_8022AA0C	@406
0x8022AA37	0x1	.rodata	lib/sj_uni.c	global	lbl_8022AA37	.
0x8022AA38	0x29	.rodata	lib/sj_uni.c	global	@417_8022AA38	@417
0x8022AA61	0x3	.rodata	lib/sj_uni.c	global	lbl_8022AA61	.
0x8022AA64	0x2B	.rodata	lib/sj_uni.c	global	@418_8022AA64	@418
0x8022AA8F	0x1	.rodata	lib/sj_uni.c	global	lbl_8022AA8F	.
0x8022AA90	0x29	.rodata	lib/sj_uni.c	global	@449	@449
0x8022AAB9	0x3	.rodata	lib/sj_uni.c	global	lbl_8022AAB9	.
0x8022AABC	0x2B	.rodata	lib/sj_uni.c	global	@450	@450
0x8022AAE7	0x1	.rodata	lib/sj_uni.c	global	lbl_8022AAE7	.
0x8022AAE8	0x29	.rodata	lib/sj_uni.c	global	@473_8022AAE8	@473
0x8022AB11	0x3	.rodata	lib/sj_uni.c	global	lbl_8022AB11	.
0x8022AB14	0x2B	.rodata	lib/sj_uni.c	global	@474_8022AB14	@474
0x8022AB3F	0x1	.rodata	lib/sj_uni.c	global	lbl_8022AB3F	.
0x8022AB40	0x29	.rodata	lib/sj_uni.c	global	@483_8022AB40	@483
0x8022AB69	0x3	.rodata	lib/sj_uni.c	global	lbl_8022AB69	.
0x8022AB6C	0x2B	.rodata	lib/sj_uni.c	global	@484_8022AB6C	@484
0x8022AB97	0x1	.rodata	lib/sj_uni.c	global	lbl_8022AB97	.
0x8022AB98	0x29	.rodata	lib/sj_uni.c	global	@494_8022AB98	@494
0x8022ABC1	0x3	.rodata	lib/sj_uni.c	global	lbl_8022ABC1	.
0x8022ABC4	0x2B	.rodata	lib/sj_uni.c	global	@495_8022ABC4	@495
0x8022ABEF	0x1	.rodata	lib/sj_uni.c	global	lbl_8022ABEF	.
0x8022ABF0	0xC	.rodata	lib/sj_uni.c	global	@565_8022ABF0	@565
0x8022AC00	0x5	.rodata	lib/adx_bwav.c	global	@5_8022AC00	@5
0x8022AC05	0x3	.rodata	lib/adx_bwav.c	local	lbl_8022AC05	.
0x8022AC08	0x5	.rodata	lib/adx_bwav.c	global	@7_8022AC08	@7
0x8022AC0D	0x3	.rodata	lib/adx_bwav.c	global	lbl_8022AC0D	.
0x8022AC10	0x5	.rodata	lib/adx_bwav.c	global	@157	@157
0x8022AC15	0x3	.rodata	lib/adx_bwav.c	local	lbl_8022AC15	.
0x8022AC18	0x5	.rodata	lib/adx_bwav.c	global	@158	@158
0x8022AC20	0x5	.rodata	lib/adx_baif.c	global	@284	@284
0x8022AC25	0x3	.rodata	lib/adx_baif.c	global	lbl_8022AC25	.
0x8022AC28	0x5	.rodata	lib/adx_baif.c	global	@285_8022AC28	@285
0x8022AC30	0x5	.rodata	lib/adx_bau.c	global	@357_8022AC30	@357
0x8022AC35	0x3	.rodata	lib/adx_bau.c	global	lbl_8022AC35	.
0x8022AC38	0x4	.rodata	lib/adx_bau.c	global	@358_8022AC38	@358
0x8022AC40	0x4	.rodata	lib/adx_dcd3.c	global	@130_8022AC40	@130
0x8022AC44	0x4	.rodata	lib/adx_dcd3.c	global	@131_8022AC44	@131
0x8022AC48	0x8	.rodata	lib/adx_dcd3.c	local	@133_8022AC48	@133
0x8022AC50	0x48	.rodata	game/act_btn.cpp	global	lbl_8022AC50	.
0x8022AC98	0x290	.rodata	game/area.cpp	global	lbl_8022AC98	.
0x8022AF28	0xE8	.rodata	game/at_mod.cpp	local	lbl_8022AF28	.
0x8022B010	0x160	.rodata	game/at_sub.cpp	global	lbl_8022B010	.
0x8022B170	0x26C	.rodata	game/atari.cpp	global	lbl_8022B170	.
0x8022B3DC	0xA0	.rodata	game/atari.cpp	global	poly0.964	poly0.964
0x8022B47C	0x48	.rodata	game/atari.cpp	global	norm0.965	norm0.965
0x8022B4C4	0x48	.rodata	game/atari.cpp	global	lbl_8022B4C4	.
0x8022B50C	0xF0	.rodata	game/atari.cpp	global	poly0.969	poly0.969
0x8022B5FC	0x48	.rodata	game/atari.cpp	global	norm0.970	norm0.970
0x8022B644	0x10	.rodata	game/atari.cpp	global	lbl_8022B644	.
0x8022B654	0x28	.rodata	game/atari.cpp	global	poly0.974	poly0.974
0x8022B67C	0xC	.rodata	game/atari.cpp	global	norm0.975	norm0.975
0x8022B688	0x10	.rodata	game/atari.cpp	global	lbl_8022B688	.
0x8022B698	0xA0	.rodata	game/atari.cpp	global	poly0.979	poly0.979
0x8022B738	0x44	.rodata	game/atari.cpp	global	lbl_8022B738	.
0x8022B77C	0xF0	.rodata	game/atari.cpp	global	poly0.983	poly0.983
0x8022B86C	0x8	.rodata	game/atari.cpp	global	lbl_8022B86C	.
0x8022B874	0x28	.rodata	game/atari.cpp	global	poly0.987	poly0.987
0x8022B89C	0xC4	.rodata	game/atari.cpp	global	lbl_8022B89C	.
0x8022B960	0x48	.rodata	game/atari.cpp	global	_vt.7cEatMgr	cEatMgr virtual table
0x8022B9A8	0x48	.rodata	game/atari.cpp	global	_vt.7cSatMgr	cSatMgr virtual table
0x8022B9F0	0x48	.rodata	game/atari.cpp	global	_vt.t8cManager1Z4cSat	cManager<cSat> virtual table
0x8022BA38	0x28	.rodata	game/atari.cpp	global	_vt.4cSat	cSat virtual table
0x8022BA60	0x28	.rodata	game/atari.cpp	local	cUnit_virtual_table_8022BA60	cUnit virtual table
0x8022BA88	0x4C	.rodata	game/atariInfo.cpp	global	lbl_8022BA88	.
0x8022BAD4	0x314	.rodata	game/block.cpp	global	lbl_8022BAD4	.
0x8022BDE8	0x1A0	.rodata	game/cam_extra.cpp	global	lbl_8022BDE8	.
0x8022BF88	0x20	.rodata	game/cam_extra.cpp	global	_vt.16CameraLookDownEm	CameraLookDownEm virtual table
0x8022BFA8	0x20	.rodata	game/cam_extra.cpp	global	_vt.12CameraLookAt	CameraLookAt virtual table
0x8022BFC8	0x20	.rodata	game/cam_extra.cpp	global	_vt.16CameraPushObject	CameraPushObject virtual table
0x8022BFE8	0x20	.rodata	game/cam_extra.cpp	global	_vt.15CameraBinocular	CameraBinocular virtual table
0x8022C008	0x30	.rodata	game/cam_extra.cpp	global	_vt.11IdBinocular	IdBinocular virtual table
0x8022C038	0x20	.rodata	game/cam_extra.cpp	global	_vt.11CameraScope	CameraScope virtual table
0x8022C058	0x30	.rodata	game/cam_extra.cpp	global	_vt.7IdScope	IdScope virtual table
0x8022C088	0x20	.rodata	game/cam_extra.cpp	global	_vt.22CameraAttachedToMotion	CameraAttachedToMotion virtual table
0x8022C0A8	0x30	.rodata	game/cam_extra.cpp	global	_vt.13IDApplication	IDApplication virtual table
0x8022C0D8	0x20	.rodata	game/cam_extra.cpp	global	_vt.7cCamera	cCamera virtual table
0x8022C0F8	0x28	.rodata	game/cam_motion.cpp	global	lbl_8022C0F8	.
0x8022C120	0x20	.rodata	game/cam_motion.cpp	global	_vt.12CameraMotion	CameraMotion virtual table
0x8022C140	0x20	.rodata	game/cam_motion.cpp	global	cCamera_virtual_table_8022C140	cCamera virtual table
0x8022C160	0x1B8	.rodata	game/cam_qfps.cpp	global	lbl_8022C160	.
0x8022C318	0x68	.rodata	game/cam_sys.cpp	global	lbl_8022C318	.
0x8022C380	0x190	.rodata	game/camera.cpp	global	lbl_8022C380	.
0x8022C510	0x130	.rodata	game/cDataSwap.cpp	global	lbl_8022C510	.
0x8022C640	0x10	.rodata	game/cMotBase.cpp	global	lbl_8022C640	.
0x8022C650	0x250	.rodata	game/cockpit.cpp	global	lbl_8022C650	.
0x8022C8A0	0x20	.rodata	game/cons.cpp	global	lbl_8022C8A0	.
0x8022C8C0	0x4	.rodata	game/cString.cpp	global	lbl_8022C8C0	.
0x8022C8C8	0x108	.rodata	game/ctrl.cpp	global	lbl_8022C8C8	.
0x8022C9D0	0x38	.rodata	game/ctrl.cpp	local	_vt.7cCtrl10	cCtrl10 virtual table
0x8022CA08	0x38	.rodata	game/ctrl.cpp	global	_vt.7cCtrl01	cCtrl01 virtual table
0x8022CA40	0x38	.rodata	game/ctrl.cpp	global	_vt.7cCtrl00	cCtrl00 virtual table
0x8022CA78	0xC0	.rodata	game/ctrl.cpp	global	lbl_8022CA78	.
0x8022CB38	0x48	.rodata	game/ctrl.cpp	global	_vt.8cCtrlMgr	cCtrlMgr virtual table
0x8022CB80	0x48	.rodata	game/ctrl.cpp	local	_vt.t8cManager1Z5cCtrl	cManager<cCtrl> virtual table
0x8022CBC8	0x38	.rodata	game/ctrl.cpp	global	_vt.5cCtrl	cCtrl virtual table
0x8022CC00	0x28	.rodata	game/ctrl.cpp	local	cUnit_virtual_table_8022CC00	cUnit virtual table
0x8022CC28	0x310	.rodata	game/datactrl.cpp	global	lbl_8022CC28	.
0x8022CF38	0x5F8	.rodata	game/db_cam.cpp	global	lbl_8022CF38	.
0x8022D530	0x40	.rodata	game/db_log.cpp	global	lbl_8022D530	.
0x8022D570	0x3D8	.rodata	game/db_menu.cpp	global	lbl_8022D570	.
0x8022D948	0x104	.rodata	game/dbmodule.cpp	global	lbl_8022D948	.
0x8022DA4C	0x3C	.rodata	game/dbmodule.cpp	local	tbl.283	tbl.283
0x8022DA88	0x1A8	.rodata	game/dbmodule.cpp	local	lbl_8022DA88	lbl_8022DA88
0x8022DC30	0x448	.rodata	game/debug.cpp	global	lbl_8022DC30	.
0x8022E078	0x198	.rodata	game/dmg.cpp	global	lbl_8022E078	.
0x8022E210	0x48	.rodata	game/dmg.cpp	global	_vt.7cDmgMgr	cDmgMgr virtual table
0x8022E258	0x48	.rodata	game/dmg.cpp	local	_vt.t8cManager1Z4cDmg	cManager<cDmg> virtual table
0x8022E2A0	0x30	.rodata	game/dmg.cpp	global	_vt.6cDmgP4	cDmgP4 virtual table
0x8022E2D0	0x30	.rodata	game/dmg.cpp	global	_vt.7cDmgCyl	cDmgCyl virtual table
0x8022E300	0x30	.rodata	game/dmg.cpp	global	_vt.4cDmg	cDmg virtual table
0x8022E330	0x28	.rodata	game/dmg.cpp	local	cUnit_virtual_table_8022E330	cUnit virtual table
0x8022E358	0x1D98	.rodata	game/dvd.cpp	global	lbl_8022E358	.
0x802300F0	0xEC0	.rodata	game/eff_sys.cpp	global	lbl_802300F0	.
0x80230FB0	0x30	.rodata	game/eff_sys.cpp	global	_vt.6cCoord	cCoord virtual table
0x80230FE0	0x28	.rodata	game/eff_sys.cpp	local	cUnit_virtual_table_80230FE0	cUnit virtual table
0x80231008	0x338	.rodata	game/em.cpp	global	lbl_80231008	.
0x80231340	0x58	.rodata	game/em.cpp	global	_vt.6cEmObj	cEmObj virtual table
0x80231398	0x48	.rodata	game/em.cpp	global	_vt.6cEmMgr	cEmMgr virtual table
0x802313E0	0x48	.rodata	game/em.cpp	global	_vt.t8cManager1Z3cEm	cManager<cEm> virtual table
0x80231428	0x58	.rodata	game/em.cpp	global	_vt.3cEm	cEm virtual table
0x80231480	0x28	.rodata	game/em.cpp	local	cUnit_virtual_table_80231480	cUnit virtual table
0x802314A8	0xE0	.rodata	game/em_cloth.cpp	global	lbl_802314A8	.
0x80231588	0x48	.rodata	game/em_dm_val.cpp	global	lbl_80231588	.
0x802315D0	0x1E4	.rodata	game/em_set.cpp	global	lbl_802315D0	.
0x802317B8	0x3D8	.rodata	game/em_sub.cpp	local	lbl_802317B8	.
0x80231B90	0x80	.rodata	game/emBarred.cpp	global	lbl_80231B90	.
0x80231C10	0xC	.rodata	game/emBarred.cpp	local	ofs.348	ofs.348
0x80231C1C	0xC	.rodata	game/emBarred.cpp	local	size.349	size.349
0x80231C28	0x250	.rodata	game/emBarred.cpp	local	lbl_80231C28	lbl_80231C28
0x80231E78	0x58	.rodata	game/emBarred.cpp	global	_vt.9cEmBarred	cEmBarred virtual table
0x80231ED0	0x28	.rodata	game/emBarred.cpp	local	cUnit_virtual_table_80231ED0	cUnit virtual table
0x80231EF8	0x7C	.rodata	game/embarrel.cpp	global	lbl_80231EF8	.
0x80231F74	0xC	.rodata	game/embarrel.cpp	local	ofs.348	ofs.348
0x80231F80	0xC	.rodata	game/embarrel.cpp	local	size.352	size.352
0x80231F8C	0x18	.rodata	game/embarrel.cpp	local	lbl_80231F8C	lbl_80231F8C
0x80231FA4	0xC	.rodata	game/embarrel.cpp	local	size.356	size.356
0x80231FB0	0x1E8	.rodata	game/embarrel.cpp	local	lbl_80231FB0	lbl_80231FB0
0x80232198	0x58	.rodata	game/embarrel.cpp	global	_vt.9cEmBarrel	cEmBarrel virtual table
0x802321F0	0x28	.rodata	game/embarrel.cpp	local	cUnit_virtual_table_802321F0	cUnit virtual table
0x80232218	0x7C	.rodata	game/embox.cpp	local	lbl_80232218	.
0x80232294	0xC	.rodata	game/embox.cpp	local	ofs.264	ofs.264
0x802322A0	0xC	.rodata	game/embox.cpp	local	size.265	size.265
0x802322AC	0x164	.rodata	game/embox.cpp	local	lbl_802322AC	lbl_802322AC
0x80232410	0x58	.rodata	game/embox.cpp	global	_vt.6cEmBox	cEmBox virtual table
0x80232468	0x28	.rodata	game/embox.cpp	local	cUnit_virtual_table_80232468	cUnit virtual table
0x80232490	0x1C0	.rodata	game/emdata.cpp	global	lbl_80232490	.
0x80232650	0x7C	.rodata	game/emdoor.cpp	global	lbl_80232650	.
0x802326CC	0xC	.rodata	game/emdoor.cpp	local	ofs.360	ofs.360
0x802326D8	0xC	.rodata	game/emdoor.cpp	local	size.361	size.361
0x802326E4	0x3EC	.rodata	game/emdoor.cpp	local	lbl_802326E4	lbl_802326E4
0x80232AD0	0x58	.rodata	game/emdoor.cpp	global	_vt.7cEmDoor	cEmDoor virtual table
0x80232B28	0x28	.rodata	game/emdoor.cpp	local	cUnit_virtual_table_80232B28	cUnit virtual table
0x80232B50	0x7C	.rodata	game/emhit.cpp	global	lbl_80232B50	.
0x80232BCC	0xC	.rodata	game/emhit.cpp	local	ofs.228	ofs.228
0x80232BD8	0xC	.rodata	game/emhit.cpp	local	size.229	size.229
0x80232BE4	0x154	.rodata	game/emhit.cpp	local	lbl_80232BE4	lbl_80232BE4
0x80232D38	0x58	.rodata	game/emhit.cpp	global	_vt.6cEmHit	cEmHit virtual table
0x80232D90	0x28	.rodata	game/emhit.cpp	local	cUnit_virtual_table_80232D90	cUnit virtual table
0x80232DB8	0x7C	.rodata	game/emitem.cpp	global	lbl_80232DB8	.
0x80232E34	0xC	.rodata	game/emitem.cpp	local	ofs.231	ofs.231
0x80232E40	0xC	.rodata	game/emitem.cpp	local	size.232	size.232
0x80232E4C	0x164	.rodata	game/emitem.cpp	local	lbl_80232E4C	lbl_80232E4C
0x80232FB0	0x58	.rodata	game/emitem.cpp	global	_vt.7cEmItem	cEmItem virtual table
0x80233008	0x28	.rodata	game/emitem.cpp	local	cUnit_virtual_table_80233008	cUnit virtual table
0x80233030	0xCC	.rodata	game/emmine.cpp	local	lbl_80233030	.
0x802330FC	0xC	.rodata	game/emmine.cpp	local	ofs.384	ofs.384
0x80233108	0xC	.rodata	game/emmine.cpp	local	size.385	size.385
0x80233114	0x224	.rodata	game/emmine.cpp	local	lbl_80233114	lbl_80233114
0x80233338	0x58	.rodata	game/emmine.cpp	global	_vt.7cEmMine	cEmMine virtual table
0x80233390	0x28	.rodata	game/emmine.cpp	local	cUnit_virtual_table_80233390	cUnit virtual table
0x802333B8	0x7C	.rodata	game/emrack.cpp	global	lbl_802333B8	.
0x80233434	0xC	.rodata	game/emrack.cpp	local	ofs.243	ofs.243
0x80233440	0xC	.rodata	game/emrack.cpp	local	size.244	size.244
0x8023344C	0x194	.rodata	game/emrack.cpp	local	lbl_8023344C	lbl_8023344C
0x802335E0	0x58	.rodata	game/emrack.cpp	global	_vt.7cEmRack	cEmRack virtual table
0x80233638	0x28	.rodata	game/emrack.cpp	local	cUnit_virtual_table_80233638	cUnit virtual table
0x80233660	0xB4	.rodata	game/emrock.cpp	global	lbl_80233660	.
0x80233714	0xC	.rodata	game/emrock.cpp	local	ofs.390	ofs.390
0x80233720	0xC	.rodata	game/emrock.cpp	local	size.391	size.391
0x8023372C	0x424	.rodata	game/emrock.cpp	local	lbl_8023372C	lbl_8023372C
0x80233B50	0x58	.rodata	game/emrock.cpp	global	_vt.7cEmRock	cEmRock virtual table
0x80233BA8	0x28	.rodata	game/emrock.cpp	local	cUnit_virtual_table_80233BA8	cUnit virtual table
0x80233BD0	0xCC	.rodata	game/emshield.cpp	global	lbl_80233BD0	.
0x80233C9C	0xC	.rodata	game/emshield.cpp	local	ofs.381	ofs.381
0x80233CA8	0xC	.rodata	game/emshield.cpp	local	size.382	size.382
0x80233CB4	0x1D4	.rodata	game/emshield.cpp	local	lbl_80233CB4	lbl_80233CB4
0x80233E88	0x58	.rodata	game/emshield.cpp	global	_vt.9cEmShield	cEmShield virtual table
0x80233EE0	0x28	.rodata	game/emshield.cpp	local	cUnit_virtual_table_80233EE0	cUnit virtual table
0x80233F08	0x80	.rodata	game/emswitch.cpp	global	lbl_80233F08	.
0x80233F88	0xC	.rodata	game/emswitch.cpp	local	ofs.243	ofs.243
0x80233F94	0xC	.rodata	game/emswitch.cpp	local	size.244	size.244
0x80233FA0	0x158	.rodata	game/emswitch.cpp	local	lbl_80233FA0	lbl_80233FA0
0x802340F8	0x58	.rodata	game/emswitch.cpp	global	_vt.9cEmSwitch	cEmSwitch virtual table
0x80234150	0x28	.rodata	game/emswitch.cpp	local	cUnit_virtual_table_80234150	cUnit virtual table
0x80234178	0x7C	.rodata	game/emtorch.cpp	global	lbl_80234178	.
0x802341F4	0xC	.rodata	game/emtorch.cpp	local	ofs.231	ofs.231
0x80234200	0xC	.rodata	game/emtorch.cpp	local	size.232	size.232
0x8023420C	0x154	.rodata	game/emtorch.cpp	local	lbl_8023420C	lbl_8023420C
0x80234360	0x58	.rodata	game/emtorch.cpp	global	_vt.8cEmTorch	cEmTorch virtual table
0x802343B8	0x28	.rodata	game/emtorch.cpp	local	cUnit_virtual_table_802343B8	cUnit virtual table
0x802343E0	0x84	.rodata	game/emtree.cpp	global	lbl_802343E0	.
0x80234464	0xC	.rodata	game/emtree.cpp	local	ofs.342	ofs.342
0x80234470	0xC	.rodata	game/emtree.cpp	local	size.343	size.343
0x8023447C	0x1FC	.rodata	game/emtree.cpp	local	lbl_8023447C	lbl_8023447C
0x80234678	0x58	.rodata	game/emtree.cpp	global	_vt.7cEmTree	cEmTree virtual table
0x802346D0	0x28	.rodata	game/emtree.cpp	local	cUnit_virtual_table_802346D0	cUnit virtual table
0x802346F8	0x100	.rodata	game/emwindow.cpp	local	lbl_802346F8	.
0x802347F8	0xC	.rodata	game/emwindow.cpp	local	zero.381	zero.381
0x80234804	0xC	.rodata	game/emwindow.cpp	local	lsize.382	lsize.382
0x80234810	0x238	.rodata	game/emwindow.cpp	local	lbl_80234810	lbl_80234810
0x80234A48	0x58	.rodata	game/emwindow.cpp	global	_vt.9cEmWindow	cEmWindow virtual table
0x80234AA0	0x28	.rodata	game/emwindow.cpp	local	cUnit_virtual_table_80234AA0	cUnit virtual table
0x80234AC8	0x68	.rodata	game/eprintf.cpp	local	lbl_80234AC8	.
0x80234B30	0x268	.rodata	game/esp.cpp	global	lbl_80234B30	.
0x80234D98	0x2A0	.rodata	game/esp_app.cpp	local	lbl_80234D98	.
0x80235038	0x10C	.rodata	game/esp_efm.cpp	global	lbl_80235038	.
0x80235144	0xC	.rodata	game/esp_efm.cpp	global	efm_light_pos	efm_light_pos
0x80235150	0xC	.rodata	game/esp_efm.cpp	global	efm_light_size	efm_light_size
0x8023515C	0x244	.rodata	game/esp_efm.cpp	local	lbl_8023515C	lbl_8023515C
0x802353A0	0x4C8	.rodata	game/esp_sub.cpp	global	lbl_802353A0	.
0x80235868	0x30	.rodata	game/esp_sub.cpp	local	_vt.4cEsp	cEsp virtual table
0x80235898	0x308	.rodata	game/espgen.cpp	global	lbl_80235898	.
0x80235BA0	0x1C8	.rodata	game/espgen00.cpp	global	lbl_80235BA0	.
0x80235D68	0x220	.rodata	game/espgen01.cpp	global	lbl_80235D68	.
0x80235F88	0x280	.rodata	game/espgen02.cpp	global	lbl_80235F88	.
0x80236208	0x1E8	.rodata	game/espgen10.cpp	global	lbl_80236208	.
0x802363F0	0x120	.rodata	game/espgen40.cpp	global	lbl_802363F0	.
0x80236510	0xF8	.rodata	game/Espgen42.cpp	global	lbl_80236510	.
0x80236608	0xC	.rodata	game/Espgen42.cpp	local	p0.257	p0.257
0x80236614	0xC	.rodata	game/Espgen42.cpp	local	p1.258	p1.258
0x80236620	0x280	.rodata	game/Espgen42.cpp	local	lbl_80236620	lbl_80236620
0x802368A0	0x28	.rodata	game/Espgen42.cpp	local	cUnit_virtual_table_802368A0	cUnit virtual table
0x802368C8	0xCC	.rodata	game/Espgen43.cpp	global	lbl_802368C8	.
0x80236994	0xC	.rodata	game/Espgen43.cpp	local	p0.229	p0.229
0x802369A0	0xC	.rodata	game/Espgen43.cpp	local	p1.230	p1.230
0x802369AC	0x134	.rodata	game/Espgen43.cpp	local	lbl_802369AC	lbl_802369AC
0x80236AE0	0x28	.rodata	game/Espgen43.cpp	local	cUnit_virtual_table_80236AE0	cUnit virtual table
0x80236B08	0x130	.rodata	game/espgen44.cpp	global	lbl_80236B08	.
0x80236C38	0xC8	.rodata	game/espgen45.cpp	global	lbl_80236C38	.
0x80236D00	0xC	.rodata	game/espgen45.cpp	local	p0.236	p0.236
0x80236D0C	0xC	.rodata	game/espgen45.cpp	local	p1.237	p1.237
0x80236D18	0x2C0	.rodata	game/espgen45.cpp	local	lbl_80236D18	lbl_80236D18
0x80236FD8	0x28	.rodata	game/espgen45.cpp	local	cUnit_virtual_table_80236FD8	cUnit virtual table
0x80237000	0x238	.rodata	game/est.cpp	global	lbl_80237000	.
0x80237238	0x15A0	.rodata	game/EtcModel.cpp	global	lbl_80237238	.
0x802387D8	0x1FF0	.rodata	game/event.cpp	global	lbl_802387D8	.
0x8023A7C8	0x48	.rodata	game/event.cpp	global	_vt.8EventMgr	EventMgr virtual table
0x8023A810	0x48	.rodata	game/event.cpp	global	_vt.t8cManager1Z5Event	cManager<Event> virtual table
0x8023A858	0x28	.rodata	game/event.cpp	global	_vt.5Event	Event virtual table
0x8023A880	0x28	.rodata	game/event.cpp	local	cUnit_virtual_table_8023A880	cUnit virtual table
0x8023A8A8	0x318	.rodata	game/examine.cpp	global	lbl_8023A8A8	.
0x8023ABC0	0x28	.rodata	game/fade.cpp	global	lbl_8023ABC0	.
0x8023ABE8	0x78	.rodata	game/file.cpp	global	lbl_8023ABE8	.
0x8023AC60	0x160	.rodata	game/file_app.cpp	global	lbl_8023AC60	.
0x8023ADC0	0x194	.rodata	game/filter01.cpp	global	lbl_8023ADC0	.
0x8023AF54	0x2C	.rodata	game/filter01.cpp	global	level_tbl1	level_tbl1
0x8023AF80	0x1B8	.rodata	game/filter06.cpp	global	lbl_8023AF80	.
0x8023B138	0x15C	.rodata	game/filter0a.cpp	global	lbl_8023B138	.
0x8023B294	0x80	.rodata	game/filter0a.cpp	global	level_tbl2	level_tbl2
0x8023B314	0x4	.rodata	game/filter0a.cpp	global	lbl_8023B314	.
0x8023B318	0x158	.rodata	game/filter0b.cpp	global	lbl_8023B318	.
0x8023B470	0x1A8	.rodata	game/flr_at.cpp	global	lbl_8023B470	.
0x8023B618	0x584	.rodata	game/game.cpp	global	lbl_8023B618	.
0x8023BB9C	0x44	.rodata	game/game.cpp	global	effInfoWater	effInfoWater
0x8023BBE0	0x44	.rodata	game/game.cpp	global	effInfoNormal	effInfoNormal
0x8023BC24	0x30	.rodata	game/game.cpp	global	effRoom	effRoom
0x8023BC54	0x4	.rodata	game/game.cpp	global	lbl_8023BC54	.
0x8023BC58	0xE4	.rodata	game/geometry.cpp	global	lbl_8023BC58	.
0x8023BD3C	0xF4	.rodata	game/gx_sub.cpp	local	lbl_8023BD3C	.
0x8023BE30	0x14	.rodata	game/hermite.cpp	global	lbl_8023BE30	.
0x8023BE48	0x478	.rodata	game/id_sys.cpp	global	lbl_8023BE48	.
0x8023C2C0	0x184	.rodata	game/id_tex.cpp	global	lbl_8023C2C0	.
0x8023C444	0x1C	.rodata	game/item_model.cpp	global	lbl_8023C444	.
0x8023C460	0x10	.rodata	game/libgpu.cpp	global	lbl_8023C460	.
0x8023C470	0x348	.rodata	game/light.cpp	global	lbl_8023C470	.
0x8023C7B8	0xC	.rodata	game/light.cpp	global	vech.1024	vech.1024
0x8023C7C4	0x5B4	.rodata	game/light.cpp	global	lbl_8023C7C4	.
0x8023CD78	0x28	.rodata	game/light.cpp	global	_vt.8cLight06	cLight06 virtual table
0x8023CDA0	0x28	.rodata	game/light.cpp	global	_vt.8cLight02	cLight02 virtual table
0x8023CDC8	0x48	.rodata	game/light.cpp	global	_vt.9cLightMgr	cLightMgr virtual table
0x8023CE10	0x48	.rodata	game/light.cpp	global	_vt.t8cManager1Z6cLight	cManager<cLight> virtual table
0x8023CE58	0x28	.rodata	game/light.cpp	global	_vt.6cLight	cLight virtual table
0x8023CE80	0x28	.rodata	game/light.cpp	local	cUnit_virtual_table_8023CE80	cUnit virtual table
0x8023CEA8	0xE8	.rodata	game/light01.cpp	global	lbl_8023CEA8	.
0x8023CF90	0x28	.rodata	game/light01.cpp	global	_vt.8cLight01	cLight01 virtual table
0x8023CFB8	0x28	.rodata	game/light01.cpp	global	cUnit_virtual_table_8023CFB8	cUnit virtual table
0x8023CFE0	0x100	.rodata	game/light02.cpp	global	lbl_8023CFE0	.
0x8023D0E0	0x124	.rodata	game/light03.cpp	global	lbl_8023D0E0	.
0x8023D204	0xE4	.rodata	game/light04.cpp	global	lbl_8023D204	.
0x8023D2E8	0x1B0	.rodata	game/light05.cpp	global	lbl_8023D2E8	.
0x8023D498	0xF8	.rodata	game/light06.cpp	global	lbl_8023D498	.
0x8023D590	0xE8	.rodata	game/light07.cpp	global	lbl_8023D590	.
0x8023D678	0x28	.rodata	game/light07.cpp	global	_vt.8cLight07	cLight07 virtual table
0x8023D6A0	0x28	.rodata	game/light07.cpp	global	cUnit_virtual_table_8023D6A0	cUnit virtual table
0x8023D6C8	0xE8	.rodata	game/light08.cpp	global	lbl_8023D6C8	.
0x8023D7B0	0x28	.rodata	game/light08.cpp	global	_vt.8cLight08	cLight08 virtual table
0x8023D7D8	0x28	.rodata	game/light08.cpp	global	cUnit_virtual_table_8023D7D8	cUnit virtual table
0x8023D800	0xF0	.rodata	game/light10.cpp	global	lbl_8023D800	.
0x8023D8F0	0xE0	.rodata	game/main.cpp	global	lbl_8023D8F0	.
0x8023D9D0	0xC	.rodata	game/main.cpp	global	vecZero	vecZero
0x8023D9DC	0x20C	.rodata	game/main.cpp	global	lbl_8023D9DC	.
0x8023DBE8	0x2D0	.rodata	game/main_mem.cpp	global	lbl_8023DBE8	.
0x8023DEB8	0x2C8	.rodata	game/main_sub.cpp	global	lbl_8023DEB8	.
0x8023E180	0x278	.rodata	game/math_sub.cpp	global	lbl_8023E180	.
0x8023E3F8	0x528	.rodata	game/model.cpp	global	lbl_8023E3F8	.
0x8023E920	0x40	.rodata	game/model.cpp	global	_vt.6cModel	cModel virtual table
0x8023E960	0x48	.rodata	game/model.cpp	global	_vt.9cPartsMgr	cPartsMgr virtual table
0x8023E9A8	0x48	.rodata	game/model.cpp	global	_vt.t8cManager1Z6cParts	cManager<cParts> virtual table
0x8023E9F0	0x30	.rodata	game/model.cpp	global	_vt.6cParts	cParts virtual table
0x8023EA20	0x48	.rodata	game/model.cpp	global	_vt.11cModInfoMgr	cModInfoMgr virtual table
0x8023EA68	0x48	.rodata	game/model.cpp	global	_vt.t8cManager1Z10cModelInfo	cManager<cModelInfo> virtual table
0x8023EAB0	0x28	.rodata	game/model.cpp	global	_vt.10cModelInfo	cModelInfo virtual table
0x8023EAD8	0x30	.rodata	game/model.cpp	local	cCoord_virtual_table_8023EAD8	cCoord virtual table
0x8023EB08	0x10	.rodata	game/model.cpp	global	ShadowPtNum	ShadowPtNum
0x8023EB18	0x28	.rodata	game/model.cpp	local	cUnit_virtual_table_8023EB18	cUnit virtual table
0x8023EB40	0x248	.rodata	game/motion.cpp	global	lbl_8023EB40	.
0x8023ED88	0x150	.rodata	game/obj.cpp	global	lbl_8023ED88	.
0x8023EED8	0x48	.rodata	game/obj.cpp	global	_vt.7cObjMgr	cObjMgr virtual table
0x8023EF20	0x48	.rodata	game/obj.cpp	global	_vt.t8cManager1Z4cObj	cManager<cObj> virtual table
0x8023EF68	0x40	.rodata	game/obj.cpp	global	_vt.4cObj	cObj virtual table
0x8023EFA8	0x28	.rodata	game/obj.cpp	local	cUnit_virtual_table_8023EFA8	cUnit virtual table
0x8023EFD0	0x44	.rodata	game/obj00.cpp	global	lbl_8023EFD0	.
0x8023F014	0xC	.rodata	game/obj00.cpp	local	p0.168	p0.168
0x8023F020	0xC	.rodata	game/obj00.cpp	local	p1.169	p1.169
0x8023F02C	0x15C	.rodata	game/obj00.cpp	local	lbl_8023F02C	lbl_8023F02C
0x8023F188	0x40	.rodata	game/obj00.cpp	global	_vt.6cObj00	cObj00 virtual table
0x8023F1C8	0x28	.rodata	game/obj00.cpp	local	cUnit_virtual_table_8023F1C8	cUnit virtual table
0x8023F1F0	0xCC	.rodata	game/obj01.cpp	global	lbl_8023F1F0	.
0x8023F2BC	0xC	.rodata	game/obj01.cpp	local	p0.298	p0.298
0x8023F2C8	0xC	.rodata	game/obj01.cpp	local	p1.299	p1.299
0x8023F2D4	0xE4	.rodata	game/obj01.cpp	local	lbl_8023F2D4	lbl_8023F2D4
0x8023F3B8	0x40	.rodata	game/obj01.cpp	global	_vt.6cObj01	cObj01 virtual table
0x8023F3F8	0x28	.rodata	game/obj01.cpp	local	cUnit_virtual_table_8023F3F8	cUnit virtual table
0x8023F420	0x50	.rodata	game/obj02.cpp	global	lbl_8023F420	.
0x8023F470	0x40	.rodata	game/obj02.cpp	global	_vt.7cObjScr	cObjScr virtual table
0x8023F4B0	0x28	.rodata	game/obj02.cpp	global	cUnit_virtual_table_8023F4B0	cUnit virtual table
0x8023F4D8	0xC	.rodata	game/obj03.cpp	global	p0.129	p0.129
0x8023F4E4	0xC	.rodata	game/obj03.cpp	local	p1.130	p1.130
0x8023F4F0	0x48	.rodata	game/obj03.cpp	local	lbl_8023F4F0	lbl_8023F4F0
0x8023F538	0x40	.rodata	game/obj03.cpp	global	_vt.6cObj03	cObj03 virtual table
0x8023F578	0x28	.rodata	game/obj03.cpp	global	cUnit_virtual_table_8023F578	cUnit virtual table
0x8023F5A0	0x60	.rodata	game/obj04.cpp	global	lbl_8023F5A0	.
0x8023F600	0x40	.rodata	game/obj04.cpp	global	_vt.6cObj04	cObj04 virtual table
0x8023F640	0x28	.rodata	game/obj04.cpp	local	cUnit_virtual_table_8023F640	cUnit virtual table
0x8023F668	0xD0	.rodata	game/obj05.cpp	global	lbl_8023F668	.
0x8023F738	0x40	.rodata	game/obj05.cpp	global	_vt.6cObj05	cObj05 virtual table
0x8023F778	0x28	.rodata	game/obj05.cpp	local	cUnit_virtual_table_8023F778	cUnit virtual table
0x8023F7A0	0x40	.rodata	game/obj06.cpp	global	_vt.7cObjBox	cObjBox virtual table
0x8023F7E0	0x28	.rodata	game/obj06.cpp	global	cUnit_virtual_table_8023F7E0	cUnit virtual table
0x8023F808	0x54	.rodata	game/obj08.cpp	global	lbl_8023F808	.
0x8023F85C	0xC	.rodata	game/obj08.cpp	local	p0.330	p0.330
0x8023F868	0xC	.rodata	game/obj08.cpp	local	p1.331	p1.331
0x8023F874	0xFC	.rodata	game/obj08.cpp	local	lbl_8023F874	lbl_8023F874
0x8023F970	0x40	.rodata	game/obj08.cpp	global	_vt.6cObj08	cObj08 virtual table
0x8023F9B0	0x28	.rodata	game/obj08.cpp	local	cUnit_virtual_table_8023F9B0	cUnit virtual table
0x8023F9D8	0x1C8	.rodata	game/obj09.cpp	global	lbl_8023F9D8	.
0x8023FBA0	0x40	.rodata	game/obj09.cpp	global	_vt.6cObj09	cObj09 virtual table
0x8023FBE0	0x28	.rodata	game/obj09.cpp	local	cUnit_virtual_table_8023FBE0	cUnit virtual table
0x8023FC08	0xCC	.rodata	game/obj10.cpp	global	lbl_8023FC08	.
0x8023FCD4	0xC	.rodata	game/obj10.cpp	global	spd.940	spd.940
0x8023FCE0	0xC	.rodata	game/obj10.cpp	global	p0.371	p0.371
0x8023FCEC	0xC	.rodata	game/obj10.cpp	local	p1.372	p1.372
0x8023FCF8	0x100	.rodata	game/obj10.cpp	local	lbl_8023FCF8	lbl_8023FCF8
0x8023FDF8	0x40	.rodata	game/obj10.cpp	global	_vt.8cWepItem	cWepItem virtual table
0x8023FE38	0x28	.rodata	game/obj10.cpp	local	cUnit_virtual_table_8023FE38	cUnit virtual table
0x8023FE60	0x98	.rodata	game/obj12.cpp	global	lbl_8023FE60	.
0x8023FEF8	0xC	.rodata	game/obj12.cpp	local	p0.180	p0.180
0x8023FF04	0xC	.rodata	game/obj12.cpp	local	p1.181	p1.181
0x8023FF10	0x1F0	.rodata	game/obj12.cpp	local	lbl_8023FF10	lbl_8023FF10
0x80240100	0x40	.rodata	game/obj12.cpp	global	_vt.6cObj12	cObj12 virtual table
0x80240140	0x28	.rodata	game/obj12.cpp	local	cUnit_virtual_table_80240140	cUnit virtual table
0x80240168	0x228	.rodata	game/obj18.cpp	global	lbl_80240168	.
0x80240390	0x40	.rodata	game/obj18.cpp	global	_vt.6cObj18	cObj18 virtual table
0x802403D0	0x28	.rodata	game/obj18.cpp	local	cUnit_virtual_table_802403D0	cUnit virtual table
0x802403F8	0x130	.rodata	game/pad.cpp	global	lbl_802403F8	.
0x80240528	0x288	.rodata	game/path.cpp	local	lbl_80240528	.
0x802407B0	0x17C	.rodata	game/pendulum.cpp	global	lbl_802407B0	.
0x8024092C	0xC	.rodata	game/pendulum.cpp	global	vec0.672	vec0.672
0x80240938	0xC	.rodata	game/pendulum.cpp	global	lbl_80240938	.
0x80240944	0x50	.rodata	game/pl_body.cpp	global	lbl_80240944	.
0x80240994	0xC	.rodata	game/pl_body.cpp	local	hand_tbl.138	hand_tbl.138
0x802409A0	0x68	.rodata	game/pl_class.cpp	global	lbl_802409A0	.
0x80240A08	0x21C	.rodata	game/pl_class.cpp	global	PlReloadSpeedTbl	PlReloadSpeedTbl
0x80240C24	0x21C	.rodata	game/pl_class.cpp	global	PlReloadEndTbl	PlReloadEndTbl
0x80240E40	0x384	.rodata	game/pl_class.cpp	global	PlShotFrameTbl	PlShotFrameTbl
0x802411C4	0x27C	.rodata	game/pl_class.cpp	global	lbl_802411C4	.
0x80241440	0xB8	.rodata	game/pl_class.cpp	global	_vt.7cPlayer	cPlayer virtual table
0x802414F8	0x28	.rodata	game/pl_class.cpp	local	cUnit_virtual_table_802414F8	cUnit virtual table
0x80241520	0x168	.rodata	game/pl_cloth.cpp	global	lbl_80241520	.
0x80241688	0x274	.rodata	game/pl_sub.cpp	global	lbl_80241688	.
0x80241900	0x350	.rodata	game/pl_wep.cpp	global	lbl_80241900	.
0x80241C50	0x280	.rodata	game/puzzle.cpp	global	lbl_80241C50	.
0x80241ED0	0xC	.rodata	game/quake.cpp	global	lbl_80241ED0	.
0x80241EE0	0x438	.rodata	game/read.cpp	global	lbl_80241EE0	.
0x80242318	0x14	.rodata	game/rnd.cpp	global	lbl_80242318	.
0x8024232C	0x168	.rodata	game/room_jmp.cpp	global	lbl_8024232C	.
0x80242494	0x24	.rodata	game/room_tex.cpp	global	lbl_80242494	.
0x802424B8	0x88	.rodata	game/roomdata.cpp	global	lbl_802424B8	.
0x80242540	0x138	.rodata	game/route_ck.cpp	global	lbl_80242540	.
0x80242678	0x7A8	.rodata	game/sce_at.cpp	global	lbl_80242678	.
0x80242E20	0x36C	.rodata	game/sce_com.cpp	global	lbl_80242E20	.
0x8024318C	0x1B4	.rodata	game/sce_sys.cpp	global	lbl_8024318C	.
0x80243340	0xBC	.rodata	game/scheduler.cpp	local	lbl_80243340	.
0x802433FC	0x3C8	.rodata	game/scroll.cpp	global	lbl_802433FC	.
0x802437C4	0x1A4	.rodata	game/se_at.cpp	global	lbl_802437C4	.
0x80243968	0x2FA	.rodata	game/shadow.cpp	global	lbl_80243968	.
0x80243C62	0x10	.rodata	game/shadow.cpp	global	col_tbl.936	col_tbl.936
0x80243C72	0xE	.rodata	game/shadow.cpp	global	lbl_80243C72	.
0x80243C80	0x10	.rodata	game/shadow.cpp	global	col_tbl.942	col_tbl.942
0x80243C90	0x138	.rodata	game/shadow.cpp	global	lbl_80243C90	.
0x80243DC8	0x40	.rodata	game/shape.cpp	global	lbl_80243DC8	.
0x80243E08	0x168	.rodata	game/sofdec.cpp	global	lbl_80243E08	.
0x80243F70	0x288	.rodata	game/stage.cpp	global	lbl_80243F70	.
0x802441F8	0xE8	.rodata	game/sub2.cpp	global	lbl_802441F8	.
0x802442E0	0x2B8	.rodata	game/t_bugcheck.cpp	global	lbl_802442E0	.
0x80244598	0x166C	.rodata	game/t_flag.cpp	global	lbl_80244598	.
0x80245C04	0x144	.rodata	game/t_log.cpp	global	lbl_80245C04	.
0x80245D48	0x798	.rodata	game/t_option.cpp	global	lbl_80245D48	.
0x802464E0	0x8	.rodata	game/t_page.cpp	global	lbl_802464E0	.
0x802464E8	0x60	.rodata	game/t_prim.cpp	global	lbl_802464E8	.
0x80246548	0x68	.rodata	game/t_sc_shot.cpp	global	lbl_80246548	.
0x802465B0	0x140	.rodata	game/t_util.cpp	global	lbl_802465B0	.
0x802466F0	0x238	.rodata	game/TexRender.cpp	global	lbl_802466F0	.
0x80246928	0x130	.rodata	game/texture.cpp	global	lbl_80246928	.
0x80246A58	0x474	.rodata	game/title.cpp	global	lbl_80246A58	.
0x80246ECC	0x1C	.rodata	game/TmpBuf.cpp	global	lbl_80246ECC	.
0x80246EE8	0x650	.rodata	game/trans.cpp	global	lbl_80246EE8	.
0x80247538	0x1B0	.rodata	game/trans_lit.cpp	global	lbl_80247538	.
0x802476E8	0xFC	.rodata	game/trans_ot.cpp	local	lbl_802476E8	.
0x802477E4	0x158	.rodata	game/tv_mode.cpp	global	lbl_802477E4	.
0x80247940	0x80	.rodata	game/view.cpp	global	lbl_80247940	.
0x802479C0	0x194	.rodata	game/xml.cpp	global	lbl_802479C0	.
0x80247B54	0x60	.rodata	game/at_sub2.cpp	global	lbl_80247B54	.
0x80247BB4	0x34	.rodata	game/cinesco.cpp	local	lbl_80247BB4	.
0x80247BE8	0xAC	.rodata	game/cloth.cpp	global	lbl_80247BE8	.
0x80247C94	0xC	.rodata	game/cloth.cpp	local	p0.219	p0.219
0x80247CA0	0xC	.rodata	game/cloth.cpp	local	p1.220	p1.220
0x80247CAC	0xDC	.rodata	game/cloth.cpp	local	lbl_80247CAC	lbl_80247CAC
0x80247D88	0x28	.rodata	game/cloth.cpp	local	cUnit_virtual_table_80247D88	cUnit virtual table
0x80247DB0	0x334	.rodata	game/db_work.cpp	local	lbl_80247DB0	.
0x802480E4	0x44	.rodata	game/emobj.cpp	global	lbl_802480E4	.
0x80248128	0x30	.rodata	game/esp00.cpp	global	_vt.6cEsp00	cEsp00 virtual table
0x80248158	0x1B8	.rodata	game/esp01.cpp	local	lbl_80248158	.
0x80248310	0x30	.rodata	game/esp01.cpp	global	_vt.6cEsp01	cEsp01 virtual table
0x80248340	0x190	.rodata	game/esp02.cpp	global	lbl_80248340	.
0x802484D0	0x30	.rodata	game/esp02.cpp	global	_vt.6cEsp02	cEsp02 virtual table
0x80248500	0xC0	.rodata	game/esp03.cpp	local	lbl_80248500	.
0x802485C0	0x30	.rodata	game/esp03.cpp	local	_vt.6cEsp03	cEsp03 virtual table
0x802485F0	0x188	.rodata	game/esp04.cpp	local	lbl_802485F0	.
0x80248778	0x30	.rodata	game/esp04.cpp	local	_vt.6cEsp04	cEsp04 virtual table
0x802487A8	0x140	.rodata	game/esp05.cpp	local	lbl_802487A8	.
0x802488E8	0x30	.rodata	game/esp05.cpp	local	_vt.6cEsp05	cEsp05 virtual table
0x80248918	0x160	.rodata	game/esp06.cpp	global	lbl_80248918	.
0x80248A78	0x30	.rodata	game/esp06.cpp	global	_vt.6cEsp06	cEsp06 virtual table
0x80248AA8	0xD8	.rodata	game/esp07.cpp	global	lbl_80248AA8	.
0x80248B80	0x30	.rodata	game/esp07.cpp	global	_vt.6cEsp07	cEsp07 virtual table
0x80248BB0	0x258	.rodata	game/esp08.cpp	global	lbl_80248BB0	.
0x80248E08	0x30	.rodata	game/esp08.cpp	global	_vt.6cEsp08	cEsp08 virtual table
0x80248E38	0x200	.rodata	game/esp09.cpp	global	lbl_80248E38	.
0x80249038	0x30	.rodata	game/esp09.cpp	global	_vt.6cEsp09	cEsp09 virtual table
0x80249068	0x98	.rodata	game/esp0a.cpp	global	lbl_80249068	.
0x80249100	0x30	.rodata	game/esp0a.cpp	global	_vt.6cEsp0a	cEsp0a virtual table
0x80249130	0xC8	.rodata	game/esp0b.cpp	global	lbl_80249130	.
0x802491F8	0x30	.rodata	game/esp0b.cpp	global	_vt.6cEsp0b	cEsp0b virtual table
0x80249228	0x168	.rodata	game/esp0c.cpp	global	lbl_80249228	.
0x80249390	0x30	.rodata	game/esp0c.cpp	global	_vt.6cEsp0c	cEsp0c virtual table
0x802493C0	0x98	.rodata	game/esp0d.cpp	local	lbl_802493C0	.
0x80249458	0x30	.rodata	game/esp0d.cpp	local	_vt.6cEsp0d	cEsp0d virtual table
0x80249488	0xC0	.rodata	game/esp0e.cpp	local	lbl_80249488	.
0x80249548	0x30	.rodata	game/esp0e.cpp	global	hide_x_tbl.816	hide_x_tbl.816
0x80249578	0x30	.rodata	game/esp0e.cpp	global	hide_y_tbl.817	hide_y_tbl.817
0x802495A8	0x50	.rodata	game/esp0e.cpp	global	lbl_802495A8	.
0x802495F8	0x30	.rodata	game/esp0e.cpp	global	_vt.6cEsp0e	cEsp0e virtual table
0x80249628	0x1A0	.rodata	game/esp0f.cpp	global	lbl_80249628	.
0x802497C8	0x30	.rodata	game/esp0f.cpp	global	_vt.6cEsp0f	cEsp0f virtual table
0x802497F8	0x158	.rodata	game/esp10.cpp	global	lbl_802497F8	.
0x80249950	0x30	.rodata	game/esp10.cpp	global	_vt.6cEsp10	cEsp10 virtual table
0x80249980	0x268	.rodata	game/esp11.cpp	global	lbl_80249980	.
0x80249BE8	0x30	.rodata	game/esp11.cpp	global	_vt.6cEsp11	cEsp11 virtual table
0x80249C18	0x1D0	.rodata	game/esp12.cpp	local	lbl_80249C18	.
0x80249DE8	0x30	.rodata	game/esp12.cpp	global	_vt.6cEsp12	cEsp12 virtual table
0x80249E18	0x58	.rodata	game/esp13.cpp	global	lbl_80249E18	.
0x80249E70	0x30	.rodata	game/esp13.cpp	local	_vt.6cEsp13	cEsp13 virtual table
0x80249EA0	0x80	.rodata	game/esp14.cpp	local	lbl_80249EA0	.
0x80249F20	0x30	.rodata	game/esp14.cpp	local	_vt.6cEsp14	cEsp14 virtual table
0x80249F50	0x90	.rodata	game/esp15.cpp	local	lbl_80249F50	.
0x80249FE0	0x30	.rodata	game/esp15.cpp	local	_vt.6cEsp15	cEsp15 virtual table
0x8024A010	0x1F8	.rodata	game/esp16.cpp	local	lbl_8024A010	.
0x8024A208	0x30	.rodata	game/esp16.cpp	local	_vt.6cEsp16	cEsp16 virtual table
0x8024A238	0x30	.rodata	game/esp17.cpp	local	_vt.6cEsp17	cEsp17 virtual table
0x8024A268	0x250	.rodata	game/esp18.cpp	local	lbl_8024A268	.
0x8024A4B8	0x30	.rodata	game/esp18.cpp	global	_vt.6cEsp18	cEsp18 virtual table
0x8024A4E8	0x90	.rodata	game/esp19.cpp	global	lbl_8024A4E8	.
0x8024A578	0x30	.rodata	game/esp19.cpp	global	_vt.6cEsp19	cEsp19 virtual table
0x8024A5A8	0xC0	.rodata	game/esp1a.cpp	global	lbl_8024A5A8	.
0x8024A668	0x30	.rodata	game/esp1a.cpp	global	_vt.6cEsp1a	cEsp1a virtual table
0x8024A698	0x58	.rodata	game/esp1b.cpp	global	lbl_8024A698	.
0x8024A6F0	0x30	.rodata	game/esp1b.cpp	global	_vt.6cEsp1b	cEsp1b virtual table
0x8024A720	0x168	.rodata	game/esp3f.cpp	local	lbl_8024A720	.
0x8024A888	0x30	.rodata	game/esp3f.cpp	local	_vt.6cEsp3f	cEsp3f virtual table
0x8024A8B8	0x120	.rodata	game/esp40.cpp	local	lbl_8024A8B8	.
0x8024A9D8	0x30	.rodata	game/esp40.cpp	local	_vt.6cEsp40	cEsp40 virtual table
0x8024AA08	0x98	.rodata	game/esp41.cpp	local	lbl_8024AA08	.
0x8024AAA0	0x30	.rodata	game/esp41.cpp	local	_vt.6cEsp41	cEsp41 virtual table
0x8024AAD0	0x70	.rodata	game/esp42.cpp	local	lbl_8024AAD0	.
0x8024AB40	0x30	.rodata	game/esp42.cpp	global	_vt.6cEsp42	cEsp42 virtual table
0x8024AB70	0x128	.rodata	game/esp43.cpp	global	lbl_8024AB70	.
0x8024AC98	0x30	.rodata	game/esp43.cpp	global	_vt.6cEsp43	cEsp43 virtual table
0x8024ACC8	0x120	.rodata	game/esp44.cpp	global	lbl_8024ACC8	.
0x8024ADE8	0x30	.rodata	game/esp44.cpp	global	_vt.6cEsp44	cEsp44 virtual table
0x8024AE18	0x88	.rodata	game/esp45.cpp	global	lbl_8024AE18	.
0x8024AEA0	0x30	.rodata	game/esp45.cpp	local	hide_x_tbl.786	hide_x_tbl.786
0x8024AED0	0x30	.rodata	game/esp45.cpp	local	hide_y_tbl.787	hide_y_tbl.787
0x8024AF00	0x40	.rodata	game/esp45.cpp	global	lbl_8024AF00	.
0x8024AF40	0x30	.rodata	game/esp45.cpp	global	_vt.6cEsp45	cEsp45 virtual table
0x8024AF70	0x60	.rodata	game/esp46.cpp	local	lbl_8024AF70	.
0x8024AFD0	0x30	.rodata	game/esp46.cpp	global	_vt.6cEsp46	cEsp46 virtual table
0x8024B000	0x160	.rodata	game/esp47.cpp	global	lbl_8024B000	.
0x8024B160	0x30	.rodata	game/esp47.cpp	global	_vt.6cEsp47	cEsp47 virtual table
0x8024B190	0x48	.rodata	game/esp48.cpp	global	lbl_8024B190	.
0x8024B1D8	0x30	.rodata	game/esp48.cpp	global	_vt.6cEsp48	cEsp48 virtual table
0x8024B208	0x140	.rodata	game/esp49.cpp	local	lbl_8024B208	.
0x8024B348	0x30	.rodata	game/esp49.cpp	local	_vt.6cEsp49	cEsp49 virtual table
0x8024B378	0x140	.rodata	game/esp4a.cpp	local	lbl_8024B378	.
0x8024B4B8	0x30	.rodata	game/esp4a.cpp	local	_vt.6cEsp4a	cEsp4a virtual table
0x8024B4E8	0x158	.rodata	game/esp4b.cpp	local	lbl_8024B4E8	.
0x8024B640	0x30	.rodata	game/esp4b.cpp	global	_vt.6cEsp4b	cEsp4b virtual table
0x8024B670	0x140	.rodata	game/esp4c.cpp	global	lbl_8024B670	.
0x8024B7B0	0x30	.rodata	game/esp4c.cpp	local	_vt.6cEsp4c	cEsp4c virtual table
0x8024B7E0	0x168	.rodata	game/esp4d.cpp	global	lbl_8024B7E0	.
0x8024B948	0x30	.rodata	game/esp4d.cpp	global	_vt.6cEsp4d	cEsp4d virtual table
0x8024B978	0x1B8	.rodata	game/esp4e.cpp	local	lbl_8024B978	.
0x8024BB30	0x30	.rodata	game/esp4e.cpp	global	_vt.6cEsp4e	cEsp4e virtual table
0x8024BB60	0x40	.rodata	game/esp4f.cpp	global	lbl_8024BB60	.
0x8024BBA0	0x30	.rodata	game/esp4f.cpp	local	_vt.6cEsp4f	cEsp4f virtual table
0x8024BBD0	0x568	.rodata	game/et00.cpp	local	lbl_8024BBD0	.
0x8024C138	0x670	.rodata	game/exception.cpp	global	lbl_8024C138	.
0x8024C7A8	0x14	.rodata	game/exception.cpp	global	symbol_err_tbl	symbol_err_tbl
0x8024C7BC	0x17C	.rodata	game/exception.cpp	local	lbl_8024C7BC	.
0x8024C938	0x44	.rodata	game/exception.cpp	global	e_str	e_str
0x8024C97C	0x8	.rodata	game/filter.cpp	global	lbl_8024C97C	.
0x8024C988	0xC8	.rodata	game/filter00.cpp	local	lbl_8024C988	.
0x8024CA50	0x1D0	.rodata	game/filter02.cpp	global	lbl_8024CA50	.
0x8024CC20	0x80	.rodata	game/filter02.cpp	global	level_tbl02	level_tbl02
0x8024CCA0	0x160	.rodata	game/filter03.cpp	local	lbl_8024CCA0	.
0x8024CE00	0x80	.rodata	game/filter03.cpp	global	level_tbl3	level_tbl3
0x8024CE80	0x170	.rodata	game/filter04.cpp	global	lbl_8024CE80	.
0x8024CFF0	0x80	.rodata	game/filter04.cpp	local	level_tbl4	level_tbl4
0x8024D070	0x194	.rodata	game/filter07.cpp	global	lbl_8024D070	.
0x8024D204	0x80	.rodata	game/filter07.cpp	local	level_tbl3_8024D204	level_tbl3
0x8024D284	0x4	.rodata	game/filter07.cpp	local	lbl_8024D284	.
0x8024D288	0x1D8	.rodata	game/filter08.cpp	global	lbl_8024D288	.
0x8024D460	0x190	.rodata	game/filter09.cpp	global	lbl_8024D460	.
0x8024D5F0	0x1B8	.rodata	game/foot_shadow.cpp	local	lbl_8024D5F0	.
0x8024D7A8	0x140	.rodata	game/ik.cpp	global	lbl_8024D7A8	.
0x8024D8E8	0x140	.rodata	game/mirror.cpp	global	lbl_8024D8E8	.
0x8024DA28	0x4	.rodata	game/yz2asm.cpp	local	.float_one_data	.float_one_data
0x8024DA2C	0x4	.rodata	game/yz2asm.cpp	global	.float_zero_data	.float_zero_data
0x8024DA30	0x1FC	.rodata	game/sn_malloc.cpp	global	lbl_8024DA30	.
0x8024DC30	0xA	.rodata	lib/Padclamp.c	local	ClampRegion	ClampRegion
0x8024DC40	0x32	.rodata	lib/mwsfdfrm.c	global	...rodata.0_8024DC40	...rodata.0
0x8024DC72	0x2	.rodata	lib/mwsfdfrm.c	global	lbl_8024DC72	.
0x8024DC74	0x31	.rodata	lib/mwsfdfrm.c	global	@717	@717
0x8024DCA5	0x3	.rodata	lib/mwsfdfrm.c	local	lbl_8024DCA5	.
0x8024DCA8	0x31	.rodata	lib/mwsfdfrm.c	local	@726	@726
0x8024DCD9	0x3	.rodata	lib/mwsfdfrm.c	local	lbl_8024DCD9	.
0x8024DCDC	0x32	.rodata	lib/mwsfdfrm.c	local	@729	@729
0x8024DD0E	0x2	.rodata	lib/mwsfdfrm.c	local	lbl_8024DD0E	.
0x8024DD10	0x2D	.rodata	lib/mwsfdfrm.c	global	@733_8024DD10	@733
0x8024DD3D	0x3	.rodata	lib/mwsfdfrm.c	local	lbl_8024DD3D	.
0x8024DD40	0x23	.rodata	lib/mwsfdfrm.c	local	@742_8024DD40	@742
0x8024DD63	0x1	.rodata	lib/mwsfdfrm.c	local	lbl_8024DD63	.
0x8024DD64	0x33	.rodata	lib/mwsfdfrm.c	local	@796_8024DD64	@796
0x8024DD97	0x1	.rodata	lib/mwsfdfrm.c	local	lbl_8024DD97	.
0x8024DD98	0x25	.rodata	lib/mwsfdfrm.c	local	@804	@804
0x8024DDBD	0x3	.rodata	lib/mwsfdfrm.c	local	lbl_8024DDBD	.
0x8024DDC0	0x1F	.rodata	lib/mwsfdfrm.c	global	@857_8024DDC0	@857
0x8024DDDF	0x1	.rodata	lib/mwsfdfrm.c	local	lbl_8024DDDF	.
0x8024DDE0	0x2D	.rodata	lib/mwsfdfrm.c	global	@965	@965
0x8024DE0D	0x3	.rodata	lib/mwsfdfrm.c	local	lbl_8024DE0D	.
0x8024DE10	0x2E	.rodata	lib/mwsfdfrm.c	local	@970	@970
0x8024DE3E	0x2	.rodata	lib/mwsfdfrm.c	global	lbl_8024DE3E	.
0x8024DE40	0x2E	.rodata	lib/mwsfdfrm.c	local	@973	@973
0x8024DE70	0x31	.rodata	lib/mwsfdsfx.c	local	...rodata.0_8024DE70	...rodata.0
0x8024DEA1	0x3	.rodata	lib/mwsfdsfx.c	global	lbl_8024DEA1	.
0x8024DEA4	0x31	.rodata	lib/mwsfdsfx.c	global	@649_8024DEA4	@649
0x8024DED5	0x3	.rodata	lib/mwsfdsfx.c	global	lbl_8024DED5	.
0x8024DED8	0x2E	.rodata	lib/mwsfdsfx.c	local	@687_8024DED8	@687
0x8024DF06	0x2	.rodata	lib/mwsfdsfx.c	local	lbl_8024DF06	.
0x8024DF08	0x2D	.rodata	lib/mwsfdsfx.c	local	@688_8024DF08	@688
0x8024DF35	0x3	.rodata	lib/mwsfdsfx.c	local	lbl_8024DF35	.
0x8024DF38	0x2E	.rodata	lib/mwsfdsfx.c	local	@695	@695
0x8024DF66	0x2	.rodata	lib/mwsfdsfx.c	global	lbl_8024DF66	.
0x8024DF68	0x2D	.rodata	lib/mwsfdsfx.c	local	@696	@696
0x8024DF95	0x3	.rodata	lib/mwsfdsfx.c	local	lbl_8024DF95	.
0x8024DF98	0x8	.rodata	lib/mwsfdsfx.c	local	mwsftag_sfxinfs	@742
0x8024DFA0	0x8	.rodata	lib/mwsfdsfx.c	global	mwsftag_sfxinfe	mwsftag_sfxinfe
0x8024DFA8	0x35	.rodata	lib/mwsfdsfx.c	local	mwsftag_msg_bufsize	@746
0x8024DFDD	0x3	.rodata	lib/mwsfdsfx.c	local	lbl_8024DFDD	.
0x8024DFE0	0x8	.rodata	lib/mwsfdsfx.c	local	@773	@773
0x8024DFE8	0x8	.rodata	lib/mwsfdsfx.c	local	@774_8024DFE8	@774
0x8024DFF0	0x2B	.rodata	lib/mwsfdsfx.c	global	@831_8024DFF0	@831
0x8024E01B	0x1	.rodata	lib/mwsfdsfx.c	global	lbl_8024E01B	.
0x8024E01C	0x33	.rodata	lib/mwsfdsfx.c	global	@845_8024E01C	@845
0x8024E04F	0x1	.rodata	lib/mwsfdsfx.c	local	lbl_8024E04F	.
0x8024E050	0x33	.rodata	lib/mwsfdsfx.c	local	@851_8024E050	@851
0x8024E083	0x1	.rodata	lib/mwsfdsfx.c	local	lbl_8024E083	.
0x8024E084	0x32	.rodata	lib/mwsfdsfx.c	local	@857_8024E084	@857
0x8024E0B6	0x2	.rodata	lib/mwsfdsfx.c	local	lbl_8024E0B6	.
0x8024E0B8	0x32	.rodata	lib/mwsfdsfx.c	local	@863	@863
0x8024E0EA	0x2	.rodata	lib/mwsfdsfx.c	local	lbl_8024E0EA	.
0x8024E0EC	0x33	.rodata	lib/mwsfdsfx.c	local	@869	@869
0x8024E11F	0x1	.rodata	lib/mwsfdsfx.c	global	lbl_8024E11F	.
0x8024E120	0x39	.rodata	lib/mwsfdsfx.c	global	@877_8024E120	@877
0x8024E159	0x3	.rodata	lib/mwsfdsfx.c	global	lbl_8024E159	.
0x8024E15C	0x32	.rodata	lib/mwsfdsfx.c	global	@911	@911
0x8024E18E	0x2	.rodata	lib/mwsfdsfx.c	global	lbl_8024E18E	.
0x8024E190	0x31	.rodata	lib/mwsfdsfx.c	global	@929_8024E190	@929
0x8024E1C1	0x3	.rodata	lib/mwsfdsfx.c	global	lbl_8024E1C1	.
0x8024E1C4	0x47	.rodata	lib/mwsfdsfx.c	local	@930_8024E1C4	@930
0x8024E20B	0x1	.rodata	lib/mwsfdsfx.c	global	lbl_8024E20B	.
0x8024E20C	0x4A	.rodata	lib/mwsfdsfx.c	global	@931_8024E20C	@931
0x8024E256	0x2	.rodata	lib/mwsfdsfx.c	local	lbl_8024E256	.
0x8024E258	0x2F	.rodata	lib/mwsfdsfx.c	local	@938	@938
0x8024E287	0x1	.rodata	lib/mwsfdsfx.c	local	lbl_8024E287	.
0x8024E288	0x2E	.rodata	lib/mwsfdsfx.c	local	@939_8024E288	@939
0x8024E2B6	0x2	.rodata	lib/mwsfdsfx.c	local	lbl_8024E2B6	.
0x8024E2B8	0x2F	.rodata	lib/mwsfdsfx.c	local	@946	@946
0x8024E2E7	0x1	.rodata	lib/mwsfdsfx.c	global	lbl_8024E2E7	.
0x8024E2E8	0x2E	.rodata	lib/mwsfdsfx.c	global	@947	@947
0x8024E316	0x2	.rodata	lib/mwsfdsfx.c	local	lbl_8024E316	.
0x8024E318	0x20	.rodata	lib/mwsfdsfx.c	global	mwsfsfx_msg_chromapos	@955
0x8024E338	0x24	.rodata	lib/mwsfdsfx.c	global	mwsfsfx_msg_chroma_format	mwsfsfx_msg_chroma_format
0x8024E35C	0x28	.rodata	lib/mwsfdsfx.c	local	mwsfsfx_msg_pic_struct	mwsfsfx_msg_pic_struct
0x8024E384	0x28	.rodata	lib/mwsfdsfx.c	local	mwsfsfx_msg_buffmt	mwsfsfx_msg_buffmt
0x8024E3B0	0x24	.rodata	lib/mwsfdcre.c	local	mwsfd_mps_trsetup	mwsfd_mps_trsetup
0x8024E3D4	0x24	.rodata	lib/mwsfdcre.c	local	mwsfd_mpv_trsetup	mwsfd_mpv_trsetup
0x8024E3F8	0x24	.rodata	lib/mwsfdcre.c	global	mwsfd_vonlysfd_trsetup	mwsfd_vonlysfd_trsetup
0x8024E41C	0x21	.rodata	lib/mwsfdcre.c	global	@672_8024E41C	@672
0x8024E43D	0x3	.rodata	lib/mwsfdcre.c	global	lbl_8024E43D	.
0x8024E440	0x28	.rodata	lib/mwsfdcre.c	global	@698	@698
0x8024E468	0x29	.rodata	lib/mwsfdcre.c	global	@699	@699
0x8024E491	0x3	.rodata	lib/mwsfdcre.c	global	lbl_8024E491	.
0x8024E494	0x20	.rodata	lib/mwsfdcre.c	global	@739_8024E494	@739
0x8024E4B4	0x17	.rodata	lib/mwsfdcre.c	global	@740_8024E4B4	@740
0x8024E4CB	0x1	.rodata	lib/mwsfdcre.c	global	lbl_8024E4CB	.
0x8024E4CC	0x22	.rodata	lib/mwsfdcre.c	local	@830	@830
0x8024E4EE	0x2	.rodata	lib/mwsfdcre.c	local	lbl_8024E4EE	.
0x8024E4F0	0x26	.rodata	lib/mwsfdcre.c	global	@831_8024E4F0	@831
0x8024E516	0x2	.rodata	lib/mwsfdcre.c	global	lbl_8024E516	.
0x8024E518	0x24	.rodata	lib/mwsfdcre.c	global	@835_8024E518	@835
0x8024E53C	0x2B	.rodata	lib/mwsfdcre.c	global	@1236	@1236
0x8024E567	0x1	.rodata	lib/mwsfdcre.c	local	lbl_8024E567	.
0x8024E568	0x50	.rodata	lib/mwsfdcre.c	global	@1237	@1237
0x8024E5B8	0x39	.rodata	lib/mwsfdcre.c	global	@1238	@1238
0x8024E5F1	0x3	.rodata	lib/mwsfdcre.c	local	lbl_8024E5F1	.
0x8024E5F4	0x23	.rodata	lib/mwsfdcre.c	global	@1239	@1239
0x8024E617	0x1	.rodata	lib/mwsfdcre.c	global	lbl_8024E617	.
0x8024E618	0x36	.rodata	lib/mwsfdcre.c	local	@1240	@1240
0x8024E64E	0x2	.rodata	lib/mwsfdcre.c	global	lbl_8024E64E	.
0x8024E650	0x3A	.rodata	lib/mwsfdcre.c	global	@1241	@1241
0x8024E68A	0x2	.rodata	lib/mwsfdcre.c	local	lbl_8024E68A	.
0x8024E68C	0x4	.rodata	lib/mwsfdcre.c	global	@1242	@1242
0x8024E690	0x22	.rodata	lib/mwsfdcre.c	global	@1243	@1243
0x8024E6B2	0x2	.rodata	lib/mwsfdcre.c	local	lbl_8024E6B2	.
0x8024E6B4	0x22	.rodata	lib/mwsfdcre.c	global	@1244	@1244
0x8024E6D6	0x2	.rodata	lib/mwsfdcre.c	global	lbl_8024E6D6	.
0x8024E6D8	0x1C	.rodata	lib/mwsfdcre.c	local	@1245	@1245
0x8024E6F4	0x28	.rodata	lib/mwsfdcre.c	global	@1246	@1246
0x8024E71C	0x4	.rodata	lib/mwsfdcre.c	global	lbl_8024E71C	.
0x8024E720	0x8	.rodata	lib/mwsfdcre.c	local	@1248	@1248
0x8024E728	0x31	.rodata	lib/mwsfdcre.c	global	@1267	@1267
0x8024E759	0x3	.rodata	lib/mwsfdcre.c	global	lbl_8024E759	.
0x8024E75C	0x35	.rodata	lib/mwsfdcre.c	local	@1268	@1268
0x8024E791	0x3	.rodata	lib/mwsfdcre.c	global	lbl_8024E791	.
0x8024E794	0x35	.rodata	lib/mwsfdcre.c	global	@1295	@1295
0x8024E7C9	0x3	.rodata	lib/mwsfdcre.c	local	lbl_8024E7C9	.
0x8024E7CC	0x26	.rodata	lib/mwsfdcre.c	global	@1716	@1716
0x8024E7F2	0x2	.rodata	lib/mwsfdcre.c	global	lbl_8024E7F2	.
0x8024E7F4	0x1A	.rodata	lib/mwsfdcre.c	local	@1717	@1717
0x8024E80E	0x2	.rodata	lib/mwsfdcre.c	global	lbl_8024E80E	.
0x8024E810	0x1A	.rodata	lib/mwsfdcre.c	global	@1718	@1718
0x8024E82A	0x2	.rodata	lib/mwsfdcre.c	global	lbl_8024E82A	.
0x8024E82C	0x2B	.rodata	lib/mwsfdcre.c	local	@1719	@1719
0x8024E857	0x1	.rodata	lib/mwsfdcre.c	global	lbl_8024E857	.
0x8024E858	0x28	.rodata	lib/mwsfdcre.c	global	@1720	@1720
0x8024E880	0x21	.rodata	lib/mwsfdcre.c	local	@1850	@1850
0x8024E8A1	0x3	.rodata	lib/mwsfdcre.c	global	lbl_8024E8A1	.
0x8024E8A4	0x2D	.rodata	lib/mwsfdcre.c	global	@1874	@1874
0x8024E8D8	0x51	.rodata	lib/mwsfdlib.c	local	mwsfd_ver_str	mwsfd_ver_str
0x8024E929	0x3	.rodata	lib/mwsfdlib.c	global	lbl_8024E929	.
0x8024E92C	0x3C	.rodata	lib/mwsfdlib.c	local	mwsfd_trentry	mwsfd_trentry
0x8024E968	0x8	.rodata	lib/mwsfdlib.c	local	mwsfd_initsfdpara	mwsfd_initsfdpara
0x8024E970	0x4	.rodata	lib/mwsfdlib.c	global	mwsfd_siz_mwplyhn	mwsfd_siz_mwplyhn
0x8024E974	0x11	.rodata	lib/mwsfdlib.c	global	@391_8024E974	@391
0x8024E985	0x3	.rodata	lib/mwsfdlib.c	global	lbl_8024E985	.
0x8024E988	0x5E	.rodata	lib/mwsfdlib.c	global	@392_8024E988	@392
0x8024E9E6	0x2	.rodata	lib/mwsfdlib.c	global	lbl_8024E9E6	.
0x8024E9E8	0x51	.rodata	lib/mwsfdlib.c	local	@393_8024E9E8	@393
0x8024EA39	0x3	.rodata	lib/mwsfdlib.c	local	lbl_8024EA39	.
0x8024EA3C	0x6D	.rodata	lib/mwsfdlib.c	local	@394_8024EA3C	@394
0x8024EAA9	0x3	.rodata	lib/mwsfdlib.c	local	lbl_8024EAA9	.
0x8024EAAC	0x83	.rodata	lib/mwsfdlib.c	local	@395_8024EAAC	@395
0x8024EB2F	0x1	.rodata	lib/mwsfdlib.c	local	lbl_8024EB2F	.
0x8024EB30	0x10	.rodata	lib/mwsfdlib.c	local	@396_8024EB30	@396
0x8024EB40	0x6	.rodata	lib/mwsfdlib.c	local	@414	@414
0x8024EB46	0x2	.rodata	lib/mwsfdlib.c	local	lbl_8024EB46	.
0x8024EB48	0x32	.rodata	lib/mwsfdlib.c	local	@415	@415
0x8024EB7A	0x2	.rodata	lib/mwsfdlib.c	local	lbl_8024EB7A	.
0x8024EB7C	0x4	.rodata	lib/mwsfdlib.c	local	@437	@437
0x8024EB80	0x27	.rodata	lib/mwsfdlib.c	local	@485_8024EB80	@485
0x8024EBA7	0x1	.rodata	lib/mwsfdlib.c	local	lbl_8024EBA7	.
0x8024EBA8	0x25	.rodata	lib/mwsfdlib.c	local	@486_8024EBA8	@486
0x8024EBCD	0x3	.rodata	lib/mwsfdlib.c	local	lbl_8024EBCD	.
0x8024EBD0	0x4	.rodata	lib/mwsfdlib.c	local	@487_8024EBD0	@487
0x8024EBD4	0x4	.rodata	lib/mwsfdlib.c	local	@488_8024EBD4	@488
0x8024EBD8	0x1E	.rodata	lib/mwsfdlib.c	global	@489_8024EBD8	@489
0x8024EBF8	0x32	.rodata	lib/mwsfdply.c	local	...rodata.0_8024EBF8	...rodata.0
0x8024EC2A	0x2	.rodata	lib/mwsfdply.c	local	lbl_8024EC2A	.
0x8024EC2C	0x2E	.rodata	lib/mwsfdply.c	local	@383	@383
0x8024EC5A	0x2	.rodata	lib/mwsfdply.c	local	lbl_8024EC5A	.
0x8024EC5C	0x1D	.rodata	lib/mwsfdply.c	local	@384_8024EC5C	@384
0x8024EC79	0x3	.rodata	lib/mwsfdply.c	local	lbl_8024EC79	.
0x8024EC7C	0xA	.rodata	lib/mwsfdply.c	local	@386_8024EC7C	@386
0x8024EC86	0x2	.rodata	lib/mwsfdply.c	local	lbl_8024EC86	.
0x8024EC88	0x27	.rodata	lib/mwsfdply.c	local	@390_8024EC88	@390
0x8024ECAF	0x1	.rodata	lib/mwsfdply.c	local	lbl_8024ECAF	.
0x8024ECB0	0x8	.rodata	lib/mwsfdply.c	local	@406_8024ECB0	@406
0x8024ECB8	0x8	.rodata	lib/mwsfdply.c	local	@408_8024ECB8	@408
0x8024ECC0	0x2C	.rodata	lib/mwsfdply.c	local	@419_8024ECC0	@419
0x8024ECEC	0x28	.rodata	lib/mwsfdply.c	local	@431_8024ECEC	@431
0x8024ED14	0x23	.rodata	lib/mwsfdply.c	local	@432_8024ED14	@432
0x8024ED37	0x1	.rodata	lib/mwsfdply.c	local	lbl_8024ED37	.
0x8024ED38	0x3	.rodata	lib/mwsfdply.c	local	@433_8024ED38	@433
0x8024ED3B	0x1	.rodata	lib/mwsfdply.c	local	lbl_8024ED3B	.
0x8024ED3C	0x4	.rodata	lib/mwsfdply.c	local	@434	@434
0x8024ED40	0x27	.rodata	lib/mwsfdply.c	local	@444	@444
0x8024ED67	0x1	.rodata	lib/mwsfdply.c	local	lbl_8024ED67	.
0x8024ED68	0x1F	.rodata	lib/mwsfdply.c	local	@445	@445
0x8024ED87	0x1	.rodata	lib/mwsfdply.c	local	lbl_8024ED87	.
0x8024ED88	0x2A	.rodata	lib/mwsfdply.c	local	@490_8024ED88	@490
0x8024EDB2	0x2	.rodata	lib/mwsfdply.c	local	lbl_8024EDB2	.
0x8024EDB4	0x29	.rodata	lib/mwsfdply.c	global	@491_8024EDB4	@491
0x8024EDDD	0x3	.rodata	lib/mwsfdply.c	local	lbl_8024EDDD	.
0x8024EDE0	0x2C	.rodata	lib/mwsfdply.c	local	@492_8024EDE0	@492
0x8024EE0C	0x1D	.rodata	lib/mwsfdply.c	local	@493_8024EE0C	@493
0x8024EE29	0x3	.rodata	lib/mwsfdply.c	global	lbl_8024EE29	.
0x8024EE2C	0x2B	.rodata	lib/mwsfdply.c	local	@534	@534
0x8024EE57	0x1	.rodata	lib/mwsfdply.c	global	lbl_8024EE57	.
0x8024EE58	0x2E	.rodata	lib/mwsfdply.c	local	@581	@581
0x8024EE86	0x2	.rodata	lib/mwsfdply.c	global	lbl_8024EE86	.
0x8024EE88	0x29	.rodata	lib/mwsfdply.c	local	@582	@582
0x8024EEB1	0x3	.rodata	lib/mwsfdply.c	global	lbl_8024EEB1	.
0x8024EEB4	0x2E	.rodata	lib/mwsfdply.c	local	@615_8024EEB4	@615
0x8024EEE2	0x2	.rodata	lib/mwsfdply.c	global	lbl_8024EEE2	.
0x8024EEE4	0x1B	.rodata	lib/mwsfdply.c	local	@621_8024EEE4	@621
0x8024EF00	0x30	.rodata	lib/mwsfdset.c	local	...rodata.0_8024EF00	...rodata.0
0x8024EF30	0x2C	.rodata	lib/mwsfdset.c	local	@647	@647
0x8024EF5C	0x4	.rodata	lib/mwsfdset.c	global	@648_8024EF5C	@648
0x8024EF60	0x4	.rodata	lib/mwsfdset.c	local	@649_8024EF60	@649
0x8024EF64	0x4	.rodata	lib/mwsfdset.c	global	lbl_8024EF64	.
0x8024EF68	0x8	.rodata	lib/mwsfdset.c	local	@652_8024EF68	@652
0x8024EF70	0x2B	.rodata	lib/mwsfdset.c	global	@670	@670
0x8024EF9B	0x1	.rodata	lib/mwsfdset.c	local	lbl_8024EF9B	.
0x8024EF9C	0x2E	.rodata	lib/mwsfdset.c	global	@702_8024EF9C	@702
0x8024EFCA	0x2	.rodata	lib/mwsfdset.c	local	lbl_8024EFCA	.
0x8024EFCC	0x2C	.rodata	lib/mwsfdset.c	global	@792	@792
0x8024EFF8	0x30	.rodata	lib/mwsfdset.c	local	@793	@793
0x8024F028	0x31	.rodata	lib/mwsfdset.c	global	@794_8024F028	@794
0x8024F059	0x3	.rodata	lib/mwsfdset.c	local	lbl_8024F059	.
0x8024F05C	0x34	.rodata	lib/mwsfdset.c	global	@795_8024F05C	@795
0x8024F090	0x2E	.rodata	lib/mwsfdset.c	local	@803_8024F090	@803
0x8024F0BE	0x2	.rodata	lib/mwsfdset.c	global	lbl_8024F0BE	.
0x8024F0C0	0x34	.rodata	lib/mwsfdset.c	global	@823_8024F0C0	@823
0x8024F0F4	0x2C	.rodata	lib/mwsfdset.c	global	@853_8024F0F4	@853
0x8024F120	0x2C	.rodata	lib/mwsfdset.c	local	@861	@861
0x8024F14C	0x2C	.rodata	lib/mwsfdset.c	global	@873	@873
0x8024F178	0x2C	.rodata	lib/mwsfdset.c	local	@881	@881
0x8024F1A4	0x2A	.rodata	lib/mwsfdset.c	global	@897	@897
0x8024F1CE	0x2	.rodata	lib/mwsfdset.c	local	lbl_8024F1CE	.
0x8024F1D0	0x23	.rodata	lib/mwsfdset.c	global	@898	@898
0x8024F1F3	0x1	.rodata	lib/mwsfdset.c	local	lbl_8024F1F3	.
0x8024F1F4	0x32	.rodata	lib/mwsfdset.c	global	@910_8024F1F4	@910
0x8024F226	0x2	.rodata	lib/mwsfdset.c	local	lbl_8024F226	.
0x8024F228	0x31	.rodata	lib/mwsfdset.c	global	@919	@919
0x8024F259	0x3	.rodata	lib/mwsfdset.c	local	lbl_8024F259	.
0x8024F25C	0x1C	.rodata	lib/mwsfdset.c	global	@920_8024F25C	@920
0x8024F278	0x2F	.rodata	lib/mwsfdset.c	local	@933	@933
0x8024F2A7	0x1	.rodata	lib/mwsfdset.c	global	lbl_8024F2A7	.
0x8024F2A8	0x2D	.rodata	lib/mwsfdset.c	local	@934	@934
0x8024F2D5	0x3	.rodata	lib/mwsfdset.c	global	lbl_8024F2D5	.
0x8024F2D8	0x2F	.rodata	lib/mwsfdset.c	local	@950	@950
0x8024F307	0x1	.rodata	lib/mwsfdset.c	global	lbl_8024F307	.
0x8024F308	0x26	.rodata	lib/mwsfdset.c	local	@967	@967
0x8024F32E	0x2	.rodata	lib/mwsfdset.c	global	lbl_8024F32E	.
0x8024F330	0x30	.rodata	lib/mwsfdset.c	local	@980	@980
0x8024F360	0x30	.rodata	lib/mwsfdset.c	global	@1011	@1011
0x8024F390	0x2D	.rodata	lib/mwsfdset.c	local	@1021	@1021
0x8024F3BD	0x3	.rodata	lib/mwsfdset.c	global	lbl_8024F3BD	.
0x8024F3C0	0x29	.rodata	lib/mwsfdset.c	local	@1022	@1022
0x8024F3E9	0x3	.rodata	lib/mwsfdset.c	global	lbl_8024F3E9	.
0x8024F3EC	0x30	.rodata	lib/mwsfdset.c	local	@1033	@1033
0x8024F41C	0x2D	.rodata	lib/mwsfdset.c	global	@1043	@1043
0x8024F449	0x3	.rodata	lib/mwsfdset.c	local	lbl_8024F449	.
0x8024F44C	0x28	.rodata	lib/mwsfdset.c	global	@1044	@1044
0x8024F474	0x40	.rodata	lib/mwsfdset.c	local	@1054_8024F474	@1054
0x8024F4B4	0x2D	.rodata	lib/mwsfdset.c	global	@1140	@1140
0x8024F4E1	0x3	.rodata	lib/mwsfdset.c	local	lbl_8024F4E1	.
0x8024F4E4	0x2D	.rodata	lib/mwsfdset.c	global	@1156_8024F4E4	@1156
0x8024F518	0x33	.rodata	lib/mwsfdsvr.c	global	...rodata.0_8024F518	...rodata.0
0x8024F54B	0x1	.rodata	lib/mwsfdsvr.c	global	lbl_8024F54B	.
0x8024F54C	0x28	.rodata	lib/mwsfdsvr.c	local	@594	@594
0x8024F574	0x29	.rodata	lib/mwsfdsvr.c	global	@746_8024F574	@746
0x8024F59D	0x3	.rodata	lib/mwsfdsvr.c	global	lbl_8024F59D	.
0x8024F5A0	0x2A	.rodata	lib/mwsfdsvr.c	global	@747_8024F5A0	@747
0x8024F5CA	0x2	.rodata	lib/mwsfdsvr.c	local	lbl_8024F5CA	.
0x8024F5CC	0x2E	.rodata	lib/mwsfdsvr.c	global	@748_8024F5CC	@748
0x8024F600	0x2A	.rodata	lib/mwsfdsst.c	global	...rodata.0_8024F600	...rodata.0
0x8024F62A	0x2	.rodata	lib/mwsfdsst.c	global	lbl_8024F62A	.
0x8024F62C	0x28	.rodata	lib/mwsfdsst.c	local	@567_8024F62C	@567
0x8024F654	0x2C	.rodata	lib/mwsfdsst.c	global	@568_8024F654	@568
0x8024F680	0x36	.rodata	lib/mwsfx_ARGB8888PLN.c	local	@275	@275
0x8024F6B6	0x2	.rodata	lib/mwsfx_ARGB8888PLN.c	global	lbl_8024F6B6	.
0x8024F6B8	0x35	.rodata	lib/mwsfx_ARGB8888PLN.c	local	@276	@276
0x8024F6ED	0x3	.rodata	lib/mwsfx_ARGB8888PLN.c	global	lbl_8024F6ED	.
0x8024F6F0	0x33	.rodata	lib/mwsfx_ARGB8888PLN.c	local	@298_8024F6F0	@298
0x8024F723	0x1	.rodata	lib/mwsfx_ARGB8888PLN.c	global	lbl_8024F723	.
0x8024F724	0x32	.rodata	lib/mwsfx_ARGB8888PLN.c	local	@299	@299
0x8024F758	0x31	.rodata	lib/mwsfx_Y84C44.c	local	@255	@255
0x8024F789	0x3	.rodata	lib/mwsfx_Y84C44.c	global	lbl_8024F789	.
0x8024F78C	0x31	.rodata	lib/mwsfx_Y84C44.c	local	@256_8024F78C	@256
0x8024F7C0	0x31	.rodata	lib/sud_lib.c	local	sud_ver_str	sud_ver_str
0x8024F7F1	0x3	.rodata	lib/sud_lib.c	global	lbl_8024F7F1	.
0x8024F7F4	0x2	.rodata	lib/sud_lib.c	global	@22_8024F7F4	@22
0x8024F7F6	0x2	.rodata	lib/sud_lib.c	local	lbl_8024F7F6	.
0x8024F7F8	0x2	.rodata	lib/sud_lib.c	local	@23_8024F7F8	@23
0x8024F7FA	0x2	.rodata	lib/sud_lib.c	local	lbl_8024F7FA	.
0x8024F7FC	0x8	.rodata	lib/sud_lib.c	global	@24_8024F7FC	@24
0x8024F804	0x2	.rodata	lib/sud_lib.c	local	@25	@25
0x8024F806	0x2	.rodata	lib/sud_lib.c	global	lbl_8024F806	.
0x8024F808	0x2	.rodata	lib/sud_lib.c	local	@26_8024F808	@26
0x8024F80A	0x2	.rodata	lib/sud_lib.c	global	lbl_8024F80A	.
0x8024F80C	0x8	.rodata	lib/sud_lib.c	local	@27_8024F80C	@27
0x8024F814	0x2	.rodata	lib/sud_lib.c	global	@28_8024F814	@28
0x8024F816	0x2	.rodata	lib/sud_lib.c	local	lbl_8024F816	.
0x8024F818	0x2	.rodata	lib/sud_lib.c	local	@29_8024F818	@29
0x8024F81A	0x2	.rodata	lib/sud_lib.c	local	lbl_8024F81A	.
0x8024F81C	0x8	.rodata	lib/sud_lib.c	local	@30	@30
0x8024F824	0x2	.rodata	lib/sud_lib.c	local	@166	@166
0x8024F826	0x2	.rodata	lib/sud_lib.c	local	lbl_8024F826	.
0x8024F828	0x9	.rodata	lib/sud_lib.c	global	@167	@167
0x8024F831	0x3	.rodata	lib/sud_lib.c	global	lbl_8024F831	.
0x8024F834	0x7	.rodata	lib/sud_lib.c	local	@326_8024F834	@326
0x8024F83B	0x1	.rodata	lib/sud_lib.c	local	lbl_8024F83B	.
0x8024F83C	0x3	.rodata	lib/sud_lib.c	global	@327_8024F83C	@327
0x8024F83F	0x1	.rodata	lib/sud_lib.c	global	lbl_8024F83F	.
0x8024F840	0x2	.rodata	lib/sud_lib.c	local	@328_8024F840	@328
0x8024F848	0x5	.rodata	lib/sfx_set.c	global	@188	@188
0x8024F84D	0x3	.rodata	lib/sfx_set.c	global	lbl_8024F84D	.
0x8024F850	0x8	.rodata	lib/sfx_set.c	global	@189_8024F850	@189
0x8024F858	0x2C	.rodata	lib/sfx_cnv.c	global	@163_8024F858	@163
0x8024F884	0x2C	.rodata	lib/sfx_cnv.c	global	@170	@170
0x8024F8B0	0x4	.rodata	lib/sfx_cnv.c	global	@206_8024F8B0	@206
0x8024F8B4	0x4	.rodata	lib/sfx_cnv.c	global	lbl_8024F8B4	.
0x8024F8B8	0x8	.rodata	lib/sfx_cnv.c	global	@208_8024F8B8	@208
0x8024F8C0	0x32	.rodata	lib/sfx_cnv.c	global	@367	@367
0x8024F8F2	0x2	.rodata	lib/sfx_cnv.c	global	lbl_8024F8F2	.
0x8024F8F4	0x30	.rodata	lib/sfx_cnv.c	global	@504_8024F8F4	@504
0x8024F928	0x31	.rodata	lib/sfx_lib.c	global	sfx_ver_str	sfx_ver_str
0x8024F959	0x3	.rodata	lib/sfx_lib.c	global	lbl_8024F959	.
0x8024F95C	0x29	.rodata	lib/sfx_lib.c	global	@150	@150
0x8024F985	0x3	.rodata	lib/sfx_lib.c	global	lbl_8024F985	.
0x8024F988	0x1F	.rodata	lib/sfx_lib.c	global	@151	@151
0x8024F9A7	0x1	.rodata	lib/sfx_lib.c	global	lbl_8024F9A7	.
0x8024F9A8	0x1F	.rodata	lib/sfx_lib.c	global	@152_8024F9A8	@152
0x8024F9C8	0x30	.rodata	lib/sfx_zmv.c	global	...rodata.0_8024F9C8	...rodata.0
0x8024F9F8	0x6	.rodata	lib/sfx_zmv.c	global	@417_8024F9F8	@417
0x8024F9FE	0x2	.rodata	lib/sfx_zmv.c	global	lbl_8024F9FE	.
0x8024FA00	0x4	.rodata	lib/sfx_zmv.c	global	@418_8024FA00	@418
0x8024FA04	0x2F	.rodata	lib/sfx_zmv.c	global	@419_8024FA04	@419
0x8024FA33	0x1	.rodata	lib/sfx_zmv.c	global	lbl_8024FA33	.
0x8024FA34	0x31	.rodata	lib/sfx_zmv.c	global	@420_8024FA34	@420
0x8024FA65	0x3	.rodata	lib/sfx_zmv.c	global	lbl_8024FA65	.
0x8024FA68	0x4	.rodata	lib/sfx_zmv.c	global	@565_8024FA68	@565
0x8024FA6C	0x2B	.rodata	lib/sfx_zmv.c	global	@573	@573
0x8024FA97	0x1	.rodata	lib/sfx_zmv.c	global	lbl_8024FA97	.
0x8024FA98	0x8	.rodata	lib/sfx_zmv.c	global	@596	@596
0x8024FAA0	0x8	.rodata	lib/sfx_zmv.c	global	@597	@597
0x8024FAA8	0x8	.rodata	lib/sfx_zmv.c	global	@598	@598
0x8024FAB0	0x8	.rodata	lib/sfx_zmv.c	global	@600	@600
0x8024FAB8	0x8	.rodata	lib/sfx_zmv.c	global	@623	@623
0x8024FAC0	0x8	.rodata	lib/sfx_zmv.c	global	@733_8024FAC0	@733
0x8024FAC8	0x8	.rodata	lib/sfx_zmv.c	global	@734	@734
0x8024FAD0	0x4	.rodata	lib/sfx_zmv.c	global	@735	@735
0x8024FAD4	0x8	.rodata	lib/sfx_zmv.c	global	@736	@736
0x8024FADC	0xC	.rodata	lib/sfx_zmv.c	global	@737	@737
0x8024FAE8	0x4	.rodata	lib/sfx_zmv.c	global	@880	@880
0x8024FAEC	0x4	.rodata	lib/sfx_zmv.c	local	lbl_8024FAEC	.
0x8024FAF0	0x8	.rodata	lib/sfx_zmv.c	global	@882_8024FAF0	@882
0x8024FAF8	0x6	.rodata	lib/sfx_zmv.c	global	@1025	@1025
0x8024FAFE	0x2	.rodata	lib/sfx_zmv.c	global	lbl_8024FAFE	.
0x8024FB00	0x7	.rodata	lib/sfx_zmv.c	global	@1026	@1026
0x8024FB08	0x6	.rodata	lib/sfx_cnv_to_ARGB8888PLN.c	global	@28_8024FB08	@28
0x8024FB0E	0x2	.rodata	lib/sfx_cnv_to_ARGB8888PLN.c	global	lbl_8024FB0E	.
0x8024FB10	0x35	.rodata	lib/sfx_cnv_to_ARGB8888PLN.c	global	@29_8024FB10	@29
0x8024FB48	0x6	.rodata	lib/sfx_cnv_to_Y84C44.c	global	@23_8024FB48	@23
0x8024FB4E	0x2	.rodata	lib/sfx_cnv_to_Y84C44.c	global	lbl_8024FB4E	.
0x8024FB50	0x33	.rodata	lib/sfx_cnv_to_Y84C44.c	global	@24_8024FB50	@24
0x8024FB88	0x2F	.rodata	lib/sfx_YCC420PLN_to_ARGB8888PLN.c	global	@342	@342
0x8024FBB8	0x2D	.rodata	lib/sfx_YCC420PLN_to_Y84C44.c	global	@65_8024FBB8	@65
0x8024FBE8	0x38	.rodata	lib/sfd_adxt.c	global	SFD_tr_ad_adxt	SFD_tr_ad_adxt
0x8024FC20	0x12	.rodata	lib/sfd_adxt.c	global	sfadxt_silence	sfadxt_silence
0x8024FC32	0x2	.rodata	lib/sfd_adxt.c	global	lbl_8024FC32	.
0x8024FC34	0x4	.rodata	lib/sfd_adxt.c	global	@935	@935
0x8024FC38	0x4	.rodata	lib/sfd_adxt.c	global	@936	@936
0x8024FC3C	0x4	.rodata	lib/sfd_adxt.c	global	@937	@937
0x8024FC40	0x8	.rodata	lib/sfd_adxt.c	global	@939_8024FC40	@939
0x8024FC48	0x7	.rodata	lib/sfd_adxt.c	global	@955_8024FC48	@955
0x8024FC50	0x38	.rodata	lib/sfd_aoap.c	global	SFD_tr_ao_auto_p	SFD_tr_ao_auto_p
0x8024FC88	0x24	.rodata	lib/sfd_cre.c	global	sfcre_mpv_picrate	sfcre_mpv_picrate
0x8024FCAC	0x10	.rodata	lib/sfd_cre.c	global	sfcre_aau_ch	sfcre_aau_ch
0x8024FCBC	0x10	.rodata	lib/sfd_cre.c	global	sfcre_aau_freq	sfcre_aau_freq
0x8024FCCC	0x100	.rodata	lib/sfd_cre.c	global	sfcre_aau_bitrate	sfcre_aau_bitrate
0x8024FDCC	0x10	.rodata	lib/sfd_cre.c	global	sfcre_aau_const_siz	sfcre_aau_const_siz
0x8024FDE0	0x54	.rodata	lib/sfd_lib.c	global	SFLIB_version_str	SFLIB_version_str
0x8024FE38	0x38	.rodata	lib/sfd_mem.c	global	SFD_tr_in_mem	SFD_tr_in_mem
0x8024FE70	0x38	.rodata	lib/sfd_mps.c	global	SFD_tr_sd_mps	SFD_tr_sd_mps
0x8024FEA8	0x10	.rodata	lib/sfd_mps.c	global	sfmps_CopyPketFn	sfmps_CopyPketFn
0x8024FEB8	0x38	.rodata	lib/sfd_mpv.c	global	SFD_tr_vd_mpv	SFD_tr_vd_mpv
0x8024FEF0	0x24	.rodata	lib/sfd_mpv.c	global	sfmpv_fps_round	sfmpv_fps_round
0x8024FF14	0x20	.rodata	lib/sfd_mpv.c	global	sfmpv_conv_29_97	sfmpv_conv_29_97
0x8024FF34	0x20	.rodata	lib/sfd_mpv.c	global	sfmpv_conv_59_94	sfmpv_conv_59_94
0x8024FF58	0x194	.rodata	lib/sfd_ply.c	global	SFPLY_cond_dfl	SFPLY_cond_dfl
0x802500F0	0x24	.rodata	lib/sfd_tim.c	global	SFTIM_prate	SFTIM_prate
0x80250114	0x48	.rodata	lib/sfd_tim.c	global	sftim_tc2time	sftim_tc2time
0x8025015C	0x4	.rodata	lib/sfd_tim.c	global	lbl_8025015C	.
0x80250160	0x8	.rodata	lib/sfd_tim.c	global	@474_80250160	@474
0x80250168	0x4	.rodata	lib/sfd_tim.c	global	@518_80250168	@518
0x8025016C	0x4	.rodata	lib/sfd_tim.c	global	@1142_8025016C	@1142
0x80250170	0x38	.rodata	lib/sfd_uo.c	global	SFD_tr_uo	SFD_tr_uo
0x802501A8	0x38	.rodata	lib/sfd_vom.c	global	SFD_tr_vo_manu	SFD_tr_vo_manu
0x802501E0	0x112	.rodata	lib/sfd_tst.c	global	sftst_msg_hdr	sftst_msg_hdr
0x802502F2	0x2	.rodata	lib/sfd_tst.c	local	lbl_802502F2	.
0x802502F4	0x8B	.rodata	lib/sfd_tst.c	global	sftst_msg_fmt	sftst_msg_fmt
0x80250380	0x1E	.rodata	lib/sfh_main.c	global	ver_str	ver_str
0x8025039E	0x2	.rodata	lib/sfh_main.c	global	lbl_8025039E	.
0x802503A0	0x1F	.rodata	lib/sfh_main.c	global	cpy_str	cpy_str
0x802503BF	0x1	.rodata	lib/sfh_main.c	global	lbl_802503BF	.
0x802503C0	0x31	.rodata	lib/sfh_main.c	global	SFH_sbver_str	SFH_sbver_str
0x802503F1	0x3	.rodata	lib/sfh_main.c	global	lbl_802503F1	.
0x802503F4	0x5	.rodata	lib/sfh_main.c	global	@1484_802503F4	@1484
0x802503F9	0x3	.rodata	lib/sfh_main.c	global	lbl_802503F9	.
0x802503FC	0x19	.rodata	lib/sfh_main.c	global	@1855_802503FC	@1855
0x80250418	0x8	.rodata	lib/uty_tmr.c	global	@346_80250418	@346
0x80250420	0x4	.rodata	lib/uty_tmr.c	global	@349_80250420	@349
0x80250424	0x4	.rodata	lib/uty_tmr.c	global	@353_80250424	@353
0x80250428	0xA	.rodata	lib/mwsfdsl.c	global	mwsfdsl_fname_fmt	...rodata.0
0x80250432	0x2	.rodata	lib/mwsfdsl.c	global	lbl_80250432	.
0x80250434	0x30	.rodata	lib/mwsfdsl.c	global	@388_80250434	@388
0x80250464	0x2B	.rodata	lib/mwsfdsl.c	global	@389_80250464	@389
0x8025048F	0x1	.rodata	lib/mwsfdsl.c	global	lbl_8025048F	.
0x80250490	0x2E	.rodata	lib/mwsfdsl.c	global	@390_80250490	@390
0x802504BE	0x2	.rodata	lib/mwsfdsl.c	global	lbl_802504BE	.
0x802504C0	0x29	.rodata	lib/mwsfdsl.c	global	@391_802504C0	@391
0x802504E9	0x3	.rodata	lib/mwsfdsl.c	local	lbl_802504E9	.
0x802504EC	0x2F	.rodata	lib/mwsfdsl.c	global	@392_802504EC	@392
0x8025051B	0x1	.rodata	lib/mwsfdsl.c	global	lbl_8025051B	.
0x8025051C	0x2C	.rodata	lib/mwsfdsl.c	global	@393_8025051C	@393
0x80250548	0x31	.rodata	lib/mwsfdsl.c	global	@394_80250548	@394
0x80250579	0x3	.rodata	lib/mwsfdsl.c	global	lbl_80250579	.
0x8025057C	0x2B	.rodata	lib/mwsfdsl.c	global	@395_8025057C	@395
0x802505A7	0x1	.rodata	lib/mwsfdsl.c	global	lbl_802505A7	.
0x802505A8	0x2A	.rodata	lib/mwsfdsl.c	global	@396_802505A8	@396
0x802505D2	0x2	.rodata	lib/mwsfdsl.c	global	lbl_802505D2	.
0x802505D4	0x2E	.rodata	lib/mwsfdsl.c	global	@427	@427
0x80250602	0x2	.rodata	lib/mwsfdsl.c	global	lbl_80250602	.
0x80250604	0x27	.rodata	lib/mwsfdsl.c	global	@428	@428
0x8025062B	0x1	.rodata	lib/mwsfdsl.c	global	lbl_8025062B	.
0x8025062C	0x34	.rodata	lib/mwsfdsl.c	global	@452	@452
0x80250660	0x32	.rodata	lib/mwsfdsl.c	global	@453_80250660	@453
0x80250692	0x2	.rodata	lib/mwsfdsl.c	global	lbl_80250692	.
0x80250694	0x2E	.rodata	lib/mwsfdsl.c	global	@486_80250694	@486
0x802506C2	0x2	.rodata	lib/mwsfdsl.c	global	lbl_802506C2	.
0x802506C4	0x2C	.rodata	lib/mwsfdsl.c	global	@487_802506C4	@487
0x802506F0	0x31	.rodata	lib/mwsfdsl.c	global	@488_802506F0	@488
0x80250721	0x3	.rodata	lib/mwsfdsl.c	global	lbl_80250721	.
0x80250724	0x33	.rodata	lib/mwsfdsl.c	global	@504_80250724	@504
0x80250757	0x1	.rodata	lib/mwsfdsl.c	global	lbl_80250757	.
0x80250758	0x2D	.rodata	lib/mwsfdsl.c	global	@520_80250758	@520
0x80250788	0x31	.rodata	lib/cftyp422_ppc.c	global	cft_version_str	...rodata.0
0x802507B9	0x3	.rodata	lib/cftyp422_ppc.c	global	lbl_802507B9	.
0x802507BC	0x4	.rodata	lib/cftyp422_ppc.c	global	@487_802507BC	@487
0x802507C0	0x4	.rodata	lib/cftyp422_ppc.c	global	@488_802507C0	@488
0x802507C4	0x4	.rodata	lib/cftyp422_ppc.c	global	@489_802507C4	@489
0x802507C8	0x4	.rodata	lib/cftyp422_ppc.c	global	@490_802507C8	@490
0x802507CC	0x4	.rodata	lib/cftyp422_ppc.c	global	@491_802507CC	@491
0x802507D0	0x4	.rodata	lib/cftyp422_ppc.c	global	@492_802507D0	@492
0x802507D4	0x4	.rodata	lib/cftyp422_ppc.c	global	@493_802507D4	@493
0x802507D8	0x4	.rodata	lib/cftyp422_ppc.c	global	@494_802507D8	@494
0x802507DC	0x4	.rodata	lib/cftyp422_ppc.c	global	@495_802507DC	@495
0x802507E0	0x4	.rodata	lib/cftyp422_ppc.c	local	@496_802507E0	@496
0x802507E4	0x4	.rodata	lib/cftyp422_ppc.c	global	@497_802507E4	@497
0x802507E8	0x4	.rodata	lib/cftyp422_ppc.c	global	@498	@498
0x802507EC	0x4	.rodata	lib/cftyp422_ppc.c	global	lbl_802507EC	.
0x802507F0	0x8	.rodata	lib/cftyp422_ppc.c	global	@500	@500
0x802507F8	0x8	.rodata	lib/cftyp422_ppc.c	global	@504_802507F8	@504
0x80250800	0x4	.rodata	lib/cftyp422_ppc.c	global	@559	@559
0x80250804	0x4	.rodata	lib/cftyp422_ppc.c	local	@560	@560
0x80250808	0x4	.rodata	lib/cftyp422_ppc.c	global	@561	@561
0x8025080C	0x4	.rodata	lib/cftyp422_ppc.c	global	@604	@604
0x80250810	0x4	.rodata	lib/cftfx.c	global	...rodata.0_80250810	...rodata.0
0x80250814	0x4	.rodata	lib/cftfx.c	global	@419_80250814	@419
0x80250818	0x8	.rodata	lib/cftfx.c	global	@421	@421
0x80250820	0x4	.rodata	lib/cftfx.c	global	@486_80250820	@486
0x80250824	0x4	.rodata	lib/cftfx.c	global	@487_80250824	@487
0x80250828	0x4	.rodata	lib/cftfx.c	local	@488_80250828	@488
0x80250830	0x4	.rodata	lib/cftcoladj.c	global	@298_80250830	@298
0x80250838	0x3F	.rodata	lib/cft_common.c	global	@2	@2
0x80250878	0x54	.rodata	lib/mps_lib.c	global	MPSLIB_version_str	MPSLIB_version_str
0x802508CC	0x4	.rodata	lib/mps_lib.c	global	test_wrok$235	test_wrok$235
0x802508D0	0x14	.rodata	lib/mpv_hdec.c	global	dec_mbs_func	dec_mbs_func
0x802508E4	0x8	.rodata	lib/mpv_hdec.c	global	@536	@536
0x802508EC	0x8	.rodata	lib/mpv_hdec.c	global	@537_802508EC	@537
0x802508F8	0x54	.rodata	lib/mpv_lib.c	global	MPVLIB_version_str	MPVLIB_version_str
0x8025094C	0x44	.rodata	lib/mpv_lib.c	global	mpvlib_cond_dfl	mpvlib_cond_dfl
0x80250990	0x4	.rodata	lib/mpv_lib.c	global	mpvlib_siz_mpvwork	mpvlib_siz_mpvwork
0x80250994	0x4	.rodata	lib/mpv_lib.c	global	mpvlib_siz_mpvobj	mpvlib_siz_mpvobj
0x80250998	0x4	.rodata	lib/mpv_lib.c	global	mpvlib_siz_mpvixa	mpvlib_siz_mpvixa
0x8025099C	0x4	.rodata	lib/mpv_lib.c	global	test_wrok$270	test_wrok$270
0x802509A0	0x6	.rodata	lib/mpv_lib.c	global	@615_802509A0	@615
0x802509A8	0x20	.rodata	lib/mpv_vlc.c	global	mpvvlt_run_level_0c	mpvvlt_run_level_0c
0x802509C8	0x20	.rodata	lib/mpv_vlc.c	global	mpvvlt_run_level_0b	mpvvlt_run_level_0b
0x802509E8	0x20	.rodata	lib/mpv_vlc.c	global	mpvvlt_run_level_0a	mpvvlt_run_level_0a
0x80250A08	0x20	.rodata	lib/mpv_vlc.c	global	mpvvlt_run_level_1	mpvvlt_run_level_1
0x80250A28	0x20	.rodata	lib/mpv_vlc.c	global	mpvvlt_run_level_2	mpvvlt_run_level_2
0x80250A48	0x10	.rodata	lib/mpv_vlc.c	global	mpvvlt_run_level_4	mpvvlt_run_level_4
0x80250A58	0x4	.rodata	lib/mpv_umc.c	global	mpvumc_ps_one	mpvumc_ps_one
0x80250A60	0x10	.rodata	lib/mpv_mcy.c	global	mpvmc16_oneref1p_func_table	mpvmc16_oneref1p_func_table
0x80250A70	0x8	.rodata	lib/mpvabdec.c	global	@2732	@2732
0x80250A78	0x8	.rodata	lib/mpvabdec.c	global	@2734	@2734
0x80250A80	0x4	.rodata	lib/mpvabdec.c	global	@3748	@3748
0x80250A88	0x40	.rodata	lib/dct_fsri.c	local	scale8	scale8
0x80250AC8	0x4	.rodata	lib/dct_fsri.c	global	@174	@174
0x80250ACC	0x4	.rodata	lib/dct_fsri.c	global	lbl_80250ACC	.
0x80250AD0	0x8	.rodata	lib/dct_fsri.c	global	@175	@175
0x80250AD8	0x8	.rodata	lib/dct_fsri.c	global	@242_80250AD8	@242
0x80250AE0	0x20	.rodata	lib/mpv_bdec.c	global	mpvbdec_bitmsk	mpvbdec_bitmsk
0x80250B00	0x40	.rodata	lib/mpv_bdec.c	global	zigzag2seq	zigzag2seq
0x80250B40	0x40	.rodata	lib/mpv_bdec.c	global	org_iqm	org_iqm
0x80250B80	0x20	.rodata	lib/mpv_bdec.c	global	group_tbl	group_tbl
0x80250BA0	0x8	.rodata	lib/mpv_cdec.c	global	@31_80250BA0	@31
0x80250BA8	0x6	.rodata	lib/mpv_dec.c	global	@731	@731
0x80250BB0	0x10	.rodata	lib/mpv_mc.c	global	mpvmc_oneref1p_func_table	mpvmc_oneref1p_func_table
0x80250BC0	0x8	.rodata	lib/dct_ac.c	global	@196	@196
0x80250BC8	0x8	.rodata	lib/dct_ac.c	global	@228	@228
0x80250BD0	0x8	.rodata	lib/dct_ac.c	global	@230_80250BD0	@230
0x80250BD8	0x8	.rodata	lib/dct_ac.c	global	@288_80250BD8	@288
0x80250BE0	0x8	.rodata	lib/dct_ac.c	global	@289_80250BE0	@289
0x80250BE8	0x54	.rodata	lib/dct_ver.c	global	DCT_version_str	DCT_version_str
0x80250C3C	0x4	.rodata	lib/dct_ver.c	global	lbl_80250C3C	.
0x80250C40	0x30	.rodata	lib/adx_sje.c	global	@69_80250C40	@69
0x80250C70	0x7	.rodata	lib/adx_sje.c	local	@327_80250C70	@327
0x80250C77	0x1	.rodata	lib/adx_sje.c	global	lbl_80250C77	.
0x80250C78	0x8	.rodata	lib/adx_sje.c	global	@1398	@1398
0x80250C80	0x8	.rodata	lib/adx_sje.c	local	@1550	@1550
0x80250C88	0x20	.rodata	lib/adx_sje.c	global	@1712	@1712
0x80250CA8	0x7	.rodata	lib/adx_sje.c	global	@1771	@1771
0x80250CB0	0x3A	.rodata	lib/adx_sugc.c	global	...rodata.0_80250CB0	...rodata.0
0x80250CEA	0x2	.rodata	lib/adx_sugc.c	global	lbl_80250CEA	.
0x80250CEC	0x4	.rodata	lib/adx_sugc.c	local	adxgcsdk_build	adxgcsdk_build
0x80250CF0	0x4	.rodata	lib/adx_sugc.c	global	@246	@246
0x80250CF4	0x4	.rodata	lib/adx_sugc.c	global	@247	@247
0x80250CF8	0x2E	.rodata	lib/mfci.c	global	...rodata.0_80250CF8	...rodata.0
0x80250D26	0x2	.rodata	lib/mfci.c	global	lbl_80250D26	.
0x80250D28	0x4	.rodata	lib/mfci.c	global	mfci_build	mfci_build
0x80250D2C	0x2E	.rodata	lib/mfci.c	global	@207_80250D2C	@207
0x80250D5A	0x2	.rodata	lib/mfci.c	local	lbl_80250D5A	.
0x80250D5C	0x27	.rodata	lib/mfci.c	global	@208_80250D5C	@208
0x80250D83	0x1	.rodata	lib/mfci.c	local	lbl_80250D83	.
0x80250D84	0x34	.rodata	lib/mfci.c	local	@209	@209
0x80250DB8	0x3D	.rodata	lib/mfci.c	local	@210	@210
0x80250DF5	0x3	.rodata	lib/mfci.c	global	lbl_80250DF5	.
0x80250DF8	0x3B	.rodata	lib/mfci.c	global	@211_80250DF8	@211
0x80250E33	0x1	.rodata	lib/mfci.c	global	lbl_80250E33	.
0x80250E34	0x18	.rodata	lib/mfci.c	global	@217_80250E34	@217
0x80250E4C	0x18	.rodata	lib/mfci.c	global	@224_80250E4C	@224
0x80250E64	0x18	.rodata	lib/mfci.c	local	@230_80250E64	@230
0x80250E7C	0x19	.rodata	lib/mfci.c	local	@300_80250E7C	@300
0x80250E95	0x3	.rodata	lib/mfci.c	global	lbl_80250E95	.
0x80250E98	0x1F	.rodata	lib/mfci.c	local	@301	@301
0x80250EB7	0x1	.rodata	lib/mfci.c	global	lbl_80250EB7	.
0x80250EB8	0x22	.rodata	lib/mfci.c	local	@302_80250EB8	@302
0x80250EDA	0x2	.rodata	lib/mfci.c	global	lbl_80250EDA	.
0x80250EDC	0x19	.rodata	lib/mfci.c	global	@308	@308
0x80250EF5	0x3	.rodata	lib/mfci.c	local	lbl_80250EF5	.
0x80250EF8	0x19	.rodata	lib/mfci.c	global	@329_80250EF8	@329
0x80250F11	0x3	.rodata	lib/mfci.c	global	lbl_80250F11	.
0x80250F14	0x23	.rodata	lib/mfci.c	global	@388_80250F14	@388
0x80250F37	0x1	.rodata	lib/mfci.c	global	lbl_80250F37	.
0x80250F38	0x23	.rodata	lib/mfci.c	local	@389_80250F38	@389
0x80250F5B	0x1	.rodata	lib/mfci.c	local	lbl_80250F5B	.
0x80250F5C	0x30	.rodata	lib/mfci.c	local	@390_80250F5C	@390
0x80250F90	0x2B	.rodata	lib/gcci.c	local	gcg_ci_build_str	gcg_ci_build_str
0x80250FBB	0x1	.rodata	lib/gcci.c	local	lbl_80250FBB	.
0x80250FBC	0x18	.rodata	lib/gcci.c	local	@507_80250FBC	@507
0x80250FD4	0x18	.rodata	lib/gcci.c	global	@519	@519
0x80250FEC	0x1A	.rodata	lib/gcci.c	global	@520_80250FEC	@520
0x80251006	0x2	.rodata	lib/gcci.c	global	lbl_80251006	.
0x80251008	0x18	.rodata	lib/gcci.c	global	@526	@526
0x80251020	0x1B	.rodata	lib/gcci.c	global	@567_80251020	@567
0x8025103B	0x1	.rodata	lib/gcci.c	local	lbl_8025103B	.
0x8025103C	0x1D	.rodata	lib/gcci.c	local	@568_8025103C	@568
0x80251059	0x3	.rodata	lib/gcci.c	global	lbl_80251059	.
0x8025105C	0x1E	.rodata	lib/gcci.c	local	@672_8025105C	@672
0x8025107A	0x2	.rodata	lib/gcci.c	global	lbl_8025107A	.
0x8025107C	0x21	.rodata	lib/gcci.c	local	@673	@673
0x8025109D	0x3	.rodata	lib/gcci.c	local	lbl_8025109D	.
0x802510A0	0x22	.rodata	lib/gcci.c	global	@782	@782
0x802510C2	0x2	.rodata	lib/gcci.c	global	lbl_802510C2	.
0x802510C4	0x22	.rodata	lib/gcci.c	local	@783	@783
0x802510E6	0x2	.rodata	lib/gcci.c	global	lbl_802510E6	.
0x802510E8	0x2F	.rodata	lib/gcci.c	global	@784	@784
0x80251117	0x1	.rodata	lib/gcci.c	global	lbl_80251117	.
0x80251118	0x21	.rodata	lib/gcci.c	global	@785	@785
0x80251139	0x3	.rodata	lib/gcci.c	global	lbl_80251139	.
0x8025113C	0x29	.rodata	lib/gcci.c	local	@810_8025113C	@810
0x80251165	0x3	.rodata	lib/gcci.c	local	lbl_80251165	.
0x80251168	0x2D	.rodata	lib/gcci.c	local	@811_80251168	@811
0x80251195	0x3	.rodata	lib/gcci.c	local	lbl_80251195	.
0x80251198	0x2E	.rodata	lib/gcci.c	local	@812_80251198	@812
0x802511C6	0x2	.rodata	lib/gcci.c	global	lbl_802511C6	.
0x802511C8	0x18	.rodata	lib/gcci.c	local	gcg_ci_rsv	gcg_ci_rsv
0x802511E0	0xC	.data	game/cam_ctrl.cpp	global	offset0.1168	offset0.1168
0x802511EC	0xC	.data	game/cam_ctrl.cpp	global	campos_ofs0.1210	campos_ofs0.1210
0x802511F8	0xC	.data	game/cam_ctrl.cpp	local	target_ofs0.1211	target_ofs0.1211
0x80251204	0xC	.data	game/cam_ctrl.cpp	global	campos_ofs0.1224	campos_ofs0.1224
0x80251210	0xC	.data	game/cam_ctrl.cpp	global	target_ofs0.1225	target_ofs0.1225
0x8025121C	0x12	.data	game/card.cpp	global	idpath	idpath
0x8025122E	0x2	.data	game/card.cpp	global	lbl_8025122E	.
0x80251230	0x9	.data	game/card.cpp	global	fileext	fileext
0x80251239	0x1	.data	game/card.cpp	global	lbl_80251239	.
0x8025123A	0xBC	.data	game/card.cpp	global	mes_pos_tbl_jpn	mes_pos_tbl_jpn
0x802512F6	0xBC	.data	game/card.cpp	global	mes_pos_tbl_usa	mes_pos_tbl_usa
0x802513B2	0x2	.data	game/card.cpp	global	lbl_802513B2	.
0x802513B4	0x20	.data	game/card.cpp	global	mes_pos_tbl	mes_pos_tbl
0x802513D4	0xD8	.data	game/card.cpp	global	tbl.1654	tbl.1654
0x802514AC	0x30	.data	game/card.cpp	global	tbl.1754	tbl.1754
0x802514DC	0x10	.data	game/emBar.cpp	global	EmBar_R0_move_tbl	EmBar_R0_move_tbl
0x802514EC	0x10	.data	game/emwep.cpp	global	EmWep_R0_move_tbl	EmWep_R0_move_tbl
0x802514FC	0x34	.data	game/emwep.cpp	global	EmWep_R1_move_tbl	EmWep_R1_move_tbl
0x80251530	0x10	.data	game/emwep.cpp	global	emWepAtk	emWepAtk
0x80251540	0xA	.data	game/emwep.cpp	global	emWepClothP	emWepClothP
0x8025154A	0x2	.data	game/emwep.cpp	global	lbl_8025154A	.
0x8025154C	0xA	.data	game/emwep.cpp	global	emWepClothUp	emWepClothUp
0x80251556	0x2	.data	game/emwep.cpp	global	lbl_80251556	.
0x80251558	0xA	.data	game/emwep.cpp	local	emWepClothDp	emWepClothDp
0x80251562	0x2	.data	game/emwep.cpp	global	lbl_80251562	.
0x80251564	0x28	.data	game/emwep.cpp	global	emWepClothMax	emWepClothMax
0x8025158C	0x6C	.data	game/emwep.cpp	global	emWepAt	emWepAt
0x802515F8	0xA2	.data	game/item.cpp	global	g_item_order	g_item_order
0x8025169A	0x2	.data	game/item.cpp	global	lbl_8025169A	.
0x8025169C	0x10	.data	game/mercenaries.cpp	global	mercSysGetFlag	mercSysGetFlag
0x802516AC	0x10	.data	game/mercenaries.cpp	global	extFlagTbl	extFlagTbl
0x802516BC	0x60	.data	game/mercenaries.cpp	global	RankTbl	RankTbl
0x8025171C	0x12	.data	game/mercenaries.cpp	global	data_name.1632	data_name.1632
0x8025172E	0x2	.data	game/mercenaries.cpp	global	lbl_8025172E	.
0x80251730	0x11	.data	game/mercenaries.cpp	global	data_name.1675	data_name.1675
0x80251741	0x3	.data	game/mercenaries.cpp	global	lbl_80251741	.
0x80251744	0x12	.data	game/mercenaries.cpp	global	data_name.1691	data_name.1691
0x80251756	0x2	.data	game/mercenaries.cpp	global	lbl_80251756	.
0x80251758	0x12	.data	game/mercenaries.cpp	global	data_name.1701	data_name.1701
0x8025176A	0x2	.data	game/mercenaries.cpp	global	lbl_8025176A	.
0x8025176C	0x18	.data	game/merchant.cpp	global	merchant_info_A	merchant_info_A
0x80251784	0x2A0	.data	game/merchant.cpp	global	level_price	level_price
0x80251A24	0x20	.data	game/merchant.cpp	global	level_first	level_first
0x80251A44	0x10	.data	game/merchant.cpp	global	level_styer	level_styer
0x80251A54	0x10	.data	game/merchant.cpp	local	level_r10e_day	level_r10e_day
0x80251A64	0x20	.data	game/merchant.cpp	global	level_1st_night	level_1st_night
0x80251A84	0x20	.data	game/merchant.cpp	global	level_r112	level_r112
0x80251AA4	0x58	.data	game/merchant.cpp	global	level_r200	level_r200
0x80251AFC	0x10	.data	game/merchant.cpp	global	level_r202	level_r202
0x80251B0C	0x40	.data	game/merchant.cpp	global	level_r204	level_r204
0x80251B4C	0x28	.data	game/merchant.cpp	global	level_r20b	level_r20b
0x80251B74	0x20	.data	game/merchant.cpp	global	level_r211	level_r211
0x80251B94	0x48	.data	game/merchant.cpp	local	level_r214	level_r214
0x80251BDC	0x10	.data	game/merchant.cpp	global	level_r229	level_r229
0x80251BEC	0x18	.data	game/merchant.cpp	local	level_r220	level_r220
0x80251C04	0x58	.data	game/merchant.cpp	global	level_r225	level_r225
0x80251C5C	0x10	.data	game/merchant.cpp	local	level_r227	level_r227
0x80251C6C	0x60	.data	game/merchant.cpp	global	level_r22a	level_r22a
0x80251CCC	0x30	.data	game/merchant.cpp	global	level_r301	level_r301
0x80251CFC	0x20	.data	game/merchant.cpp	local	level_r305	level_r305
0x80251D1C	0x18	.data	game/merchant.cpp	global	level_r31a	level_r31a
0x80251D34	0x10	.data	game/merchant.cpp	global	level_r31d	level_r31d
0x80251D44	0x10	.data	game/merchant.cpp	global	level_ext_normal	level_ext_normal
0x80251D54	0x10	.data	game/merchant.cpp	local	level_ext_sw500	level_ext_sw500
0x80251D64	0x10	.data	game/merchant.cpp	global	level_ext_tompson	level_ext_tompson
0x80251D74	0x186	.data	game/merchant.cpp	global	exer_price_1st	exer_price_1st
0x80251EFA	0x42	.data	game/merchant.cpp	global	sell_price_r104	sell_price_r104
0x80251F3C	0x48	.data	game/merchant.cpp	global	sell_price_r102_r10d_r10e	sell_price_r102_r10d_r10e
0x80251F84	0x54	.data	game/merchant.cpp	global	sell_price_r112	sell_price_r112
0x80251FD8	0x54	.data	game/merchant.cpp	global	sell_price_r11c	sell_price_r11c
0x8025202C	0x54	.data	game/merchant.cpp	global	sell_price_r10f	sell_price_r10f
0x80252080	0x50	.data	game/merchant.cpp	global	stock_r104	stock_r104
0x802520D0	0x18	.data	game/merchant.cpp	local	stock_r102	stock_r102
0x802520E8	0x10	.data	game/merchant.cpp	global	stock_r10e_day	stock_r10e_day
0x802520F8	0x10	.data	game/merchant.cpp	global	stock_r10d	stock_r10d
0x80252108	0x10	.data	game/merchant.cpp	global	stock_r10e_night	stock_r10e_night
0x80252118	0x20	.data	game/merchant.cpp	global	stock_r112	stock_r112
0x80252138	0x10	.data	game/merchant.cpp	global	stock_r11c	stock_r11c
0x80252148	0x10	.data	game/merchant.cpp	global	stock_r11c_after_event	stock_r11c_after_event
0x80252158	0x10	.data	game/merchant.cpp	global	stock_r10f	stock_r10f
0x80252168	0x10	.data	game/merchant.cpp	global	stock_1st_mission	stock_1st_mission
0x80252178	0x258	.data	game/merchant.cpp	global	exer_price_2st	exer_price_2st
0x802523D0	0x84	.data	game/merchant.cpp	local	sell_price_2st_first	sell_price_2st_first
0x80252454	0x8A	.data	game/merchant.cpp	global	sell_price_r20f	sell_price_r20f
0x802524DE	0x90	.data	game/merchant.cpp	local	sell_price_r229	sell_price_r229
0x8025256E	0xA0	.data	game/merchant.cpp	global	stock_2st_first	stock_2st_first
0x8025260E	0x10	.data	game/merchant.cpp	global	stock_2st_general	stock_2st_general
0x8025261E	0x10	.data	game/merchant.cpp	global	stock_r20f	stock_r20f
0x8025262E	0x10	.data	game/merchant.cpp	local	stock_r229	stock_r229
0x8025263E	0x2B2	.data	game/merchant.cpp	local	exer_price_3st	exer_price_3st
0x802528F0	0x96	.data	game/merchant.cpp	local	sell_price_r301	sell_price_r301
0x80252986	0x9C	.data	game/merchant.cpp	global	sell_price_r305	sell_price_r305
0x80252A22	0x10	.data	game/merchant.cpp	global	stock_3st_general	stock_3st_general
0x80252A32	0xB0	.data	game/merchant.cpp	global	stock_r301	stock_r301
0x80252AE2	0x18	.data	game/merchant.cpp	global	stock_r305	stock_r305
0x80252AFA	0x2D6	.data	game/merchant.cpp	local	exer_price_ext	exer_price_ext
0x80252DD0	0xB4	.data	game/merchant.cpp	global	sell_price_ext	sell_price_ext
0x80252E84	0x18	.data	game/merchant.cpp	global	stock_ext_normal	stock_ext_normal
0x80252E9C	0x10	.data	game/merchant.cpp	global	stock_ext_sw500	stock_ext_sw500
0x80252EAC	0x10	.data	game/merchant.cpp	global	stock_ext_tompson	stock_ext_tompson
0x80252EBC	0x306	.data	game/merchant.cpp	global	g_item_price_tbl	g_item_price_tbl
0x802531C2	0x2	.data	game/merchant.cpp	local	lbl_802531C2	.
0x802531C4	0x28	.data	game/mes.cpp	global	mes_col_tbl	mes_col_tbl
0x802531EC	0x6C	.data	game/mes.cpp	local	layout_tbl.198	layout_tbl.198
0x80253258	0x10	.data	game/obj13.cpp	global	ObjLadder_R1_move_tbl	ObjLadder_R1_move_tbl
0x80253268	0xF8	.data	game/obj13.cpp	local	objLadderClimbCam.1299	objLadderClimbCam.1299
0x80253360	0xF8	.data	game/obj13.cpp	global	objLadderDownCam.1312	objLadderDownCam.1312
0x80253458	0xF8	.data	game/obj13.cpp	local	objLadderResetCam.1325	objLadderResetCam.1325
0x80253550	0x10	.data	game/obj15.cpp	global	Obj15_atk_info_tbl	Obj15_atk_info_tbl
0x80253560	0x14	.data	game/obj16.cpp	global	Obj16_R1_move_tbl	Obj16_R1_move_tbl
0x80253574	0x40	.data	game/obj16.cpp	global	obj16_atk_info	obj16_atk_info
0x802535B4	0x18	.data	game/obj1b.cpp	global	Obj1b_R1_move_tbl	Obj1b_R1_move_tbl
0x802535CC	0xC	.data	game/obj1c.cpp	global	Obj1c_R1_move_tbl	Obj1c_R1_move_tbl
0x802535D8	0x10	.data	game/obj1d.cpp	local	Obj1d_R1_move_tbl	Obj1d_R1_move_tbl
0x802535E8	0x30	.data	game/objBull.cpp	global	ObjBull_R0_move_tbl	ObjBull_R0_move_tbl
0x80253618	0x14	.data	game/objGondola.cpp	local	ObjGondola_R0_move_tbl	ObjGondola_R0_move_tbl
0x8025362C	0x14	.data	game/objMissile.cpp	global	ObjMissile_R0_move_tbl	ObjMissile_R0_move_tbl
0x80253640	0x14	.data	game/objPillar.cpp	global	ObjPillar_R0_move_tbl	ObjPillar_R0_move_tbl
0x80253654	0x10	.data	game/objPillar.cpp	global	ObjPillar_atk_info	ObjPillar_atk_info
0x80253664	0x20	.data	game/objRobo.cpp	global	R0Tbl.1449	R0Tbl.1449
0x80253684	0xC	.data	game/objRocket.cpp	global	pos0.1078	pos0.1078
0x80253690	0xC	.data	game/objRocket.cpp	global	ang0.1079	ang0.1079
0x8025369C	0x10	.data	game/objSubWep.cpp	local	funcTbl.918	funcTbl.918
0x802536AC	0xC	.data	game/objSubWep.cpp	global	h_ang.960	h_ang.960
0x802536B8	0xC	.data	game/objTrolley.cpp	global	ObjTrolley_R0_move_tbl	ObjTrolley_R0_move_tbl
0x802536C4	0x20	.data	game/objWep.cpp	global	strEffType.1076	strEffType.1076
0x802536E4	0x30	.data	game/pl_debug.cpp	global	quad.933	quad.933
0x80253714	0xC	.data	game/pl_debug.cpp	global	z0.934	z0.934
0x80253720	0xC	.data	game/pl_dmg.cpp	local	funcTbl.768	funcTbl.768
0x8025372C	0xC	.data	game/pl_event.cpp	global	funcTbl.723	funcTbl.723
0x80253738	0x10	.data	game/pl_knife.cpp	global	func_tbl.1053	func_tbl.1053
0x80253748	0x14	.data	game/pl_knife.cpp	global	func_tbl.1079	func_tbl.1079
0x8025375C	0x38	.data	game/pl_npc.cpp	global	NpcFuncTbl.1251	NpcFuncTbl.1251
0x80253794	0xA8	.data	game/pl_npc.cpp	global	funcTbl.1255	funcTbl.1255
0x8025383C	0xC	.data	game/pl_npc.cpp	global	vdz0.1331	vdz0.1331
0x80253848	0xA0	.data	game/player.cpp	global	pl00_mirror	pl00_mirror
0x802538E8	0x1C	.data	game/player.cpp	global	Pl_func_tbl	Pl_func_tbl
0x80253904	0x54	.data	game/player.cpp	global	Pl_func_move_tbl	Pl_func_move_tbl
0x80253958	0x54	.data	game/player.cpp	global	pl_move_func_tbl.1272	pl_move_func_tbl.1272
0x802539AC	0x10	.data	game/snd.cpp	global	SndStrAramAddr	SndStrAramAddr
0x802539BC	0xC	.data	game/snd.cpp	global	mode_tbl.1559	mode_tbl.1559
0x802539C8	0x20	.data	game/snd.cpp	global	rev_tbl.1560	rev_tbl.1560
0x802539E8	0x38	.data	game/snd.cpp	global	se_blk_tbl.1561	se_blk_tbl.1561
0x80253A20	0x40	.data	lib/crt0.c	global	lbl_80253A20	.
0x80253A60	0x4	.data	lib/crt0.c	global	__SN_Libsn_version_60	__SN_Libsn_version_60
0x80253A64	0x4	.data	lib/crt0.c	global	__SN_Libsn_version	__SN_Libsn_version
0x80253A68	0x8	.data	lib/crt0.c	local	LinkFiddle	LinkFiddle
0x80253A70	0x8	.data	lib/ppcdown.c	global	lbl_80253A70	.
0x80253A78	0x4	.data	lib/ppcdown.c	global	SN_ISI	SN_ISI
0x80253A7C	0x4	.data	lib/ppcdown.c	global	SN_DSI	SN_DSI
0x80253A80	0x4	.data	lib/ppcdown.c	global	SN_ALIGNMENT	SN_ALIGNMENT
0x80253A84	0x4	.data	lib/ppcdown.c	global	SN_BUFFERED_TTY	SN_BUFFERED_TTY
0x80253A88	0x4	.data	lib/ppcdown.c	global	SN_FPE	SN_FPE
0x80253A8C	0x174	.data	lib/ppcdown.c	global	bConnected	bConnected
0x80253C00	0x120	.data	lib/fileserver.c	global	lbl_80253C00	.
0x80253D20	0x10	.data	lib/proview.c	global	lbl_80253D20	.
0x80253D30	0x4	.data	lib/FSasync.c	global	g_nRWasyncPhase	g_nRWasyncPhase
0x80253D34	0x4	.data	lib/FSasync.c	local	g_FSCBFunc	g_FSCBFunc
0x80253D38	0x4	.data	lib/FSasync.c	global	g_nEXI2TCCnt	g_nEXI2TCCnt
0x80253D3C	0x4	.data	lib/FSasync.c	global	g_nDbgFsAsyncCnt	g_nDbgFsAsyncCnt
0x80253D40	0x4	.data	lib/sndvd.c	global	g_hDVD	g_hDVD
0x80253D44	0x4	.data	lib/sndvd.c	global	lbl_80253D44	.
0x80253D48	0x1B0	.data	game/mbtowc_r.cpp	global	JIS_state_table	JIS_state_table
0x80253EF8	0x1B0	.data	game/mbtowc_r.cpp	local	JIS_action_table	JIS_action_table
0x802540A8	0x24	.data	game/strtod2.cpp	global	powersOf10	powersOf10
0x802540CC	0x25	.data	game/vfprintf.cpp	global	lower.9	lower.9
0x802540F1	0x3	.data	game/vfprintf.cpp	global	lbl_802540F1	.
0x802540F4	0x304	.data	game/impure.cpp	global	impure_data	impure_data
0x802543F8	0x4	.data	lib/_eh.c	global	__terminate_func	__terminate_func
0x802543FC	0x4	.data	lib/_eh.c	global	lbl_802543FC	.
0x80254400	0x44	.data	lib/OS.c	global	...data.0	...data.0
0x80254444	0xD	.data	lib/OS.c	local	@105_80254444	@105
0x80254451	0x3	.data	lib/OS.c	local	lbl_80254451	.
0x80254454	0x16	.data	lib/OS.c	local	@106_80254454	@106
0x8025446A	0x2	.data	lib/OS.c	local	lbl_8025446A	.
0x8025446C	0xC	.data	lib/OS.c	local	@107_8025446C	@107
0x80254478	0x9	.data	lib/OS.c	local	@108	@108
0x80254481	0x3	.data	lib/OS.c	global	lbl_80254481	.
0x80254484	0x10	.data	lib/OS.c	local	@109_80254484	@109
0x80254494	0xB	.data	lib/OS.c	global	@110	@110
0x8025449F	0x1	.data	lib/OS.c	global	lbl_8025449F	.
0x802544A0	0xE	.data	lib/OS.c	global	@111	@111
0x802544AE	0x2	.data	lib/OS.c	global	lbl_802544AE	.
0x802544B0	0xD	.data	lib/OS.c	global	@112	@112
0x802544BD	0x3	.data	lib/OS.c	global	lbl_802544BD	.
0x802544C0	0xD	.data	lib/OS.c	global	@113_802544C0	@113
0x802544CD	0x3	.data	lib/OS.c	global	lbl_802544CD	.
0x802544D0	0xD	.data	lib/OS.c	local	@114_802544D0	@114
0x802544DD	0x3	.data	lib/OS.c	global	lbl_802544DD	.
0x802544E0	0x19	.data	lib/OS.c	local	@115_802544E0	@115
0x802544F9	0x3	.data	lib/OS.c	local	lbl_802544F9	.
0x802544FC	0xE	.data	lib/OS.c	local	@117	@117
0x8025450A	0x2	.data	lib/OS.c	local	lbl_8025450A	.
0x8025450C	0x15	.data	lib/OS.c	local	@118_8025450C	@118
0x80254521	0x3	.data	lib/OS.c	global	lbl_80254521	.
0x80254524	0x3C	.data	lib/OS.c	local	__OSExceptionLocations	__OSExceptionLocations
0x80254560	0x1B	.data	lib/OS.c	global	@152_80254560	@152
0x8025457B	0x1	.data	lib/OS.c	global	lbl_8025457B	.
0x8025457C	0x2E	.data	lib/OS.c	global	@153_8025457C	@153
0x802545AA	0x2	.data	lib/OS.c	global	lbl_802545AA	.
0x802545AC	0x2F	.data	lib/OS.c	global	@154	@154
0x802545DB	0x1	.data	lib/OS.c	local	lbl_802545DB	.
0x802545DC	0x1B	.data	lib/OS.c	global	@155	@155
0x802545F8	0x10	.data	lib/OSAlarm.c	local	ResetFunctionInfo	ResetFunctionInfo
0x80254608	0x89	.data	lib/OSAlarm.c	global	@50_80254608	@50
0x80254691	0x3	.data	lib/OSAlarm.c	global	lbl_80254691	.
0x80254694	0x59	.data	lib/OSAlarm.c	global	@51_80254694	@51
0x802546ED	0x3	.data	lib/OSAlarm.c	global	lbl_802546ED	.
0x802546F0	0x59	.data	lib/OSAlarm.c	global	@52	@52
0x80254749	0x3	.data	lib/OSAlarm.c	global	lbl_80254749	.
0x8025474C	0x52	.data	lib/OSAlarm.c	global	@53	@53
0x8025479E	0x2	.data	lib/OSAlarm.c	global	lbl_8025479E	.
0x802547A0	0x50	.data	lib/OSAlarm.c	global	@54_802547A0	@54
0x802547F0	0x80	.data	lib/OSAudioSystem.c	local	DSPInitCode	DSPInitCode
0x80254870	0x29	.data	lib/OSCache.c	global	...data.0_80254870	...data.0
0x80254899	0x3	.data	lib/OSCache.c	global	lbl_80254899	.
0x8025489C	0x18	.data	lib/OSCache.c	global	@84_8025489C	@84
0x802548B4	0x1B	.data	lib/OSCache.c	global	@85_802548B4	@85
0x802548CF	0x1	.data	lib/OSCache.c	global	lbl_802548CF	.
0x802548D0	0x30	.data	lib/OSCache.c	global	@86_802548D0	@86
0x80254900	0x3C	.data	lib/OSCache.c	global	@87_80254900	@87
0x8025493C	0x37	.data	lib/OSCache.c	global	@88	@88
0x80254973	0x1	.data	lib/OSCache.c	global	lbl_80254973	.
0x80254974	0x3F	.data	lib/OSCache.c	global	@89	@89
0x802549B3	0x1	.data	lib/OSCache.c	global	lbl_802549B3	.
0x802549B4	0x29	.data	lib/OSCache.c	global	@90	@90
0x802549DD	0x3	.data	lib/OSCache.c	global	lbl_802549DD	.
0x802549E0	0x1D	.data	lib/OSCache.c	global	@91	@91
0x802549FD	0x3	.data	lib/OSCache.c	global	lbl_802549FD	.
0x80254A00	0x19	.data	lib/OSCache.c	global	@92	@92
0x80254A19	0x3	.data	lib/OSCache.c	global	lbl_80254A19	.
0x80254A1C	0x19	.data	lib/OSCache.c	global	@104_80254A1C	@104
0x80254A35	0x3	.data	lib/OSCache.c	global	lbl_80254A35	.
0x80254A38	0x19	.data	lib/OSCache.c	global	@105_80254A38	@105
0x80254A51	0x3	.data	lib/OSCache.c	global	lbl_80254A51	.
0x80254A54	0x16	.data	lib/OSCache.c	global	@106_80254A54	@106
0x80254A6A	0x2	.data	lib/OSCache.c	global	lbl_80254A6A	.
0x80254A6C	0x2E	.data	lib/OSCache.c	global	@107_80254A6C	@107
0x80254AA0	0x44	.data	lib/OSContext.c	global	...data.0_80254AA0	...data.0
0x80254AE4	0x30	.data	lib/OSContext.c	global	@62_80254AE4	@62
0x80254B14	0x2F	.data	lib/OSContext.c	global	@63_80254B14	@63
0x80254B43	0x1	.data	lib/OSContext.c	global	lbl_80254B43	.
0x80254B44	0x2F	.data	lib/OSContext.c	global	@64_80254B44	@64
0x80254B73	0x1	.data	lib/OSContext.c	global	lbl_80254B73	.
0x80254B74	0x11	.data	lib/OSContext.c	global	@65_80254B74	@65
0x80254B85	0x3	.data	lib/OSContext.c	global	lbl_80254B85	.
0x80254B88	0x21	.data	lib/OSContext.c	global	@66_80254B88	@66
0x80254BA9	0x3	.data	lib/OSContext.c	global	lbl_80254BA9	.
0x80254BAC	0x12	.data	lib/OSContext.c	global	@67_80254BAC	@67
0x80254BBE	0x2	.data	lib/OSContext.c	global	lbl_80254BBE	.
0x80254BC0	0x19	.data	lib/OSContext.c	global	@68_80254BC0	@68
0x80254BD9	0x3	.data	lib/OSContext.c	global	lbl_80254BD9	.
0x80254BDC	0x12	.data	lib/OSContext.c	global	@69_80254BDC	@69
0x80254BEE	0x2	.data	lib/OSContext.c	global	lbl_80254BEE	.
0x80254BF0	0x1D	.data	lib/OSContext.c	global	@70_80254BF0	@70
0x80254C0D	0x3	.data	lib/OSContext.c	global	lbl_80254C0D	.
0x80254C10	0x26	.data	lib/OSContext.c	global	@71_80254C10	@71
0x80254C36	0x2	.data	lib/OSContext.c	global	lbl_80254C36	.
0x80254C38	0x1C	.data	lib/OSContext.c	local	@72_80254C38	@72
0x80254C54	0x23	.data	lib/OSContext.c	global	@76_80254C54	@76
0x80254C78	0x16	.data	lib/OSError.c	local	...data.0_80254C78	...data.0
0x80254C8E	0x2	.data	lib/OSError.c	global	lbl_80254C8E	.
0x80254C90	0x26	.data	lib/OSError.c	global	@14	@14
0x80254CB6	0x2	.data	lib/OSError.c	global	lbl_80254CB6	.
0x80254CB8	0x1C	.data	lib/OSError.c	local	@15	@15
0x80254CD4	0x1D	.data	lib/OSError.c	local	@74_80254CD4	@74
0x80254CF1	0x3	.data	lib/OSError.c	global	lbl_80254CF1	.
0x80254CF4	0x17	.data	lib/OSError.c	local	@75_80254CF4	@75
0x80254D0B	0x1	.data	lib/OSError.c	global	lbl_80254D0B	.
0x80254D0C	0x31	.data	lib/OSError.c	global	@77_80254D0C	@77
0x80254D3D	0x3	.data	lib/OSError.c	local	lbl_80254D3D	.
0x80254D40	0x10	.data	lib/OSError.c	local	@78_80254D40	@78
0x80254D50	0x60	.data	lib/OSError.c	global	@79	@79
0x80254DB0	0x4C	.data	lib/OSError.c	local	@80	@80
0x80254DFC	0x62	.data	lib/OSError.c	global	@81	@81
0x80254E5E	0x2	.data	lib/OSError.c	local	lbl_80254E5E	.
0x80254E60	0x60	.data	lib/OSError.c	global	@82	@82
0x80254EC0	0x1F	.data	lib/OSError.c	local	@83	@83
0x80254EDF	0x1	.data	lib/OSError.c	local	lbl_80254EDF	.
0x80254EE0	0x1F	.data	lib/OSError.c	local	@84_80254EE0	@84
0x80254EFF	0x1	.data	lib/OSError.c	global	lbl_80254EFF	.
0x80254F00	0x1B	.data	lib/OSError.c	local	@85_80254F00	@85
0x80254F1B	0x1	.data	lib/OSError.c	global	lbl_80254F1B	.
0x80254F1C	0x35	.data	lib/OSError.c	local	@86_80254F1C	@86
0x80254F51	0x3	.data	lib/OSError.c	global	lbl_80254F51	.
0x80254F54	0x40	.data	lib/OSError.c	local	@87_80254F54	@87
0x80254F98	0xB	.data	lib/OSExec.c	global	@115_80254F98	@115
0x80254FA8	0x2C	.data	lib/OSInterrupt.c	local	InterruptPrioTable	InterruptPrioTable
0x80254FD8	0x25	.data	lib/OSLink.c	global	@62_80254FD8	@62
0x80254FFD	0x3	.data	lib/OSLink.c	global	lbl_80254FFD	.
0x80255000	0x27	.data	lib/OSLink.c	local	@189_80255000	@189
0x80255028	0x10	.data	lib/OSMemory.c	local	ResetFunctionInfo	ResetFunctionInfo
0x80255038	0x4E	.data	lib/OSReset.c	local	@153_80255038	@153
0x80255088	0x5F	.data	lib/OSThread.c	local	...data.0_80255088	...data.0
0x802550E7	0x1	.data	lib/OSThread.c	local	lbl_802550E7	.
0x802550E8	0xB	.data	lib/OSThread.c	local	@832_802550E8	@832
0x802550F3	0x1	.data	lib/OSThread.c	local	lbl_802550F3	.
0x802550F4	0x5F	.data	lib/OSThread.c	local	@834	@834
0x80255153	0x1	.data	lib/OSThread.c	global	lbl_80255153	.
0x80255154	0x46	.data	lib/OSThread.c	global	@835_80255154	@835
0x8025519A	0x2	.data	lib/OSThread.c	local	lbl_8025519A	.
0x8025519C	0x7E	.data	lib/OSThread.c	global	@836	@836
0x8025521A	0x2	.data	lib/OSThread.c	local	lbl_8025521A	.
0x8025521C	0x7E	.data	lib/OSThread.c	global	@837_8025521C	@837
0x8025529A	0x2	.data	lib/OSThread.c	local	lbl_8025529A	.
0x8025529C	0x7A	.data	lib/OSThread.c	global	@838	@838
0x80255316	0x2	.data	lib/OSThread.c	global	lbl_80255316	.
0x80255318	0x7A	.data	lib/OSThread.c	local	@839	@839
0x80255392	0x2	.data	lib/OSThread.c	local	lbl_80255392	.
0x80255394	0x51	.data	lib/OSThread.c	global	@840	@840
0x802553E5	0x3	.data	lib/OSThread.c	global	lbl_802553E5	.
0x802553E8	0x71	.data	lib/OSThread.c	global	@841	@841
0x80255459	0x3	.data	lib/OSThread.c	local	lbl_80255459	.
0x8025545C	0x39	.data	lib/OSThread.c	local	@842	@842
0x80255495	0x3	.data	lib/OSThread.c	global	lbl_80255495	.
0x80255498	0x49	.data	lib/OSThread.c	global	@843_80255498	@843
0x802554E1	0x3	.data	lib/OSThread.c	global	lbl_802554E1	.
0x802554E4	0x51	.data	lib/OSThread.c	global	@844	@844
0x80255535	0x3	.data	lib/OSThread.c	local	lbl_80255535	.
0x80255538	0x52	.data	lib/OSThread.c	global	@845_80255538	@845
0x8025558A	0x2	.data	lib/OSThread.c	global	lbl_8025558A	.
0x8025558C	0x59	.data	lib/OSThread.c	global	@846	@846
0x802555E5	0x3	.data	lib/OSThread.c	global	lbl_802555E5	.
0x802555E8	0x42	.data	lib/OSThread.c	local	@847	@847
0x8025562A	0x2	.data	lib/OSThread.c	local	lbl_8025562A	.
0x8025562C	0x3A	.data	lib/OSThread.c	global	@848_8025562C	@848
0x80255666	0x2	.data	lib/OSThread.c	global	lbl_80255666	.
0x80255668	0x3A	.data	lib/OSThread.c	global	@849_80255668	@849
0x802556A2	0x2	.data	lib/OSThread.c	local	lbl_802556A2	.
0x802556A4	0x44	.data	lib/OSThread.c	global	@850	@850
0x802556E8	0x44	.data	lib/OSThread.c	global	@851_802556E8	@851
0x8025572C	0x3B	.data	lib/OSThread.c	global	@852	@852
0x80255767	0x1	.data	lib/OSThread.c	global	lbl_80255767	.
0x80255768	0x3F	.data	lib/OSThread.c	global	@853_80255768	@853
0x802557A7	0x1	.data	lib/OSThread.c	global	lbl_802557A7	.
0x802557A8	0x67	.data	lib/OSThread.c	local	@854	@854
0x8025580F	0x1	.data	lib/OSThread.c	local	lbl_8025580F	.
0x80255810	0x45	.data	lib/OSThread.c	local	@855	@855
0x80255855	0x3	.data	lib/OSThread.c	global	lbl_80255855	.
0x80255858	0x3D	.data	lib/OSThread.c	global	@856	@856
0x80255898	0x30	.data	lib/OSTime.c	local	YearDays	YearDays
0x802558C8	0x30	.data	lib/OSTime.c	local	LeapYearDays	LeapYearDays
0x802558F8	0x45	.data	lib/EXIBios.c	global	...data.0_802558F8	...data.0
0x8025593D	0x3	.data	lib/EXIBios.c	global	lbl_8025593D	.
0x80255940	0xF	.data	lib/EXIBios.c	global	@473_80255940	@473
0x8025594F	0x1	.data	lib/EXIBios.c	local	lbl_8025594F	.
0x80255950	0x10	.data	lib/EXIBios.c	global	@474_80255950	@474
0x80255960	0x10	.data	lib/EXIBios.c	local	@475	@475
0x80255970	0x10	.data	lib/EXIBios.c	global	@476_80255970	@476
0x80255980	0x11	.data	lib/EXIBios.c	local	@477	@477
0x80255991	0x3	.data	lib/EXIBios.c	global	lbl_80255991	.
0x80255994	0x11	.data	lib/EXIBios.c	local	@478	@478
0x802559A5	0x3	.data	lib/EXIBios.c	local	lbl_802559A5	.
0x802559A8	0xC	.data	lib/EXIBios.c	local	@479	@479
0x802559B4	0x9	.data	lib/EXIBios.c	local	@485_802559B4	@485
0x802559BD	0x3	.data	lib/EXIBios.c	global	lbl_802559BD	.
0x802559C0	0xD	.data	lib/EXIBios.c	local	@486_802559C0	@486
0x802559CD	0x3	.data	lib/EXIBios.c	global	lbl_802559CD	.
0x802559D0	0x12	.data	lib/EXIBios.c	global	@487_802559D0	@487
0x802559E2	0x2	.data	lib/EXIBios.c	global	lbl_802559E2	.
0x802559E4	0xE	.data	lib/EXIBios.c	global	@489_802559E4	@489
0x802559F2	0x2	.data	lib/EXIBios.c	global	lbl_802559F2	.
0x802559F4	0xE	.data	lib/EXIBios.c	global	@490_802559F4	@490
0x80255A08	0x44	.data	lib/SIBios.c	global	...data.0_80255A08	...data.0
0x80255A4C	0x14	.data	lib/SIBios.c	local	Si	Si
0x80255A60	0x10	.data	lib/SIBios.c	local	Type	Type
0x80255A70	0xC	.data	lib/SIBios.c	global	@457	@457
0x80255A7C	0xF	.data	lib/SIBios.c	global	@459	@459
0x80255A8B	0x1	.data	lib/SIBios.c	global	lbl_80255A8B	.
0x80255A8C	0xF	.data	lib/SIBios.c	global	@460	@460
0x80255A9B	0x1	.data	lib/SIBios.c	global	lbl_80255A9B	.
0x80255A9C	0xD	.data	lib/SIBios.c	global	@461	@461
0x80255AA9	0x3	.data	lib/SIBios.c	global	lbl_80255AA9	.
0x80255AAC	0xA	.data	lib/SIBios.c	global	@462_80255AAC	@462
0x80255AB6	0x2	.data	lib/SIBios.c	global	lbl_80255AB6	.
0x80255AB8	0x10	.data	lib/SIBios.c	local	@463	@463
0x80255AC8	0x14	.data	lib/SIBios.c	global	@464	@464
0x80255ADC	0x12	.data	lib/SIBios.c	global	@465	@465
0x80255AEE	0x2	.data	lib/SIBios.c	global	lbl_80255AEE	.
0x80255AF0	0x14	.data	lib/SIBios.c	global	@466	@466
0x80255B04	0x9	.data	lib/SIBios.c	global	@467_80255B04	@467
0x80255B0D	0x3	.data	lib/SIBios.c	global	lbl_80255B0D	.
0x80255B10	0x9	.data	lib/SIBios.c	global	@468	@468
0x80255B20	0x30	.data	lib/SISamplingRate.c	local	XYNTSC	XYNTSC
0x80255B50	0x30	.data	lib/SISamplingRate.c	local	XYPAL	XYPAL
0x80255B80	0x33	.data	lib/SISamplingRate.c	global	@16	@16
0x80255BB8	0x18	.data	lib/db.c	global	@9_80255BB8	@9
0x80255BD0	0x10	.data	lib/mtx44.c	local	mtxUnit	mtxUnit
0x80255BE0	0xC8	.data	lib/dvdfs.c	global	...data.0_80255BE0	...data.0
0x80255CA8	0x37	.data	lib/dvdfs.c	global	@140_80255CA8	@140
0x80255CDF	0x1	.data	lib/dvdfs.c	global	lbl_80255CDF	.
0x80255CE0	0x34	.data	lib/dvdfs.c	global	@239_80255CE0	@239
0x80255D14	0x2F	.data	lib/dvdfs.c	global	@265	@265
0x80255D43	0x1	.data	lib/dvdfs.c	global	lbl_80255D43	.
0x80255D44	0x27	.data	lib/dvdfs.c	global	@271_80255D44	@271
0x80255D6B	0x1	.data	lib/dvdfs.c	global	lbl_80255D6B	.
0x80255D6C	0x3A	.data	lib/dvdfs.c	global	@311	@311
0x80255DA6	0x2	.data	lib/dvdfs.c	local	lbl_80255DA6	.
0x80255DA8	0x66	.data	lib/dvdfs.c	global	@343	@343
0x80255E0E	0x2	.data	lib/dvdfs.c	global	lbl_80255E0E	.
0x80255E10	0x55	.data	lib/dvdfs.c	global	@344	@344
0x80255E65	0x3	.data	lib/dvdfs.c	global	lbl_80255E65	.
0x80255E68	0x5C	.data	lib/dvdfs.c	global	@345_80255E68	@345
0x80255EC4	0x61	.data	lib/dvdfs.c	global	@376	@376
0x80255F25	0x3	.data	lib/dvdfs.c	global	lbl_80255F25	.
0x80255F28	0x50	.data	lib/dvdfs.c	global	@377	@377
0x80255F78	0x57	.data	lib/dvdfs.c	global	@378	@378
0x80255FD0	0x45	.data	lib/dvd.c	global	...data.0_80255FD0	...data.0
0x80256015	0x3	.data	lib/dvd.c	global	lbl_80256015	.
0x80256018	0xA	.data	lib/dvd.c	global	@18	@18
0x80256022	0x2	.data	lib/dvd.c	local	lbl_80256022	.
0x80256024	0x34	.data	lib/dvd.c	global	@24_80256024	@24
0x80256058	0x44	.data	lib/dvd.c	global	@359_80256058	@359
0x8025609C	0xC	.data	lib/dvd.c	local	ImmCommand	ImmCommand
0x802560A8	0x41	.data	lib/dvd.c	global	@789	@789
0x802560E9	0x3	.data	lib/dvd.c	global	lbl_802560E9	.
0x802560EC	0x34	.data	lib/dvd.c	global	@956	@956
0x80256120	0x34	.data	lib/dvd.c	global	@1060	@1060
0x80256158	0xC	.data	lib/dvdqueue.c	global	...data.0_80256158	...data.0
0x80256164	0xB	.data	lib/dvdqueue.c	global	@69_80256164	@69
0x8025616F	0x1	.data	lib/dvdqueue.c	global	lbl_8025616F	.
0x80256170	0xD	.data	lib/dvdqueue.c	global	@70_80256170	@70
0x8025617D	0x3	.data	lib/dvdqueue.c	global	lbl_8025617D	.
0x80256180	0x13	.data	lib/dvdqueue.c	global	@71_80256180	@71
0x80256193	0x1	.data	lib/dvdqueue.c	global	lbl_80256193	.
0x80256194	0x14	.data	lib/dvdqueue.c	global	@72_80256194	@72
0x802561A8	0x12	.data	lib/dvdqueue.c	local	@73	@73
0x802561BA	0x2	.data	lib/dvdqueue.c	global	lbl_802561BA	.
0x802561BC	0x13	.data	lib/dvdqueue.c	local	@74_802561BC	@74
0x802561CF	0x1	.data	lib/dvdqueue.c	global	lbl_802561CF	.
0x802561D0	0xF	.data	lib/dvdqueue.c	local	@75_802561D0	@75
0x802561DF	0x1	.data	lib/dvdqueue.c	global	lbl_802561DF	.
0x802561E0	0x14	.data	lib/dvdqueue.c	global	@76_802561E0	@76
0x802561F4	0xF	.data	lib/dvdqueue.c	local	@78_802561F4	@78
0x80256203	0x1	.data	lib/dvdqueue.c	global	lbl_80256203	.
0x80256204	0x40	.data	lib/dvdqueue.c	local	CommandNames	CommandNames
0x80256244	0x24	.data	lib/dvdqueue.c	global	@97_80256244	@97
0x80256268	0xF	.data	lib/dvdqueue.c	local	@98	@98
0x80256277	0x1	.data	lib/dvdqueue.c	global	lbl_80256277	.
0x80256278	0x15	.data	lib/dvdqueue.c	global	@101_80256278	@101
0x8025628D	0x3	.data	lib/dvdqueue.c	global	lbl_8025628D	.
0x80256290	0x2B	.data	lib/dvdqueue.c	global	@102_80256290	@102
0x802562C0	0x48	.data	lib/dvderror.c	local	ErrorTable	ErrorTable
0x80256308	0x6E	.data	lib/dvdFatal.c	global	...data.0_80256308	...data.0
0x80256376	0x2	.data	lib/dvdFatal.c	global	lbl_80256376	.
0x80256378	0x7E	.data	lib/dvdFatal.c	global	@5_80256378	@5
0x802563F6	0x2	.data	lib/dvdFatal.c	global	lbl_802563F6	.
0x802563F8	0x99	.data	lib/dvdFatal.c	global	@6_802563F8	@6
0x80256491	0x3	.data	lib/dvdFatal.c	global	lbl_80256491	.
0x80256494	0x8D	.data	lib/dvdFatal.c	global	@7_80256494	@7
0x80256521	0x3	.data	lib/dvdFatal.c	global	lbl_80256521	.
0x80256524	0x87	.data	lib/dvdFatal.c	global	@8	@8
0x802565AB	0x1	.data	lib/dvdFatal.c	global	lbl_802565AB	.
0x802565AC	0x80	.data	lib/dvdFatal.c	global	@9_802565AC	@9
0x8025662C	0x89	.data	lib/dvdFatal.c	global	@10	@10
0x802566B8	0x1A	.data	lib/fstload.c	global	...data.0_802566B8	...data.0
0x802566D2	0x2	.data	lib/fstload.c	global	lbl_802566D2	.
0x802566D4	0x16	.data	lib/fstload.c	global	@39	@39
0x802566EA	0x2	.data	lib/fstload.c	global	lbl_802566EA	.
0x802566EC	0x14	.data	lib/fstload.c	global	@40	@40
0x80256700	0x14	.data	lib/fstload.c	local	@41	@41
0x80256714	0x14	.data	lib/fstload.c	global	@44	@44
0x80256728	0x44	.data	lib/vi.c	global	...data.0_80256728	...data.0
0x8025676C	0x17C	.data	lib/vi.c	local	timing	timing
0x802568E8	0x32	.data	lib/vi.c	local	taps	taps
0x8025691A	0x2	.data	lib/vi.c	global	lbl_8025691A	.
0x8025691C	0x7C	.data	lib/vi.c	global	@101_8025691C	@101
0x80256998	0x29	.data	lib/vi.c	global	@355_80256998	@355
0x802569C1	0x3	.data	lib/vi.c	global	lbl_802569C1	.
0x802569C4	0x29	.data	lib/vi.c	global	@356_802569C4	@356
0x802569ED	0x3	.data	lib/vi.c	global	lbl_802569ED	.
0x802569F0	0x29	.data	lib/vi.c	global	@357_802569F0	@357
0x80256A19	0x3	.data	lib/vi.c	global	lbl_80256A19	.
0x80256A1C	0x29	.data	lib/vi.c	global	@358_80256A1C	@358
0x80256A45	0x3	.data	lib/vi.c	global	lbl_80256A45	.
0x80256A48	0x29	.data	lib/vi.c	global	@359_80256A48	@359
0x80256A71	0x3	.data	lib/vi.c	global	lbl_80256A71	.
0x80256A74	0x29	.data	lib/vi.c	local	@360_80256A74	@360
0x80256A9D	0x3	.data	lib/vi.c	global	lbl_80256A9D	.
0x80256AA0	0x4B	.data	lib/vi.c	global	@538	@538
0x80256AEB	0x1	.data	lib/vi.c	global	lbl_80256AEB	.
0x80256AEC	0x20	.data	lib/vi.c	global	@740_80256AEC	@740
0x80256B10	0x45	.data	lib/Pad.c	global	...data.0_80256B10	...data.0
0x80256B55	0x3	.data	lib/Pad.c	global	lbl_80256B55	.
0x80256B58	0x10	.data	lib/Pad.c	local	ResetFunctionInfo	ResetFunctionInfo
0x80256B68	0x44	.data	lib/ai.c	global	...data.0_80256B68	...data.0
0x80256BB0	0x44	.data	lib/ar.c	global	...data.0_80256BB0	...data.0
0x80256BF8	0x45	.data	lib/arq.c	local	...data.0_80256BF8	...data.0
0x80256C40	0x44	.data	lib/AX.c	global	...data.0_80256C40	...data.0
0x80256C88	0x14	.data	lib/AXVPB.c	local	__AXSrcCycles	__AXSrcCycles
0x80256C9C	0x40	.data	lib/AXVPB.c	local	__AXMainMixCycles	__AXMainMixCycles
0x80256CDC	0x80	.data	lib/AXVPB.c	local	__AXAuxMixCycles	__AXAuxMixCycles
0x80256D60	0x1A40	.data	lib/AXComp.c	global	__AXCompressorTable	__AXCompressorTable
0x802587A0	0x1F00	.data	lib/DSPCode.c	global	axDspSlave	axDspSlave
0x8025A6A0	0x78A	.data	lib/mix.c	global	__MIXVolumeTable	__MIXVolumeTable
0x8025AE2A	0x2	.data	lib/mix.c	global	lbl_8025AE2A	.
0x8025AE2C	0x200	.data	lib/mix.c	global	__MIXPanTable	__MIXPanTable
0x8025B02C	0x100	.data	lib/mix.c	global	__MIX_DPL2_front	__MIX_DPL2_front
0x8025B12C	0x100	.data	lib/mix.c	global	__MIX_DPL2_rear	__MIX_DPL2_rear
0x8025B22C	0x32	.data	lib/mix.c	global	__MIXAIVolumeTable	__MIXAIVolumeTable
0x8025B260	0x48	.data	lib/axart.c	global	@49	@49
0x8025B2A8	0x48	.data	lib/axartsound.c	global	@29_8025B2A8	@29
0x8025B2F0	0x190	.data	lib/axartcents.c	local	__AXLFOCentsTable	__AXLFOCentsTable
0x8025B480	0x30	.data	lib/axartcents.c	local	__AXLFOOctavesTableUp	__AXLFOOctavesTableUp
0x8025B4B0	0x30	.data	lib/axartcents.c	local	__AXLFOSemitonesTableUp	__AXLFOSemitonesTableUp
0x8025B4E0	0x200	.data	lib/axartcents.c	local	__AXLFOSemitonesTableDown	__AXLFOSemitonesTableDown
0x8025B6E0	0x168	.data	lib/axart3d.c	local	__AXART3DPan	__AXART3DPan
0x8025B848	0x168	.data	lib/axart3d.c	local	__AXART3DSpan	__AXART3DSpan
0x8025B9B0	0x168	.data	lib/axart3d.c	local	__AXART3DPanDPL2	__AXART3DPanDPL2
0x8025BB18	0x168	.data	lib/axart3d.c	local	__AXART3DItdL	__AXART3DItdL
0x8025BC80	0x168	.data	lib/axart3d.c	local	__AXART3DItdR	__AXART3DItdR
0x8025BDE8	0x169	.data	lib/axart3d.c	local	__AXART3DSrc	__AXART3DSrc
0x8025BF58	0x60	.data	lib/axartlpf.c	local	__coefs	__coefs
0x8025BFB8	0x200	.data	lib/synctrl.c	global	__SYNn128	__SYNn128
0x8025C1B8	0x1C	.data	lib/synctrl.c	global	@328_8025C1B8	@328
0x8025C1D8	0x100	.data	lib/synlfo.c	local	__SYNLfo	__SYNLfo
0x8025C2D8	0x200	.data	lib/synmix.c	global	__SYNVolumeAttenuation	__SYNVolumeAttenuation
0x8025C4D8	0x190	.data	lib/synmix.c	global	__SYNAttackAttnTable	__SYNAttackAttnTable
0x8025C668	0x190	.data	lib/synpitch.c	local	__SYNCentsTable	__SYNCentsTable
0x8025C7F8	0x30	.data	lib/synpitch.c	local	__SYNOctavesTableUp	__SYNOctavesTableUp
0x8025C828	0x30	.data	lib/synpitch.c	local	__SYNSemitonesTableUp	__SYNSemitonesTableUp
0x8025C858	0x200	.data	lib/synpitch.c	local	__SYNSemitonesTableDown	__SYNSemitonesTableDown
0x8025CA58	0x80	.data	lib/seq.c	local	__SEQMidiEventLength	__SEQMidiEventLength
0x8025CAD8	0x45	.data	lib/dsp.c	global	...data.0_8025CAD8	...data.0
0x8025CB1D	0x3	.data	lib/dsp.c	global	lbl_8025CB1D	.
0x8025CB20	0x1E	.data	lib/dsp.c	local	@19_8025CB20	@19
0x8025CB3E	0x2	.data	lib/dsp.c	global	lbl_8025CB3E	.
0x8025CB40	0xC	.data	lib/dsp.c	global	@20_8025CB40	@20
0x8025CB4C	0x9	.data	lib/dsp.c	global	@21_8025CB4C	@21
0x8025CB58	0x1D	.data	lib/dsp_task.c	global	...data.0_8025CB58	...data.0
0x8025CB75	0x3	.data	lib/dsp_task.c	global	lbl_8025CB75	.
0x8025CB78	0x2D	.data	lib/dsp_task.c	global	@267_8025CB78	@267
0x8025CBA5	0x3	.data	lib/dsp_task.c	local	lbl_8025CBA5	.
0x8025CBA8	0x2D	.data	lib/dsp_task.c	global	@268_8025CBA8	@268
0x8025CBD5	0x3	.data	lib/dsp_task.c	global	lbl_8025CBD5	.
0x8025CBD8	0x2D	.data	lib/dsp_task.c	global	@269_8025CBD8	@269
0x8025CC05	0x3	.data	lib/dsp_task.c	global	lbl_8025CC05	.
0x8025CC08	0x2D	.data	lib/dsp_task.c	global	@270_8025CC08	@270
0x8025CC35	0x3	.data	lib/dsp_task.c	global	lbl_8025CC35	.
0x8025CC38	0x2D	.data	lib/dsp_task.c	local	@271_8025CC38	@271
0x8025CC65	0x3	.data	lib/dsp_task.c	global	lbl_8025CC65	.
0x8025CC68	0x2B	.data	lib/dsp_task.c	global	@294	@294
0x8025CC98	0x46	.data	lib/CARDBios.c	global	...data.0_8025CC98	...data.0
0x8025CCDE	0x2	.data	lib/CARDBios.c	global	lbl_8025CCDE	.
0x8025CCE0	0x10	.data	lib/CARDBios.c	local	ResetFunctionInfo	ResetFunctionInfo
0x8025CCF0	0x20	.data	lib/CARDMount.c	local	SectorSizeTable	SectorSizeTable
0x8025CD10	0x20	.data	lib/CARDMount.c	local	LatencyTable	LatencyTable
0x8025CD40	0x160	.data	lib/CARDUnlock.c	local	CardData	CardData
0x8025CEA0	0x68	.data	lib/GXAttr.c	global	@176	@176
0x8025CF08	0x68	.data	lib/GXAttr.c	global	@223	@223
0x8025CF70	0x68	.data	lib/GXAttr.c	local	@282_8025CF70	@282
0x8025CFD8	0x44	.data	lib/GXAttr.c	global	@476_8025CFD8	@476
0x8025D01C	0x44	.data	lib/GXAttr.c	global	@503	@503
0x8025D060	0x44	.data	lib/GXAttr.c	global	@545	@545
0x8025D0A4	0x1C	.data	lib/GXAttr.c	local	@740_8025D0A4	@740
0x8025D0C0	0x54	.data	lib/GXAttr.c	global	@739_8025D0C0	@739
0x8025D118	0x1C	.data	lib/GXLight.c	local	@145_8025D118	@145
0x8025D138	0xF4	.data	lib/GXTexture.c	global	@46	@46
0x8025D22C	0xF4	.data	lib/GXTexture.c	local	@104_8025D22C	@104
0x8025D320	0xF4	.data	lib/GXTexture.c	global	@145_8025D320	@145
0x8025D414	0x3C	.data	lib/GXTexture.c	global	@224_8025D414	@224
0x8025D450	0x14	.data	lib/GXTev.c	local	TEVCOpTableST0	TEVCOpTableST0
0x8025D464	0x14	.data	lib/GXTev.c	local	TEVCOpTableST1	TEVCOpTableST1
0x8025D478	0x14	.data	lib/GXTev.c	local	TEVAOpTableST0	TEVAOpTableST0
0x8025D48C	0x14	.data	lib/GXTev.c	local	TEVAOpTableST1	TEVAOpTableST1
0x8025D4A0	0x24	.data	lib/GXTev.c	global	c2r$334	c2r$334
0x8025D4C8	0x20	.data	lib/GXPixel.c	global	p2f$358	p2f$358
0x8025D500	0x44	.data	lib/GXInit.c	global	...data.0_8025D500	...data.0
0x8025D544	0x1C	.data	lib/GXInit.c	global	lbl_8025D544	.
0x8025D560	0x20	.data	lib/GXInit.c	local	DefaultTexData	DefaultTexData
0x8025D580	0xD0	.data	lib/GXInit.c	local	GXDefaultVATList	GXDefaultVATList
0x8025D650	0x1C	.data	lib/GXInit.c	local	GXDefaultProjData	GXDefaultProjData
0x8025D66C	0xC0	.data	lib/GXInit.c	local	GXTexRegionAddrTable	GXTexRegionAddrTable
0x8025D72C	0x10	.data	lib/GXInit.c	local	GXResetFuncInfo	GXResetFuncInfo
0x8025D740	0x9	.data	lib/GXMisc.c	global	@431_8025D740	@431
0x8025D749	0x3	.data	lib/GXMisc.c	local	lbl_8025D749	.
0x8025D74C	0x21	.data	lib/GXMisc.c	global	@432_8025D74C	@432
0x8025D76D	0x3	.data	lib/GXMisc.c	local	lbl_8025D76D	.
0x8025D770	0x23	.data	lib/GXMisc.c	global	@451	@451
0x8025D798	0x10	.data	lib/GXFrameBuf.c	global	lbl_8025D798	.
0x8025D7A8	0x3C	.data	lib/GXFrameBuf.c	global	GXNtsc480IntDf	GXNtsc480IntDf
0x8025D7E4	0x24	.data	lib/GXFrameBuf.c	global	lbl_8025D7E4	.
0x8025D808	0x3C	.data	lib/GXFrameBuf.c	global	GXMpal480IntDf	GXMpal480IntDf
0x8025D844	0x18	.data	lib/GXFrameBuf.c	global	lbl_8025D844	.
0x8025D85C	0x3C	.data	lib/GXFrameBuf.c	global	GXPal528IntDf	GXPal528IntDf
0x8025D898	0x18	.data	lib/GXFrameBuf.c	local	lbl_8025D898	.
0x8025D8B0	0x3C	.data	lib/GXFrameBuf.c	global	GXEurgb60Hz480IntDf	GXEurgb60Hz480IntDf
0x8025D8EC	0xC	.data	lib/GXFrameBuf.c	global	lbl_8025D8EC	.
0x8025D8F8	0x5C	.data	lib/GXPerf.c	global	@182	@182
0x8025D954	0x90	.data	lib/GXPerf.c	global	@181	@181
0x8025D9E4	0x5C	.data	lib/GXPerf.c	global	@288_8025D9E4	@288
0x8025DA40	0xD	.data	lib/texPalette.c	global	@37_8025DA40	@37
0x8025DA4D	0x3	.data	lib/texPalette.c	global	lbl_8025DA4D	.
0x8025DA50	0x2B	.data	lib/texPalette.c	local	@38	@38
0x8025DA7C	0x24	.data	game/snd_str1.cpp	local	str_player_tbl.36	str_player_tbl.36
0x8025DAA0	0x200	.data	game/snd_sub0.cpp	global	Snd_dls_vol_tbl	Snd_dls_vol_tbl
0x8025DCA0	0xC0	.data	game/snd_sub0.cpp	global	Snd_lpf_tbl	Snd_lpf_tbl
0x8025DD60	0x34	.data	game/snd_iss2.cpp	local	req_cmd_se_tbl.81	req_cmd_se_tbl.81
0x8025DD94	0x4	.data	game/snd_iss4.cpp	global	lbl_8025DD94	.
0x8025DD98	0x4	.data	lib/adx_tlk.c	local	adxstm_seteos_sct	adxstm_seteos_sct
0x8025DD9C	0x4	.data	lib/adx_tlk.c	global	adxt_time_adjust_sw	adxt_time_adjust_sw
0x8025DDA0	0x30	.data	lib/sj_rbf.c	global	sjrbf_vtbl	sjrbf_vtbl
0x8025DDD0	0x4	.data	lib/sj_utl.c	local	lbl_8025DDD0	.
0x8025DDD4	0x1C0	.data	lib/sj_utl.c	global	sj_hexstr_to_val_tbl	sj_hexstr_to_val_tbl
0x8025DF98	0x4	.data	lib/ax_rna.c	global	axrna_def_src_type	axrna_def_src_type
0x8025DF9C	0x7C	.data	lib/ax_rna.c	global	axrna_pan_tbl	axrna_pan_tbl
0x8025E018	0x4	.data	lib/adx_inis.c	global	adxt_vsync_svr_flag	adxt_vsync_svr_flag
0x8025E020	0x8	.data	lib/adx_bsc.c	global	skg_dmy	skg_dmy
0x8025E028	0x4	.data	lib/adx_stmc.c	global	adxstmf_rtim_num	adxstmf_rtim_num
0x8025E02C	0x4	.data	lib/adx_stmc.c	global	adxstmf_nrml_ofst	adxstmf_nrml_ofst
0x8025E030	0x4	.data	lib/adx_stmc.c	global	adxstmf_nrml_num	adxstmf_nrml_num
0x8025E038	0x18	.data	lib/adx_mgc.c	global	adxm_save_tprm	adxm_save_tprm
0x8025E050	0x30	.data	lib/sj_mem.c	local	sjmem_vtbl	sjmem_vtbl
0x8025E080	0x4	.data	lib/adx_bwav.c	global	fmt_id$4	fmt_id$4
0x8025E084	0x4	.data	lib/adx_bwav.c	global	data_id$6	data_id$6
0x8025E088	0x200	.data	lib/adx_bau.c	global	ulaw_exp_table	ulaw_exp_table
0x8025E288	0x48	.data	game/at_sub.cpp	global	ptbl.645	ptbl.645
0x8025E2D0	0x24	.data	game/atariInfo.cpp	global	ptbl.639	ptbl.639
0x8025E2F4	0x20	.data	game/cam_extra.cpp	global	default_ofs.1383	default_ofs.1383
0x8025E314	0x1080	.data	game/cam_qfps.cpp	global	g_readyOfs	g_readyOfs
0x8025F394	0x738	.data	game/cam_qfps.cpp	global	g_transOfs	g_transOfs
0x8025FACC	0x30	.data	game/cons.cpp	local	ConsRoomDefault	ConsRoomDefault
0x8025FAFC	0x10	.data	game/db_cam.cpp	global	key_str	key_str
0x8025FB0C	0x20	.data	game/db_cam.cpp	global	camera_type_tbl.930	camera_type_tbl.930
0x8025FB2C	0x20	.data	game/db_cam.cpp	global	sel0_menu_tbl.954	sel0_menu_tbl.954
0x8025FB4C	0xC	.data	game/db_cam.cpp	local	campos.957	campos.957
0x8025FB58	0xC	.data	game/db_cam.cpp	global	target.958	target.958
0x8025FB64	0xC	.data	game/db_cam.cpp	global	up.959	up.959
0x8025FB70	0x10	.data	game/db_cam.cpp	local	str.963	str.963
0x8025FB80	0x1C	.data	game/db_cam.cpp	global	menu_str.968	menu_str.968
0x8025FB9C	0x18	.data	game/db_cam.cpp	local	mode_str.969	mode_str.969
0x8025FBB4	0x14	.data	game/db_cam.cpp	global	target_str.970	target_str.970
0x8025FBC8	0x20	.data	game/db_cam.cpp	global	camera_type_tbl.981	camera_type_tbl.981
0x8025FBE8	0x14	.data	game/db_cam.cpp	global	menu_str.999	menu_str.999
0x8025FBFC	0xC	.data	game/db_cam.cpp	global	umd_str.1013	umd_str.1013
0x8025FC08	0x220	.data	game/db_menu.cpp	global	menu	menu
0x8025FE28	0x24	.data	game/dbmodule.cpp	global	ptbl.738	ptbl.738
0x8025FE4C	0x7F0	.data	game/dvd.cpp	global	FileTbl	FileTbl
0x8026063C	0x20	.data	game/dvd.cpp	global	trans_proc_tbl.1311	trans_proc_tbl.1311
0x8026065C	0x38	.data	game/dvd.cpp	local	blk_tbl.1312	blk_tbl.1312
0x80260694	0x20	.data	game/dvd.cpp	global	func_tbl.1322	func_tbl.1322
0x802606B4	0x120	.data	game/dvd.cpp	local	mes_pos	mes_pos
0x802607D4	0x14	.data	game/dvd.cpp	global	queue_stat	queue_stat
0x802607E8	0x344	.data	game/eff_sys.cpp	global	owner_name_tbl	owner_name_tbl
0x80260B2C	0x180	.data	game/em.cpp	global	_6cEmMgr.idName	cEmMgr::idName
0x80260CAC	0x5B	.data	game/em_cloth.cpp	global	em34ClothP2	em34ClothP2
0x80260D07	0x1	.data	game/em_cloth.cpp	local	lbl_80260D07	.
0x80260D08	0x5B	.data	game/em_cloth.cpp	global	em34ClothUp2	em34ClothUp2
0x80260D63	0x1	.data	game/em_cloth.cpp	global	lbl_80260D63	.
0x80260D64	0x5B	.data	game/em_cloth.cpp	global	em34ClothDp2	em34ClothDp2
0x80260DBF	0x1	.data	game/em_cloth.cpp	global	lbl_80260DBF	.
0x80260DC0	0x5B	.data	game/em_cloth.cpp	global	em34ClothLp2	em34ClothLp2
0x80260E1B	0x1	.data	game/em_cloth.cpp	global	lbl_80260E1B	.
0x80260E1C	0x16C	.data	game/em_cloth.cpp	global	em34ClothMax2	em34ClothMax2
0x80260F88	0x240	.data	game/em_cloth.cpp	global	em34ClothAt2_LongStride	em34ClothAt2_LongStride
0x802611C8	0xB4	.data	game/em_cloth.cpp	local	em34ClothAt	em34ClothAt
0x8026127C	0x1B	.data	game/em_cloth.cpp	global	em18ClothP	em18ClothP
0x80261297	0x1	.data	game/em_cloth.cpp	global	lbl_80261297	.
0x80261298	0x1B	.data	game/em_cloth.cpp	global	em18ClothUp	em18ClothUp
0x802612B3	0x1	.data	game/em_cloth.cpp	global	lbl_802612B3	.
0x802612B4	0x1B	.data	game/em_cloth.cpp	global	em18ClothDp	em18ClothDp
0x802612CF	0x1	.data	game/em_cloth.cpp	global	lbl_802612CF	.
0x802612D0	0x1B	.data	game/em_cloth.cpp	global	em18ClothLp	em18ClothLp
0x802612EB	0x1	.data	game/em_cloth.cpp	local	lbl_802612EB	.
0x802612EC	0x6C	.data	game/em_cloth.cpp	global	em18ClothMax	em18ClothMax
0x80261358	0x6C	.data	game/em_cloth.cpp	global	em18ClothRate	em18ClothRate
0x802613C4	0x21C	.data	game/em_cloth.cpp	global	em18ClothAt	em18ClothAt
0x802615E0	0x20	.data	game/em_cloth.cpp	local	em37HairMax	em37HairMax
0x80261600	0x20	.data	game/em_cloth.cpp	global	em37HairRate	em37HairRate
0x80261620	0x120	.data	game/em_cloth.cpp	global	em37HairAt	em37HairAt
0x80261740	0x27	.data	game/em_cloth.cpp	global	em37CoatP	em37CoatP
0x80261767	0x1	.data	game/em_cloth.cpp	global	lbl_80261767	.
0x80261768	0x27	.data	game/em_cloth.cpp	local	em37CoatUp	em37CoatUp
0x8026178F	0x1	.data	game/em_cloth.cpp	global	lbl_8026178F	.
0x80261790	0x27	.data	game/em_cloth.cpp	global	em37CoatDp	em37CoatDp
0x802617B7	0x1	.data	game/em_cloth.cpp	global	lbl_802617B7	.
0x802617B8	0x27	.data	game/em_cloth.cpp	local	em37CoatLp	em37CoatLp
0x802617DF	0x1	.data	game/em_cloth.cpp	global	lbl_802617DF	.
0x802617E0	0x9C	.data	game/em_cloth.cpp	global	em37CoatMax	em37CoatMax
0x8026187C	0x9C	.data	game/em_cloth.cpp	local	em37CoatRate	em37CoatRate
0x80261918	0x1B0	.data	game/em_cloth.cpp	local	em37CoatAt	em37CoatAt
0x80261AC8	0x3C	.data	game/em_cloth.cpp	local	em33HairP	em33HairP
0x80261B04	0x3C	.data	game/em_cloth.cpp	local	em33HairUp	em33HairUp
0x80261B40	0x3C	.data	game/em_cloth.cpp	local	em33HairDp	em33HairDp
0x80261B7C	0x3C	.data	game/em_cloth.cpp	local	em33ClothLp	em33ClothLp
0x80261BB8	0xF0	.data	game/em_cloth.cpp	local	em33HairMax	em33HairMax
0x80261CA8	0x264	.data	game/em_cloth.cpp	local	em33HairAt	em33HairAt
0x80261F0C	0x264	.data	game/em_cloth.cpp	local	em33HairAtSmall	em33HairAtSmall
0x80262170	0x2E	.data	game/em_cloth.cpp	local	em33HairP2	em33HairP2
0x8026219E	0x2	.data	game/em_cloth.cpp	local	lbl_8026219E	.
0x802621A0	0x2E	.data	game/em_cloth.cpp	global	em33HairUp2	em33HairUp2
0x802621CE	0x2	.data	game/em_cloth.cpp	local	lbl_802621CE	.
0x802621D0	0x2E	.data	game/em_cloth.cpp	local	em33HairDp2	em33HairDp2
0x802621FE	0x2	.data	game/em_cloth.cpp	local	lbl_802621FE	.
0x80262200	0x2E	.data	game/em_cloth.cpp	local	em33ClothLp2	em33ClothLp2
0x8026222E	0x2	.data	game/em_cloth.cpp	global	lbl_8026222E	.
0x80262230	0xB8	.data	game/em_cloth.cpp	global	em33HairMax2	em33HairMax2
0x802622E8	0x18C	.data	game/em_cloth.cpp	local	em33HairAt2	em33HairAt2
0x80262474	0x18C	.data	game/em_cloth.cpp	local	em33HairAt2Small	em33HairAt2Small
0x80262600	0xB4	.data	game/em_cloth.cpp	local	em2bRopeAt	em2bRopeAt
0x802626B4	0x31	.data	game/em_cloth.cpp	local	em30ClothP	em30ClothP
0x802626E5	0x3	.data	game/em_cloth.cpp	global	lbl_802626E5	.
0x802626E8	0x31	.data	game/em_cloth.cpp	local	em30ClothUp	em30ClothUp
0x80262719	0x3	.data	game/em_cloth.cpp	local	lbl_80262719	.
0x8026271C	0x31	.data	game/em_cloth.cpp	local	em30ClothDp	em30ClothDp
0x8026274D	0x3	.data	game/em_cloth.cpp	global	lbl_8026274D	.
0x80262750	0x31	.data	game/em_cloth.cpp	global	em30ClothLp	em30ClothLp
0x80262781	0x3	.data	game/em_cloth.cpp	local	lbl_80262781	.
0x80262784	0xC4	.data	game/em_cloth.cpp	local	em30ClothMax	em30ClothMax
0x80262848	0xC4	.data	game/em_cloth.cpp	global	em30ClothWindS	em30ClothWindS
0x8026290C	0xC4	.data	game/em_cloth.cpp	local	em30ClothWindR	em30ClothWindR
0x802629D0	0x48	.data	game/em_cloth.cpp	global	em30ClothAt	em30ClothAt
0x80262A18	0x1E	.data	game/em_cloth.cpp	local	em30ClothP2	em30ClothP2
0x80262A36	0x2	.data	game/em_cloth.cpp	global	lbl_80262A36	.
0x80262A38	0x1E	.data	game/em_cloth.cpp	global	em30ClothUp2	em30ClothUp2
0x80262A56	0x2	.data	game/em_cloth.cpp	local	lbl_80262A56	.
0x80262A58	0x1E	.data	game/em_cloth.cpp	global	em30ClothDp2	em30ClothDp2
0x80262A76	0x2	.data	game/em_cloth.cpp	local	lbl_80262A76	.
0x80262A78	0x1E	.data	game/em_cloth.cpp	local	em30ClothLp2	em30ClothLp2
0x80262A96	0x2	.data	game/em_cloth.cpp	global	lbl_80262A96	.
0x80262A98	0x78	.data	game/em_cloth.cpp	global	em30ClothMax2	em30ClothMax2
0x80262B10	0xB8	.data	game/em_dm_val.cpp	global	Dmg_tbl_em10	Dmg_tbl_em10
0x80262BC8	0xB8	.data	game/em_dm_val.cpp	global	Dmg_tbl_em31	Dmg_tbl_em31
0x80262C80	0xB8	.data	game/em_dm_val.cpp	local	Dmg_tbl_em36	Dmg_tbl_em36
0x80262D38	0xB8	.data	game/em_dm_val.cpp	global	Dmg_tbl_em39	Dmg_tbl_em39
0x80262DF0	0xB8	.data	game/em_dm_val.cpp	local	Dmg_tbl_em3c	Dmg_tbl_em3c
0x80262EA8	0xB8	.data	game/em_dm_val.cpp	local	Dmg_tbl_em2b	Dmg_tbl_em2b
0x80262F60	0xB8	.data	game/em_dm_val.cpp	global	Dmg_tbl_em2c	Dmg_tbl_em2c
0x80263018	0xB8	.data	game/em_dm_val.cpp	local	Dmg_tbl_em2d	Dmg_tbl_em2d
0x802630D0	0xB8	.data	game/em_dm_val.cpp	local	Dmg_tbl_sml	Dmg_tbl_sml
0x80263188	0x508	.data	game/em_dm_val.cpp	global	WeaponLevelTbl	WeaponLevelTbl
0x80263690	0x54	.data	game/em_dm_val.cpp	global	WeaponLevelTblShotGun	WeaponLevelTblShotGun
0x802636E4	0xC	.data	game/em_sub.cpp	local	adjust_add	adjust_add
0x802636F0	0x10	.data	game/emBarred.cpp	global	EmBarred_R1_move_tbl	EmBarred_R1_move_tbl
0x80263700	0x10	.data	game/embarrel.cpp	local	EmBarrel_R0_move_tbl	EmBarrel_R0_move_tbl
0x80263710	0xC	.data	game/embarrel.cpp	local	EmBarrel_R1_move_tbl	EmBarrel_R1_move_tbl
0x8026371C	0x10	.data	game/embox.cpp	local	EmBox_R0_move_tbl	EmBox_R0_move_tbl
0x8026372C	0x28	.data	game/emdoor.cpp	local	emDoor_xflip_tbl	emDoor_xflip_tbl
0x80263754	0x14	.data	game/emdoor.cpp	global	EmDoor_R0_move_tbl	EmDoor_R0_move_tbl
0x80263768	0x28	.data	game/emdoor.cpp	local	EmDoor_R1_move_tbl	EmDoor_R1_move_tbl
0x80263790	0x10	.data	game/emhit.cpp	local	EmHit_R0_move_tbl	EmHit_R0_move_tbl
0x802637A0	0x10	.data	game/emhit.cpp	global	EmHit_R1_move_tbl	EmHit_R1_move_tbl
0x802637B0	0x10	.data	game/emitem.cpp	local	EmItem_R0_move_tbl	EmItem_R0_move_tbl
0x802637C0	0x14	.data	game/emitem.cpp	local	EmItem_R1_move_tbl	EmItem_R1_move_tbl
0x802637D4	0x10	.data	game/emmine.cpp	global	EmMine_R0_move_tbl	EmMine_R0_move_tbl
0x802637E4	0x24	.data	game/emmine.cpp	local	EmMine_R1_move_tbl	EmMine_R1_move_tbl
0x80263808	0x14	.data	game/emrack.cpp	local	EmRack_R0_move_tbl	EmRack_R0_move_tbl
0x8026381C	0x10	.data	game/emrack.cpp	global	EmRack_R1_move_tbl	EmRack_R1_move_tbl
0x8026382C	0x10	.data	game/emrock.cpp	global	EmRock_R0_move_tbl	EmRock_R0_move_tbl
0x8026383C	0x24	.data	game/emrock.cpp	local	EmRock_R1_move_tbl	EmRock_R1_move_tbl
0x80263860	0x10	.data	game/emrock.cpp	local	emRockAtk	emRockAtk
0x80263870	0xF8	.data	game/emrock.cpp	local	emRockCam	emRockCam
0x80263968	0xC	.data	game/emrock.cpp	local	emRock_campos.1680	emRock_campos.1680
0x80263974	0xC	.data	game/emrock.cpp	local	emRock_target.1681	emRock_target.1681
0x80263980	0xC	.data	game/emrock.cpp	local	emRock_campos.1685	emRock_campos.1685
0x8026398C	0xC	.data	game/emrock.cpp	global	emRock_target.1686	emRock_target.1686
0x80263998	0x10	.data	game/emshield.cpp	local	EmShield_R0_move_tbl	EmShield_R0_move_tbl
0x802639A8	0x14	.data	game/emshield.cpp	local	EmShield_R1_move_tbl	EmShield_R1_move_tbl
0x802639BC	0xC	.data	game/emswitch.cpp	local	EmSwitch_R1_move_tbl	EmSwitch_R1_move_tbl
0x802639C8	0x10	.data	game/emtorch.cpp	local	EmTorch_R0_move_tbl	EmTorch_R0_move_tbl
0x802639D8	0x10	.data	game/emtorch.cpp	global	EmTorch_R1_move_tbl	EmTorch_R1_move_tbl
0x802639E8	0x10	.data	game/emtree.cpp	global	EmTree_R0_move_tbl	EmTree_R0_move_tbl
0x802639F8	0x1C	.data	game/emtree.cpp	global	EmTree_R1_move_tbl	EmTree_R1_move_tbl
0x80263A14	0x10	.data	game/emtree.cpp	global	emTreeAtk	emTreeAtk
0x80263A24	0x828	.data	game/emwindow.cpp	global	WindowData	WindowData
0x8026424C	0x64	.data	game/eprintf.cpp	global	color_data	color_data
0x802642B0	0x30	.data	game/esp_sub.cpp	global	Matrix1.811	Matrix1.811
0x802642E0	0x30	.data	game/esp_sub.cpp	global	Matrix2.812	Matrix2.812
0x80264310	0x30	.data	game/esp_sub.cpp	global	Matrix.821	Matrix.821
0x80264340	0x60	.data	game/esp_sub.cpp	global	bl.864	bl.864
0x802643A0	0x18	.data	game/espgen.cpp	global	EspgenMoveTblApp	EspgenMoveTblApp
0x802643B8	0x18	.data	game/espgen.cpp	global	EspgenTransTblApp	EspgenTransTblApp
0x802643D0	0x18	.data	game/espgen.cpp	global	EspgenSetFreeWorkTblApp	EspgenSetFreeWorkTblApp
0x802643E8	0x18	.data	game/espgen.cpp	local	EspgenDestructTblApp	EspgenDestructTblApp
0x80264400	0x100	.data	game/espgen.cpp	local	EspgenMoveTbl	EspgenMoveTbl
0x80264500	0x100	.data	game/espgen.cpp	global	EspgenTransTbl	EspgenTransTbl
0x80264600	0x100	.data	game/espgen.cpp	local	EspgenSetFreeWorkTbl	EspgenSetFreeWorkTbl
0x80264700	0x100	.data	game/espgen.cpp	global	EspgenDestructTbl	EspgenDestructTbl
0x80264800	0x30	.data	game/espgen01.cpp	local	hide_x_tbl.856	hide_x_tbl.856
0x80264830	0x30	.data	game/espgen01.cpp	local	hide_y_tbl.857	hide_y_tbl.857
0x80264860	0x33	.data	game/EtcModel.cpp	local	etc_day_rgb	etc_day_rgb
0x80264893	0x33	.data	game/EtcModel.cpp	global	etc_night_rgb	etc_night_rgb
0x802648C6	0x33	.data	game/EtcModel.cpp	global	etc_day2_rgb	etc_day2_rgb
0x802648F9	0x33	.data	game/EtcModel.cpp	global	etc_day3_rgb	etc_day3_rgb
0x8026492C	0x33	.data	game/EtcModel.cpp	global	etc_day4_rgb	etc_day4_rgb
0x8026495F	0x1	.data	game/EtcModel.cpp	global	lbl_8026495F	.
0x80264960	0x84	.data	game/event.cpp	global	packetTbl.2631	packetTbl.2631
0x802649E4	0x1C20	.data	game/examine.cpp	local	exam_info	exam_info
0x80266604	0x40	.data	game/examine.cpp	global	exam_info_ext	exam_info_ext
0x80266644	0xC	.data	game/examine.cpp	local	_campos.1058	_campos.1058
0x80266650	0xC	.data	game/examine.cpp	global	_target.1059	_target.1059
0x8026665C	0xC	.data	game/examine.cpp	local	_up.1060	_up.1060
0x80266668	0x30	.data	game/foot_shadow_tbl.cpp	global	pl_fsd_dat	pl_fsd_dat
0x80266698	0x30	.data	game/foot_shadow_tbl.cpp	global	Em10_fsd_dat	Em10_fsd_dat
0x802666C8	0x30	.data	game/foot_shadow_tbl.cpp	global	Em2b_fsd_dat	Em2b_fsd_dat
0x802666F8	0x30	.data	game/foot_shadow_tbl.cpp	global	Em2c_fsd_dat	Em2c_fsd_dat
0x80266728	0x20	.data	game/foot_shadow_tbl.cpp	global	Obm72_fsd_dat	Obm72_fsd_dat
0x80266748	0x90	.data	game/foot_shadow_tbl.cpp	global	Em32_fsd_dat	Em32_fsd_dat
0x802667D8	0x44	.data	game/game.cpp	global	LightFuncTbl	LightFuncTbl
0x8026681C	0x1C	.data	game/game.cpp	global	game_func_tbl.2259	game_func_tbl.2259
0x80266838	0x2C	.data	game/libgpu.cpp	global	tbl.321	tbl.321
0x80266864	0x10	.data	game/light.cpp	global	funcTbl.1017	funcTbl.1017
0x80266874	0x3C	.data	game/main_sub.cpp	global	Rmode	Rmode
0x802668B0	0x28	.data	game/math_sub.cpp	global	Coeff	Coeff
0x802668D8	0x18	.data	game/model.cpp	global	ptbl.1039	ptbl.1039
0x802668F0	0x14	.data	game/motion.cpp	global	kind_str.658	kind_str.658
0x80266904	0x40	.data	game/motion.cpp	global	Fcc_get_data_tbl.707	Fcc_get_data_tbl.707
0x80266944	0x10	.data	game/obj01.cpp	global	funcTbl.282	funcTbl.918
0x80266954	0x80	.data	game/obj02.cpp	global	funcTbl.615	funcTbl.615
0x802669D4	0xC	.data	game/obj03.cpp	global	bp.582	bp.582
0x802669E0	0x60	.data	game/obj08.cpp	global	obj08HitBox	obj08HitBox
0x80266A40	0x60	.data	game/obj09.cpp	global	pos_tbl	pos_tbl
0x80266AA0	0x10	.data	game/obj10.cpp	global	funcTbl.345	funcTbl.918
0x80266AB0	0x10	.data	game/obj12.cpp	global	obj12Atk.702	obj12Atk.702
0x80266AC0	0x200	.data	game/pad.cpp	global	Key_type_tbl	Key_type_tbl
0x80266CC0	0xC	.data	game/pendulum.cpp	global	GlobalWind	GlobalWind
0x80266CCC	0x15	.data	game/pl_cloth.cpp	global	leonHairP	leonHairP
0x80266CE1	0x3	.data	game/pl_cloth.cpp	global	lbl_80266CE1	.
0x80266CE4	0x15	.data	game/pl_cloth.cpp	global	leonHairUp	leonHairUp
0x80266CF9	0x3	.data	game/pl_cloth.cpp	global	lbl_80266CF9	.
0x80266CFC	0x15	.data	game/pl_cloth.cpp	global	leonHairDp	leonHairDp
0x80266D11	0x3	.data	game/pl_cloth.cpp	global	lbl_80266D11	.
0x80266D14	0x54	.data	game/pl_cloth.cpp	global	leonHairMax	leonHairMax
0x80266D68	0x54	.data	game/pl_cloth.cpp	global	leonHairWindS	leonHairWindS
0x80266DBC	0x54	.data	game/pl_cloth.cpp	global	leonHairWindR	leonHairWindR
0x80266E10	0x90	.data	game/pl_cloth.cpp	global	leonHairAt	leonHairAt
0x80266EA0	0x18	.data	game/pl_cloth.cpp	global	leonJacketP	leonJacketP
0x80266EB8	0x18	.data	game/pl_cloth.cpp	global	leonJacketLp	leonJacketLp
0x80266ED0	0x18	.data	game/pl_cloth.cpp	global	leonJacketRp	leonJacketRp
0x80266EE8	0x18	.data	game/pl_cloth.cpp	global	leonJacketUp	leonJacketUp
0x80266F00	0x18	.data	game/pl_cloth.cpp	global	leonJacketDp	leonJacketDp
0x80266F18	0x60	.data	game/pl_cloth.cpp	global	leonJacketMax	leonJacketMax
0x80266F78	0x60	.data	game/pl_cloth.cpp	global	leonJacketWindS	leonJacketWindS
0x80266FD8	0x60	.data	game/pl_cloth.cpp	global	leonJacketWindR	leonJacketWindR
0x80267038	0xD8	.data	game/pl_cloth.cpp	global	leonJacketAt	leonJacketAt
0x80267110	0x24	.data	game/pl_cloth.cpp	global	leonHolsterAt	leonHolsterAt
0x80267134	0x15	.data	game/pl_cloth.cpp	global	girlHairP	girlHairP
0x80267149	0x3	.data	game/pl_cloth.cpp	global	lbl_80267149	.
0x8026714C	0x15	.data	game/pl_cloth.cpp	global	girlHairUp	girlHairUp
0x80267161	0x3	.data	game/pl_cloth.cpp	global	lbl_80267161	.
0x80267164	0x15	.data	game/pl_cloth.cpp	global	girlHairDp	girlHairDp
0x80267179	0x3	.data	game/pl_cloth.cpp	global	lbl_80267179	.
0x8026717C	0x54	.data	game/pl_cloth.cpp	global	girlHairMax	girlHairMax
0x802671D0	0x54	.data	game/pl_cloth.cpp	global	girlHairMaxEvt	girlHairMaxEvt
0x80267224	0x54	.data	game/pl_cloth.cpp	global	girlHairWindS	girlHairWindS
0x80267278	0x54	.data	game/pl_cloth.cpp	global	girlHairWindR	girlHairWindR
0x802672CC	0xB4	.data	game/pl_cloth.cpp	global	girlHairAt	girlHairAt
0x80267380	0xFC	.data	game/pl_cloth.cpp	global	girlHairAtEvt	girlHairAtEvt
0x8026747C	0x30	.data	game/pl_cloth.cpp	global	girlSkirtP	girlSkirtP
0x802674AC	0x30	.data	game/pl_cloth.cpp	global	girlSkirtLp	girlSkirtLp
0x802674DC	0x30	.data	game/pl_cloth.cpp	global	girlSkirtUp	girlSkirtUp
0x8026750C	0x30	.data	game/pl_cloth.cpp	global	girlSkirtDp	girlSkirtDp
0x8026753C	0xC0	.data	game/pl_cloth.cpp	global	girlSkirtMax	girlSkirtMax
0x802675FC	0xC0	.data	game/pl_cloth.cpp	global	girlSkirtMaxEvt	girlSkirtMaxEvt
0x802676BC	0xC0	.data	game/pl_cloth.cpp	global	girlSkirtWindS	girlSkirtWindS
0x8026777C	0xC0	.data	game/pl_cloth.cpp	global	girlSkirtWindR	girlSkirtWindR
0x8026783C	0x18C	.data	game/pl_cloth.cpp	global	girlSkirtAt	girlSkirtAt
0x802679C8	0x18C	.data	game/pl_cloth.cpp	global	girlSkirtAtEvt	girlSkirtAtEvt
0x80267B54	0x20	.data	game/pl_cloth.cpp	global	girlSweaterMax	girlSweaterMax
0x80267B74	0x20	.data	game/pl_cloth.cpp	global	girlSweaterWindS	girlSweaterWindS
0x80267B94	0x20	.data	game/pl_cloth.cpp	global	girlSweaterWindR	girlSweaterWindR
0x80267BB4	0xD8	.data	game/pl_cloth.cpp	global	girlSweaterAt	girlSweaterAt
0x80267C8C	0xC	.data	game/pl_cloth.cpp	global	girlRibbonP	girlRibbonP
0x80267C98	0xC	.data	game/pl_cloth.cpp	global	girlRibbonUp	girlRibbonUp
0x80267CA4	0xC	.data	game/pl_cloth.cpp	global	girlRibbonDp	girlRibbonDp
0x80267CB0	0x30	.data	game/pl_cloth.cpp	global	girlRibbonMax	girlRibbonMax
0x80267CE0	0x30	.data	game/pl_cloth.cpp	global	girlRibbonWindS	girlRibbonWindS
0x80267D10	0x30	.data	game/pl_cloth.cpp	global	girlRibbonWindR	girlRibbonWindR
0x80267D40	0x120	.data	game/pl_cloth.cpp	global	girlRibbonAt	girlRibbonAt
0x80267E60	0x1A	.data	game/pl_cloth.cpp	global	luisHairP	luisHairP
0x80267E7A	0x2	.data	game/pl_cloth.cpp	global	lbl_80267E7A	.
0x80267E7C	0x1A	.data	game/pl_cloth.cpp	global	luisHairUp	luisHairUp
0x80267E96	0x2	.data	game/pl_cloth.cpp	global	lbl_80267E96	.
0x80267E98	0x1A	.data	game/pl_cloth.cpp	global	luisHairDp	luisHairDp
0x80267EB2	0x2	.data	game/pl_cloth.cpp	local	lbl_80267EB2	.
0x80267EB4	0x68	.data	game/pl_cloth.cpp	global	luisHairMax	luisHairMax
0x80267F1C	0x68	.data	game/pl_cloth.cpp	global	luisHairWindS	luisHairWindS
0x80267F84	0x68	.data	game/pl_cloth.cpp	global	luisHairWindR	luisHairWindR
0x80267FEC	0xFC	.data	game/pl_cloth.cpp	global	luisHairAt	luisHairAt
0x802680E8	0x92	.data	game/pl_cloth.cpp	global	adaDressP	adaDressP
0x8026817A	0x2	.data	game/pl_cloth.cpp	local	lbl_8026817A	.
0x8026817C	0x92	.data	game/pl_cloth.cpp	global	adaDressUp	adaDressUp
0x8026820E	0x2	.data	game/pl_cloth.cpp	global	lbl_8026820E	.
0x80268210	0x92	.data	game/pl_cloth.cpp	global	adaDressDp	adaDressDp
0x802682A2	0x2	.data	game/pl_cloth.cpp	global	lbl_802682A2	.
0x802682A4	0x92	.data	game/pl_cloth.cpp	global	adaDressLp	adaDressLp
0x80268336	0x2	.data	game/pl_cloth.cpp	global	lbl_80268336	.
0x80268338	0x92	.data	game/pl_cloth.cpp	global	adaDressULp	adaDressULp
0x802683CA	0x2	.data	game/pl_cloth.cpp	global	lbl_802683CA	.
0x802683CC	0x248	.data	game/pl_cloth.cpp	global	adaDressMax	adaDressMax
0x80268614	0x248	.data	game/pl_cloth.cpp	global	adaDressWindS	adaDressWindS
0x8026885C	0x248	.data	game/pl_cloth.cpp	global	adaDressWindR	adaDressWindR
0x80268AA4	0x4EC	.data	game/pl_cloth.cpp	global	adaDressAt	adaDressAt
0x80268F90	0xE	.data	game/pl_cloth.cpp	global	adaHairP	adaHairP
0x80268F9E	0x2	.data	game/pl_cloth.cpp	global	lbl_80268F9E	.
0x80268FA0	0xE	.data	game/pl_cloth.cpp	global	adaHairUp	adaHairUp
0x80268FAE	0x2	.data	game/pl_cloth.cpp	global	lbl_80268FAE	.
0x80268FB0	0xE	.data	game/pl_cloth.cpp	global	adaHairDp	adaHairDp
0x80268FBE	0x2	.data	game/pl_cloth.cpp	global	lbl_80268FBE	.
0x80268FC0	0x38	.data	game/pl_cloth.cpp	global	adaHairMax	adaHairMax
0x80268FF8	0x38	.data	game/pl_cloth.cpp	global	adaHairWindS	adaHairWindS
0x80269030	0x38	.data	game/pl_cloth.cpp	global	adaHairWindR	adaHairWindR
0x80269068	0xD8	.data	game/pl_cloth.cpp	global	adaHairAt	adaHairAt
0x80269140	0x16	.data	game/pl_cloth.cpp	global	adaRibbonP	adaRibbonP
0x80269156	0x2	.data	game/pl_cloth.cpp	local	lbl_80269156	.
0x80269158	0x16	.data	game/pl_cloth.cpp	global	adaRibbonUp	adaRibbonUp
0x8026916E	0x2	.data	game/pl_cloth.cpp	local	lbl_8026916E	.
0x80269170	0x16	.data	game/pl_cloth.cpp	global	adaRibbonDp	adaRibbonDp
0x80269186	0x2	.data	game/pl_cloth.cpp	local	lbl_80269186	.
0x80269188	0x58	.data	game/pl_cloth.cpp	global	adaRibbonMax	adaRibbonMax
0x802691E0	0x58	.data	game/pl_cloth.cpp	global	adaRibbonWindS	adaRibbonWindS
0x80269238	0x58	.data	game/pl_cloth.cpp	global	adaRibbonWindR	adaRibbonWindR
0x80269290	0x168	.data	game/pl_cloth.cpp	global	adaRibbonAt	adaRibbonAt
0x802693F8	0xC	.data	game/pl_wep.cpp	global	vecz.1341	vecz.1341
0x80269404	0xC	.data	game/pl_wep.cpp	global	vecz.1345	vecz.1345
0x80269410	0xC	.data	game/pl_wep.cpp	global	angR.1349	angR.1349
0x8026941C	0xC	.data	game/pl_wep.cpp	local	angB.1350	angB.1350
0x80269428	0x1BA8	.data	game/puzzle.cpp	global	piece_info	piece_info
0x8026AFD0	0x10	.data	game/quake.cpp	global	rnd_tbl.459	rnd_tbl.459
0x8026AFE0	0x200	.data	game/read.cpp	global	EmFileTbl	EmFileTbl
0x8026B1E0	0x200	.data	game/read.cpp	global	EmFileTbl_Ada	EmFileTbl_Ada
0x8026B3E0	0x200	.data	game/read.cpp	global	EmFileTbl_Wesker	EmFileTbl_Wesker
0x8026B5E0	0x200	.data	game/read.cpp	global	EmFileTbl_Klauser	EmFileTbl_Klauser
0x8026B7E0	0x170	.data	game/read.cpp	global	wep_data_leon	wep_data_leon
0x8026B950	0x170	.data	game/read.cpp	global	wep_data_ada	wep_data_ada
0x8026BAC0	0x170	.data	game/read.cpp	local	wep_data_hunk	wep_data_hunk
0x8026BC30	0x170	.data	game/read.cpp	local	wep_data_wesker	wep_data_wesker
0x8026BDA0	0x170	.data	game/read.cpp	global	wep_data_klauser	wep_data_klauser
0x8026BF10	0x10	.data	game/room_jmp.cpp	global	tbl.1326	tbl.1326
0x8026BF20	0x324	.data	game/roomdata.cpp	global	St0_data_tbl	St0_data_tbl
0x8026C244	0x18C	.data	game/roomdata.cpp	global	St1_data_tbl	St1_data_tbl
0x8026C3D0	0x228	.data	game/roomdata.cpp	global	St2_data_tbl	St2_data_tbl
0x8026C5F8	0x270	.data	game/roomdata.cpp	global	St3_data_tbl	St3_data_tbl
0x8026C868	0xD8	.data	game/roomdata.cpp	global	St4_data_tbl	St4_data_tbl
0x8026C940	0x50	.data	game/roomdata.cpp	local	Room_data_tbl	Room_data_tbl
0x8026C990	0xA8	.data	game/sce_at.cpp	local	sceAtFunc_tbl	sceAtFunc_tbl
0x8026CA38	0xC	.data	game/scroll.cpp	local	DmyZeroTpl	DmyZeroTpl
0x8026CA44	0x80	.data	game/scroll.cpp	local	ScrIdRefTbl	ScrIdRefTbl
0x8026CAC4	0x2C	.data	game/stage.cpp	global	emlist_name	emlist_name
0x8026CAF0	0x2C	.data	game/stage.cpp	global	emlist_dbg_name	emlist_dbg_name
0x8026CB1C	0x5A	.data	game/stage.cpp	global	st1_target_tbl	st1_target_tbl
0x8026CB76	0x2	.data	game/stage.cpp	global	lbl_8026CB76	.
0x8026CB78	0xD8	.data	game/t_bugcheck.cpp	global	menu.990	menu.990
0x8026CC50	0xC	.data	game/t_bugcheck.cpp	local	wep_mugen_str.991	wep_mugen_str.991
0x8026CC5C	0x14	.data	game/t_bugcheck.cpp	global	pl_speed_str.992	pl_speed_str.992
0x8026CC70	0x1F4	.data	game/t_flag.cpp	local	dbg_s	dbg_s
0x8026CE64	0x6C	.data	game/t_flag.cpp	global	spf_s	spf_s
0x8026CED0	0x1A4	.data	game/t_flag.cpp	global	sta_s	sta_s
0x8026D074	0x18	.data	game/t_flag.cpp	global	cfg_s	cfg_s
0x8026D08C	0x100	.data	game/t_flag.cpp	global	scf_s	scf_s
0x8026D18C	0x40	.data	game/t_flag.cpp	global	itf_s	itf_s
0x8026D1CC	0x54	.data	game/t_flag.cpp	local	dpf_s	dpf_s
0x8026D220	0x74	.data	game/t_flag.cpp	local	sys_s	sys_s
0x8026D294	0xF0	.data	game/t_flag.cpp	local	fe_data	fe_data
0x8026D384	0x10	.data	game/t_option.cpp	local	funcTbl.1167	funcTbl.1167
0x8026D394	0xC	.data	game/t_option.cpp	local	menuStr.1174	menuStr.1174
0x8026D3A0	0x20	.data	game/t_option.cpp	local	funcTbl.1181	funcTbl.1181
0x8026D3C0	0x1C	.data	game/t_option.cpp	local	menuStr.1185	menuStr.1185
0x8026D3DC	0xB8	.data	game/t_option.cpp	local	strWepName.1199	strWepName.1199
0x8026D494	0x10	.data	game/t_option.cpp	local	wepType.1200	wepType.1200
0x8026D4A4	0xC	.data	game/t_option.cpp	local	scopeType.1202	scopeType.1202
0x8026D4B0	0xC	.data	game/t_option.cpp	global	rocketType.1203	rocketType.1203
0x8026D4BC	0x48	.data	game/t_option.cpp	global	pFileName.1213	pFileName.1213
0x8026D504	0xC	.data	game/t_option.cpp	global	funcTbl.1219	funcTbl.1219
0x8026D510	0x18	.data	game/t_option.cpp	global	strMode.1230	strMode.1230
0x8026D528	0x18	.data	game/t_prim.cpp	global	Vrect	Vrect
0x8026D540	0x30	.data	game/t_prim.cpp	global	bl.372	bl.372
0x8026D570	0xC	.data	game/t_sc_shot.cpp	local	trg_str.477	trg_str.477
0x8026D57C	0x20	.data	game/title.cpp	global	titleFuncTbl.1611	titleFuncTbl.1611
0x8026D59C	0x11	.data	game/title.cpp	global	title_dat.1621	title_dat.1621
0x8026D5AD	0x3	.data	game/title.cpp	local	lbl_8026D5AD	.
0x8026D5B0	0x12	.data	game/title.cpp	local	omake_dat.1661	omake_dat.1661
0x8026D5C2	0x2	.data	game/title.cpp	local	lbl_8026D5C2	.
0x8026D5C4	0x54	.data	game/title.cpp	local	title_debug_tbl.1677	title_debug_tbl.1677
0x8026D618	0x1C	.data	game/title.cpp	local	pl_type_tbl.1678	pl_type_tbl.1678
0x8026D634	0xC	.data	game/title.cpp	local	sound_mode.1679	sound_mode.1679
0x8026D640	0xC	.data	game/title.cpp	local	shoot_mode.1680	shoot_mode.1680
0x8026D64C	0x20	.data	game/title.cpp	global	language_tbl.1681	language_tbl.1681
0x8026D66C	0x1C	.data	game/title.cpp	local	game_mode_tbl.1682	game_mode_tbl.1682
0x8026D688	0x40	.data	game/trans.cpp	global	tbl.1101	tbl.1101
0x8026D6C8	0x10	.data	game/trans.cpp	local	tbl.1117	tbl.1117
0x8026D6D8	0x50	.data	game/trans.cpp	local	bl.1179	bl.1179
0x8026D728	0x40	.data	game/trans_lit.cpp	local	funcLightParam.597	funcLightParam.597
0x8026D768	0x40	.data	game/trans_lit.cpp	local	funcLightParam.601	funcLightParam.601
0x8026D7A8	0x40	.data	game/trans_lit.cpp	local	funcLightParam.605	funcLightParam.605
0x8026D7E8	0x40	.data	game/trans_lit.cpp	local	funcLightParam.609	funcLightParam.609
0x8026D828	0x5C	.data	game/trans_ot.cpp	local	Ot_max_tbl	Ot_max_tbl
0x8026D884	0xC	.data	game/tv_mode.cpp	local	tvModeFuncTbl.1071	tvModeFuncTbl.1071
0x8026D890	0xC	.data	game/cinesco.cpp	local	cine_tbl.444	cine_tbl.444
0x8026D89C	0x30	.data	game/esp08.cpp	local	Matrix1.810	Matrix1.810
0x8026D8CC	0x30	.data	game/esp08.cpp	local	Matrix2.811	Matrix2.811
0x8026D8FC	0x30	.data	game/esp0f.cpp	local	Matrix.675	Matrix.675
0x8026D92C	0x20	.data	game/esp42.cpp	global	bl1.420	bl1.420
0x8026D94C	0x20	.data	game/esp42.cpp	local	bl2.421	bl2.421
0x8026D96C	0x60	.data	game/filter00.cpp	global	bl.460	bl.460
0x8026D9CC	0x4	.data	game/mirror.cpp	local	lbl_8026D9CC	.
0x8026D9D0	0x4	.data	lib/dummy.c	global	first.183	first.183
0x8026D9D4	0x4	.data	lib/dummy.c	local	lbl_8026D9D4	.
0x8026D9D8	0x4	.data	lib/tors.c	global	_ctors_data	_ctors_data
0x8026D9E0	0x24	.data	lib/OSAlloc.c	global	...data.0_8026D9E0	...data.0
0x8026DA04	0x37	.data	lib/OSAlloc.c	local	@355_8026DA04	@355
0x8026DA3B	0x1	.data	lib/OSAlloc.c	local	lbl_8026DA3B	.
0x8026DA3C	0x28	.data	lib/OSAlloc.c	global	@356_8026DA3C	@356
0x8026DA64	0x4F	.data	lib/OSAlloc.c	local	@357_8026DA64	@357
0x8026DAB3	0x1	.data	lib/OSAlloc.c	global	lbl_8026DAB3	.
0x8026DAB4	0x3E	.data	lib/OSAlloc.c	local	@358_8026DAB4	@358
0x8026DAF2	0x2	.data	lib/OSAlloc.c	global	lbl_8026DAF2	.
0x8026DAF4	0x37	.data	lib/OSAlloc.c	local	@359_8026DAF4	@359
0x8026DB2B	0x1	.data	lib/OSAlloc.c	local	lbl_8026DB2B	.
0x8026DB2C	0x49	.data	lib/OSAlloc.c	local	@360_8026DB2C	@360
0x8026DB75	0x3	.data	lib/OSAlloc.c	local	lbl_8026DB75	.
0x8026DB78	0x33	.data	lib/OSAlloc.c	global	@361	@361
0x8026DBAB	0x1	.data	lib/OSAlloc.c	local	lbl_8026DBAB	.
0x8026DBAC	0x3D	.data	lib/OSAlloc.c	global	@362_8026DBAC	@362
0x8026DBE9	0x3	.data	lib/OSAlloc.c	local	lbl_8026DBE9	.
0x8026DBEC	0x39	.data	lib/OSAlloc.c	global	@363	@363
0x8026DC25	0x3	.data	lib/OSAlloc.c	local	lbl_8026DC25	.
0x8026DC28	0x45	.data	lib/OSAlloc.c	global	@364_8026DC28	@364
0x8026DC6D	0x3	.data	lib/OSAlloc.c	local	lbl_8026DC6D	.
0x8026DC70	0x5F	.data	lib/OSAlloc.c	local	@365	@365
0x8026DCCF	0x1	.data	lib/OSAlloc.c	global	lbl_8026DCCF	.
0x8026DCD0	0x2C	.data	lib/OSAlloc.c	local	@366	@366
0x8026DCFC	0x12	.data	lib/OSAlloc.c	local	@385_8026DCFC	@385
0x8026DD0E	0x2	.data	lib/OSAlloc.c	global	lbl_8026DD0E	.
0x8026DD10	0x12	.data	lib/OSAlloc.c	local	@386_8026DD10	@386
0x8026DD22	0x2	.data	lib/OSAlloc.c	local	lbl_8026DD22	.
0x8026DD24	0x1A	.data	lib/OSAlloc.c	local	@387	@387
0x8026DD3E	0x2	.data	lib/OSAlloc.c	global	lbl_8026DD3E	.
0x8026DD40	0x13	.data	lib/OSAlloc.c	global	@388_8026DD40	@388
0x8026DD53	0x1	.data	lib/OSAlloc.c	global	lbl_8026DD53	.
0x8026DD54	0x10	.data	lib/OSAlloc.c	global	@389_8026DD54	@389
0x8026DD64	0xE	.data	lib/OSAlloc.c	global	@390_8026DD64	@390
0x8026DD78	0x180	.data	lib/OSFont.c	local	HankakuToCode	HankakuToCode
0x8026DEF8	0x98A	.data	lib/OSFont.c	local	Zenkaku2Code	Zenkaku2Code
0x8026E888	0x12	.data	lib/OSStopwatch.c	global	...data.0_8026E888	...data.0
0x8026E89A	0x2	.data	lib/OSStopwatch.c	global	lbl_8026E89A	.
0x8026E89C	0x11	.data	lib/OSStopwatch.c	global	@20_8026E89C	@20
0x8026E8AD	0x3	.data	lib/OSStopwatch.c	global	lbl_8026E8AD	.
0x8026E8B0	0xD	.data	lib/OSStopwatch.c	global	@21_8026E8B0	@21
0x8026E8BD	0x3	.data	lib/OSStopwatch.c	global	lbl_8026E8BD	.
0x8026E8C0	0x11	.data	lib/OSStopwatch.c	global	@22_8026E8C0	@22
0x8026E8D1	0x3	.data	lib/OSStopwatch.c	global	lbl_8026E8D1	.
0x8026E8D4	0x11	.data	lib/OSStopwatch.c	global	@23_8026E8D4	@23
0x8026E8E5	0x3	.data	lib/OSStopwatch.c	global	lbl_8026E8E5	.
0x8026E8E8	0x11	.data	lib/OSStopwatch.c	global	@24_8026E8E8	@24
0x8026E900	0x20	.data	lib/reverb_hi.c	global	lens$111	lens$111
0x8026E920	0x10	.data	lib/reverb_std.c	global	lens$36	lens$111
0x8026E930	0x800	.data	lib/chorus.c	local	rsmpTab12khz	rsmpTab12khz
0x8026F130	0x24	.data	lib/reverb_hi_4ch.c	global	lens$111_8026F130	lens$111
0x8026F158	0xF0	.data	lib/GXDraw.c	local	polygons	polygons
0x8026F248	0xF0	.data	lib/GXDraw.c	local	verts	verts
0x8026F338	0x48	.data	lib/GXDraw.c	local	odata	odata
0x8026F380	0x18	.data	lib/GXDraw.c	local	ondex	ondex
0x8026F398	0x90	.data	lib/GXDraw.c	local	idata	idata
0x8026F428	0x3C	.data	lib/GXDraw.c	local	index	index
0x8026F468	0x24	.data	lib/mwsfdfrm.c	global	@620	@620
0x8026F48C	0x24	.data	lib/mwsfdfrm.c	global	@648_8026F48C	@648
0x8026F4B0	0x24	.data	lib/mwsfdfrm.c	global	@703	@703
0x8026F4D8	0x44	.data	lib/mwsfdcre.c	global	mwsfd_if	mwsfd_if
0x8026F51C	0x44	.data	lib/mwsfdcre.c	global	mwsfd_sfdmps_crepara	mwsfd_sfdmps_crepara
0x8026F560	0x44	.data	lib/mwsfdcre.c	global	mwsfd_sfdmpv_crepara	mwsfd_sfdmpv_crepara
0x8026F5A4	0x44	.data	lib/mwsfdcre.c	global	mwsfd_vonlysfd_crepara	mwsfd_vonlysfd_crepara
0x8026F5E8	0x24	.data	lib/mwsfdcre.c	global	mwsfd_mpvpara	mwsfd_mpvpara
0x8026F60C	0x1C	.data	lib/mwsfdcre.c	global	mwsfd_adxtpara	mwsfd_adxtpara
0x8026F628	0x4	.data	lib/mwsfdcre.c	global	mwsfd_packsize	mwsfd_packsize
0x8026F630	0x8	.data	lib/mwsfdsst.c	global	mwsstmng	mwsstmng
0x8026F638	0x1C	.data	lib/sfd_ply.c	global	@1419	@1419
0x8026F658	0x24	.data	lib/sfh_main.c	global	@467_8026F658	@467
0x8026F67C	0x24	.data	lib/sfh_main.c	global	@920_8026F67C	@920
0x8026F6A0	0x4	.data	lib/cftyp422_ppc.c	global	CFT_version	CFT_version
0x8026F6A8	0x24	.data	lib/cftfx.c	global	cft_rgb_yuv_coeff	cft_rgb_yuv_coeff
0x8026F6CC	0x24	.data	lib/cftfx.c	global	cft_rgb_yuv_ccir601	cft_rgb_yuv_ccir601
0x8026F6F0	0x4	.data	lib/cft_common.c	global	cftcom_function_name	cftcom_function_name
0x8026F6F4	0x4	.data	lib/cft_common.c	global	lbl_8026F6F4	.
0x8026F6F8	0x8	.data	lib/mps_dec.c	global	mpsdec_rsv	mpsdec_rsv
0x8026F700	0x48	.data	lib/mpv_emp.c	global	mpvemp_mbai	mpvemp_mbai
0x8026F748	0x20	.data	lib/mpv_mcy.c	global	@517_8026F748	@517
0x8026F768	0x400	.data	lib/mpvabdec.c	global	@2735	@2735
0x8026FB68	0x400	.data	lib/mpvabdec.c	global	@3750	@3750
0x8026FF68	0x400	.data	lib/mpvabdec.c	global	@4763	@4763
0x80270368	0x30	.data	lib/dct_fsri.c	global	B0TableOrg	B0TableOrg
0x80270398	0x20	.data	lib/mpv_mc.c	global	@229_80270398	@229
0x802703B8	0x4	.data	lib/adx_sje.c	global	lbl_802703B8	.
0x802703BC	0x4	.data	lib/adx_sje.c	global	AdxGainDataMax	AdxGainDataMax
0x802703C0	0x4	.data	lib/adx_sje.c	global	cri_str	cri_str
0x802703C4	0x4	.data	lib/adx_sje.c	global	lbl_802703C4	.
0x802703C8	0x68	.data	lib/mfci.c	global	mfci_vtbl	mfci_vtbl
0x80270430	0x68	.data	lib/gcci.c	global	gcg_ci_vtbl	gcg_ci_vtbl
0x80270498	0x4	.data	lib/gcci_sub.c	global	gcg_ci_rdmode	gcg_ci_rdmode
0x8027049C	0x4	.data	lib/gcci_sub.c	global	lbl_8027049C	.
0x802704A0	0xF8	.bss	game/cam_ctrl.cpp	local	camera_old.1208	camera_old.1208
0x80270598	0xC	.bss	game/cam_ctrl.cpp	local	pos_old.1212	pos_old.1212
0x802705A4	0xC	.bss	game/cam_ctrl.cpp	global	ang.1217	ang.1217
0x802705B0	0xC	.bss	game/cam_ctrl.cpp	global	ang.1226	ang.1226
0x802705BC	0x30	.bss	game/cam_ctrl.cpp	global	cam_mat.1227	cam_mat.1227
0x802705EC	0xC	.bss	game/cam_ctrl.cpp	global	Fc_old.1255	Fc_old.1255
0x802705F8	0xC	.bss	game/cam_ctrl.cpp	local	Ft_old.1256	Ft_old.1256
0x80270604	0x704	.bss	game/cam_ctrl.cpp	global	CamCtrl	CamCtrl
0x80270D08	0x3B8	.bss	game/cam_ctrl.cpp	global	CamBSpline	CamBSpline
0x802710C0	0x12C	.bss	game/cam_ctrl.cpp	global	CamSmth	CamSmth
0x802711EC	0x440	.bss	game/cam_ctrl.cpp	local	CameraMotionBuffer	CameraMotionBuffer
0x8027162C	0xC	.bss	game/card.cpp	global	g_pos0_org	g_pos0_org
0x80271638	0x50	.bss	game/card.cpp	global	pDbgSaveInfo	pDbgSaveInfo
0x80271688	0x400	.bss	game/card.cpp	global	CRCTable	CRCTable
0x80271A88	0x30	.bss	game/item.cpp	global	ItemMgr	ItemMgr
0x80271AB8	0x34	.bss	game/map_obj.cpp	global	MapMgr	MapMgr
0x80271AEC	0xCC	.bss	game/mercenaries.cpp	global	MercSysWk	MercSysWk
0x80271BB8	0x64	.bss	game/mercenaries.cpp	global	mercId	mercId
0x80271C1C	0x14	.bss	game/merchant.cpp	global	merchantChar	merchantChar
0x80271C30	0x304	.bss	game/merchant.cpp	global	merchantData	merchantData
0x80271F34	0x1200	.bss	game/mes.cpp	global	cMes	cMes
0x80273134	0x370	.bss	game/mes.cpp	global	MesFont	MesFont
0x802734A4	0x18	.bss	game/mes.cpp	global	MesData	MesData
0x802734BC	0x3000	.bss	game/mes.cpp	local	MsgQueue	MsgQueue
0x802764BC	0x30	.bss	game/objBull.cpp	local	Bull_MatOld	Bull_MatOld
0x802764EC	0xC	.bss	game/objBull.cpp	global	Bull_vec	Bull_vec
0x802764F8	0xF8	.bss	game/objGondola.cpp	global	ObjGondolaCam.1431	ObjGondolaCam.1431
0x802765F0	0xF8	.bss	game/objPillar.cpp	global	Cam	Cam
0x802766E8	0x90	.bss	game/objTrolley.cpp	global	Trolley_MatOld	Trolley_MatOld
0x80276778	0x24	.bss	game/objTrolley.cpp	global	Trolley_vec	Trolley_vec
0x8027679C	0xC	.bss	game/objTrolley.cpp	global	Trolley_dir	Trolley_dir
0x802767A8	0xC	.bss	game/objWep.cpp	local	lpos.1053	lpos.1053
0x802767B4	0xC	.bss	game/objWep.cpp	local	lcross.1054	lcross.1054
0x802767C0	0x14	.bss	game/option.cpp	global	OptScrn	OptScrn
0x802767D4	0xC	.bss	game/pl_debug.cpp	local	vpos.938	vpos.938
0x802767E0	0xC	.bss	game/pl_debug.cpp	local	tang.961	tang.961
0x802767EC	0x19	.bss	game/pl_debug.cpp	global	PlCapNum	PlCapNum
0x80276808	0xC	.bss	game/pl_knife.cpp	global	ohpos.1102	ohpos.1102
0x80276814	0xC	.bss	game/pl_npc.cpp	global	norm.1330	norm.1330
0x80276820	0xC	.bss	game/pl_npc.cpp	local	m_PosOldWater.1505	m_PosOldWater.1505
0x8027682C	0xC	.bss	game/pl_npc.cpp	local	eyeDir	eyeDir
0x80276838	0xC	.bss	game/player.cpp	local	dd0.1223	dd0.1223
0x80276844	0xE8	.bss	game/player.cpp	global	mot3	mot3
0x8027692C	0xC	.bss	game/player.cpp	global	m3r	m3r
0x80276938	0xC	.bss	game/player.cpp	global	PlWepMot	PlWepMot
0x80276944	0xC	.bss	game/player.cpp	global	PlFancePos	PlFancePos
0x80276950	0xAE8	.bss	game/snd.cpp	global	Snd	Snd
0x80277438	0xA0	.bss	game/snd.cpp	global	SndMem	SndMem
0x802774D8	0x38	.bss	game/snd.cpp	global	UseAramSize	UseAramSize
0x80277510	0xB2	.bss	game/snd.cpp	global	History	History
0x802775C4	0x240	.bss	game/snd.cpp	global	DefEffTbl	DefEffTbl
0x80277804	0x700	.bss	game/snd.cpp	local	callErr	callErr
0x80277F04	0xC	.bss	game/snd.cpp	global	aram_buf	aram_buf
0x80277F10	0x374	.bss	game/sscrn.cpp	global	SubScreenWk	SubScreenWk
0x80278284	0x50	.bss	game/sscrn.cpp	global	IdSub	IdSub
0x802782D4	0x50	.bss	game/sscrn.cpp	global	IdNum	IdNum
0x80278324	0x1C	.bss	game/sscrn.cpp	global	sscrn_pad	sscrn_pad
0x80278340	0x9728	.bss	lib/ppcdown.c	global	lbl_80278340	.
0x80281A68	0x138	.bss	lib/ppcdown.c	global	NOA_ProgramExc	NOA_ProgramExc
0x80281BA0	0x20	.bss	lib/proview.c	global	lbl_80281BA0	.
0x80281BC0	0x4	.bss	lib/FSasync.c	local	g_hHandle	g_hHandle
0x80281BC4	0x4	.bss	lib/FSasync.c	local	g_pBuffer	g_pBuffer
0x80281BC8	0x4	.bss	lib/FSasync.c	global	g_nBlockCnt	g_nBlockCnt
0x80281BCC	0x4	.bss	lib/FSasync.c	global	g_nRemainderCnt	g_nRemainderCnt
0x80281BD0	0x4	.bss	lib/FSasync.c	global	g_nTotalBytesRemaining	g_nTotalBytesRemaining
0x80281BD4	0x4	.bss	lib/FSasync.c	global	g_bDoFSACK	g_bDoFSACK
0x80281BD8	0x4	.bss	lib/FSasync.c	global	g_nFSLastError	g_nFSLastError
0x80281BE0	0x20	.bss	lib/FSasync.c	global	g_FsResult	g_FsResult
0x80281C00	0x4	.bss	lib/sndvd.c	global	g_nDvdAudioCfg	g_nDvdAudioCfg
0x80281C20	0x20	.bss	lib/sndvd.c	global	g_aBuffer	g_aBuffer
0x80281C40	0x4	.bss	lib/sndvd.c	local	g_nDvdError	g_nDvdError
0x80281C44	0x4	.bss	lib/sndvd.c	local	g_nDvdCurrOffset	g_nDvdCurrOffset
0x80281C48	0x4	.bss	lib/sndvd.c	global	g_nDvdReadLength	g_nDvdReadLength
0x80281C4C	0x4	.bss	lib/sndvd.c	global	g_nBaseOffset	g_nBaseOffset
0x80281C50	0x1	.bss	lib/sndvd.c	local	g_nEmuState	g_nEmuState
0x80281C51	0x1	.bss	lib/sndvd.c	global	g_nLidState	g_nLidState
0x80281C54	0x4	.bss	lib/sndvd.c	local	g_OldDsiExcHandler	g_OldDsiExcHandler
0x80281C60	0xA4	.bss	game/vfprintf.cpp	local	str.13	str.13
0x80281D04	0x80	.bss	game/vfprintf.cpp	global	pch.20	pch.20
0x80281D84	0x80	.bss	game/vfiprintf.cpp	global	pch.3	pch.3
0x80281E04	0x3C0	.bss	game/fopen.cpp	global	_sn_iobf	_sn_iobf
0x802821C4	0xC	.bss	game/fopen.cpp	global	_sn_stat_g	_sn_stat_g
0x802821E0	0x20	.bss	lib/OS.c	local	DriveInfo	DriveInfo
0x80282200	0x30	.bss	lib/OS.c	local	DriveBlock	DriveBlock
0x80282230	0x1C	.bss	lib/OS.c	global	__OSRebootParams	__OSRebootParams
0x80282250	0x44	.bss	lib/OSError.c	global	__OSErrorTable	__OSErrorTable
0x802822A0	0x54	.bss	lib/OSRtc.c	local	Scb	Scb
0x802822F8	0x100	.bss	lib/OSThread.c	local	RunQueue	RunQueue
0x802823F8	0x318	.bss	lib/OSThread.c	local	IdleThread	IdleThread
0x80282710	0x318	.bss	lib/OSThread.c	local	DefaultThread	DefaultThread
0x80282A28	0x2C8	.bss	lib/OSThread.c	local	IdleContext	IdleContext
0x80282CF0	0xC0	.bss	lib/EXIBios.c	local	Ecb	Ecb
0x80282DB0	0x80	.bss	lib/SIBios.c	local	Packet	Packet
0x80282E30	0xA0	.bss	lib/SIBios.c	local	Alarm	Alarm
0x80282ED0	0x20	.bss	lib/SIBios.c	local	TypeTime	TypeTime
0x80282EF0	0x20	.bss	lib/SIBios.c	local	XferTime	XferTime
0x80282F10	0x40	.bss	lib/SIBios.c	local	TypeCallback	TypeCallback
0x80282F50	0x10	.bss	lib/SIBios.c	local	RDSTHandler	RDSTHandler
0x80282F60	0x10	.bss	lib/SIBios.c	local	InputBufferValid	InputBufferValid
0x80282F70	0x20	.bss	lib/SIBios.c	local	InputBuffer	InputBuffer
0x80282F90	0x10	.bss	lib/SIBios.c	local	InputBufferVcount	InputBufferVcount
0x80282FA0	0x10	.bss	lib/SIBios.c	local	cmdFixDevice$327	cmdFixDevice$327
0x80282FC0	0x20	.bss	lib/dvd.c	local	BB2	BB2
0x80282FE0	0x20	.bss	lib/dvd.c	local	CurrDiskID	CurrDiskID
0x80283000	0x30	.bss	lib/dvd.c	local	DummyCommandBlock	DummyCommandBlock
0x80283030	0x28	.bss	lib/dvd.c	local	ResetAlarm	ResetAlarm
0x80283058	0x20	.bss	lib/dvdqueue.c	local	WaitingQueue	WaitingQueue
0x80283078	0x3F	.bss	lib/fstload.c	local	bb2Buf	bb2Buf
0x802830B8	0x30	.bss	lib/fstload.c	local	block$18	block$18
0x802830E8	0x3C	.bss	lib/dvdlow.c	local	CommandList	CommandList
0x80283128	0x28	.bss	lib/dvdlow.c	local	AlarmForWA	AlarmForWA
0x80283150	0x28	.bss	lib/dvdlow.c	local	AlarmForTimeout	AlarmForTimeout
0x80283178	0x28	.bss	lib/dvdlow.c	local	AlarmForBreak	AlarmForBreak
0x802831A0	0xC	.bss	lib/dvdlow.c	local	Prev	Prev
0x802831AC	0xC	.bss	lib/dvdlow.c	local	Curr	Curr
0x802831B8	0x76	.bss	lib/vi.c	local	regs	regs
0x80283230	0x76	.bss	lib/vi.c	local	shdwRegs	shdwRegs
0x802832A8	0x58	.bss	lib/vi.c	local	HorVer	HorVer
0x80283300	0x10	.bss	lib/Pad.c	local	Type	Type
0x80283310	0x30	.bss	lib/Pad.c	local	Origin	Origin
0x80283340	0x10	.bss	lib/Pad.c	local	CmdProbeDevice	CmdProbeDevice
0x80283350	0x80	.bss	lib/AXAlloc.c	local	__AXStackHead	__AXStackHead
0x802833D0	0x80	.bss	lib/AXAlloc.c	local	__AXStackTail	__AXStackTail
0x80283460	0x1680	.bss	lib/AXAux.c	local	__AXBufferAuxA	__AXBufferAuxA
0x80284AE0	0x1680	.bss	lib/AXAux.c	local	__AXBufferAuxB	__AXBufferAuxB
0x80286160	0x600	.bss	lib/AXCL.c	local	__AXCommandList	__AXCommandList
0x80286760	0x780	.bss	lib/AXOut.c	local	__AXOutBuffer	__AXOutBuffer
0x80286EE0	0x280	.bss	lib/AXOut.c	local	__AXOutSBuffer	__AXOutSBuffer
0x80287160	0x4000	.bss	lib/AXOut.c	local	__AXDramImage	__AXDramImage
0x8028B160	0x50	.bss	lib/AXOut.c	local	__AXDSPTask	__AXDSPTask
0x8028B1B0	0x38	.bss	lib/AXOut.c	global	__AXLocalProfile	__AXLocalProfile
0x8028B200	0x36	.bss	lib/AXSPB.c	local	__AXStudio	__AXStudio
0x8028B240	0x3D00	.bss	lib/AXVPB.c	local	__AXPB	__AXPB
0x8028EF40	0x1000	.bss	lib/AXVPB.c	local	__AXITD	__AXITD
0x8028FF40	0x4000	.bss	lib/AXVPB.c	local	__AXUpdates	__AXUpdates
0x80293F40	0x8B00	.bss	lib/AXVPB.c	local	__AXVPB	__AXVPB
0x8029CA40	0x1800	.bss	lib/mix.c	local	__MIXChannel	__MIXChannel
0x8029E240	0x2500	.bss	lib/synvoice.c	global	__SYNVoice	__SYNVoice
0x802A0740	0x220	.bss	lib/CARDBios.c	global	__CARDBlock	__CARDBlock
0x802A0960	0x20	.bss	lib/CARDBios.c	global	__CARDDiskNone	__CARDDiskNone
0x802A0980	0x80	.bss	lib/GXInit.c	local	FifoObj	FifoObj
0x802A0A00	0x5B0	.bss	lib/GXInit.c	local	gxData	gxData
0x802A0FB0	0x10	.bss	game/snd_iss1.cpp	global	lbl_802A0FB0	.
0x802A0FC0	0x100	.bss	game/snd_main.cpp	global	zero_tbl	zero_tbl
0x802A10C0	0xB4	.bss	game/snd_ram.cpp	global	Snd_ctrl_work	Snd_ctrl_work
0x802A1174	0x4F0	.bss	game/snd_ram.cpp	global	Snd_efx_work	Snd_efx_work
0x802A1664	0x1600	.bss	game/snd_ram.cpp	global	Snd_req_work	Snd_req_work
0x802A2C64	0x800	.bss	game/snd_ram.cpp	global	Snd_voice_work	Snd_voice_work
0x802A3464	0x2000	.bss	game/snd_ram.cpp	global	Snd_axv_work	Snd_axv_work
0x802A5464	0x1C0	.bss	game/snd_ram.cpp	global	Snd_iss_blk	Snd_iss_blk
0x802A5624	0x20	.bss	game/snd_ram.cpp	global	Snd_str_blk	Snd_str_blk
0x802A5644	0x19460	.bss	game/snd_ram.cpp	global	Snd_seq_work	Snd_seq_work
0x802BEAA4	0x530	.bss	game/snd_ram.cpp	global	Snd_str_work	Snd_str_work
0x802BEFD4	0x10	.bss	game/snd_ram.cpp	global	Snd_str_buff	Snd_str_buff
0x802BF000	0x7C0	.bss	game/snd_ram.cpp	global	Snd_test_work	Snd_test_work
0x802BF7C0	0x4	.bss	lib/adx_tlk.c	global	adxt_time_mode	adxt_time_mode
0x802BF7C4	0x4	.bss	lib/adx_tlk.c	global	adxt_tsvr_enter_cnt	adxt_tsvr_enter_cnt
0x802BF7C8	0x4	.bss	lib/adx_tlk.c	global	adxt_def_svrfreq	adxt_def_svrfreq
0x802BF7CC	0x4	.bss	lib/adx_tlk.c	local	adxt_last_svrfreq	adxt_last_svrfreq
0x802BF7D0	0x4	.bss	lib/adx_tlk.c	global	ahxdetachfunc	ahxdetachfunc
0x802BF7D4	0x4	.bss	lib/adx_tlk.c	global	pl2detachfunc	pl2detachfunc
0x802BF7D8	0x4	.bss	lib/adx_tlk.c	local	adxt_time_adjust_cnt	adxt_time_adjust_cnt
0x802BF7DC	0x4	.bss	lib/adx_tlk.c	global	adxt_svrcnt	adxt_svrcnt
0x802BF7E0	0x4	.bss	lib/adx_tlk.c	global	adxt_svrcnt_sjd	adxt_svrcnt_sjd
0x802BF7E4	0x4	.bss	lib/adx_tlk.c	global	adxt_svrcnt_rna	adxt_svrcnt_rna
0x802BF7E8	0x4	.bss	lib/adx_tlk.c	global	adxt_svrcnt_adxf	adxt_svrcnt_adxf
0x802BF7EC	0x4	.bss	lib/adx_tlk.c	global	adxt_svrcnt_adxstm	adxt_svrcnt_adxstm
0x802BF7F0	0x4	.bss	lib/adx_tlk.c	global	adxt_svrcnt_hndl	adxt_svrcnt_hndl
0x802BF7F4	0x10	.bss	lib/adx_tlk.c	global	adxt_fileid_buf	adxt_fileid_buf
0x802BF804	0x4	.bss	lib/adx_tlk.c	local	adxt_diff_av	adxt_diff_av
0x802BF808	0x4	.bss	lib/adx_tlk.c	global	adxt_time_unit	adxt_time_unit
0x802BF80C	0x4	.bss	lib/adx_tlk.c	local	adxt_mvtmp_d	adxt_mvtmp_d
0x802BF810	0x4	.bss	lib/adx_tlk.c	global	adxt_mviop_d	adxt_mviop_d
0x802BF814	0x4	.bss	lib/adx_tlk.c	local	adxt_mviop_f	adxt_mviop_f
0x802BF818	0x4	.bss	lib/adx_tsvr.c	global	adxt_enddecinfo_cbfn	adxt_enddecinfo_cbfn
0x802BF81C	0x4	.bss	lib/adx_tsvr.c	local	adxt_dbg_rna_ndata	adxt_dbg_rna_ndata
0x802BF820	0x4	.bss	lib/adx_tsvr.c	global	adxt_dbg_ndt	adxt_dbg_ndt
0x802BF824	0x4	.bss	lib/adx_tsvr.c	global	adxt_dbg_nch	adxt_dbg_nch
0x802BF828	0x4	.bss	lib/lsc.c	global	lsc_stat_func	lsc_stat_func
0x802BF82C	0x4	.bss	lib/lsc.c	global	lsc_stat_obj1	lsc_stat_obj1
0x802BF830	0x4	.bss	lib/lsc.c	global	lsc_stat_obj2	lsc_stat_obj2
0x802BF838	0x4	.bss	lib/lsc_ini.c	local	lsc_init_cnt	lsc_init_cnt
0x802BF83C	0x4700	.bss	lib/lsc_ini.c	global	lsc_obj	lsc_obj
0x802C3F40	0x4	.bss	lib/sj_rbf.c	global	sjrbf_init_cnt	sjrbf_init_cnt
0x802C3F44	0x4000	.bss	lib/sj_rbf.c	local	sjrbf_obj	sjrbf_obj
0x802C7F48	0x4	.bss	lib/svm.c	global	svm_init_level	svm_init_level
0x802C7F4C	0x4	.bss	lib/svm.c	global	svm_lock_level	svm_lock_level
0x802C7F50	0x4	.bss	lib/svm.c	global	svm_locking_type	svm_locking_type
0x802C7F54	0x20	.bss	lib/svm.c	global	buf$75	buf$75
0x802C7F74	0x8	.bss	lib/svm.c	global	svm_post_waitv_func	svm_post_waitv_func
0x802C7F7C	0x8	.bss	lib/svm.c	global	svm_pre_waitv_func	svm_pre_waitv_func
0x802C7F84	0x4	.bss	lib/svm.c	local	svm_tas_fptr	svm_tas_fptr
0x802C7F88	0x80	.bss	lib/svm.c	global	svmerr_msg	svmerr_msg
0x802C8008	0x8	.bss	lib/svm.c	local	svm_err_func	svm_err_func
0x802C8010	0x8	.bss	lib/svm.c	global	svm_unlock_func	svm_unlock_func
0x802C8018	0x8	.bss	lib/svm.c	local	svm_lock_func	svm_lock_func
0x802C8020	0x40	.bss	lib/svm.c	global	svm_goto_border_func	svm_goto_border_func
0x802C8060	0x180	.bss	lib/svm.c	global	svm_svr_ftbl	svm_svr_ftbl
0x802C81E0	0x20	.bss	lib/svm.c	local	svm_svr_exec_flag	svm_svr_exec_flag
0x802C8200	0x20	.bss	lib/svm.c	global	svm_exec_cnt	svm_exec_cnt
0x802C8220	0x4	.bss	lib/pl2enc.c	local	pl2enc_init_count	pl2enc_init_count
0x802C8224	0x4	.bss	lib/pl2enc.c	global	pl2enc_err_func	pl2enc_err_func
0x802C8228	0x4	.bss	lib/pl2enc.c	global	pl2enc_err_obj	pl2enc_err_obj
0x802C822C	0x4	.bss	lib/pl2enc.c	local	pl2enc_work	pl2enc_work
0x802C8230	0x4	.bss	lib/ax_rna.c	local	axrna_init_cnt	axrna_init_cnt
0x802C8234	0x4	.bss	lib/ax_rna.c	local	axrna_zero_dat	axrna_zero_dat
0x802C8238	0x4	.bss	lib/ax_rna.c	global	axrna_def_adjsfreq_fg	axrna_def_adjsfreq_fg
0x802C823C	0x4	.bss	lib/ax_rna.c	local	axrna_foo_cnt	axrna_foo_cnt
0x802C8240	0x4	.bss	lib/ax_rna.c	global	axrna_update_pos	axrna_update_pos
0x802C8244	0x80	.bss	lib/ax_rna.c	local	axrna_update_hist	axrna_update_hist
0x802C82C4	0x1040	.bss	lib/ax_rna.c	global	axrna_zero_dat_real	axrna_zero_dat_real
0x802C9304	0xE80	.bss	lib/ax_rna.c	global	axrna_obj	axrna_obj
0x802CA188	0x4	.bss	lib/rna_res.c	local	rnares_init_cnt	rnares_init_cnt
0x802CA18C	0x4	.bss	lib/rna_res.c	global	rnares_setup_fg	rnares_setup_fg
0x802CA190	0x4	.bss	lib/rna_res.c	local	rnares_nbuf	rnares_nbuf
0x802CA194	0x4	.bss	lib/rna_res.c	global	rnares_aram_size	rnares_aram_size
0x802CA198	0x4	.bss	lib/rna_res.c	global	rnares_aram_ptr	rnares_aram_ptr
0x802CA19C	0x180	.bss	lib/rna_res.c	local	rnares_obj	rnares_obj
0x802CA320	0x4	.bss	lib/adx_inis.c	global	adxt_init_cnt	adxt_init_cnt
0x802CA324	0x4	.bss	lib/adx_inis.c	local	adxt_svr_id	adxt_svr_id
0x802CA328	0x4	.bss	lib/adx_inis.c	global	adxt_svr_main_id	adxt_svr_main_id
0x802CA32C	0x4	.bss	lib/adx_inis.c	global	adxt_output_mono_flag	adxt_output_mono_flag
0x802CA330	0x4	.bss	lib/adx_inis.c	global	adxt_svr_fs_id	adxt_svr_fs_id
0x802CA334	0x4	.bss	lib/adx_inis.c	global	adxt_vsync_cnt	adxt_vsync_cnt
0x802CA338	0xC00	.bss	lib/adx_inis.c	global	adxt_obj	adxt_obj
0x802CAF38	0x4	.bss	lib/adx_inis.c	global	cri_verstr_ptr	cri_verstr_ptr
0x802CAF40	0x4	.bss	lib/adx_sjd.c	global	pl2setsfreqfunc	pl2setsfreqfunc
0x802CAF44	0xA80	.bss	lib/adx_sjd.c	global	adxsjd_obj	adxsjd_obj
0x802CB9C8	0x4	.bss	lib/adx_bahx.c	global	ahxsetsjifunc	ahxsetsjifunc
0x802CB9CC	0x4	.bss	lib/adx_bahx.c	global	ahxsetdecsmplfunc	ahxsetdecsmplfunc
0x802CB9D0	0x4	.bss	lib/adx_bahx.c	global	ahxtermsupplyfunc	ahxtermsupplyfunc
0x802CB9D4	0x4	.bss	lib/adx_bahx.c	global	ahxexecfunc	ahxexecfunc
0x802CB9D8	0x4	.bss	lib/adx_bsc.c	global	skg_init_count	skg_init_count
0x802CB9DC	0x4	.bss	lib/adx_bsc.c	global	skg_err_func	skg_err_func
0x802CB9E0	0x4	.bss	lib/adx_bsc.c	global	skg_err_obj	skg_err_obj
0x802CB9E4	0x4	.bss	lib/adx_bsc.c	local	ahxsetextfunc	ahxsetextfunc
0x802CB9E8	0x4	.bss	lib/adx_bsc.c	local	pl2encodefunc	pl2encodefunc
0x802CB9EC	0x4	.bss	lib/adx_bsc.c	local	pl2resetfunc	pl2resetfunc
0x802CB9F0	0x2	.bss	lib/adx_bsc.c	local	adxb_def_k0	adxb_def_k0
0x802CB9F2	0x2	.bss	lib/adx_bsc.c	local	adxb_def_km	adxb_def_km
0x802CB9F4	0x2	.bss	lib/adx_bsc.c	local	adxb_def_ka	adxb_def_ka
0x802CB9F8	0xF80	.bss	lib/adx_bsc.c	local	adxb_obj	adxb_obj
0x802CC978	0x4	.bss	lib/adx_amp.c	local	adxamp_cur	adxamp_cur
0x802CC97C	0x4	.bss	lib/adx_amp.c	local	adxamp_cnt	adxamp_cnt
0x802CC980	0x4	.bss	lib/adx_crs.c	global	adxcrs_lvl	adxcrs_lvl
0x802CC988	0x4	.bss	lib/adx_errs.c	local	adxerr_func	adxerr_func
0x802CC98C	0x4	.bss	lib/adx_errs.c	local	adxerr_obj	adxerr_obj
0x802CC990	0x20	.bss	lib/adx_errs.c	global	buf$23	buf$23
0x802CC9B0	0x100	.bss	lib/adx_errs.c	local	adxerr_msg	adxerr_msg
0x802CCAB0	0x4	.bss	lib/adx_fsvr.c	global	adxt_fssvr_enter_cnt	adxt_fssvr_enter_cnt
0x802CCAB8	0x4	.bss	lib/adx_stmc.c	local	adxstmf_rtim_ofst	adxstmf_rtim_ofst
0x802CCABC	0x4	.bss	lib/adx_stmc.c	global	adxstmf_execsvr_flg	adxstmf_execsvr_flg
0x802CCAC0	0x4	.bss	lib/adx_stmc.c	global	adxstmf_num_rtry	adxstmf_num_rtry
0x802CCAC4	0x4	.bss	lib/adx_stmc.c	local	adxstm_sj_internal_error_cnt	adxstm_sj_internal_error_cnt
0x802CCAC8	0xF00	.bss	lib/adx_stmc.c	global	adxstmf_obj	adxstmf_obj
0x802CD9C8	0x4	.bss	lib/adx_xpnd.c	global	adxpd_internal_error	adxpd_internal_error
0x802CD9CC	0x3C0	.bss	lib/adx_xpnd.c	global	adxpd_obj	adxpd_obj
0x802CDD90	0x4	.bss	lib/adx_mgc.c	global	adxgc_exec_svr	adxgc_exec_svr
0x802CDD94	0x4	.bss	lib/adx_mgc.c	local	adxm_init_level	adxm_init_level
0x802CDD98	0x4	.bss	lib/adx_mgc.c	local	adxm_lock_level	adxm_lock_level
0x802CDD9C	0x4	.bss	lib/adx_mgc.c	local	adxm_goto_border_flag	adxm_goto_border_flag
0x802CDDA0	0x4	.bss	lib/adx_mgc.c	local	adxm_safe_cnt	adxm_safe_cnt
0x802CDDA4	0x4	.bss	lib/adx_mgc.c	local	adxm_vsync_cnt	adxm_vsync_cnt
0x802CDDA8	0x4	.bss	lib/adx_mgc.c	local	adxm_fs_cnt	adxm_fs_cnt
0x802CDDAC	0x4	.bss	lib/adx_mgc.c	local	adxm_mwidle_cnt	adxm_mwidle_cnt
0x802CDDB0	0x4	.bss	lib/adx_mgc.c	local	adxm_mwidle_exec_flag	adxm_mwidle_exec_flag
0x802CDDB4	0x4	.bss	lib/adx_mgc.c	local	adxm_main_thread	adxm_main_thread
0x802CDDB8	0x318	.bss	lib/adx_mgc.c	global	adxm_mwidle_thread	adxm_mwidle_thread
0x802CE0D0	0x318	.bss	lib/adx_mgc.c	global	adxm_vsync_thread	adxm_vsync_thread
0x802CE3E8	0x318	.bss	lib/adx_mgc.c	local	adxm_fs_thread	adxm_fs_thread
0x802CE700	0x318	.bss	lib/adx_mgc.c	global	adxm_safe_thread	adxm_safe_thread
0x802CEA18	0x4	.bss	lib/adx_mgc.c	local	adxm_cur_prio	adxm_cur_prio
0x802CEA1C	0x4	.bss	lib/adx_mgc.c	local	adxm_set_prio	adxm_set_prio
0x802CEA20	0x4	.bss	lib/adx_mgc.c	global	adxm_fs_end	adxm_fs_end
0x802CEA24	0x4	.bss	lib/adx_mgc.c	local	adxm_fs_act	adxm_fs_act
0x802CEA28	0x4	.bss	lib/adx_mgc.c	local	adxm_vsync_end	adxm_vsync_end
0x802CEA2C	0x4	.bss	lib/adx_mgc.c	local	adxm_vsync_act	adxm_vsync_act
0x802CEA30	0x4	.bss	lib/adx_mgc.c	local	adxm_mwidle_end	adxm_mwidle_end
0x802CEA34	0x4	.bss	lib/adx_mgc.c	global	adxm_mwidle_act	adxm_mwidle_act
0x802CEA38	0x4	.bss	lib/adx_mgc.c	global	adxm_safe_end	adxm_safe_end
0x802CEA3C	0x4	.bss	lib/adx_mgc.c	global	adxm_safe_act	adxm_safe_act
0x802CEA40	0x2000	.bss	lib/adx_mgc.c	local	adxm_stack_mwidle	adxm_stack_mwidle
0x802D0A40	0x2000	.bss	lib/adx_mgc.c	global	adxm_stack_fs	adxm_stack_fs
0x802D2A40	0x2000	.bss	lib/adx_mgc.c	global	adxm_stack_vsync	adxm_stack_vsync
0x802D4A40	0x1000	.bss	lib/adx_mgc.c	local	adxm_stack_safe	adxm_stack_safe
0x802D5A40	0x4	.bss	lib/adx_fini.c	global	adxf_init_cnt	adxf_init_cnt
0x802D5A44	0x4	.bss	lib/adx_fini.c	local	adxf_ldptnw_last_stat	adxf_ldptnw_last_stat
0x802D5A48	0x4	.bss	lib/adx_fini.c	local	adxf_ldptnw_ptid	adxf_ldptnw_ptid
0x802D5A4C	0x4	.bss	lib/adx_fini.c	global	adxf_ldptnw_hn	adxf_ldptnw_hn
0x802D5A50	0x4	.bss	lib/adx_fini.c	global	adxf_flno	adxf_flno
0x802D5A54	0x4	.bss	lib/adx_fini.c	global	adxf_hstry_no	adxf_hstry_no
0x802D5A58	0x20	.bss	lib/adx_fini.c	global	adxf_cmd_ncall	adxf_cmd_ncall
0x802D5A78	0x100	.bss	lib/adx_fini.c	global	adxf_cmd_hstry	adxf_cmd_hstry
0x802D5B78	0x4	.bss	lib/adx_fini.c	global	adxf_ocbi_fg	adxf_ocbi_fg
0x802D5B7C	0x400	.bss	lib/adx_fini.c	global	adxf_ptinfo	adxf_ptinfo
0x802D5F7C	0x440	.bss	lib/adx_fini.c	global	adxf_obj	adxf_obj
0x802D63C0	0x4	.bss	lib/adx_fs.c	global	adxf_ldpt_tbsize	adxf_ldpt_tbsize
0x802D63C4	0x4	.bss	lib/adx_fs.c	local	adxf_ldpt_tmpbuf	adxf_ldpt_tmpbuf
0x802D63C8	0x4	.bss	lib/cri_cvfs.c	global	cvfs_errfn	cvfs_errfn
0x802D63CC	0x4	.bss	lib/cri_cvfs.c	local	cvfs_errobj	cvfs_errobj
0x802D63D0	0x4	.bss	lib/cri_cvfs.c	global	cvfs_init_cnt	cvfs_init_cnt
0x802D63D4	0x129	.bss	lib/cri_cvfs.c	global	add_dev_tmp	add_dev_tmp
0x802D6500	0x9	.bss	lib/cri_cvfs.c	global	cvfs_defdev	cvfs_defdev
0x802D650C	0x200	.bss	lib/cri_cvfs.c	local	cvfs_tbl	cvfs_tbl
0x802D670C	0x140	.bss	lib/cri_cvfs.c	global	cvfs_obj	cvfs_obj
0x802D6850	0x4	.bss	lib/lsc_err.c	global	lsc_err_func	lsc_err_func
0x802D6854	0x4	.bss	lib/lsc_err.c	global	lsc_err_obj	lsc_err_obj
0x802D6858	0x100	.bss	lib/lsc_err.c	global	lsc_err_msg	lsc_err_msg
0x802D6958	0x4	.bss	lib/sj_crs.c	global	sjcrs_lvl	sjcrs_lvl
0x802D695C	0x4	.bss	lib/sj_crs.c	local	sjcrs_msk	sjcrs_msk
0x802D6960	0x4	.bss	lib/sj_mem.c	global	sjmem_init_cnt	sjmem_init_cnt
0x802D6964	0x480	.bss	lib/sj_mem.c	global	sjmem_obj	sjmem_obj
0x802D6DE8	0x4	.bss	lib/sj_uni.c	local	sjuni_init_cnt	sjuni_init_cnt
0x802D6DEC	0xC00	.bss	lib/sj_uni.c	global	sjuni_obj	sjuni_obj
0x802D79F0	0x4	.bss	lib/rna_err.c	global	rnaerr_func	rnaerr_func
0x802D79F4	0x4	.bss	lib/rna_err.c	global	rnaerr_obj	rnaerr_obj
0x802D79F8	0x100	.bss	lib/rna_err.c	global	rnaerr_msg	rnaerr_msg
0x802D7B00	0x4	.bss	lib/adx_dcd3.c	global	adx_decode_output_mono_flag	adx_decode_output_mono_flag
0x802D7B04	0x104	.bss	game/act_btn.cpp	global	ActBtn	ActBtn
0x802D7C08	0xC0	.bss	game/at_sub.cpp	global	BoxTmp	BoxTmp
0x802D7CC8	0x38	.bss	game/atari.cpp	global	SatMgr	SatMgr
0x802D7D00	0x260	.bss	game/atari.cpp	global	EatMgr	EatMgr
0x802D7F60	0x400	.bss	game/atari.cpp	global	polyBit	polyBit
0x802D8360	0x80	.bss	game/block.cpp	global	Block	Block
0x802D83E0	0xC	.bss	game/cam_qfps.cpp	global	campos_aim_eff.1169	campos_aim_eff.1169
0x802D83EC	0xC	.bss	game/cam_qfps.cpp	global	target_aim_eff.1170	target_aim_eff.1170
0x802D83F8	0xC00	.bss	game/cam_qfps.cpp	global	view_box.1172	view_box.1172
0x802D8FF8	0x30	.bss	game/camera.cpp	global	mat_prev.1164	mat_prev.1164
0x802D9028	0xCC	.bss	game/cockpit.cpp	global	Cckpt	Cckpt
0x802D90F4	0x34	.bss	game/ctrl.cpp	global	CtrlMgr	CtrlMgr
0x802D9128	0x40	.bss	game/datactrl.cpp	global	tile.900	tile.900
0x802D9168	0xAA4	.bss	game/datactrl.cpp	global	DC	DC
0x802D9C0C	0x20	.bss	game/db_cam.cpp	global	cameraBak.956	cameraBak.956
0x802D9C2C	0xC	.bss	game/db_cam.cpp	global	target_bak.982	target_bak.982
0x802D9C38	0x20	.bss	game/db_cam.cpp	global	CamDbg	CamDbg
0x802D9C58	0x108	.bss	game/db_cam.cpp	global	g_local_ready	g_local_ready
0x802D9D60	0x108	.bss	game/db_cam.cpp	global	g_local_trans	g_local_trans
0x802D9E68	0x34	.bss	game/db_menu.cpp	global	test	test
0x802D9E9C	0xC0	.bss	game/debug.cpp	global	tile.1260	tile.1260
0x802D9F5C	0xC0	.bss	game/debug.cpp	local	tile.1272	tile.1272
0x802DA01C	0x80	.bss	game/debug.cpp	local	proc_tick	proc_tick
0x802DA09C	0x80	.bss	game/debug.cpp	global	proc_name	proc_name
0x802DA11C	0x34	.bss	game/dmg.cpp	global	DmgMgr	DmgMgr
0x802DA150	0x10	.bss	game/dmg.cpp	global	dmg_pad	dmg_pad
0x802DA160	0x6C	.bss	game/dvd.cpp	global	DvdReqWork	DvdReqWork
0x802DA1CC	0x311C	.bss	game/dvd.cpp	global	Dvd	Dvd
0x802DD2E8	0x1A8	.bss	game/dvd.cpp	global	Aram	Aram
0x802DD4A0	0x800	.bss	game/dvd.cpp	local	header_buff	header_buff
0x802DDCA0	0x800	.bss	game/dvd.cpp	global	header_save	header_save
0x802DE4A0	0xF8	.bss	game/eff_sys.cpp	global	g_DmyEsp	g_DmyEsp
0x802DE598	0xF4	.bss	game/eff_sys.cpp	local	g_EffParentWorld	g_EffParentWorld
0x802DE6A0	0x60	.bss	game/eff_sys.cpp	global	g_EspCommonDisplayList	g_EspCommonDisplayList
0x802DE700	0x38	.bss	game/em.cpp	global	EmMgr	EmMgr
0x802DE738	0x10	.bss	game/eprintf.cpp	global	Moji	Moji
0x802DE748	0x20	.bss	game/eprintf.cpp	global	fontTexObj	fontTexObj
0x802DE768	0x30	.bss	game/eprintf.cpp	local	fontTMtx	fontTMtx
0x802DE798	0x1A6	.bss	game/esp.cpp	global	esp_num_list	esp_num_list
0x802DE940	0x3FC	.bss	game/esp.cpp	global	EspTransTbl	EspTransTbl
0x802DED3C	0x3FC	.bss	game/esp.cpp	global	EspCreateTbl	EspCreateTbl
0x802DF138	0x80	.bss	game/esp_app.cpp	global	buf.1191	buf.1191
0x802DF1B8	0x20	.bss	game/esp_app.cpp	global	pSeFunc	pSeFunc
0x802DF1D8	0x20	.bss	game/esp_efm.cpp	global	buf.971	buf.971
0x802DF1F8	0xC	.bss	game/esp_sub.cpp	global	v0.868	v0.868
0x802DF204	0xC	.bss	game/esp_sub.cpp	global	v1.869	v1.869
0x802DF210	0xC	.bss	game/esp_sub.cpp	global	v2.870	v2.870
0x802DF21C	0xC	.bss	game/esp_sub.cpp	global	p0.877	p0.877
0x802DF228	0xC	.bss	game/esp_sub.cpp	global	p1.878	p1.878
0x802DF234	0xC	.bss	game/esp_sub.cpp	global	p2.879	p2.879
0x802DF240	0xC	.bss	game/esp_sub.cpp	local	p3.880	p3.880
0x802DF24C	0xC	.bss	game/esp_sub.cpp	local	ret.881	ret.881
0x802DF258	0xC8	.bss	game/espgen.cpp	global	g_DmyEspgen	g_DmyEspgen
0x802DF320	0xC	.bss	game/Espgen42.cpp	global	Chk_pos	Chk_pos
0x802DF32C	0xC	.bss	game/Espgen42.cpp	global	Cross_Chk_pos	Cross_Chk_pos
0x802DF338	0xC	.bss	game/Espgen42.cpp	global	Cross_Chk_dest	Cross_Chk_dest
0x802DF344	0xC	.bss	game/Espgen42.cpp	global	Cross_Ret_pos	Cross_Ret_pos
0x802DF350	0xC	.bss	game/Espgen43.cpp	local	Chk_pos_802DF350	Chk_pos
0x802DF35C	0x20	.bss	game/espgen45.cpp	global	g_Free	g_Free
0x802DF37C	0x200	.bss	game/est.cpp	global	EspEvModList	EspEvModList
0x802DF57C	0x300	.bss	game/EtcModel.cpp	local	g_EtcTbl	g_EtcTbl
0x802DF87C	0x1A0	.bss	game/EtcModel.cpp	global	g_Etc_das_addr	g_Etc_das_addr
0x802DFA1C	0x180	.bss	game/event.cpp	global	EvtMgr	EvtMgr
0x802DFB9C	0xE8	.bss	game/event.cpp	global	EvtDebug	EvtDebug
0x802DFC84	0x5C	.bss	game/examine.cpp	global	itemExam	itemExam
0x802DFCE0	0xF8	.bss	game/examine.cpp	global	itemCamera	itemCamera
0x802DFDD8	0x90	.bss	game/fade.cpp	global	Fade	Fade
0x802DFE68	0x10	.bss	game/filter01.cpp	global	g_LeNear	g_LeNear
0x802DFE78	0x10	.bss	game/filter01.cpp	global	g_LeFar	g_LeFar
0x802DFE88	0x10	.bss	game/filter01.cpp	global	g_LeLit	g_LeLit
0x802DFE98	0x48	.bss	game/filter06.cpp	global	flt06	flt06
0x802DFEE0	0xC	.bss	game/filter06.cpp	local	cam_vec_LR	cam_vec_LR
0x802DFEEC	0x8C	.bss	game/flr_at.cpp	global	FlrAt_sys	FlrAt_sys
0x802DFF78	0x1C	.bss	game/game.cpp	global	Game	Game
0x802DFF94	0x50	.bss	game/game.cpp	global	g_at_cnt	g_at_cnt
0x802DFFE4	0x50	.bss	game/game.cpp	global	g_at_cyc	g_at_cyc
0x802E0034	0x50	.bss	game/game.cpp	global	g_at2_cnt	g_at2_cnt
0x802E0084	0x50	.bss	game/game.cpp	global	g_at2_cyc	g_at2_cyc
0x802E00D4	0x138	.bss	game/id_sys.cpp	global	tmpId.870	tmpId.870
0x802E020C	0x50	.bss	game/id_sys.cpp	global	IdSys	IdSys
0x802E025C	0x208	.bss	game/light.cpp	global	LightMgr	LightMgr
0x802E0464	0x10	.bss	game/light.cpp	local	fogNew	fogNew
0x802E0474	0x4	.bss	game/light10.cpp	local	lbl_802E0474	.
0x802E0478	0x8680	.bss	game/main.cpp	global	Global	Global
0x802E8AF8	0x38	.bss	game/main.cpp	global	SystemSave	SystemSave
0x802E8B30	0x9A0	.bss	game/main.cpp	global	Joy	Joy
0x802E94D0	0xB8	.bss	game/main.cpp	global	Key	Key
0x802E9588	0x14	.bss	game/main.cpp	global	MainOt	MainOt
0x802E959C	0x18	.bss	game/main.cpp	global	Screen	Screen
0x802E95B8	0x40	.bss	game/main_mem.cpp	local	tile.579	tile.579
0x802E95F8	0xD0	.bss	game/main_mem.cpp	global	Heap	Heap
0x802E96C8	0x38	.bss	game/main_mem.cpp	local	SysMem	SysMem
0x802E9700	0x9C	.bss	game/main_mem.cpp	global	heap_backup	heap_backup
0x802E97A0	0xB	.bss	game/main_sub.cpp	global	ScreenShotFilename	ScreenShotFilename
0x802E97B0	0x30	.bss	game/main_sub.cpp	global	SW	SW
0x802E97E0	0xC	.bss	game/math_sub.cpp	global	ans.369	ans.369
0x802E97EC	0xC	.bss	game/math_sub.cpp	local	ans.376	ans.376
0x802E97F8	0x34	.bss	game/model.cpp	global	PartsMgr	PartsMgr
0x802E982C	0x34	.bss	game/model.cpp	global	ModInfoMgr	ModInfoMgr
0x802E9860	0x38	.bss	game/obj.cpp	global	ObjMgr	ObjMgr
0x802E9898	0x100	.bss	game/obj.cpp	global	ObjInitFunc	ObjInitFunc
0x802E9998	0xC	.bss	game/obj03.cpp	global	pos0.584	pos0.584
0x802E99A4	0xC	.bss	game/obj03.cpp	global	pos1.585	pos1.585
0x802E99B0	0x60	.bss	game/obj18.cpp	global	Obj18Cloth1	Obj18Cloth1
0x802E9A10	0x60	.bss	game/obj18.cpp	global	Obj18Cloth2	Obj18Cloth2
0x802E9A70	0x60	.bss	game/obj18.cpp	local	Obj18Cloth3	Obj18Cloth3
0x802E9AD0	0x60	.bss	game/obj18.cpp	global	Obj18Cloth4	Obj18Cloth4
0x802E9B30	0x60	.bss	game/obj18.cpp	local	Obj18Cloth5	Obj18Cloth5
0x802E9B90	0x60	.bss	game/obj18.cpp	global	Obj18Cloth6	Obj18Cloth6
0x802E9BF0	0x60	.bss	game/obj18.cpp	local	Evt_leonHair	Evt_leonHair
0x802E9C50	0x60	.bss	game/obj18.cpp	global	Evt_leonJacket	Evt_leonJacket
0x802E9CB0	0x60	.bss	game/obj18.cpp	global	Evt_leonHolster	Evt_leonHolster
0x802E9D10	0x60	.bss	game/obj18.cpp	global	Evt_girlHair	Evt_girlHair
0x802E9D70	0x60	.bss	game/obj18.cpp	local	Evt_girlSkirt	Evt_girlSkirt
0x802E9DD0	0x60	.bss	game/obj18.cpp	global	Evt_girlSweater	Evt_girlSweater
0x802E9E30	0x60	.bss	game/obj18.cpp	global	Evt_adaRibbon	Evt_adaRibbon
0x802E9E90	0x60	.bss	game/obj18.cpp	global	Evt_adaDress	Evt_adaDress
0x802E9EF0	0x60	.bss	game/obj18.cpp	local	Evt_adaHair	Evt_adaHair
0x802E9F50	0x60	.bss	game/obj18.cpp	local	Evt_luisHair	Evt_luisHair
0x802E9FB0	0x30	.bss	game/pad.cpp	local	Pad_data	Pad_data
0x802E9FE0	0xC	.bss	game/pl_class.cpp	local	eyeDir.1494	eyeDir.1494
0x802E9FEC	0x60	.bss	game/pl_cloth.cpp	global	leonHair	leonHair
0x802EA04C	0x60	.bss	game/pl_cloth.cpp	global	leonJacket	leonJacket
0x802EA0AC	0x60	.bss	game/pl_cloth.cpp	global	leonHolster	leonHolster
0x802EA10C	0x60	.bss	game/pl_cloth.cpp	global	girlHair	girlHair
0x802EA16C	0x60	.bss	game/pl_cloth.cpp	global	girlSkirt	girlSkirt
0x802EA1CC	0x60	.bss	game/pl_cloth.cpp	global	girlSweater	girlSweater
0x802EA22C	0x60	.bss	game/pl_cloth.cpp	global	luisHair	luisHair
0x802EA28C	0x60	.bss	game/pl_cloth.cpp	global	adaDress	adaDress
0x802EA2EC	0x60	.bss	game/pl_cloth.cpp	global	adaHair	adaHair
0x802EA34C	0x60	.bss	game/pl_cloth.cpp	global	adaRibbon	adaRibbon
0x802EA3AC	0xC	.bss	game/pl_sub.cpp	global	m_PosOldWater.1682	m_PosOldWater.1682
0x802EA3B8	0x110	.bss	game/quake.cpp	global	Quake	Quake
0x802EA4C8	0x18	.bss	game/quake.cpp	global	QuakeOfsOld	QuakeOfsOld
0x802EA4E0	0x260	.bss	game/read.cpp	global	EmReadModule	EmReadModule
0x802EA740	0x98	.bss	game/read.cpp	global	PlReadModule	PlReadModule
0x802EA7E0	0x98	.bss	game/read.cpp	global	WepReadModule	WepReadModule
0x802EA880	0x38	.bss	game/room_jmp.cpp	local	test.273	test
0x802EA8B8	0x20	.bss	game/roomdata.cpp	global	RoomData	RoomData
0x802EA8D8	0x1C	.bss	game/sce_at.cpp	local	auto_work.2289	auto_work.2289
0x802EA8F4	0x124	.bss	game/sce_at.cpp	local	SceAtSys	SceAtSys
0x802EAA18	0x60	.bss	game/sce_at.cpp	local	releaseModelTbl	releaseModelTbl
0x802EAA78	0x20	.bss	game/sce_com.cpp	local	chap_data_name.2213	chap_data_name.2213
0x802EAA98	0x40	.bss	game/sce_com.cpp	local	ItemEventTbl	ItemEventTbl
0x802EAAD8	0xF8	.bss	game/sce_com.cpp	local	SceCam	SceCam
0x802EABD0	0x138	.bss	game/sce_sys.cpp	global	SceSys	SceSys
0x802EAD08	0x3B10	.bss	game/scheduler.cpp	global	Task	Task
0x802EE818	0xC	.bss	game/scheduler.cpp	local	Sema	Sema
0x802EE828	0x2C	.bss	game/sofdec.cpp	local	info.819	info.819
0x802EE858	0x240	.bss	game/sofdec.cpp	global	Sofdec	Sofdec
0x802EEA98	0x10	.bss	game/t_bugcheck.cpp	global	BC	BC
0x802EEAA8	0xC	.bss	game/t_flag.cpp	global	Test	Test
0x802EEAB4	0x520	.bss	game/t_log.cpp	global	dbInfo	dbInfo
0x802EEFD4	0x4DC	.bss	game/t_option.cpp	global	dbPl	dbPl
0x802EF4B0	0x10	.bss	game/t_page.cpp	global	lbl_802EF4B0	.
0x802EF4C0	0x10	.bss	game/t_prim.cpp	global	Orect	Orect
0x802EF4E0	0x100	.bss	game/t_prim.cpp	global	ToolBuffer	ToolBuffer
0x802EF5E0	0xF8	.bss	game/t_util.cpp	global	globalCamera	globalCamera
0x802EF6D8	0x10	.bss	game/t_util.cpp	global	debug_flg_bak	debug_flg_bak
0x802EF6E8	0x10	.bss	game/t_util.cpp	global	status_flg_bak	status_flg_bak
0x802EF6F8	0x1C0	.bss	game/TexRender.cpp	global	g_RndMgr	g_RndMgr
0x802EF8B8	0x20	.bss	game/trans.cpp	global	g_Get_tex_obj	g_Get_tex_obj
0x802EF8D8	0x30	.bss	game/trans.cpp	global	specular_mat	specular_mat
0x802EF908	0x120	.bss	game/trans.cpp	global	Specular	Specular
0x802EFA28	0xA0	.bss	game/trans.cpp	global	GlobalIlmTex	GlobalIlmTex
0x802EFAC8	0x40	.bss	game/trans.cpp	global	IndTex	IndTex
0x802EFB08	0xC	.bss	game/trans.cpp	global	ThermoTlut	ThermoTlut
0x802EFB14	0x40	.bss	game/trans_lit.cpp	local	lightObjBlack	lightObjBlack
0x802EFB54	0xC	.bss	game/trans_lit.cpp	global	obj_pos	obj_pos
0x802EFB60	0xB8	.bss	game/trans_ot.cpp	global	g_OtWork	g_OtWork
0x802EFC18	0x38	.bss	game/trans_ot.cpp	global	g_OtMirrirWk	g_OtMirrirWk
0x802EFC50	0x3A4	.bss	game/view.cpp	global	View	View
0x802EFFF4	0xD00	.bss	game/view.cpp	global	ViewHit	ViewHit
0x802F0CF4	0x14	.bss	game/yz2code.cpp	local	in_ev	in_ev
0x802F0D08	0x3C0	.bss	game/cloth.cpp	global	ClothWk	ClothWk
0x802F10C8	0x240	.bss	game/esp01.cpp	global	tmp_poss.681	tmp_poss.681
0x802F1308	0x40	.bss	game/esp01.cpp	global	tmp_n.682	tmp_n.682
0x802F1348	0xC	.bss	game/esp43.cpp	global	g_pos	g_pos
0x802F1354	0x4	.bss	game/et00.cpp	local	lbl_802F1354	.
0x802F1358	0x10	.bss	game/exception.cpp	global	test_802F1358	test
0x802F1368	0x2C8	.bss	game/exception.cpp	global	sv_context	sv_context
0x802F1630	0x40	.bss	game/exception.cpp	local	call_stack	call_stack
0x802F1670	0x48	.bss	game/exception.cpp	global	symbolInfo	symbolInfo
0x802F16B8	0x100	.bss	game/exception.cpp	global	tmp_str	tmp_str
0x802F17B8	0x8	.bss	game/filter00.cpp	local	lbl_802F17B8	.
0x802F17C0	0x200	.bss	game/filter02.cpp	global	CLUTdata	CLUTdata
0x802F19C0	0x14	.bss	game/filter03.cpp	global	flt03	flt03
0x802F19D4	0x14	.bss	game/filter04.cpp	global	flt04	flt04
0x802F19E8	0x4	.bss	lib/__main.c	global	initialized.10	initialized.10
0x802F19F0	0xC	.bss	lib/OSFatal.c	local	FatalParam	FatalParam
0x802F1A00	0x2C8	.bss	lib/OSFatal.c	local	FatalContext	FatalContext
0x802F1CC8	0xD8	.bss	lib/GXDraw.c	local	vcd	vcd
0x802F1DA0	0x1B0	.bss	lib/GXDraw.c	local	vat	vat
0x802F1F50	0x24	.bss	lib/GXDisplayList.c	local	DisplayListFifo	DisplayListFifo
0x802F1F74	0x5B0	.bss	lib/GXDisplayList.c	local	__savedGXdata	__savedGXdata
0x802F2528	0x100	.bss	lib/mwsfdsvm.c	global	errstr$317	errstr$317
0x802F2628	0x4	.bss	lib/mwsfdsvm.c	global	mwg_main_fid	mwg_main_fid
0x802F262C	0x4	.bss	lib/mwsfdsvm.c	global	mwg_idle_fid	mwg_idle_fid
0x802F2630	0x4	.bss	lib/mwsfdsvm.c	global	mwg_vsync_fid	mwg_vsync_fid
0x802F2634	0x4	.bss	lib/mwsfdsvm.c	global	mwg_vbin_fid	mwg_vbin_fid
0x802F2638	0x4	.bss	lib/mwsfdcre.c	global	mwsfdcre_bufnum	mwsfdcre_bufnum
0x802F263C	0x4	.bss	lib/mwsfdcre.c	global	mwsfdcre_bufsize	mwsfdcre_bufsize
0x802F2640	0x40	.bss	lib/mwsfdcre.c	global	mwsfdcre_bufptr	mwsfdcre_bufptr
0x802F2680	0x4	.bss	lib/mwsfdcre.c	local	adxibuf	adxibuf
0x802F2684	0x4	.bss	lib/mwsfdcre.c	global	adxwk	adxwk
0x802F2688	0x4	.bss	lib/mwsfdcre.c	global	tab	tab
0x802F268C	0x4	.bss	lib/mwsfdcre.c	global	rfb	rfb
0x802F2690	0x4	.bss	lib/mwsfdcre.c	global	aib	aib
0x802F2694	0x4	.bss	lib/mwsfdcre.c	global	vib	vib
0x802F2698	0x4	.bss	lib/mwsfdcre.c	global	sib	sib
0x802F269C	0x4	.bss	lib/mwsfdcre.c	global	sjb	sjb
0x802F26A0	0x4	.bss	lib/mwsfdcre.c	local	mwsfd_sisjadr	mwsfd_sisjadr
0x802F26A8	0x4	.bss	lib/mwsfdlib.c	global	mwsfd_init_cnt	mwsfd_init_cnt
0x802F26AC	0x4	.bss	lib/mwsfdlib.c	global	mwsfd_init_flag	mwsfd_init_flag
0x802F26B0	0x4	.bss	lib/mwsfdlib.c	global	mwsfd_err_sfdhn	mwsfd_err_sfdhn
0x802F26B4	0x4	.bss	lib/mwsfdlib.c	global	mwsfd_err_mwsfdhn	mwsfd_err_mwsfdhn
0x802F26B8	0x100	.bss	lib/mwsfdlib.c	global	mwg_sfd_errstr	mwg_sfd_errstr
0x802F27B8	0x4	.bss	lib/mwsfdlib.c	global	mwg_sfd_errcnt	mwg_sfd_errcnt
0x802F27BC	0x40	.bss	lib/mwsfdlib.c	global	mwg_sfd_errcode	mwg_sfd_errcode
0x802F27FC	0x162C	.bss	lib/mwsfdlib.c	global	mwsfd_libwork	mwsfd_libwork
0x802F3E28	0x4	.bss	lib/mwsfdlib.c	local	cri_verstr_ptr_802F3E28	cri_verstr_ptr
0x802F3E30	0x4	.bss	lib/mwsfdsvr.c	local	mwg_field_no	mwg_field_no
0x802F3E34	0x4	.bss	lib/mwsfdsvr.c	global	mwg_vcnt	mwg_vcnt
0x802F3E38	0x4	.bss	lib/mwsfdsvr.c	global	mwsfd_hn_last	mwsfd_hn_last
0x802F3E3C	0x4	.bss	lib/mwsfdsvr.c	global	mwsfd_svr_bdr_cnt	mwsfd_svr_bdr_cnt
0x802F3E40	0x4	.bss	lib/sud_lib.c	global	sud_init_cnt	sud_init_cnt
0x802F3E44	0x4	.bss	lib/sud_lib.c	local	sud_dummy	sud_dummy
0x802F3E48	0x4	.bss	lib/sfx_lib.c	global	sfx_init_cnt	sfx_init_cnt
0x802F3E4C	0x4	.bss	lib/sfx_lib.c	global	sfxcnv_forcesplit	sfxcnv_forcesplit
0x802F3E50	0x3E8	.bss	lib/sfx_lib.c	global	sfx_libwork	sfx_libwork
0x802F4238	0x4	.bss	lib/sfx_lib.c	global	sfx_dummy	sfx_dummy
0x802F4240	0xC8	.bss	lib/sfx_alp.c	global	sfxa_work	sfxa_work
0x802F4308	0x26C	.bss	lib/sfx_zmv.c	global	sfxz_work	sfxz_work
0x802F4578	0x4	.bss	lib/sfd_adxt.c	global	sfadxt_stat	sfadxt_stat
0x802F457C	0x4	.bss	lib/sfd_adxt.c	global	sfadxt_adxterr	sfadxt_adxterr
0x802F4580	0x1C	.bss	lib/sfd_adxt.c	local	sfadxt_para	sfadxt_para
0x802F45A0	0x4	.bss	lib/sfd_buf.c	global	sfbuf_sjmem_uuid	sfbuf_sjmem_uuid
0x802F45A4	0x4	.bss	lib/sfd_buf.c	local	sfbuf_sjrbf_uuid	sfbuf_sjrbf_uuid
0x802F45A8	0xB	.bss	lib/sfd_cre.c	global	sfcre_aauhdr	sfcre_aauhdr
0x802F45B4	0x894	.bss	lib/sfd_cre.c	global	sfcre_fhd	sfcre_fhd
0x802F4E48	0x800	.bss	lib/sfd_cre.c	global	sfcre_tmpbuf	sfcre_tmpbuf
0x802F5648	0x204	.bss	lib/sfd_hds.c	global	sfhds_sfhlib_work	sfhds_sfhlib_work
0x802F5850	0x4	.bss	lib/sfd_lib.c	local	sflib_sizeof_sfdhn	sflib_sizeof_sfdhn
0x802F5854	0x4	.bss	lib/sfd_lib.c	global	SFD_pts_error_msg	SFD_pts_error_msg
0x802F5858	0x4	.bss	lib/sfd_lib.c	global	sfd_hn_last	sfd_hn_last
0x802F585C	0x4	.bss	lib/sfd_lib.c	local	cri_verstr_ptr_802F585C	cri_verstr_ptr
0x802F5860	0x228	.bss	lib/sfd_lib.c	global	SFLIB_libwork	SFLIB_libwork
0x802F5A88	0x4	.bss	lib/sfd_mps.c	local	copy_sj_error	copy_sj_error
0x802F5A8C	0x810	.bss	lib/sfd_mps.c	global	sfmps_libwork	sfmps_libwork
0x802F62A0	0x4	.bss	lib/sfd_mpv.c	global	sfmpv_discard_wsiz	sfmpv_discard_wsiz
0x802F62A4	0x4	.bss	lib/sfd_mpv.c	global	sfmpv_picusr_buf1siz	sfmpv_picusr_buf1siz
0x802F62A8	0x4	.bss	lib/sfd_mpv.c	global	sfmpv_picusr_bufnum	sfmpv_picusr_bufnum
0x802F62AC	0x4	.bss	lib/sfd_mpv.c	global	sfmpv_picusr_pbuf	sfmpv_picusr_pbuf
0x802F62B0	0x40	.bss	lib/sfd_mpv.c	global	sfmpv_ta_adr_tbl	sfmpv_ta_adr_tbl
0x802F62F0	0x8	.bss	lib/sfd_mpv.c	global	sfmpv_rfb_adr_tbl	sfmpv_rfb_adr_tbl
0x802F62F8	0x24	.bss	lib/sfd_mpv.c	global	sfmpv_para	sfmpv_para
0x802F631C	0x12020	.bss	lib/sfd_mpv.c	global	sfmpv_work	sfmpv_work
0x80308340	0x4	.bss	lib/sfd_ply.c	global	SFPLY_recordgetfrm	SFPLY_recordgetfrm
0x80308344	0x4	.bss	lib/sfd_ply.c	global	sfply_last_hnctrl_wksiz	sfply_last_hnctrl_wksiz
0x80308348	0x4	.bss	lib/sfd_ply.c	global	SFPLY_SetPtsInfo	SFPLY_SetPtsInfo
0x8030834C	0x4	.bss	lib/sfd_ply.c	global	SFPLY_ResetPtsm	SFPLY_ResetPtsm
0x80308350	0x4	.bss	lib/sfd_tim.c	global	sftim_v_sample	sftim_v_sample
0x80308354	0x4	.bss	lib/sfd_tim.c	global	sftim_v_time	sftim_v_time
0x80308358	0x4	.bss	lib/sfd_tim.c	global	sftim_a_sample	sftim_a_sample
0x80308360	0x8	.bss	lib/sfd_tim.c	global	sftim_as_pts	sftim_as_pts
0x80308368	0x4	.bss	lib/sfd_tst.c	global	sftst_debout_siz	sftst_debout_siz
0x8030836C	0x4	.bss	lib/sfd_tst.c	global	sftst_debout_buf	sftst_debout_buf
0x80308370	0x4	.bss	lib/sfd_tst.c	global	sftst_debout_round	sftst_debout_round
0x80308374	0x4	.bss	lib/sfd_tst.c	global	sftst_debout_write	sftst_debout_write
0x80308378	0x4	.bss	lib/sfd_tst.c	global	sftst_last	sftst_last
0x80308380	0x4	.bss	lib/sfh_main.c	global	sfh_init_cont	sfh_init_cont
0x80308384	0xC	.bss	lib/sfh_main.c	global	sfh_objinf	sfh_objinf
0x80308390	0x4	.bss	lib/sfh_main.c	local	sfhlib_version_dummy	sfhlib_version_dummy
0x80308398	0x4	.bss	lib/uty_tmr.c	global	utytmr_ch	utytmr_ch
0x8030839C	0x4	.bss	lib/uty_tmr.c	global	utytmr_init_cnt	utytmr_init_cnt
0x803083A0	0x8	.bss	lib/uty_tmr.c	global	utytmr_unit	utytmr_unit
0x803083A8	0x18	.bss	lib/uty_tmr.c	global	utytmr_work	utytmr_work
0x803083C0	0x4	.bss	lib/cftyp422_ppc.c	global	gqr_save	gqr_save
0x803083C4	0x400	.bss	lib/cftyp422_ppc.c	global	cr_r	cr_r
0x803087C4	0x400	.bss	lib/cftyp422_ppc.c	global	cr_g	cr_g
0x80308BC4	0x400	.bss	lib/cftyp422_ppc.c	global	cb_b	cb_b
0x80308FC4	0x400	.bss	lib/cftyp422_ppc.c	local	cb_g	cb_g
0x803093E0	0x400	.bss	lib/cftyp422_ppc.c	global	y	y
0x803097E0	0x4	.bss	lib/cftyp422_ppc.c	global	CFT_dummy	CFT_dummy
0x803097E8	0x24	.bss	lib/cftfx.c	global	cft_basic_ccir601	cft_basic_ccir601
0x8030980C	0x24	.bss	lib/cftfx.c	global	cft_yuv_rgb_coeff	cft_yuv_rgb_coeff
0x80309830	0x4	.bss	lib/cftfx.c	global	cft_ptr_cr_rgb	cft_ptr_cr_rgb
0x80309834	0x4	.bss	lib/cftfx.c	local	cft_ptr_cb_rgb	cft_ptr_cb_rgb
0x80309838	0x4	.bss	lib/cftfx.c	global	cft_ptr_y_rgb	cft_ptr_y__rgb
0x8030983C	0x100	.bss	lib/cftfx.c	global	cft_conv_v_itbl	cft_conv_v_itbl
0x8030993C	0x100	.bss	lib/cftfx.c	global	cft_conv_u_itbl	cft_conv_u_itbl
0x80309A3C	0x100	.bss	lib/cftfx.c	global	cft_conv_y_itbl	cft_conv_y_itbl
0x80309B40	0x4	.bss	lib/cft_common.c	global	cftcom_optimize_speed	cftcom_optimize_speed
0x80309B48	0x4	.bss	lib/mps_lib.c	local	mpslib_hn_last	mpslib_hn_last
0x80309B4C	0x4	.bss	lib/mps_lib.c	local	cri_verstr_ptr_80309B4C	cri_verstr_ptr
0x80309B50	0x4	.bss	lib/mps_lib.c	global	MPSLIB_libwork	MPSLIB_libwork
0x80309B58	0x14	.bss	lib/mpv_err.c	global	mpverrinf	mpverrinf
0x80309B70	0x28	.bss	lib/mpv_hdec.c	local	mc_bidirect_func	mc_bidirect_func
0x80309B98	0x28	.bss	lib/mpv_hdec.c	global	mc_backward_func	mc_backward_func
0x80309BC0	0x28	.bss	lib/mpv_hdec.c	global	mc_forward_func	mc_forward_func
0x80309BE8	0x50	.bss	lib/mpv_hdec.c	local	mc_intra_func	mc_intra_func
0x80309C38	0x28	.bss	lib/mpv_hdec.c	local	skip_func	skip_func
0x80309C60	0x4	.bss	lib/mpv_lib.c	local	mpvlib_use_lc	mpvlib_use_lc
0x80309C64	0x400	.bss	lib/mpv_lib.c	global	mpv_clip_0_255_tbl	mpv_clip_0_255_tbl
0x8030A064	0x4	.bss	lib/mpv_lib.c	local	mpv_clip_0_255_base	mpv_clip_0_255_base
0x8030A068	0x4	.bss	lib/mpv_lib.c	local	mpvlib_mpvobj	mpvlib_mpvobj
0x8030A06C	0x4	.bss	lib/mpv_lib.c	local	mpvlib_oix	mpvlib_oix
0x8030A070	0x4	.bss	lib/mpv_lib.c	global	mpvlib_iix	mpvlib_iix
0x8030A074	0x5C	.bss	lib/mpv_lib.c	local	mpvlib_libwork	mpvlib_libwork
0x8030A0D0	0x4	.bss	lib/mpv_lib.c	local	cri_verstr_ptr_8030A0D0	cri_verstr_ptr
0x8030A0D8	0x200	.bss	lib/mpv_vlc.c	global	mpvvlt_run_level_8	mpvvlt_run_level_8
0x8030A2D8	0x400	.bss	lib/mpv_vlc.c	global	mpvvlt2_c_dcsiz	mpvvlt2_c_dcsiz
0x8030A6D8	0x400	.bss	lib/mpv_vlc.c	local	mpvvlt2_y_dcsiz	mpvvlt2_y_dcsiz
0x8030AAD8	0x80	.bss	lib/mpv_vlc.c	local	mpvvlt_c_dcsiz	mpvvlt_c_dcsiz
0x8030AB58	0x80	.bss	lib/mpv_vlc.c	local	mpvvlt_y_dcsiz	mpvvlt_y_dcsiz
0x8030ABD8	0x400	.bss	lib/mpv_vlc.c	global	mpvvlt_cbp	mpvvlt_cbp
0x8030AFD8	0x40	.bss	lib/mpv_vlc.c	global	mpvvlt_motion_1	mpvvlt_motion_1
0x8030B018	0x100	.bss	lib/mpv_vlc.c	global	mpvvlt_motion_0	mpvvlt_motion_0
0x8030B118	0x80	.bss	lib/mpv_vlc.c	local	mpvvlt_b_mbtype	mpvvlt_b_mbtype
0x8030B198	0x40	.bss	lib/mpv_vlc.c	local	mpvvlt_p_mbtype	mpvvlt_p_mbtype
0x8030B1D8	0x40	.bss	lib/mpv_vlc.c	global	mpvvlt_mbai_b_1	mpvvlt_mbai_b_1
0x8030B218	0x100	.bss	lib/mpv_vlc.c	local	mpvvlt_mbai_b_0	mpvvlt_mbai_b_0
0x8030B318	0x40	.bss	lib/mpv_vlc.c	local	mpvvlt_mbai_p_1	mpvvlt_mbai_p_1
0x8030B358	0x100	.bss	lib/mpv_vlc.c	local	mpvvlt_mbai_p_0	mpvvlt_mbai_p_0
0x8030B458	0x80	.bss	lib/mpv_vlc.c	global	mpvvlt_mbai_i_1	mpvvlt_mbai_i_1
0x8030B4D8	0x200	.bss	lib/mpv_vlc.c	local	mpvvlt_mbai_i_0	mpvvlt_mbai_i_0
0x8030B6D8	0x4	.bss	lib/mpv_vlc.c	global	mpvvlc_run_level_8	mpvvlc_run_level_8
0x8030B6DC	0x4	.bss	lib/mpv_vlc.c	global	mpvvlc_run_level_4	mpvvlc_run_level_4
0x8030B6E0	0x4	.bss	lib/mpv_vlc.c	global	mpvvlc_run_level_2	mpvvlc_run_level_2
0x8030B6E4	0x4	.bss	lib/mpv_vlc.c	global	mpvvlc_run_level_1	mpvvlc_run_level_1
0x8030B6E8	0x4	.bss	lib/mpv_vlc.c	global	mpvvlc_run_level_0a	mpvvlc_run_level_0a
0x8030B6EC	0x4	.bss	lib/mpv_vlc.c	global	mpvvlc_run_level_0b	mpvvlc_run_level_0b
0x8030B6F0	0x4	.bss	lib/mpv_vlc.c	global	mpvvlc_run_level_0c	mpvvlc_run_level_0c
0x8030B6F4	0x4	.bss	lib/mpv_vlc.c	global	mpvvlc2_c_dcsiz	mpvvlc2_c_dcsiz
0x8030B6F8	0x4	.bss	lib/mpv_vlc.c	global	mpvvlc2_y_dcsiz	mpvvlc2_y_dcsiz
0x8030B6FC	0x4	.bss	lib/mpv_vlc.c	global	mpvvlc_c_dcsiz	mpvvlc_c_dcsiz
0x8030B700	0x4	.bss	lib/mpv_vlc.c	global	mpvvlc_y_dcsiz	mpvvlc_y_dcsiz
0x8030B704	0x4	.bss	lib/mpv_vlc.c	global	mpvvlc_cbp	mpvvlc_cbp
0x8030B708	0x4	.bss	lib/mpv_vlc.c	global	mpvvlc_motion_1	mpvvlc_motion_1
0x8030B70C	0x4	.bss	lib/mpv_vlc.c	global	mpvvlc_motion_0	mpvvlc_motion_0
0x8030B710	0x4	.bss	lib/mpv_vlc.c	global	mpvvlc_b_mbtype	mpvvlc_b_mbtype
0x8030B714	0x4	.bss	lib/mpv_vlc.c	global	mpvvlc_p_mbtype	mpvvlc_p_mbtype
0x8030B718	0x4	.bss	lib/mpv_vlc.c	global	mpvvlc_mbai_b_1	mpvvlc_mbai_b_1
0x8030B71C	0x4	.bss	lib/mpv_vlc.c	global	mpvvlc_mbai_b_0	mpvvlc_mbai_b_0
0x8030B720	0x4	.bss	lib/mpv_vlc.c	global	mpvvlc_mbai_p_1	mpvvlc_mbai_p_1
0x8030B724	0x4	.bss	lib/mpv_vlc.c	global	mpvvlc_mbai_p_0	mpvvlc_mbai_p_0
0x8030B728	0x4	.bss	lib/mpv_vlc.c	global	mpvvlc_mbai_i_1	mpvvlc_mbai_i_1
0x8030B72C	0x4	.bss	lib/mpv_vlc.c	global	mpvvlc_mbai_i_0	mpvvlc_mbai_i_0
0x8030B730	0x20	.bss	lib/mpv_umc.c	global	mpvumc_oneref_y	mpvumc_oneref_y
0x8030B750	0x20	.bss	lib/mpv_umc.c	local	mpvumc_oneref	mpvumc_oneref
0x8030B770	0x4000	.bss	lib/dct_fsri.c	global	PreIDCT	PreIDCT
0x8030F770	0x200	.bss	lib/dct_fsri.c	global	sfsd_scale_tbl	sfsd_scale_tbl
0x8030F970	0x4	.bss	lib/dct_fsri.c	global	dctfsri_version_dummy	dctfsri_version_dummy
0x8030F978	0x40	.bss	lib/mpv_bdec.c	global	mpvbdec_dfl_iqm	mpvbdec_dfl_iqm
0x8030F9B8	0x40	.bss	lib/mpv_bdec.c	global	mpvbdec_zigzag	mpvbdec_zigzag
0x8030F9F8	0x20	.bss	lib/mpv_cmc.c	global	mpvcmc_oneref	mpvcmc_oneref
0x8030FA18	0x200	.bss	lib/dct_ac.c	global	dctac_i_const	dctac_i_const
0x8030FC18	0x200	.bss	lib/dct_ac.c	global	dctac_f_const	dctac_f_const
0x8030FE18	0x4	.bss	lib/dct_ac.c	local	dctac_version_dummy	dctac_version_dummy
0x8030FE20	0x4	.bss	lib/dct_ver.c	local	cri_verstr_ptr_8030FE20	cri_verstr_ptr
0x8030FE28	0x40	.bss	lib/adx_insh.c	local	adxt_dmybuf	adxt_dmybuf
0x8030FE68	0x400	.bss	lib/adx_insh.c	local	adxt_hdbuf	adxt_hdbuf
0x80310268	0x4	.bss	lib/adx_sfa.c	local	sfa_init_cnt	sfa_init_cnt
0x80310270	0x4	.bss	lib/adx_sje.c	local	skg_init_count_80310270	skg_init_count
0x80310274	0x4	.bss	lib/adx_sje.c	local	skg_err_func_80310274	skg_err_func
0x80310278	0x4	.bss	lib/adx_sje.c	local	skg_err_obj_80310278	skg_err_obj
0x80310280	0x900	.bss	lib/adx_sje.c	local	adxsje_prdflt_obj	adxsje_prdflt_obj
0x80310B80	0xC0	.bss	lib/adx_sje.c	local	adxsje_iirflt_obj	adxsje_iirflt_obj
0x80310C40	0x17C0	.bss	lib/adx_sje.c	local	adxsje_obj	adxsje_obj
0x80312400	0x4	.bss	lib/mfci.c	local	mfci_err_func	mfci_err_func
0x80312404	0x4	.bss	lib/mfci.c	local	mfci_err_obj	mfci_err_obj
0x80312408	0x12C	.bss	lib/mfci.c	global	mfci_err_str	mfci_err_str
0x80312534	0x8C0	.bss	lib/mfci.c	global	mfci_obj	mfci_obj
0x80312DF4	0x4	.bss	lib/mfci.c	global	mfci_init_flag	mfci_init_flag
0x80312DF8	0xC	.bss	lib/gcci.c	global	gcg_ci_debug	gcg_ci_debug
0x80312E04	0x4	.bss	lib/gcci.c	global	gcg_ci_err_obj	gcg_ci_err_obj
0x80312E08	0x4	.bss	lib/gcci.c	global	gcg_ci_err_func	gcg_ci_err_func
0x80312E0C	0xFA0	.bss	lib/gcci.c	local	gcg_ci_obj	gcg_ci_obj
0x80313DAC	0x4	.bss	lib/gcci.c	global	gcg_ci_build_ptr	gcg_ci_build_ptr
0x80313DB0	0x100	.bss	lib/gcci_sub.c	global	gcg_ci_root_dir	gcg_ci_root_dir
0x80313EB0	0x30	.bss	lib/gcci_sub.c	local	_8IDSystem.m_scrn_mat	IDSystem::m_scrn_mat
0x80313EE0	0x4	.sdata	game/cam_ctrl.cpp	global	g_pToolCamData	g_pToolCamData
0x80313EE4	0x4	.sdata	game/cam_ctrl.cpp	global	R_GAIN.1110	R_GAIN.1110
0x80313EE8	0x4	.sdata	game/cam_ctrl.cpp	global	GAIN.1111	GAIN.1111
0x80313EEC	0x1	.sdata	game/cam_ctrl.cpp	global	blink.1151	blink.1151
0x80313EED	0x3	.sdata	game/cam_ctrl.cpp	global	lbl_80313EED	.
0x80313EF0	0x4	.sdata	game/cam_ctrl.cpp	global	gain.1164	gain.1164
0x80313EF4	0x4	.sdata	game/cam_ctrl.cpp	global	nI.1218	nI.1218
0x80313EF8	0x4	.sdata	game/cam_ctrl.cpp	global	mI.1219	mI.1219
0x80313EFC	0x4	.sdata	game/cam_ctrl.cpp	local	rate.1220	rate.1220
0x80313F00	0x4	.sdata	game/card.cpp	global	isDbgInfoAlloc	isDbgInfoAlloc
0x80313F04	0x4	.sdata	game/card.cpp	local	isDbgInfoCached	isDbgInfoCached
0x80313F08	0x4	.sdata	game/card.cpp	local	pCard	pCard
0x80313F0C	0x4	.sdata	game/card.cpp	local	g_id	g_id
0x80313F10	0x2	.sdata	game/card.cpp	local	col_tbl.1563	col_tbl.1563
0x80313F12	0xE	.sdata	game/card.cpp	local	lbl_80313F12	.
0x80313F20	0x8	.sdata	game/emBar.cpp	local	EmBar_R1_move_tbl	EmBar_R1_move_tbl
0x80313F28	0x4	.sdata	game/item.cpp	global	g_item_order_num	g_item_order_num
0x80313F2C	0x4	.sdata	game/item.cpp	global	tbl_num.1521	tbl_num.1521
0x80313F30	0x4	.sdata	game/item.cpp	global	tbl_num.1558	tbl_num.1558
0x80313F34	0x4	.sdata	game/item.cpp	global	tbl_num.1562	tbl_num.1562
0x80313F38	0x4	.sdata	game/item.cpp	local	tbl_num.1566	tbl_num.1566
0x80313F3C	0x4	.sdata	game/item.cpp	global	tbl_num.1570	tbl_num.1570
0x80313F40	0x4	.sdata	game/item.cpp	local	tbl_num.1574	tbl_num.1574
0x80313F44	0x4	.sdata	game/item.cpp	local	sX.1581	sX.1581
0x80313F48	0x4	.sdata	game/item.cpp	global	sY.1582	sY.1582
0x80313F4C	0x4	.sdata	game/item.cpp	local	lbl_80313F4C	.
0x80313F50	0x4	.sdata	game/light_area.cpp	global	lit_pow_mul.756	lit_pow_mul.756
0x80313F54	0x4	.sdata	game/light_area.cpp	local	lbl_80313F54	.
0x80313F58	0x4	.sdata	game/map_obj.cpp	global	timer.738	timer.738
0x80313F5C	0x4	.sdata	game/map_obj.cpp	global	lbl_80313F5C	.
0x80313F60	0x4	.sdata	game/mercenaries.cpp	local	MercMin	MercMin
0x80313F64	0x4	.sdata	game/mercenaries.cpp	global	MercSec	MercSec
0x80313F68	0x4	.sdata	game/mercenaries.cpp	global	MercCes	MercCes
0x80313F6C	0x4	.sdata	game/mercenaries.cpp	local	BonusTimeAdd	BonusTimeAdd
0x80313F70	0x4	.sdata	game/mercenaries.cpp	global	ComboTimerMax	ComboTimerMax
0x80313F74	0x4	.sdata	game/mercenaries.cpp	global	ComboTimerFlash	ComboTimerFlash
0x80313F78	0x4	.sdata	game/mercenaries.cpp	local	BonusTimerFlash	BonusTimerFlash
0x80313F7C	0x4	.sdata	game/mercenaries.cpp	global	MARGIN.1631	MARGIN.1631
0x80313F80	0x8	.sdata	game/merchant.cpp	global	level_null	level_null
0x80313F88	0x8	.sdata	game/merchant.cpp	local	level_r329	level_r329
0x80313F90	0x4	.sdata	game/merchant.cpp	local	g_item_price_tbl_num	g_item_price_tbl_num
0x80313F94	0x4	.sdata	game/merchant.cpp	global	lbl_80313F94	.
0x80313F98	0x8	.sdata	game/obj14.cpp	global	Obj14_R1_move_tbl	Obj14_R1_move_tbl
0x80313FA0	0x2	.sdata	game/obj14.cpp	global	obj14ClothP	obj14ClothP
0x80313FA2	0x2	.sdata	game/obj14.cpp	local	lbl_80313FA2	.
0x80313FA4	0x2	.sdata	game/obj14.cpp	global	obj14ClothUp	obj14ClothUp
0x80313FA6	0x2	.sdata	game/obj14.cpp	global	lbl_80313FA6	.
0x80313FA8	0x2	.sdata	game/obj14.cpp	global	obj14ClothDp	obj14ClothDp
0x80313FAA	0x2	.sdata	game/obj14.cpp	local	lbl_80313FAA	.
0x80313FAC	0x8	.sdata	game/obj14.cpp	global	obj14ClothMax	obj14ClothMax
0x80313FB4	0x4	.sdata	game/obj14.cpp	local	lbl_80313FB4	.
0x80313FB8	0x8	.sdata	game/obj15.cpp	global	Obj15_R1_move_tbl	Obj15_R1_move_tbl
0x80313FC0	0x8	.sdata	game/obj26.cpp	local	Obj26_R1_move_tbl	Obj26_R1_move_tbl
0x80313FC8	0x1	.sdata	game/objBull.cpp	local	Bull_parts	Bull_parts
0x80313FC9	0x7	.sdata	game/objBull.cpp	global	lbl_80313FC9	.
0x80313FD0	0x4	.sdata	game/objRobo.cpp	global	RoboFallSpdX	RoboFallSpdX
0x80313FD4	0x4	.sdata	game/objRobo.cpp	global	RoboFallSpdY	RoboFallSpdY
0x80313FD8	0x4	.sdata	game/objRobo.cpp	global	lbl_80313FD8	.
0x80313FDC	0x4	.sdata	game/objRobo.cpp	global	BridgeStartX	BridgeStartX
0x80313FE0	0x4	.sdata	game/objRobo.cpp	local	RoboHitRadius	RoboHitRadius
0x80313FE4	0x4	.sdata	game/objRobo.cpp	local	posysub	posysub
0x80313FE8	0x4	.sdata	game/objRocket.cpp	local	blastDmWidth.1047	blastDmWidth.1047
0x80313FEC	0x4	.sdata	game/objRocket.cpp	local	blastDbg.343	blastDbg.343
0x80313FF0	0x3	.sdata	game/objTrolley.cpp	global	Trolley_parts_tbl	Trolley_parts_tbl
0x80313FF3	0x5	.sdata	game/objTrolley.cpp	global	lbl_80313FF3	.
0x80313FF8	0x4	.sdata	game/objWep.cpp	local	laset_max_dist.1059	laset_max_dist.1059
0x80313FFC	0x4	.sdata	game/objWep.cpp	local	laset_max_size.1060	laset_max_size.1060
0x80314000	0x4	.sdata	game/objWep.cpp	local	laset_base_size.1061	laset_base_size.1061
0x80314004	0x8	.sdata	game/objWep.cpp	local	strAt.1075	strAt.1075
0x8031400C	0x4	.sdata	game/objWep.cpp	global	max_laser_dist.1081	max_laser_dist.1081
0x80314010	0x4	.sdata	game/objYagura.cpp	global	ObjYagura_R0_move_tbl	ObjYagura_R0_move_tbl
0x80314014	0x4	.sdata	game/objYagura.cpp	local	lbl_80314014	.
0x80314018	0x4	.sdata	game/option.cpp	local	x0.1389	x0.1389
0x8031401C	0x4	.sdata	game/option.cpp	local	y0.1390	y0.1390
0x80314020	0x4	.sdata	game/option.cpp	local	yes.1397	yes.1397
0x80314024	0x4	.sdata	game/option.cpp	local	snd_id.1398	snd_id.1398
0x80314028	0x4	.sdata	game/option.cpp	local	x0.1399	x0.1399
0x8031402C	0x4	.sdata	game/option.cpp	local	y0.1400	y0.1400
0x80314030	0x4	.sdata	game/option.cpp	local	x0.1401	x0.1401
0x80314034	0x4	.sdata	game/option.cpp	local	y0.1402	y0.1402
0x80314038	0x4	.sdata	game/option.cpp	local	vib_time.1406	vib_time.1406
0x8031403C	0x4	.sdata	game/option.cpp	global	vib_level.1407	vib_level.1407
0x80314040	0x4	.sdata	game/option.cpp	global	x0.1408	x0.1408
0x80314044	0x4	.sdata	game/option.cpp	global	y0.1409	y0.1409
0x80314048	0x4	.sdata	game/option.cpp	global	DEFAULT.1413	DEFAULT.1413
0x8031404C	0x4	.sdata	game/option.cpp	global	MIN_OFS.1414	MIN_OFS.1414
0x80314050	0x4	.sdata	game/option.cpp	global	MAX_OFS.1415	MAX_OFS.1415
0x80314054	0x4	.sdata	game/option.cpp	local	x0.1416	x0.1416
0x80314058	0x4	.sdata	game/option.cpp	global	y0.1417	y0.1417
0x8031405C	0x4	.sdata	game/option.cpp	global	x0.1421	x0.1421
0x80314060	0x4	.sdata	game/option.cpp	global	y0.1422	y0.1422
0x80314064	0x1	.sdata	game/option.cpp	global	char_per.1447	char_per.1447
0x80314065	0x1	.sdata	game/option.cpp	local	char_bar.1448	char_bar.1448
0x80314066	0x2	.sdata	game/option.cpp	global	lbl_80314066	.
0x80314068	0x1	.sdata	game/pl_ashley.cpp	global	bbx.819	bbx.819
0x80314069	0x3	.sdata	game/pl_ashley.cpp	local	lbl_80314069	.
0x8031406C	0x4	.sdata	game/pl_ashley.cpp	global	bul.820	bul.820
0x80314070	0x4	.sdata	game/pl_debug.cpp	global	scr_hit_check	scr_hit_check
0x80314074	0x4	.sdata	game/pl_debug.cpp	local	sat_make_test	sat_make_test
0x80314078	0x4	.sdata	game/pl_debug.cpp	global	local_coord_test	local_coord_test
0x8031407C	0x4	.sdata	game/pl_debug.cpp	global	hcFlag.924	hcFlag.924
0x80314080	0x4	.sdata	game/pl_debug.cpp	local	hcMask.925	hcMask.925
0x80314084	0x4	.sdata	game/pl_debug.cpp	local	pS0.932	pS0.932
0x80314088	0x2	.sdata	game/pl_debug.cpp	global	pl_db_parts_no.939	pl_db_parts_no.939
0x8031408A	0x6	.sdata	game/pl_debug.cpp	global	lbl_8031408A	.
0x80314090	0x8	.sdata	game/pl_knife.cpp	local	func_tbl.1057	func_tbl.1057
0x80314098	0x8	.sdata	game/pl_knife.cpp	local	func_tbl.1098	func_tbl.1098
0x803140A0	0x8	.sdata	game/pl_knife.cpp	local	func_tbl.1115	func_tbl.1115
0x803140A8	0x4	.sdata	game/pl_npc.cpp	local	distMin.1268	distMin.1268
0x803140AC	0x4	.sdata	game/pl_npc.cpp	global	width.1350	width.1350
0x803140B0	0x4	.sdata	game/pl_npc.cpp	global	height.1351	height.1351
0x803140B4	0x4	.sdata	game/pl_npc.cpp	local	subNear2.1456	subNear2.1456
0x803140B8	0x1	.sdata	game/pl_npc.cpp	local	delayMove.1457	delayMove.1457
0x803140B9	0x1	.sdata	game/pl_npc.cpp	local	npcCheck.1458	npcCheck.1458
0x803140BA	0x2	.sdata	game/pl_npc.cpp	local	lbl_803140BA	.
0x803140BC	0x4	.sdata	game/pl_npc.cpp	local	spd0.1501	spd0.1501
0x803140C0	0x4	.sdata	game/pl_npc.cpp	local	spd1.1502	spd1.1502
0x803140C4	0x1	.sdata	game/pl_npc.cpp	local	bbx.1509	bbx.1509
0x803140C5	0x3	.sdata	game/pl_npc.cpp	local	lbl_803140C5	.
0x803140C8	0x4	.sdata	game/pl_npc.cpp	global	bul.1510	bul.1510
0x803140CC	0x4	.sdata	game/pl_npc.cpp	global	eyetime.1518	eyetime.1518
0x803140D0	0x4	.sdata	game/pl_npc.cpp	global	dbsubflag.1558	dbsubflag.1558
0x803140D4	0x4	.sdata	game/pl_npc.cpp	global	lbl_803140D4	.
0x803140D8	0x1	.sdata	game/player.cpp	global	PlMode	PlMode
0x803140D9	0x1	.sdata	game/player.cpp	global	PlFormMode	PlFormMode
0x803140DA	0x1	.sdata	game/player.cpp	global	PlDbFlag	PlDbFlag
0x803140DB	0x1	.sdata	game/player.cpp	global	lbl_803140DB	.
0x803140DC	0x4	.sdata	game/player.cpp	global	WeaponMoveFunc	WeaponMoveFunc
0x803140E0	0x4	.sdata	game/player.cpp	global	BoatMoveFunc	BoatMoveFunc
0x803140E4	0x4	.sdata	game/player.cpp	global	pl_speed2_xxx.1216	pl_speed2_xxx.1216
0x803140E8	0x4	.sdata	game/snd.cpp	global	StrFileTbl	StrFileTbl
0x803140EC	0x4	.sdata	game/snd.cpp	global	str_flag	str_flag
0x803140F0	0x8	.sdata	game/snd.cpp	global	end_check_tbl.1467	end_check_tbl.1467
0x803140F8	0x1	.sdata	game/snd.cpp	global	flag_bak.1552	flag_bak.1552
0x803140F9	0x7	.sdata	game/snd.cpp	global	lbl_803140F9	.
0x80314100	0x58	.sdata	lib/e_atan2.c	local	lbl_80314100	.
0x80314158	0x38	.sdata	lib/e_log10.c	global	lbl_80314158	.
0x80314190	0x28	.sdata	lib/s_atan.c	local	lbl_80314190	.
0x803141B8	0x8	.sdata	lib/s_tan.c	local	lbl_803141B8	.
0x803141C0	0x48	.sdata	lib/ef_acos.c	local	lbl_803141C0	.
0x80314208	0x40	.sdata	lib/ef_asin.c	local	lbl_80314208	.
0x80314248	0x30	.sdata	lib/ef_atan2.c	global	lbl_80314248	.
0x80314278	0x14	.sdata	lib/sf_atan.c	local	lbl_80314278	.
0x8031428C	0x4	.sdata	lib/sf_cos.c	global	lbl_8031428C	.
0x80314290	0x4	.sdata	lib/sf_sin.c	global	lbl_80314290	.
0x80314294	0x4	.sdata	lib/sf_tan.c	global	lbl_80314294	.
0x80314298	0x30	.sdata	lib/k_tan.c	global	lbl_80314298	.
0x803142C8	0x88	.sdata	lib/e_log.c	global	lbl_803142C8	.
0x80314350	0x58	.sdata	lib/e_rem_pio2.c	global	lbl_80314350	.
0x803143A8	0x24	.sdata	lib/kf_cos.c	global	lbl_803143A8	.
0x803143CC	0x1C	.sdata	lib/kf_sin.c	global	lbl_803143CC	.
0x803143E8	0x20	.sdata	lib/kf_tan.c	global	lbl_803143E8	.
0x80314408	0x38	.sdata	lib/ef_rem_pio2.c	global	lbl_80314408	.
0x80314440	0x40	.sdata	lib/k_rem_pio2.c	local	lbl_80314440	.
0x80314480	0x10	.sdata	lib/s_floor.c	global	lbl_80314480	.
0x80314490	0x28	.sdata	lib/kf_rem_pio2.c	local	lbl_80314490	.
0x803144B8	0x8	.sdata	lib/sf_floor.c	local	lbl_803144B8	.
0x803144C0	0x20	.sdata	lib/s_scalbn.c	local	lbl_803144C0	.
0x803144E0	0x10	.sdata	lib/sf_scalbn.c	global	lbl_803144E0	.
0x803144F0	0x4	.sdata	game/strtod2.cpp	local	maxExponent	maxExponent
0x803144F4	0x4	.sdata	game/vfprintf.cpp	global	cumulative_written.21	cumulative_written.21
0x803144F8	0x4	.sdata	game/vfprintf.cpp	global	pch_pointer.22	pch_pointer.22
0x803144FC	0x4	.sdata	game/vfiprintf.cpp	global	cumulative_written.4	cumulative_written.4
0x80314500	0x4	.sdata	game/vfiprintf.cpp	local	pch_pointer.5	pch_pointer.5
0x80314504	0x4	.sdata	game/locale.cpp	global	__mb_cur_max	__mb_cur_max
0x80314508	0x4	.sdata	game/impure.cpp	global	_impure_ptr	_impure_ptr
0x8031450C	0x4	.sdata	game/sn_buf.cpp	local	lbl_8031450C	.
0x80314510	0x4	.sdata	lib/OS.c	global	__OSVersion	__OSVersion
0x80314514	0x6	.sdata	lib/OS.c	global	@116_80314514	@116
0x8031451A	0x2	.sdata	lib/OS.c	local	lbl_8031451A	.
0x8031451C	0x4	.sdata	lib/OS.c	local	@163_8031451C	@163
0x80314520	0x4	.sdata	lib/OSArena.c	local	__OSArenaLo	__OSArenaLo
0x80314528	0x4	.sdata	lib/OSError.c	global	__OSFpscrEnableBits	__OSFpscrEnableBits
0x8031452C	0x2	.sdata	lib/OSError.c	local	@76_8031452C	@76
0x80314530	0x3	.sdata	lib/OSExec.c	global	@213_80314530	@213
0x80314538	0x4	.sdata	lib/OSThread.c	local	SwitchThreadCallback	SwitchThreadCallback
0x8031453C	0x1	.sdata	lib/OSThread.c	global	@833	@833
0x80314540	0x4	.sdata	lib/EXIBios.c	global	__EXIVersion	__EXIVersion
0x80314544	0x5	.sdata	lib/EXIBios.c	global	@480_80314544	@480
0x80314549	0x3	.sdata	lib/EXIBios.c	local	lbl_80314549	.
0x8031454C	0x6	.sdata	lib/EXIBios.c	local	@481_8031454C	@481
0x80314552	0x2	.sdata	lib/EXIBios.c	local	lbl_80314552	.
0x80314554	0x7	.sdata	lib/EXIBios.c	local	@482	@482
0x8031455B	0x1	.sdata	lib/EXIBios.c	local	lbl_8031455B	.
0x8031455C	0x5	.sdata	lib/EXIBios.c	global	@483_8031455C	@483
0x80314561	0x3	.sdata	lib/EXIBios.c	global	lbl_80314561	.
0x80314564	0x7	.sdata	lib/EXIBios.c	local	@484_80314564	@484
0x8031456B	0x1	.sdata	lib/EXIBios.c	local	lbl_8031456B	.
0x8031456C	0x4	.sdata	lib/EXIBios.c	local	@488_8031456C	@488
0x80314570	0x8	.sdata	lib/EXIBios.c	global	@491_80314570	@491
0x80314578	0x4	.sdata	lib/SIBios.c	global	__SIVersion	__SIVersion
0x8031457C	0x5	.sdata	lib/SIBios.c	global	@458	@458
0x80314581	0x3	.sdata	lib/SIBios.c	local	lbl_80314581	.
0x80314584	0x8	.sdata	lib/SIBios.c	global	@469_80314584	@469
0x80314590	0x4	.sdata	lib/db.c	global	lbl_80314590	.
0x80314598	0x8	.sdata	lib/mtx.c	local	Unit01	Unit01
0x803145A0	0x8	.sdata	lib/dvdfs.c	local	@118_803145A0	@118
0x803145A8	0x4	.sdata	lib/dvd.c	global	__DVDVersion	__DVDVersion
0x803145AC	0x4	.sdata	lib/dvd.c	local	autoInvalidation	autoInvalidation
0x803145B0	0x4	.sdata	lib/dvd.c	local	checkOptionalCommand	checkOptionalCommand
0x803145B4	0x6	.sdata	lib/dvd.c	local	@23_803145B4	@23
0x803145BA	0x2	.sdata	lib/dvd.c	global	lbl_803145BA	.
0x803145BC	0x4	.sdata	lib/dvd.c	local	DmaCommand	DmaCommand
0x803145C0	0x1	.sdata	lib/dvd.c	global	@790	@790
0x803145C8	0x1	.sdata	lib/dvdqueue.c	global	@63_803145C8	@63
0x803145C9	0x3	.sdata	lib/dvdqueue.c	local	lbl_803145C9	.
0x803145CC	0x5	.sdata	lib/dvdqueue.c	local	@64_803145CC	@64
0x803145D1	0x3	.sdata	lib/dvdqueue.c	local	lbl_803145D1	.
0x803145D4	0x5	.sdata	lib/dvdqueue.c	local	@65_803145D4	@65
0x803145D9	0x3	.sdata	lib/dvdqueue.c	global	lbl_803145D9	.
0x803145DC	0x7	.sdata	lib/dvdqueue.c	global	@67_803145DC	@67
0x803145E3	0x1	.sdata	lib/dvdqueue.c	global	lbl_803145E3	.
0x803145E4	0x7	.sdata	lib/dvdqueue.c	global	@68_803145E4	@68
0x803145EB	0x1	.sdata	lib/dvdqueue.c	global	lbl_803145EB	.
0x803145EC	0x8	.sdata	lib/dvdqueue.c	global	@77_803145EC	@77
0x803145F4	0x6	.sdata	lib/dvdqueue.c	local	@99_803145F4	@99
0x803145FA	0x2	.sdata	lib/dvdqueue.c	global	lbl_803145FA	.
0x803145FC	0x2	.sdata	lib/dvdqueue.c	global	@100_803145FC	@100
0x80314600	0x8	.sdata	lib/dvdFatal.c	global	lbl_80314600	.
0x80314608	0x2	.sdata	lib/fstload.c	global	@37_80314608	@37
0x8031460A	0x2	.sdata	lib/fstload.c	local	lbl_8031460A	.
0x8031460C	0x4	.sdata	lib/fstload.c	local	@42	@42
0x80314610	0x3	.sdata	lib/fstload.c	global	@43_80314610	@43
0x80314618	0x4	.sdata	lib/dvdlow.c	local	FirstRead	FirstRead
0x80314620	0x4	.sdata	lib/vi.c	global	__VIVersion	__VIVersion
0x80314624	0x5	.sdata	lib/vi.c	local	@537_80314624	@537
0x80314630	0x4	.sdata	lib/Pad.c	global	__PADVersion	__PADVersion
0x80314634	0x4	.sdata	lib/Pad.c	local	ResettingChan	ResettingChan
0x80314638	0x4	.sdata	lib/Pad.c	local	XPatchBits	XPatchBits
0x8031463C	0x4	.sdata	lib/Pad.c	local	AnalogMode	AnalogMode
0x80314640	0x4	.sdata	lib/Pad.c	local	Spec	Spec
0x80314644	0x4	.sdata	lib/Pad.c	local	MakeStatus	MakeStatus
0x80314648	0x4	.sdata	lib/Pad.c	local	CmdReadOrigin	CmdReadOrigin
0x8031464C	0x4	.sdata	lib/Pad.c	local	CmdCalibrate	CmdCalibrate
0x80314650	0x4	.sdata	lib/ai.c	global	__AIVersion	__AIVersion
0x80314658	0x4	.sdata	lib/ar.c	global	__ARVersion	__ARVersion
0x80314660	0x4	.sdata	lib/arq.c	global	__ARQVersion	__ARQVersion
0x80314668	0x4	.sdata	lib/AX.c	global	__AXVersion	__AXVersion
0x80314670	0x2	.sdata	lib/DSPCode.c	global	axDspSlaveLength	axDspSlaveLength
0x80314678	0x4	.sdata	lib/axfx.c	global	__AXFXAlloc	__AXFXAlloc
0x8031467C	0x4	.sdata	lib/axfx.c	global	__AXFXFree	__AXFXFree
0x80314680	0x4	.sdata	lib/dsp.c	global	__DSPVersion	__DSPVersion
0x80314688	0x4	.sdata	lib/CARDBios.c	global	__CARDVersion	__CARDVersion
0x8031468C	0x4	.sdata	lib/CARDBios.c	local	lbl_8031468C	.
0x80314690	0x2	.sdata	lib/CARDNet.c	local	__CARDVendorID	__CARDVendorID
0x80314692	0x1	.sdata	lib/CARDNet.c	local	__CARDPermMask	__CARDPermMask
0x80314698	0x4	.sdata	lib/CARDUnlock.c	local	next	next
0x803146A0	0x4	.sdata	lib/GXAttr.c	local	tbl1$241	tbl1$241
0x803146A4	0x4	.sdata	lib/GXAttr.c	local	tbl2$242	tbl2$242
0x803146A8	0x4	.sdata	lib/GXAttr.c	local	tbl3$243	tbl3$243
0x803146B0	0x8	.sdata	lib/GXTexture.c	global	GXTexMode0Ids	GXTexMode0Ids
0x803146B8	0x8	.sdata	lib/GXTexture.c	global	GXTexMode1Ids	GXTexMode1Ids
0x803146C0	0x8	.sdata	lib/GXTexture.c	global	GXTexImage0Ids	GXTexImage0Ids
0x803146C8	0x8	.sdata	lib/GXTexture.c	global	GXTexImage1Ids	GXTexImage1Ids
0x803146D0	0x8	.sdata	lib/GXTexture.c	global	GXTexImage2Ids	GXTexImage2Ids
0x803146D8	0x8	.sdata	lib/GXTexture.c	global	GXTexImage3Ids	GXTexImage3Ids
0x803146E0	0x8	.sdata	lib/GXTexture.c	global	GXTexTlutIds	GXTexTlutIds
0x803146E8	0x6	.sdata	lib/GXTexture.c	local	GX2HWFiltConv	GX2HWFiltConv
0x803146EE	0x2	.sdata	lib/GXTexture.c	local	lbl_803146EE	.
0x803146F0	0x8	.sdata	lib/GXTexture.c	local	HW2GXFiltConv	HW2GXFiltConv
0x803146F8	0x4	.sdata	lib/GXInit.c	global	__GXVersion	__GXVersion
0x80314700	0x1	.sdata	lib/DebuggerDriver.c	local	SendCount	SendCount
0x80314708	0x4	.sdata	game/area.cpp	local	sel.609	sel.609
0x8031470C	0x4	.sdata	game/area.cpp	local	Rcnt.610	Rcnt.610
0x80314710	0x4	.sdata	game/atari.cpp	local	new_line_check.879	new_line_check.879
0x80314714	0x4	.sdata	game/atari.cpp	local	lbl_80314714	.
0x80314718	0x1	.sdata	game/cam_extra.cpp	local	init_focus_frame	init_focus_frame
0x80314719	0x1	.sdata	game/cam_extra.cpp	local	init_alpha_max	init_alpha_max
0x8031471A	0x2	.sdata	game/cam_extra.cpp	local	lbl_8031471A	.
0x8031471C	0x4	.sdata	game/cam_extra.cpp	global	focus_frame	focus_frame
0x80314720	0x1	.sdata	game/cam_extra.cpp	global	alpha_max	alpha_max
0x80314721	0x3	.sdata	game/cam_extra.cpp	global	lbl_80314721	.
0x80314724	0x4	.sdata	game/cam_extra.cpp	global	_filter0a_flag.1269	_filter0a_flag.1269
0x80314728	0x4	.sdata	game/cam_extra.cpp	global	level_max.1270	level_max.1270
0x8031472C	0x4	.sdata	game/cam_extra.cpp	local	ZOOM_LIMIT_0.1301	ZOOM_LIMIT_0.1301
0x80314730	0x4	.sdata	game/cam_extra.cpp	local	ZOOM_LIMIT_1.1302	ZOOM_LIMIT_1.1302
0x80314734	0x4	.sdata	game/cam_extra.cpp	local	SCOP_VEL_Y.1303	SCOP_VEL_Y.1303
0x80314738	0x4	.sdata	game/cam_extra.cpp	global	SCOP_VEL_X.1304	SCOP_VEL_X.1304
0x8031473C	0x8	.sdata	game/cam_extra.cpp	local	lbl_8031473C	.
0x80314744	0x4	.sdata	game/cam_extra.cpp	global	yure_spd.1307	yure_spd.1307
0x80314748	0x4	.sdata	game/cam_extra.cpp	local	rnd_gain2.1308	rnd_gain2.1308
0x8031474C	0x4	.sdata	game/cam_extra.cpp	global	lbl_8031474C	.
0x80314750	0x4	.sdata	game/cam_extra.cpp	local	rdir.1315	rdir.1315
0x80314754	0x1	.sdata	game/cam_extra.cpp	local	sct.1316	sct.1316
0x80314755	0x3	.sdata	game/cam_extra.cpp	local	lbl_80314755	.
0x80314758	0x4	.sdata	game/cam_extra.cpp	local	pastkey.1317	pastkey.1317
0x8031475C	0x4	.sdata	game/cam_extra.cpp	local	minA.1324	minA.1324
0x80314760	0x4	.sdata	game/cam_extra.cpp	local	maxA.1325	maxA.1325
0x80314764	0x4	.sdata	game/cam_extra.cpp	local	ampA.1326	ampA.1326
0x80314768	0x4	.sdata	game/cam_extra.cpp	global	spdA.1327	spdA.1327
0x8031476C	0x4	.sdata	game/cam_extra.cpp	local	minB.1328	minB.1328
0x80314770	0x4	.sdata	game/cam_extra.cpp	global	maxB.1329	maxB.1329
0x80314774	0x4	.sdata	game/cam_extra.cpp	global	ampB.1330	ampB.1330
0x80314778	0x4	.sdata	game/cam_extra.cpp	global	spdB.1331	spdB.1331
0x8031477C	0x4	.sdata	game/cam_extra.cpp	local	zoom_limit.1356	zoom_limit.1356
0x80314780	0x4	.sdata	game/cam_extra.cpp	global	BINO_VEL_Y.1357	BINO_VEL_Y.1357
0x80314784	0x4	.sdata	game/cam_extra.cpp	global	BINO_VEL_X.1358	BINO_VEL_X.1358
0x80314788	0x4	.sdata	game/cam_extra.cpp	global	ratio.1368	ratio.1368
0x8031478C	0x4	.sdata	game/cam_extra.cpp	local	m.1369	m.1369
0x80314790	0x4	.sdata	game/cam_extra.cpp	global	n.1370	n.1370
0x80314794	0x4	.sdata	game/cam_extra.cpp	global	lbl_80314794	.
0x80314798	0x4	.sdata	game/cam_qfps.cpp	global	g_crouch_cam_z_back	g_crouch_cam_z_back
0x8031479C	0x4	.sdata	game/cam_qfps.cpp	local	g_crouch_cam_y_down	g_crouch_cam_y_down
0x803147A0	0x4	.sdata	game/cam_qfps.cpp	global	ANGLE_LEFT_LIMIT.1095	ANGLE_LEFT_LIMIT.1095
0x803147A4	0x4	.sdata	game/cam_qfps.cpp	global	ANGLE_RIGHT_LIMIT.1096	ANGLE_RIGHT_LIMIT.1096
0x803147A8	0x4	.sdata	game/cam_qfps.cpp	global	C_RANGE.1097	C_RANGE.1097
0x803147AC	0x4	.sdata	game/cam_qfps.cpp	global	s_ratio.1107	s_ratio.1107
0x803147B0	0x4	.sdata	game/cam_qfps.cpp	global	f.1108	f.1108
0x803147B4	0x4	.sdata	game/cam_qfps.cpp	global	y_down.1109	y_down.1109
0x803147B8	0x4	.sdata	game/cam_qfps.cpp	local	OFFSET_GAIN.1134	OFFSET_GAIN.1134
0x803147BC	0x4	.sdata	game/cam_qfps.cpp	global	GAIN.1150	GAIN.1150
0x803147C0	0x4	.sdata	game/cam_qfps.cpp	global	lr_rate.1171	lr_rate.1171
0x803147C4	0x4	.sdata	game/cam_qfps.cpp	global	cnt.1173	cnt.1173
0x803147C8	0x4	.sdata	game/camera.cpp	global	ProjType	ProjType
0x803147CC	0x4	.sdata	game/camera.cpp	global	carry_on_flag.1165	carry_on_flag.1165
0x803147D0	0x4	.sdata	game/cockpit.cpp	global	g_boss_bar_flag	g_boss_bar_flag
0x803147D4	0x4	.sdata	game/cockpit.cpp	global	a_ratio.1410	a_ratio.1410
0x803147D8	0x4	.sdata	game/db_cam.cpp	global	numEm.931	numEm.931
0x803147DC	0x4	.sdata	game/db_cam.cpp	global	numObj.932	numObj.932
0x803147E0	0x4	.sdata	game/db_cam.cpp	global	old_cam_mode.955	old_cam_mode.955
0x803147E4	0x8	.sdata	game/db_cam.cpp	global	pos.964	pos.964
0x803147EC	0x4	.sdata	game/db_cam.cpp	global	view_mode.974	view_mode.974
0x803147F0	0x4	.sdata	game/db_cam.cpp	global	old_view_mode.975	old_view_mode.975
0x803147F4	0x4	.sdata	game/db_cam.cpp	local	shadow_flag.976	shadow_flag.976
0x803147F8	0x8	.sdata	game/db_cam.cpp	global	pos.977	pos.977
0x80314800	0x4	.sdata	game/db_cam.cpp	global	old_ret.983	old_ret.983
0x80314804	0x4	.sdata	game/db_cam.cpp	global	menu_no.1002	menu_no.1002
0x80314808	0x4	.sdata	game/db_cam.cpp	global	menu_level.1003	menu_level.1003
0x8031480C	0x4	.sdata	game/db_cam.cpp	global	symmetry_flag.1004	symmetry_flag.1004
0x80314810	0x4	.sdata	game/db_cam.cpp	global	site_col.1005	site_col.1005
0x80314814	0x4	.sdata	game/db_cam.cpp	global	site_row.1006	site_row.1006
0x80314818	0x4	.sdata	game/db_cam.cpp	global	site_LR.1007	site_LR.1007
0x8031481C	0x4	.sdata	game/db_cam.cpp	global	site_NF.1008	site_NF.1008
0x80314820	0x4	.sdata	game/db_cam.cpp	global	site_UMD.1009	site_UMD.1009
0x80314824	0x4	.sdata	game/db_cam.cpp	local	yes_no.1010	yes_no.1010
0x80314828	0x4	.sdata	game/db_cam.cpp	global	near_far.1011	near_far.1011
0x8031482C	0x8	.sdata	game/db_cam.cpp	global	fovy_str.1012	fovy_str.1012
0x80314834	0x4	.sdata	game/db_cam.cpp	global	lbl_80314834	.
0x80314838	0x4	.sdata	game/db_log.cpp	local	disp_rep_cnt.381	disp_rep_cnt.381
0x8031483C	0x4	.sdata	game/db_log.cpp	global	lbl_8031483C	.
0x80314840	0x4	.sdata	game/dbmodule.cpp	global	DB_poly_num	DB_poly_num
0x80314844	0x4	.sdata	game/dbmodule.cpp	global	DB_quads_num	DB_quads_num
0x80314848	0x4	.sdata	game/dbmodule.cpp	global	DB_tri_num	DB_tri_num
0x8031484C	0x4	.sdata	game/dbmodule.cpp	global	DB_strip_num	DB_strip_num
0x80314850	0x5	.sdata	game/debug.cpp	global	xchr.1262	xchr.1262
0x80314855	0x3	.sdata	game/debug.cpp	global	lbl_80314855	.
0x80314858	0x4	.sdata	game/eff_sys.cpp	global	g_nLoop	g_nLoop
0x8031485C	0x4	.sdata	game/eff_sys.cpp	local	lbl_8031485C	.
0x80314860	0x2	.sdata	game/em_cloth.cpp	global	em34ClothP	em34ClothP
0x80314862	0x2	.sdata	game/em_cloth.cpp	local	lbl_80314862	.
0x80314864	0x2	.sdata	game/em_cloth.cpp	global	em34ClothUp	em34ClothUp
0x80314866	0x2	.sdata	game/em_cloth.cpp	local	lbl_80314866	.
0x80314868	0x2	.sdata	game/em_cloth.cpp	global	em34ClothDp	em34ClothDp
0x8031486A	0x2	.sdata	game/em_cloth.cpp	global	lbl_8031486A	.
0x8031486C	0x8	.sdata	game/em_cloth.cpp	global	em34ClothMax	em34ClothMax
0x80314874	0x8	.sdata	game/em_cloth.cpp	local	em34ClothRate	em34ClothRate
0x8031487C	0x8	.sdata	game/em_cloth.cpp	global	em37HairP	em37HairP
0x80314884	0x8	.sdata	game/em_cloth.cpp	global	em37HairUp	em37HairUp
0x8031488C	0x8	.sdata	game/em_cloth.cpp	local	em37HairDp	em37HairDp
0x80314894	0x5	.sdata	game/em_cloth.cpp	global	em2bShortRopeP	em2bShortRopeP
0x80314899	0x3	.sdata	game/em_cloth.cpp	global	lbl_80314899	.
0x8031489C	0x5	.sdata	game/em_cloth.cpp	global	em2bShortRopeUp	em2bShortRopeUp
0x803148A1	0x3	.sdata	game/em_cloth.cpp	local	lbl_803148A1	.
0x803148A4	0x5	.sdata	game/em_cloth.cpp	global	em2bShortRopeDp	em2bShortRopeDp
0x803148A9	0x7	.sdata	game/em_cloth.cpp	local	lbl_803148A9	.
0x803148B0	0x4	.sdata	game/em_set.cpp	global	errEm	errEm
0x803148B4	0x4	.sdata	game/em_set.cpp	global	emSetDummy	emSetDummy
0x803148B8	0x4	.sdata	game/em_sub.cpp	global	No_drop_cnt	No_drop_cnt
0x803148BC	0x4	.sdata	game/em_sub.cpp	global	No_drop_cnt2	No_drop_cnt2
0x803148C0	0x8	.sdata	game/embox.cpp	global	EmBox_R1_move_tbl	EmBox_R1_move_tbl
0x803148C8	0x4	.sdata	game/eprintf.cpp	global	eprintf_init	eprintf_init
0x803148CC	0x4	.sdata	game/eprintf.cpp	local	lbl_803148CC	.
0x803148D0	0x4	.sdata	game/esp.cpp	global	old_hit.798	old_hit.798
0x803148D4	0x4	.sdata	game/esp.cpp	global	tubo_amb	tubo_amb
0x803148D8	0x4	.sdata	game/esp.cpp	local	max.1111	max.1111
0x803148DC	0x4	.sdata	game/esp.cpp	global	esp_dmy_amb	esp_dmy_amb
0x803148E0	0x4	.sdata	game/esp_efm.cpp	global	EfmIdTbl	EfmIdTbl
0x803148E4	0x4	.sdata	game/esp_efm.cpp	global	mass_mul.963	mass_mul.963
0x803148E8	0x4	.sdata	game/esp_efm.cpp	global	moment_mul.964	moment_mul.964
0x803148EC	0x4	.sdata	game/esp_efm.cpp	global	lbl_803148EC	.
0x803148F0	0x4	.sdata	game/esp_sub.cpp	global	prm1.813	prm1.813
0x803148F4	0x4	.sdata	game/esp_sub.cpp	global	prm2.814	prm2.814
0x803148F8	0x4	.sdata	game/esp_sub.cpp	global	prm3.815	prm3.815
0x803148FC	0x4	.sdata	game/esp_sub.cpp	global	lbl_803148FC	.
0x80314900	0x4	.sdata	game/espgen.cpp	global	EspgenArray	EspgenArray
0x80314904	0x4	.sdata	game/espgen.cpp	global	pEspgenArrayBack	pEspgenArrayBack
0x80314908	0x4	.sdata	game/espgen.cpp	global	nEspgen	nEspgen
0x8031490C	0x4	.sdata	game/espgen.cpp	global	nEspgenBack	nEspgenBack
0x80314910	0x4	.sdata	game/espgen.cpp	global	g_Call_no	g_Call_no
0x80314914	0x4	.sdata	game/espgen.cpp	local	max.663	max.663
0x80314918	0x8	.sdata	game/espgen00.cpp	global	Espgen00MoveTbl.783	Espgen00MoveTbl.783
0x80314920	0x8	.sdata	game/espgen01.cpp	global	Espgen01MoveTbl.831	Espgen01MoveTbl.831
0x80314928	0x4	.sdata	game/espgen01.cpp	global	Zscale.853	Zscale.853
0x8031492C	0x4	.sdata	game/espgen01.cpp	global	Zoffset.854	Zoffset.854
0x80314930	0x4	.sdata	game/espgen01.cpp	local	Zs_bias.855	Zs_bias.855
0x80314934	0x4	.sdata	game/espgen01.cpp	global	lbl_80314934	.
0x80314938	0x8	.sdata	game/espgen02.cpp	global	Espgen02MoveTbl.702	Espgen02MoveTbl.702
0x80314940	0x8	.sdata	game/espgen10.cpp	global	Espgen10MoveTbl.813	Espgen10MoveTbl.813
0x80314948	0x4	.sdata	game/Espgen42.cpp	global	g_bNoWater	g_bNoWater
0x8031494C	0x4	.sdata	game/Espgen42.cpp	global	wt_pow.852	wt_pow.852
0x80314950	0x4	.sdata	game/Espgen42.cpp	global	Espgen42MoveTbl.856	Espgen42MoveTbl.856
0x80314954	0x4	.sdata	game/Espgen42.cpp	local	g42_init_y.878	g42_init_y.878
0x80314958	0x4	.sdata	game/Espgen42.cpp	global	g42_init_y2.879	g42_init_y2.879
0x8031495C	0x4	.sdata	game/Espgen42.cpp	global	lbl_8031495C	.
0x80314960	0x4	.sdata	game/Espgen43.cpp	global	Espgen43MoveTbl.828	Espgen43MoveTbl.828
0x80314964	0x4	.sdata	game/Espgen43.cpp	global	lbl_80314964	.
0x80314968	0x4	.sdata	game/espgen45.cpp	local	g_bTargetCamera	g_bTargetCamera
0x8031496C	0x4	.sdata	game/espgen45.cpp	global	g_bTargetHeight	g_bTargetHeight
0x80314970	0x4	.sdata	game/espgen45.cpp	global	g_bSizeOverWrite	g_bSizeOverWrite
0x80314974	0x4	.sdata	game/espgen45.cpp	global	g_bColorOverWrite	g_bColorOverWrite
0x80314978	0x4	.sdata	game/espgen45.cpp	global	g_bColorMul	g_bColorMul
0x8031497C	0x4	.sdata	game/espgen45.cpp	local	g_bSetParam	g_bSetParam
0x80314980	0x4	.sdata	game/espgen45.cpp	global	g_Target_x	g_Target_x
0x80314984	0x4	.sdata	game/espgen45.cpp	global	g_Target_y	g_Target_y
0x80314988	0x4	.sdata	game/espgen45.cpp	global	g_Target_z	g_Target_z
0x8031498C	0x4	.sdata	game/espgen45.cpp	global	g_Size	g_Size
0x80314990	0x1	.sdata	game/espgen45.cpp	global	g_r	g_r
0x80314991	0x1	.sdata	game/espgen45.cpp	global	g_g	g_g
0x80314992	0x1	.sdata	game/espgen45.cpp	global	g_b	g_b
0x80314993	0x1	.sdata	game/espgen45.cpp	global	g_a	g_a
0x80314994	0x4	.sdata	game/espgen45.cpp	local	g_sr	g_sr
0x80314998	0x4	.sdata	game/espgen45.cpp	global	g_sg	g_sg
0x8031499C	0x4	.sdata	game/espgen45.cpp	global	g_sb	g_sb
0x803149A0	0x4	.sdata	game/espgen45.cpp	global	g_sa	g_sa
0x803149A4	0x4	.sdata	game/espgen45.cpp	global	inv_mul	inv_mul
0x803149A8	0x4	.sdata	game/espgen45.cpp	global	g45_wave_mul.831	g45_wave_mul.831
0x803149AC	0x4	.sdata	game/espgen45.cpp	global	wt_pow.832	wt_pow.832
0x803149B0	0x4	.sdata	game/espgen45.cpp	global	Espgen45MoveTbl.836	Espgen45MoveTbl.836
0x803149B4	0x4	.sdata	game/espgen45.cpp	global	g45_mul.852	g45_mul.852
0x803149B8	0x4	.sdata	game/espgen45.cpp	global	g45_mul2.853	g45_mul2.853
0x803149BC	0x4	.sdata	game/espgen45.cpp	local	g45_init_y.860	g45_init_y.860
0x803149C0	0x4	.sdata	game/espgen45.cpp	global	g45_init_y2.861	g45_init_y2.861
0x803149C4	0x4	.sdata	game/espgen45.cpp	local	lbl_803149C4	.
0x803149C8	0x4	.sdata	game/event.cpp	global	lbl_803149C8	.
0x803149CC	0x4	.sdata	game/event.cpp	global	lbl_803149CC	lbl_803149CC
0x803149D0	0x4	.sdata	game/event.cpp	global	lbl_803149D0	lbl_803149D0
0x803149D4	0x4	.sdata	game/event.cpp	global	lbl_803149D4	lbl_803149D4
0x803149D8	0x4	.sdata	game/event.cpp	global	lbl_803149D8	lbl_803149D8
0x803149DC	0x4	.sdata	game/event.cpp	global	lbl_803149DC	lbl_803149DC
0x803149E0	0x4	.sdata	game/examine.cpp	global	cap_dist_min	cap_dist_min
0x803149E4	0x4	.sdata	game/examine.cpp	global	cap_dist_max	cap_dist_max
0x803149E8	0x4	.sdata	game/examine.cpp	local	g_rad_x	g_rad_x
0x803149EC	0x4	.sdata	game/examine.cpp	global	cap_xrad_max	cap_xrad_max
0x803149F0	0x4	.sdata	game/examine.cpp	local	cap_xrad_min	cap_xrad_min
0x803149F4	0xC	.sdata	game/examine.cpp	global	lbl_803149F4	.
0x80314A00	0x7	.sdata	game/examine.cpp	global	vfilter.1020	vfilter.1020
0x80314A08	0x4	.sdata	game/examine.cpp	global	operation_flag.1027	operation_flag.1027
0x80314A0C	0x4	.sdata	game/examine.cpp	global	z.1028	z.1028
0x80314A10	0x1	.sdata	game/examine.cpp	global	alpha.1029	alpha.1029
0x80314A11	0x1	.sdata	game/examine.cpp	global	lbl_80314A11	.
0x80314A12	0x2	.sdata	game/examine.cpp	local	ot_type.1042	ot_type.1042
0x80314A14	0x1	.sdata	game/examine.cpp	global	ot_no.1043	ot_no.1043
0x80314A15	0x1	.sdata	game/examine.cpp	global	lbl_80314A15	.
0x80314A16	0x2	.sdata	game/examine.cpp	global	ot_kind.1044	ot_kind.1044
0x80314A18	0x4	.sdata	game/examine.cpp	global	c0.1051	c0.1051
0x80314A1C	0x4	.sdata	game/examine.cpp	global	_fovy.1061	_fovy.1061
0x80314A20	0x4	.sdata	game/examine.cpp	global	ROT_Y_STEP.1062	ROT_Y_STEP.1062
0x80314A24	0x4	.sdata	game/examine.cpp	global	dist_add.1063	dist_add.1063
0x80314A28	0x2	.sdata	game/examine.cpp	global	ot_type.1064	ot_type.1064
0x80314A2A	0x1	.sdata	game/examine.cpp	global	ot_no.1065	ot_no.1065
0x80314A2B	0x1	.sdata	game/examine.cpp	local	lbl_80314A2B	.
0x80314A2C	0x2	.sdata	game/examine.cpp	global	ot_kind.1066	ot_kind.1066
0x80314A2E	0x12	.sdata	game/examine.cpp	global	lbl_80314A2E	.
0x80314A40	0x4	.sdata	game/file.cpp	global	usb_fd	usb_fd
0x80314A44	0x4	.sdata	game/file.cpp	local	usb_buf	usb_buf
0x80314A48	0x4	.sdata	game/file.cpp	local	usb_size	usb_size
0x80314A4C	0x4	.sdata	game/file.cpp	local	usb_pos	usb_pos
0x80314A50	0x4	.sdata	game/file_app.cpp	global	hd_stat0	hd_stat0
0x80314A54	0x4	.sdata	game/file_app.cpp	local	hd_stat1	hd_stat1
0x80314A58	0x4	.sdata	game/file_app.cpp	local	hd_stat2	hd_stat2
0x80314A5C	0x4	.sdata	game/file_app.cpp	local	hd_stat3	hd_stat3
0x80314A60	0x4	.sdata	game/filter01.cpp	global	filter01_buff	filter01_buff
0x80314A64	0x1C	.sdata	game/filter01.cpp	global	lbl_80314A64	.
0x80314A80	0x7	.sdata	game/filter01.cpp	global	vfilter.603	vfilter.603
0x80314A88	0x4	.sdata	game/filter01.cpp	global	fc_z_plus.604	fc_z_plus.604
0x80314A8C	0x4	.sdata	game/filter01.cpp	global	fc_z_plus.605	fc_z_plus.605
0x80314A90	0x10	.sdata	game/filter01.cpp	global	lbl_80314A90	.
0x80314AA0	0x7	.sdata	game/filter01.cpp	global	vfilter.606	vfilter.606
0x80314AA8	0x4	.sdata	game/filter01.cpp	global	Zscale.112	Zscale.112
0x80314AAC	0x4	.sdata	game/filter01.cpp	local	Zoffset.113	Zoffset.113
0x80314AB0	0x4	.sdata	game/filter01.cpp	global	Zscale.615	Zscale.615
0x80314AB4	0x4	.sdata	game/filter01.cpp	global	Zoffset.616	Zoffset.616
0x80314AB8	0x8	.sdata	game/filter01.cpp	global	lbl_80314AB8	.
0x80314AC0	0x4	.sdata	game/filter06.cpp	global	use_filter6.825	use_filter6.825
0x80314AC4	0x1C	.sdata	game/filter06.cpp	global	lbl_80314AC4	.
0x80314AE0	0x1	.sdata	game/filter0a.cpp	global	use_filter0a	use_filter0a
0x80314AE1	0x1	.sdata	game/filter0a.cpp	global	filter0a_mask_flag	filter0a_mask_flag
0x80314AE2	0x1	.sdata	game/filter0a.cpp	global	filter0a_mask_id	filter0a_mask_id
0x80314AE3	0x1	.sdata	game/filter0a.cpp	global	filter0a_mask_alpha	filter0a_mask_alpha
0x80314AE4	0x4	.sdata	game/filter0a.cpp	global	filter0a_buff	filter0a_buff
0x80314AE8	0x18	.sdata	game/filter0a.cpp	global	lbl_80314AE8	.
0x80314B00	0x7	.sdata	game/filter0a.cpp	global	vfilter.738	vfilter.738
0x80314B08	0x4	.sdata	game/filter0a.cpp	global	FocusLevel.748	FocusLevel.748
0x80314B0C	0x4	.sdata	game/filter0a.cpp	global	x_old.749	x_old.749
0x80314B10	0x4	.sdata	game/filter0a.cpp	global	y_old.750	y_old.750
0x80314B14	0x4	.sdata	game/filter0a.cpp	global	ppx.751	ppx.751
0x80314B18	0x4	.sdata	game/filter0a.cpp	global	ppy.752	ppy.752
0x80314B1C	0x4	.sdata	game/filter0a.cpp	global	nFeedLp.753	nFeedLp.753
0x80314B20	0x4	.sdata	game/filter0b.cpp	global	filter0b_buff	filter0b_buff
0x80314B24	0x1	.sdata	game/filter0b.cpp	global	filter0b_alpha	filter0b_alpha
0x80314B25	0x1B	.sdata	game/filter0b.cpp	global	lbl_80314B25	.
0x80314B40	0x7	.sdata	game/filter0b.cpp	global	vfilter.420	vfilter.420
0x80314B48	0x18	.sdata	game/filter0b.cpp	global	lbl_80314B48	.
0x80314B60	0x8	.sdata	game/foot_shadow_tbl.cpp	global	pl_fs_tbl	pl_fs_tbl
0x80314B68	0x8	.sdata	game/foot_shadow_tbl.cpp	global	Em10_fs_tbl	Em10_fs_tbl
0x80314B70	0x8	.sdata	game/foot_shadow_tbl.cpp	global	Em2b_fs_tbl	Em2b_fs_tbl
0x80314B78	0x8	.sdata	game/foot_shadow_tbl.cpp	global	Em2c_fs_tbl	Em2c_fs_tbl
0x80314B80	0x8	.sdata	game/foot_shadow_tbl.cpp	local	Em32_fs_tbl	Em32_fs_tbl
0x80314B88	0x8	.sdata	game/foot_shadow_tbl.cpp	global	Em39_fs_tbl	Em39_fs_tbl
0x80314B90	0x4	.sdata	game/game.cpp	global	lbl_80314B90	.
0x80314B94	0x4	.sdata	game/game.cpp	local	other_slow.2272	other_slow.2272
0x80314B98	0x4	.sdata	game/game.cpp	global	preb_slow_flg.2273	preb_slow_flg.2273
0x80314B9C	0x4	.sdata	game/game.cpp	global	player_Seq_speed.2274	player_Seq_speed.2274
0x80314BA0	0x4	.sdata	game/game.cpp	global	stop_rno	stop_rno
0x80314BA4	0x4	.sdata	game/game.cpp	local	lbl_80314BA4	.
0x80314BA8	0x4	.sdata	game/gx_sub.cpp	global	g_sysBgColor	g_sysBgColor
0x80314BAC	0x4	.sdata	game/gx_sub.cpp	global	clr_black	clr_black
0x80314BB0	0x4	.sdata	game/gx_sub.cpp	local	TEST_Z.546	TEST_Z.546
0x80314BB8	0xC	.sdata	game/id_sys.cpp	local	unknown.238	unknown.238
0x80314BBC	0x8	.sdata	game/id_sys.cpp	local	name.239	name.239
0x80314BC4	0x4	.sdata	game/id_sys.cpp	global	g_pIdBuff	g_pIdBuff
0x80314BC8	0x4	.sdata	game/main.cpp	global	pG	pG
0x80314BCC	0x4	.sdata	game/main.cpp	global	pSys	pSys
0x80314BD0	0x4	.sdata	game/main.cpp	global	vsync_cnt	vsync_cnt
0x80314BD4	0x1	.sdata	game/main.cpp	local	reset_check.2133	reset_check.2133
0x80314BD5	0x1	.sdata	game/main.cpp	global	Soft_reset_cnt.2137	Soft_reset_cnt.2137
0x80314BD6	0x2	.sdata	game/main.cpp	local	lbl_80314BD6	.
0x80314BD8	0x4	.sdata	game/main_mem.cpp	global	cell_main	cell_main
0x80314BDC	0x4	.sdata	game/main_mem.cpp	global	cell_game	cell_game
0x80314BE0	0x4	.sdata	game/main_mem.cpp	local	cell_stage	cell_stage
0x80314BE4	0x4	.sdata	game/main_mem.cpp	global	cell_dll	cell_dll
0x80314BE8	0x1	.sdata	game/main_mem.cpp	local	Dalloc_flg	Dalloc_flg
0x80314BE9	0x3	.sdata	game/main_mem.cpp	global	lbl_80314BE9	.
0x80314BEC	0x4	.sdata	game/main_mem.cpp	global	_epy_base	_epy_base
0x80314BF0	0x4	.sdata	game/main_mem.cpp	global	ey_base.580	ey_base.580
0x80314BF4	0x4	.sdata	game/main_mem.cpp	global	lbl_80314BF4	.
0x80314BF8	0x4	.sdata	game/main_sub.cpp	global	flag_render_after	flag_render_after
0x80314BFC	0x4	.sdata	game/main_sub.cpp	global	lbl_80314BFC	.
0x80314C00	0x4	.sdata	game/main_sub.cpp	global	AutoScreenShotExec	AutoScreenShotExec
0x80314C04	0x4	.sdata	game/main_sub.cpp	local	AutoScreenShotExecFlag.261	AutoScreenShotExecFlag.261
0x80314C08	0x4	.sdata	game/main_sub.cpp	global	ScreenShotExec	ScreenShotExec
0x80314C0C	0x4	.sdata	game/main_sub.cpp	global	lbl_80314C0C	.
0x80314C10	0x8	.sdata	game/math_sub.cpp	global	powx	powx
0x80314C18	0x8	.sdata	game/math_sub.cpp	global	sum	sum
0x80314C20	0x4	.sdata	game/model.cpp	global	_6cModel.mm	cModel::mm
0x80314C24	0x4	.sdata	game/model.cpp	global	_6cModel.pm	cModel::pm
0x80314C28	0x4	.sdata	game/model.cpp	global	col.846	col.846
0x80314C2C	0x4	.sdata	game/model.cpp	global	lbl_80314C2C	.
0x80314C30	0x4	.sdata	game/motion.cpp	global	new_add.651	new_add.651
0x80314C34	0x4	.sdata	game/motion.cpp	global	g_scale_cancel.662	g_scale_cancel.662
0x80314C38	0x4	.sdata	game/motion.cpp	global	epsilon.663	epsilon.663
0x80314C3C	0x4	.sdata	game/motion.cpp	global	EPS.664	EPS.664
0x80314C40	0x4	.sdata	game/motion.cpp	local	flag.726	flag.726
0x80314C44	0xC	.sdata	game/motion.cpp	global	lbl_80314C44	.
0x80314C50	0x2	.sdata	game/obj03.cpp	global	hist.583	hist.583
0x80314C52	0x6	.sdata	game/obj03.cpp	global	lbl_80314C52	.
0x80314C58	0x4	.sdata	game/obj04.cpp	global	obj04_gnd_ratio.654	obj04_gnd_ratio.654
0x80314C5C	0x4	.sdata	game/obj04.cpp	local	lbl_80314C5C	.
0x80314C60	0x4	.sdata	game/obj09.cpp	global	grav	grav
0x80314C64	0x4	.sdata	game/obj09.cpp	global	sprg	sprg
0x80314C68	0x4	.sdata	game/obj09.cpp	global	spd_reg	spd_reg
0x80314C6C	0x4	.sdata	game/obj09.cpp	global	rot_reg	rot_reg
0x80314C70	0x4	.sdata	game/obj09.cpp	global	dmp_ratio	dmp_ratio
0x80314C74	0x4	.sdata	game/obj09.cpp	global	hit_v_dmp_rate	hit_v_dmp_rate
0x80314C78	0x4	.sdata	game/obj09.cpp	global	hit_w_dmp_rate	hit_w_dmp_rate
0x80314C7C	0x4	.sdata	game/obj09.cpp	global	MUE	MUE
0x80314C80	0x4	.sdata	game/obj09.cpp	local	max_in_dist	max_in_dist
0x80314C84	0x4	.sdata	game/obj09.cpp	global	obj_max_dist	obj_max_dist
0x80314C88	0x4	.sdata	game/obj09.cpp	global	obj_max_ratio	obj_max_ratio
0x80314C8C	0x4	.sdata	game/obj09.cpp	global	obj_hosei_ratio	obj_hosei_ratio
0x80314C90	0x4	.sdata	game/obj09.cpp	global	obj_move_pow	obj_move_pow
0x80314C94	0x4	.sdata	game/obj09.cpp	global	frc_ratio.687	frc_ratio.687
0x80314C98	0x4	.sdata	game/obj09.cpp	local	water_regist.697	water_regist.697
0x80314C9C	0x4	.sdata	game/obj09.cpp	local	pl_pow_mul.698	pl_pow_mul.698
0x80314CA0	0x4	.sdata	game/obj09.cpp	local	pl_spd_dist.699	pl_spd_dist.699
0x80314CA4	0x4	.sdata	game/obj09.cpp	local	pl_spd_mul.700	pl_spd_mul.700
0x80314CA8	0x4	.sdata	game/obj09.cpp	local	pl_spd_mul2.701	pl_spd_mul2.701
0x80314CAC	0x4	.sdata	game/obj09.cpp	local	lbl_80314CAC	.
0x80314CB0	0x4	.sdata	game/pad.cpp	local	Vib_level	Vib_level
0x80314CB4	0x4	.sdata	game/pad.cpp	global	lbl_80314CB4	.
0x80314CB8	0x8	.sdata	game/pad.cpp	local	un_stop_mask.453	un_stop_mask.453
0x80314CC0	0x4	.sdata	game/path.cpp	local	dbg_tangent_base.570	dbg_tangent_base.570
0x80314CC4	0x4	.sdata	game/path.cpp	global	inter_flag.571	inter_flag.571
0x80314CC8	0x4	.sdata	game/pendulum.cpp	global	GlobalWindAdd	GlobalWindAdd
0x80314CCC	0x4	.sdata	game/pendulum.cpp	global	lbl_80314CCC	.
0x80314CD0	0x4	.sdata	game/pl_class.cpp	global	PlKeyReloadType	PlKeyReloadType
0x80314CD4	0x4	.sdata	game/pl_class.cpp	global	PlReloadDirect	PlReloadDirect
0x80314CD8	0x4	.sdata	game/pl_class.cpp	global	eyetime.1503	eyetime.1503
0x80314CDC	0x4	.sdata	game/pl_class.cpp	global	lbl_80314CDC	.
0x80314CE0	0x2	.sdata	game/pl_cloth.cpp	global	leonHolsterP	leonHolsterP
0x80314CE2	0x2	.sdata	game/pl_cloth.cpp	global	lbl_80314CE2	.
0x80314CE4	0x2	.sdata	game/pl_cloth.cpp	global	leonHolsterLp	leonHolsterLp
0x80314CE6	0x2	.sdata	game/pl_cloth.cpp	global	lbl_80314CE6	.
0x80314CE8	0x2	.sdata	game/pl_cloth.cpp	global	leonHolsterRp	leonHolsterRp
0x80314CEA	0x2	.sdata	game/pl_cloth.cpp	local	lbl_80314CEA	.
0x80314CEC	0x2	.sdata	game/pl_cloth.cpp	global	leonHolsterUp	leonHolsterUp
0x80314CEE	0x2	.sdata	game/pl_cloth.cpp	global	lbl_80314CEE	.
0x80314CF0	0x2	.sdata	game/pl_cloth.cpp	global	leonHolsterDp	leonHolsterDp
0x80314CF2	0x2	.sdata	game/pl_cloth.cpp	global	lbl_80314CF2	.
0x80314CF4	0x8	.sdata	game/pl_cloth.cpp	global	leonHolsterMax	leonHolsterMax
0x80314CFC	0x8	.sdata	game/pl_cloth.cpp	global	leonHolsterWindS	leonHolsterWindS
0x80314D04	0x8	.sdata	game/pl_cloth.cpp	global	leonHolsterWindR	leonHolsterWindR
0x80314D0C	0x8	.sdata	game/pl_cloth.cpp	global	girlSweaterP	girlSweaterP
0x80314D14	0x8	.sdata	game/pl_cloth.cpp	global	girlSweaterLp	girlSweaterLp
0x80314D1C	0x8	.sdata	game/pl_cloth.cpp	global	girlSweaterUp	girlSweaterUp
0x80314D24	0x8	.sdata	game/pl_cloth.cpp	global	girlSweaterDp	girlSweaterDp
0x80314D2C	0x4	.sdata	game/pl_cloth.cpp	local	lapel_rr.1704	lapel_rr.1704
0x80314D30	0x4	.sdata	game/pl_cloth.cpp	global	lapel_rl.1705	lapel_rl.1705
0x80314D34	0x4	.sdata	game/pl_cloth.cpp	global	lapel_name.233	lapel_name.233
0x80314D38	0x4	.sdata	game/pl_cloth.cpp	global	lapel_rate_x.1707	lapel_rate_x.1707
0x80314D3C	0x4	.sdata	game/pl_cloth.cpp	local	lapel_rate_y.1708	lapel_rate_y.1708
0x80314D40	0x4	.sdata	game/pl_cloth.cpp	local	lapel_rate_z.1709	lapel_rate_z.1709
0x80314D44	0x4	.sdata	game/pl_cloth.cpp	local	lapel_weight.1710	lapel_weight.1710
0x80314D48	0x4	.sdata	game/pl_sub.cpp	global	wavePower.1677	wavePower.1677
0x80314D4C	0x4	.sdata	game/pl_sub.cpp	global	spd0.1678	spd0.1678
0x80314D50	0x4	.sdata	game/pl_sub.cpp	global	spd1.1679	spd1.1679
0x80314D54	0x4	.sdata	game/pl_sub.cpp	global	lbl_80314D54	.
0x80314D58	0x4	.sdata	game/pl_wep.cpp	global	WeaponInitFunc	WeaponInitFunc
0x80314D5C	0x4	.sdata	game/pl_wep.cpp	local	repCtr.1354	repCtr.1354
0x80314D60	0x1	.sdata	game/puzzle.cpp	global	piece_max.879	piece_max.879
0x80314D61	0x1	.sdata	game/puzzle.cpp	local	space_w.880	space_w.880
0x80314D62	0x1	.sdata	game/puzzle.cpp	local	space_h.881	space_h.881
0x80314D63	0x5	.sdata	game/puzzle.cpp	local	lbl_80314D63	.
0x80314D68	0x4	.sdata	game/sce_at.cpp	local	p_imodel_bak	p_imodel_bak
0x80314D6C	0x4	.sdata	game/sce_at.cpp	local	lbl_80314D6C	.
0x80314D70	0x4	.sdata	game/sce_com.cpp	local	MARGIN.2214	MARGIN.2214
0x80314D74	0x4	.sdata	game/sce_com.cpp	local	lbl_80314D74	.
0x80314D78	0x4	.sdata	game/scheduler.cpp	global	CTASK_MAIN	CTASK_MAIN
0x80314D7C	0x4	.sdata	game/scheduler.cpp	local	iTask_exec_flg	iTask_exec_flg
0x80314D80	0x4	.sdata	game/shadow.cpp	global	SHADOW_NUM_MAX	SHADOW_NUM_MAX
0x80314D84	0x4	.sdata	game/shadow.cpp	local	g_Shd_render_size	g_Shd_render_size
0x80314D88	0x4	.sdata	game/shadow.cpp	local	g_Shd_tex_size	g_Shd_tex_size
0x80314D8C	0x4	.sdata	game/shadow.cpp	global	isSelfUse	isSelfUse
0x80314D90	0x4	.sdata	game/shadow.cpp	global	g_SelfShdNum	g_SelfShdNum
0x80314D94	0x4	.sdata	game/shadow.cpp	global	shadow_cammove_size	shadow_cammove_size
0x80314D98	0x4	.sdata	game/shadow.cpp	global	shadow_add_dir_x_default	shadow_add_dir_x_default
0x80314D9C	0x4	.sdata	game/shadow.cpp	global	fa.915	fa.915
0x80314DA0	0x4	.sdata	game/shadow.cpp	global	fb.916	fb.916
0x80314DA4	0x4	.sdata	game/shadow.cpp	global	fc.917	fc.917
0x80314DA8	0x4	.sdata	game/shadow.cpp	local	fd.918	fd.918
0x80314DAC	0x4	.sdata	game/shadow.cpp	global	shd_ofs	shd_ofs
0x80314DB0	0x4	.sdata	game/shadow.cpp	global	shd_tex_scale_x	shd_tex_scale_x
0x80314DB4	0x4	.sdata	game/shadow.cpp	local	shd_tex_no.922	shd_tex_no.922
0x80314DB8	0x1	.sdata	game/shadow.cpp	global	s_c_p.923	s_c_p.923
0x80314DB9	0x3	.sdata	game/shadow.cpp	local	lbl_80314DB9	.
0x80314DBC	0x4	.sdata	game/shadow.cpp	global	use_shd_cammove.948	use_shd_cammove.948
0x80314DC0	0x4	.sdata	game/sofdec.cpp	global	__float_nan	__float_nan
0x80314DC4	0x4	.sdata	game/sofdec.cpp	global	__float_huge	__float_huge
0x80314DC8	0x4	.sdata	game/stage.cpp	global	pCoin.1401	pCoin.1401
0x80314DCC	0x2	.sdata	game/stage.cpp	global	timer.1402	timer.1402
0x80314DCE	0x2	.sdata	game/stage.cpp	local	lbl_80314DCE	.
0x80314DD0	0x4	.sdata	game/t_flag.cpp	global	kyf_s	kyf_s
0x80314DD4	0x8	.sdata	game/t_flag.cpp	local	func_tbl.504	func_tbl.504
0x80314DDC	0x4	.sdata	game/t_flag.cpp	global	lbl_80314DDC	.
0x80314DE0	0x8	.sdata	game/t_option.cpp	global	bltType.1201	bltType.1201
0x80314DE8	0x4	.sdata	game/t_option.cpp	global	pData.1215	pData.1215
0x80314DEC	0x8	.sdata	game/t_option.cpp	global	menuStr.1223	menuStr.1223
0x80314DF4	0x4	.sdata	game/t_option.cpp	global	lbl_80314DF4	.
0x80314DF8	0x4	.sdata	game/t_prim.cpp	global	FlipMode	FlipMode
0x80314E00	0x4	.sdata	game/t_util.cpp	global	old_menu	old_menu
0x80314E04	0x1	.sdata	game/t_util.cpp	global	cursor_s.204	cursor_s.204
0x80314E05	0x1	.sdata	game/t_util.cpp	global	flicker.1018	flicker.1018
0x80314E06	0x1A	.sdata	game/t_util.cpp	global	lbl_80314E06	.
0x80314E20	0x4	.sdata	game/TexRender.cpp	global	g_draw	g_draw
0x80314E24	0x4	.sdata	game/TexRender.cpp	global	g_TexUse	g_TexUse
0x80314E28	0x18	.sdata	game/TexRender.cpp	global	lbl_80314E28	.
0x80314E40	0x7	.sdata	game/TexRender.cpp	global	vfilter.1623	vfilter.1623
0x80314E48	0x18	.sdata	game/TexRender.cpp	global	lbl_80314E48	.
0x80314E60	0x4	.sdata	game/texture.cpp	global	lod_enable	lod_enable
0x80314E64	0x4	.sdata	game/texture.cpp	global	tex_dummy	tex_dummy
0x80314E68	0x4	.sdata	game/title.cpp	global	TTL_CANCEL_WARNING	TTL_CANCEL_WARNING
0x80314E6C	0x4	.sdata	game/title.cpp	global	TTL_CANCEL_CAPCOM	TTL_CANCEL_CAPCOM
0x80314E70	0x4	.sdata	game/title.cpp	global	TTL_CANCEL_CRI	TTL_CANCEL_CRI
0x80314E74	0x4	.sdata	game/title.cpp	local	TTL_CANCEL_DOLBY	TTL_CANCEL_DOLBY
0x80314E78	0x4	.sdata	game/title.cpp	global	wait_cnt.1625	wait_cnt.1625
0x80314E7C	0x4	.sdata	game/title.cpp	global	demo_loop_cnt.1649	demo_loop_cnt.1649
0x80314E80	0x4	.sdata	game/title.cpp	local	width.1653	width.1653
0x80314E84	0x4	.sdata	game/title.cpp	global	zoom_in_limit.1654	zoom_in_limit.1654
0x80314E88	0x4	.sdata	game/title.cpp	global	omk_addr.1662	omk_addr.1662
0x80314E8C	0x4	.sdata	game/title.cpp	global	title_snd_wait.1664	title_snd_wait.1664
0x80314E90	0x4	.sdata	game/trans.cpp	global	aniso	aniso
0x80314E94	0x4	.sdata	game/trans.cpp	global	gxCsScale	gxCsScale
0x80314E98	0x4	.sdata	game/trans.cpp	global	modeltransalphaupdate.1172	modeltransalphaupdate.1172
0x80314E9C	0x4	.sdata	game/trans.cpp	global	use_alp.1198	use_alp.1198
0x80314EA0	0x4	.sdata	game/trans.cpp	local	bp_mx.1208	bp_mx.1208
0x80314EA4	0x4	.sdata	game/trans.cpp	local	bp_my.1209	bp_my.1209
0x80314EA8	0x4	.sdata	game/trans.cpp	local	mul_x.1210	mul_x.1210
0x80314EAC	0x4	.sdata	game/trans.cpp	global	mul_y.1211	mul_y.1211
0x80314EB0	0x4	.sdata	game/trans.cpp	global	pow.1212	pow.1212
0x80314EB4	0x1	.sdata	game/trans.cpp	global	lbl_80314EB4	.
0x80314EB5	0x4	.sdata	game/trans.cpp	local	cast_col2.1220	cast_col2.1220
0x80314EB9	0x4	.sdata	game/trans.cpp	local	cast_col3.1221	cast_col3.1221
0x80314EBD	0x3	.sdata	game/trans.cpp	global	lbl_80314EBD	.
0x80314EC0	0x4	.sdata	game/trans.cpp	global	shd_tex_no.1228	shd_tex_no.1228
0x80314EC4	0x4	.sdata	game/trans.cpp	global	lbl_80314EC4	.
0x80314EC8	0x4	.sdata	game/trans.cpp	global	mul_x.1275	mul_x.1275
0x80314ECC	0x4	.sdata	game/trans.cpp	global	mul_y.1276	mul_y.1276
0x80314ED0	0x4	.sdata	game/trans.cpp	global	TEST_Z.1283	TEST_Z.1283
0x80314ED4	0x4	.sdata	game/trans.cpp	global	lbl_80314ED4	.
0x80314ED8	0x4	.sdata	game/trans_ot.cpp	global	OT_MUL	OT_MUL
0x80314EDC	0x4	.sdata	game/trans_ot.cpp	global	lbl_80314EDC	.
0x80314EE0	0x4	.sdata	game/cloth.cpp	global	K_PARAM	K_PARAM
0x80314EE4	0x4	.sdata	game/cloth.cpp	global	G_PARAM	G_PARAM
0x80314EE8	0x4	.sdata	game/cloth.cpp	global	T_PARAM	T_PARAM
0x80314EEC	0x4	.sdata	game/cloth.cpp	local	lbl_80314EEC	.
0x80314EF0	0x8	.sdata	game/esp04.cpp	local	func_tbl.465	func_tbl.465
0x80314EF8	0x8	.sdata	game/esp06.cpp	global	Esp06MoveTbl.675	Esp06MoveTbl.675
0x80314F00	0x4	.sdata	game/esp08.cpp	global	prm1.812	prm1.812
0x80314F04	0x4	.sdata	game/esp08.cpp	global	prm2.813	prm2.813
0x80314F08	0x4	.sdata	game/esp08.cpp	global	prm3.814	prm3.814
0x80314F0C	0x4	.sdata	game/esp08.cpp	global	lbl_80314F0C	.
0x80314F10	0x4	.sdata	game/esp09.cpp	global	Zscale.756	Zscale.756
0x80314F14	0x4	.sdata	game/esp09.cpp	local	Zoffset.757	Zoffset.757
0x80314F18	0x4	.sdata	game/esp09.cpp	global	Zs_bias.758	Zs_bias.758
0x80314F1C	0x4	.sdata	game/esp09.cpp	global	Zs_bias_2.240	Zs_bias_2.240
0x80314F20	0x4	.sdata	game/esp0a.cpp	global	RIMIT1.762	RIMIT1.762
0x80314F24	0x4	.sdata	game/esp0a.cpp	global	RIMIT2.763	RIMIT2.763
0x80314F28	0x4	.sdata	game/esp0a.cpp	local	RIMIT3.764	RIMIT3.764
0x80314F2C	0x4	.sdata	game/esp0a.cpp	local	RIMIT4.765	RIMIT4.765
0x80314F30	0x4	.sdata	game/esp0e.cpp	local	Zscale.813	Zscale.813
0x80314F34	0x4	.sdata	game/esp0e.cpp	local	Zoffset.814	Zoffset.814
0x80314F38	0x4	.sdata	game/esp0e.cpp	local	Zs_bias0e.815	Zs_bias0e.815
0x80314F3C	0x4	.sdata	game/esp0e.cpp	local	Zs_bias0e_2.191	Zs_bias0e_2.191
0x80314F40	0x4	.sdata	game/esp16.cpp	local	nen_mul.675	nen_mul.675
0x80314F44	0x4	.sdata	game/esp16.cpp	local	nen_mul.676	nen_mul.676
0x80314F48	0x4	.sdata	game/esp18.cpp	local	esp18_lp.810	esp18_lp.810
0x80314F4C	0x4	.sdata	game/esp18.cpp	local	prm2.216	prm2.813
0x80314F50	0x4	.sdata	game/esp18.cpp	local	prm3.217	prm3.814
0x80314F54	0x4	.sdata	game/esp18.cpp	local	esp18_mul_rate.815	esp18_mul_rate.815
0x80314F58	0x4	.sdata	game/esp18.cpp	local	e18mx.816	e18mx.816
0x80314F5C	0x4	.sdata	game/esp18.cpp	local	e18my.817	e18my.817
0x80314F60	0x4	.sdata	game/esp1b.cpp	local	esp1b_scale.633	esp1b_scale.633
0x80314F64	0x4	.sdata	game/esp1b.cpp	local	lbl_80314F64	.
0x80314F68	0x4	.sdata	game/esp45.cpp	local	Zscale.783	Zscale.783
0x80314F6C	0x4	.sdata	game/esp45.cpp	local	Zoffset.784	Zoffset.784
0x80314F70	0x4	.sdata	game/esp45.cpp	local	Zs_bias45.785	Zs_bias45.785
0x80314F74	0x4	.sdata	game/esp45.cpp	local	Zs_bias45_2.197	Zs_bias45_2.197
0x80314F78	0x4	.sdata	game/esp4e.cpp	local	DAMPING.663	DAMPING.663
0x80314F7C	0x4	.sdata	game/esp4e.cpp	local	lbl_80314F7C	.
0x80314F80	0x4	.sdata	game/exception.cpp	local	x	x
0x80314F84	0x4	.sdata	game/exception.cpp	local	y_80314F84	y
0x80314F88	0x4	.sdata	game/exception.cpp	local	pContext	pContext
0x80314F8C	0x4	.sdata	game/exception.cpp	local	symbol_err	symbol_err
0x80314F90	0x8	.sdata	game/exception.cpp	global	null_data.990	null_data.990
0x80314F98	0x1	.sdata	game/exception.cpp	local	index.997	index.997
0x80314F99	0x3	.sdata	game/exception.cpp	global	lbl_80314F99	.
0x80314F9C	0x4	.sdata	game/exception.cpp	global	timer.1009	timer.1009
0x80314FA0	0x1	.sdata	game/filter00.cpp	local	blur_rate	blur_rate
0x80314FA1	0x1	.sdata	game/filter00.cpp	global	blur_type	blur_type
0x80314FA2	0x1	.sdata	game/filter00.cpp	global	blur_power	blur_power
0x80314FA3	0x1	.sdata	game/filter00.cpp	local	eff_spread_pri	eff_spread_pri
0x80314FA4	0x4	.sdata	game/filter00.cpp	global	is_eff_spread_on	is_eff_spread_on
0x80314FA8	0x1	.sdata	game/filter00.cpp	local	eff_blur_r	eff_blur_r
0x80314FA9	0x1	.sdata	game/filter00.cpp	global	eff_blur_g	eff_blur_g
0x80314FAA	0x1	.sdata	game/filter00.cpp	local	eff_blur_b	eff_blur_b
0x80314FAB	0x1	.sdata	game/filter00.cpp	local	eff_blur_rate	eff_blur_rate
0x80314FAC	0x1	.sdata	game/filter00.cpp	local	eff_blur_type	eff_blur_type
0x80314FAD	0x3	.sdata	game/filter00.cpp	global	lbl_80314FAD	.
0x80314FB0	0x4	.sdata	game/filter00.cpp	global	eff_spread_center_x	eff_spread_center_x
0x80314FB4	0x4	.sdata	game/filter00.cpp	global	eff_spread_center_y	eff_spread_center_y
0x80314FB8	0x4	.sdata	game/filter00.cpp	local	eff_spread_pow	eff_spread_pow
0x80314FBC	0x4	.sdata	game/filter00.cpp	global	eff_spread_num	eff_spread_num
0x80314FC0	0x4	.sdata	game/filter00.cpp	local	filter00_buff	filter00_buff
0x80314FC4	0x1	.sdata	game/filter00.cpp	global	g_cont_level	g_cont_level
0x80314FC5	0x1	.sdata	game/filter00.cpp	global	g_cont_pow	g_cont_pow
0x80314FC6	0x1	.sdata	game/filter00.cpp	local	g_cont_bias	g_cont_bias
0x80314FC7	0x1	.sdata	game/filter00.cpp	global	lbl_80314FC7	.
0x80314FC8	0x4	.sdata	game/filter00.cpp	local	blur_scale.456	blur_scale.456
0x80314FCC	0x14	.sdata	game/filter00.cpp	global	lbl_80314FCC	.
0x80314FE0	0x4	.sdata	game/filter02.cpp	global	filter02_buff	filter02_buff
0x80314FE4	0x4	.sdata	game/filter02.cpp	local	filter02_buff2	filter02_buff2
0x80314FE8	0x4	.sdata	game/filter02.cpp	global	filter02_buff3	filter02_buff3
0x80314FEC	0x4	.sdata	game/filter02.cpp	global	f02_isFast	f02_isFast
0x80314FF0	0x4	.sdata	game/filter02.cpp	global	use_filter2.600	use_filter2.600
0x80314FF4	0xC	.sdata	game/filter02.cpp	global	lbl_80314FF4	.
0x80315000	0x8	.sdata	game/filter02.cpp	global	vfilter.604	vfilter.604
0x80315008	0x4	.sdata	game/filter02.cpp	global	FocusLevel.614	FocusLevel.614
0x8031500C	0x4	.sdata	game/filter02.cpp	global	x_old.615	x_old.615
0x80315010	0x4	.sdata	game/filter02.cpp	global	y_old.616	y_old.616
0x80315014	0x4	.sdata	game/filter02.cpp	local	ppx.617	ppx.617
0x80315018	0x4	.sdata	game/filter02.cpp	global	ppy.618	ppy.618
0x8031501C	0x4	.sdata	game/filter02.cpp	global	nFeedLp.619	nFeedLp.619
0x80315020	0x4	.sdata	game/filter02.cpp	global	ppx.620	ppx.620
0x80315024	0x4	.sdata	game/filter02.cpp	local	ppy.621	ppy.621
0x80315028	0x4	.sdata	game/filter02.cpp	local	nFeedLp.622	nFeedLp.622
0x8031502C	0x14	.sdata	game/filter02.cpp	global	lbl_8031502C	.
0x80315040	0x8	.sdata	game/filter02.cpp	local	vfilter.626	vfilter.626
0x80315048	0x4	.sdata	game/filter02.cpp	global	f02_start_no.627	f02_start_no.627
0x8031504C	0x4	.sdata	game/filter02.cpp	local	f02_add_num.628	f02_add_num.628
0x80315050	0x4	.sdata	game/filter02.cpp	global	f02_set_alpha.629	f02_set_alpha.629
0x80315054	0x4	.sdata	game/filter02.cpp	global	f02_set_alpha2.630	f02_set_alpha2.630
0x80315058	0x8	.sdata	game/filter02.cpp	global	lbl_80315058	.
0x80315060	0x4	.sdata	game/filter03.cpp	global	filter03_buff	filter03_buff
0x80315064	0x4	.sdata	game/filter03.cpp	global	use_filter3.735	use_filter3.735
0x80315068	0x18	.sdata	game/filter03.cpp	global	lbl_80315068	.
0x80315080	0x7	.sdata	game/filter03.cpp	local	vfilter.739	vfilter.739
0x80315088	0x4	.sdata	game/filter03.cpp	global	ppx.749	ppx.749
0x8031508C	0x4	.sdata	game/filter03.cpp	global	ppy.750	ppy.750
0x80315090	0x10	.sdata	game/filter03.cpp	global	lbl_80315090	.
0x803150A0	0x4	.sdata	game/filter04.cpp	global	filter04_buff	filter04_buff
0x803150A4	0x4	.sdata	game/filter04.cpp	global	filter04_buff2	filter04_buff2
0x803150A8	0x4	.sdata	game/filter04.cpp	global	use_filter4.600	use_filter4.600
0x803150AC	0x14	.sdata	game/filter04.cpp	global	lbl_803150AC	.
0x803150C0	0x7	.sdata	game/filter04.cpp	global	vfilter.607	vfilter.607
0x803150C8	0x4	.sdata	game/filter04.cpp	local	pow_x.614	pow_x.614
0x803150CC	0x4	.sdata	game/filter04.cpp	local	pow_y.615	pow_y.615
0x803150D0	0x4	.sdata	game/filter04.cpp	global	spread_center_x.616	spread_center_x.616
0x803150D4	0x4	.sdata	game/filter04.cpp	global	spread_center_y.617	spread_center_y.617
0x803150D8	0x4	.sdata	game/filter04.cpp	global	x_old.621	x_old.621
0x803150DC	0x4	.sdata	game/filter04.cpp	local	y_old.622	y_old.622
0x803150E0	0x4	.sdata	game/filter04.cpp	global	ppy.623	ppy.623
0x803150E4	0x1	.sdata	game/filter04.cpp	local	av_alpha.624	av_alpha.624
0x803150E5	0x1B	.sdata	game/filter04.cpp	global	lbl_803150E5	.
0x80315100	0x4	.sdata	game/filter07.cpp	global	filter07_buff	filter07_buff
0x80315104	0x4	.sdata	game/filter07.cpp	local	filter07_noize	filter07_noize
0x80315108	0x4	.sdata	game/filter07.cpp	global	filter07_pLit	filter07_pLit
0x8031510C	0x4	.sdata	game/filter07.cpp	global	use_filter7.627	use_filter7.627
0x80315110	0x10	.sdata	game/filter07.cpp	global	lbl_80315110	.
0x80315120	0x7	.sdata	game/filter07.cpp	global	vfilter.631	vfilter.631
0x80315128	0x4	.sdata	game/filter07.cpp	global	FocusLevel07.641	FocusLevel07.641
0x8031512C	0x4	.sdata	game/filter07.cpp	global	x_old.642	x_old.642
0x80315130	0x4	.sdata	game/filter07.cpp	global	y_old.643	y_old.643
0x80315134	0x4	.sdata	game/filter07.cpp	global	ppx.644	ppx.644
0x80315138	0x4	.sdata	game/filter07.cpp	local	ppy.645	ppy.645
0x8031513C	0x4	.sdata	game/filter07.cpp	global	nFeedLp07.646	nFeedLp07.646
0x80315140	0x4	.sdata	game/filter08.cpp	local	filter08_buff	filter08_buff
0x80315144	0x4	.sdata	game/filter08.cpp	global	filter08_ratio	filter08_ratio
0x80315148	0x4	.sdata	game/filter08.cpp	local	g_cx	g_cx
0x8031514C	0x4	.sdata	game/filter08.cpp	global	g_cy	g_cy
0x80315150	0x4	.sdata	game/filter08.cpp	local	g_cx2	g_cx2
0x80315154	0x4	.sdata	game/filter08.cpp	global	g_cy2	g_cy2
0x80315158	0x4	.sdata	game/filter08.cpp	local	use_filter8.933	use_filter8.933
0x8031515C	0x4	.sdata	game/filter08.cpp	global	filter08_rnd_dist.934	filter08_rnd_dist.934
0x80315160	0x8	.sdata	game/filter08.cpp	local	vfilter.938	vfilter.938
0x80315168	0x1	.sdata	game/filter08.cpp	global	ptn	ptn
0x80315169	0x3	.sdata	game/filter08.cpp	global	lbl_80315169	.
0x8031516C	0x5	.sdata	game/filter08.cpp	local	sr	sr
0x80315171	0x3	.sdata	game/filter08.cpp	global	lbl_80315171	.
0x80315174	0x5	.sdata	game/filter08.cpp	local	sg	sg
0x80315179	0x3	.sdata	game/filter08.cpp	global	lbl_80315179	.
0x8031517C	0x5	.sdata	game/filter08.cpp	local	sb	sb
0x80315181	0x3	.sdata	game/filter08.cpp	global	lbl_80315181	.
0x80315184	0x4	.sdata	game/filter08.cpp	global	px.951	px.951
0x80315188	0x4	.sdata	game/filter08.cpp	local	py.952	py.952
0x8031518C	0x4	.sdata	game/filter08.cpp	global	flip.953	flip.953
0x80315190	0x1	.sdata	game/filter08.cpp	local	alpha.954	alpha.954
0x80315191	0x1	.sdata	game/filter08.cpp	global	alpha2.955	alpha2.955
0x80315192	0x1	.sdata	game/filter08.cpp	global	alpha3.956	alpha3.956
0x80315193	0x1	.sdata	game/filter08.cpp	global	flt08_blend_type.957	flt08_blend_type.957
0x80315194	0x1	.sdata	game/filter08.cpp	local	flt08_blend_add.958	flt08_blend_add.958
0x80315195	0x3	.sdata	game/filter08.cpp	global	lbl_80315195	.
0x80315198	0x4	.sdata	game/filter08.cpp	global	nFeedLp08.959	nFeedLp08.959
0x8031519C	0x4	.sdata	game/filter08.cpp	global	flt08_dither_on_lp.960	flt08_dither_on_lp.960
0x803151A0	0x1	.sdata	game/filter08.cpp	global	mono_alpha.961	mono_alpha.961
0x803151A1	0x1	.sdata	game/filter08.cpp	global	mono_alpha2.962	mono_alpha2.962
0x803151A2	0x1	.sdata	game/filter08.cpp	global	mono_alpha3.963	mono_alpha3.963
0x803151A3	0x1D	.sdata	game/filter08.cpp	global	lbl_803151A3	.
0x803151C0	0x4	.sdata	game/filter09.cpp	global	filter09_buff	filter09_buff
0x803151C4	0x1C	.sdata	game/filter09.cpp	global	lbl_803151C4	.
0x803151E0	0x7	.sdata	game/filter09.cpp	local	vfilter.408	vfilter.408
0x803151E8	0x4	.sdata	game/filter09.cpp	global	fade_alpha.418	fade_alpha.418
0x803151EC	0x4	.sdata	game/filter09.cpp	local	fade_scale.419	fade_scale.419
0x803151F0	0x10	.sdata	game/filter09.cpp	global	lbl_803151F0	.
0x80315200	0x110	.sdata	lib/e_pow.c	local	lbl_80315200	.
0x80315310	0x8	.sdata	lib/s_cos.c	local	lbl_80315310	.
0x80315318	0x90	.sdata	lib/ef_pow.c	local	lbl_80315318	.
0x803153A8	0x48	.sdata	lib/k_cos.c	local	lbl_803153A8	.
0x803153F0	0x38	.sdata	lib/k_sin.c	local	lbl_803153F0	.
0x80315428	0x8	.sdata	game/sn_malloc.cpp	local	lbl_80315428	.
0x80315430	0x4	.sdata	lib/OSAlloc.c	global	__OSCurrHeap	__OSCurrHeap
0x80315438	0x4	.sdata	lib/OSFatal.c	local	@252_80315438	@252
0x80315440	0x2	.sdata	lib/OSFont.c	local	FontEncode	FontEncode
0x80315460	0x4	.sbss	game/cam_ctrl.cpp	local	move_z.1209	move_z.1209
0x80315464	0x4	.sbss	game/cam_ctrl.cpp	local	init_flg.1213	init_flg.1213
0x80315468	0x4	.sbss	game/cam_ctrl.cpp	local	edge_camera.1214	edge_camera.1214
0x8031546C	0x4	.sbss	game/cam_ctrl.cpp	local	c_rno.1215	c_rno.1215
0x80315470	0x4	.sbss	game/cam_ctrl.cpp	local	key_flg.1216	key_flg.1216
0x80315474	0x4	.sbss	game/cam_ctrl.cpp	local	inter_frame.1335	inter_frame.1335
0x80315478	0x4	.sbss	game/card.cpp	local	cardcheck.1614	cardcheck.1614
0x8031547C	0x4	.sbss	game/card.cpp	local	g_p_path_org	g_p_path_org
0x80315480	0x4	.sbss	game/card.cpp	local	g_p_hrmt_org	g_p_hrmt_org
0x80315484	0x4	.sbss	game/card.cpp	local	g_p_spln_org	g_p_spln_org
0x80315488	0x4	.sbss	game/light_area.cpp	local	g_pLightAreaHed	g_pLightAreaHed
0x8031548C	0x4	.sbss	game/mercenaries.cpp	global	stop_bak.1629	stop_bak.1629
0x80315490	0x4	.sbss	game/mercenaries.cpp	global	disp_bak.1630	disp_bak.1630
0x80315494	0x4	.sbss	game/mes.cpp	local	p_layout.1048	p_layout.1048
0x80315498	0x4	.sbss	game/objBull.cpp	local	Bull_dir	Bull_dir
0x8031549C	0x4	.sbss	game/objWep.cpp	local	donfire.1055	donfire.1055
0x803154A0	0x1	.sbss	game/pl_npc.cpp	global	hamonTimer.1503	hamonTimer.1503
0x803154A1	0x1	.sbss	game/pl_npc.cpp	local	sibukiTimer.1504	sibukiTimer.1504
0x803154A4	0x4	.sbss	game/pl_npc.cpp	local	timer.1514	timer.1514
0x803154A8	0x1	.sbss	game/player.cpp	global	breath_ctr.1215	breath_ctr.1215
0x803154AC	0x4	.sbss	game/player.cpp	global	pMaho	pMaho
0x803154B0	0x1	.sbss	game/player.cpp	global	PlKaiou	PlKaiou
0x803154B4	0x4	.sbss	game/player.cpp	global	PlFanceFlag	PlFanceFlag
0x803154B8	0x4	.sbss	game/snd.cpp	global	ARAM_FREE_BASE	ARAM_FREE_BASE
0x803154BC	0x4	.sbss	game/snd.cpp	global	pSnd	pSnd
0x803154C0	0x4	.sbss	lib/OS.c	local	BootInfo	BootInfo
0x803154C4	0x4	.sbss	lib/OS.c	local	BI2DebugFlag	BI2DebugFlag
0x803154C8	0x4	.sbss	lib/OS.c	local	BI2DebugFlagHolder	BI2DebugFlagHolder
0x803154CC	0x4	.sbss	lib/OS.c	global	__OSIsGcam	__OSIsGcam
0x803154D0	0x8	.sbss	lib/OS.c	global	ZeroF	ZeroF
0x803154D8	0x8	.sbss	lib/OS.c	global	ZeroPS	ZeroPS
0x803154E0	0x4	.sbss	lib/OS.c	global	AreWeInitialized	AreWeInitialized
0x803154E4	0x4	.sbss	lib/OS.c	global	OSExceptionTable	OSExceptionTable
0x803154E8	0x4	.sbss	lib/OS.c	global	__OSInIPL	__OSInIPL
0x803154F0	0x8	.sbss	lib/OS.c	global	__OSStartTime	__OSStartTime
0x803154F8	0x8	.sbss	lib/OSAlarm.c	local	AlarmQueue	AlarmQueue
0x80315500	0x4	.sbss	lib/OSArena.c	local	__OSArenaHi	__OSArenaHi
0x80315508	0x4	.sbss	lib/OSExec.c	local	Prepared	Prepared
0x8031550C	0x4	.sbss	lib/OSExec.c	global	apploaderPosition$69	apploaderPosition$69
0x80315510	0x4	.sbss	lib/OSInterrupt.c	local	InterruptHandlerTable	InterruptHandlerTable
0x80315514	0x4	.sbss	lib/OSInterrupt.c	global	__OSLastInterruptSrr0	__OSLastInterruptSrr0
0x80315518	0x2	.sbss	lib/OSInterrupt.c	global	__OSLastInterrupt	__OSLastInterrupt
0x80315520	0x8	.sbss	lib/OSInterrupt.c	global	__OSLastInterruptTime	__OSLastInterruptTime
0x80315528	0x4	.sbss	lib/OSReboot.c	local	SaveStart	SaveStart
0x8031552C	0x4	.sbss	lib/OSReboot.c	local	SaveEnd	SaveEnd
0x80315530	0x8	.sbss	lib/OSReset.c	local	ResetFunctionQueue	ResetFunctionQueue
0x80315538	0x4	.sbss	lib/OSReset.c	local	bootThisDol	bootThisDol
0x80315540	0x4	.sbss	lib/OSResetSW.c	local	ResetCallback	ResetCallback
0x80315544	0x4	.sbss	lib/OSResetSW.c	local	Down	Down
0x80315548	0x4	.sbss	lib/OSResetSW.c	local	LastState	LastState
0x80315550	0x8	.sbss	lib/OSResetSW.c	local	HoldUp	HoldUp
0x80315558	0x8	.sbss	lib/OSResetSW.c	local	HoldDown	HoldDown
0x80315560	0x4	.sbss	lib/OSThread.c	local	RunQueueBits	RunQueueBits
0x80315564	0x4	.sbss	lib/OSThread.c	local	RunQueueHint	RunQueueHint
0x80315568	0x4	.sbss	lib/OSThread.c	local	Reschedule	Reschedule
0x80315570	0x4	.sbss	lib/EXIBios.c	local	IDSerialPort1	IDSerialPort1
0x80315578	0x4	.sbss	lib/EXIUart.c	local	Chan	Chan
0x8031557C	0x4	.sbss	lib/EXIUart.c	local	Dev	Dev
0x80315580	0x4	.sbss	lib/EXIUart.c	local	Enabled	Enabled
0x80315584	0x4	.sbss	lib/EXIUart.c	local	BarnacleEnabled	BarnacleEnabled
0x80315588	0x4	.sbss	lib/SIBios.c	global	cmdTypeAndStatus$78	cmdTypeAndStatus$78
0x8031558C	0x4	.sbss	lib/SIBios.c	global	cmdTypeAndStatus$372	cmdTypeAndStatus$372
0x80315590	0x4	.sbss	lib/SIBios.c	global	__PADFixBits	__PADFixBits
0x80315598	0x4	.sbss	lib/SISamplingRate.c	local	SamplingRate	SamplingRate
0x803155A0	0x4	.sbss	lib/db.c	global	__DBInterface	__DBInterface
0x803155A4	0x4	.sbss	lib/db.c	global	DBVerbose	DBVerbose
0x803155A8	0x4	.sbss	lib/dvdfs.c	local	BootInfo	BootInfo
0x803155AC	0x4	.sbss	lib/dvdfs.c	local	FstStart	FstStart
0x803155B0	0x4	.sbss	lib/dvdfs.c	local	FstStringStart	FstStringStart
0x803155B4	0x4	.sbss	lib/dvdfs.c	local	MaxEntryNum	MaxEntryNum
0x803155B8	0x4	.sbss	lib/dvdfs.c	local	currentDirectory	currentDirectory
0x803155BC	0x4	.sbss	lib/dvdfs.c	global	__DVDLongFileNameFlag	__DVDLongFileNameFlag
0x803155C0	0x8	.sbss	lib/dvdfs.c	global	__DVDThreadQueue	__DVDThreadQueue
0x803155C8	0x4	.sbss	lib/dvd.c	local	executing	executing
0x803155CC	0x4	.sbss	lib/dvd.c	local	IDShouldBe	IDShouldBe
0x803155D0	0x4	.sbss	lib/dvd.c	local	bootInfo	bootInfo
0x803155D4	0x4	.sbss	lib/dvd.c	local	PauseFlag	PauseFlag
0x803155D8	0x4	.sbss	lib/dvd.c	local	PausingFlag	PausingFlag
0x803155DC	0x4	.sbss	lib/dvd.c	local	AutoFinishing	AutoFinishing
0x803155E0	0x4	.sbss	lib/dvd.c	local	FatalErrorFlag	FatalErrorFlag
0x803155E4	0x4	.sbss	lib/dvd.c	local	CurrCommand	CurrCommand
0x803155E8	0x4	.sbss	lib/dvd.c	local	Canceling	Canceling
0x803155EC	0x4	.sbss	lib/dvd.c	local	CancelCallback	CancelCallback
0x803155F0	0x4	.sbss	lib/dvd.c	local	ResumeFromHere	ResumeFromHere
0x803155F4	0x4	.sbss	lib/dvd.c	local	CancelLastError	CancelLastError
0x803155F8	0x4	.sbss	lib/dvd.c	local	LastError	LastError
0x803155FC	0x4	.sbss	lib/dvd.c	local	NumInternalRetry	NumInternalRetry
0x80315600	0x4	.sbss	lib/dvd.c	local	ResetRequired	ResetRequired
0x80315604	0x4	.sbss	lib/dvd.c	local	CancelAllSyncComplete	CancelAllSyncComplete
0x80315608	0x4	.sbss	lib/dvd.c	local	ResetCount	ResetCount
0x8031560C	0x4	.sbss	lib/dvd.c	local	FirstTimeInBootrom	FirstTimeInBootrom
0x80315610	0x4	.sbss	lib/dvd.c	local	MotorState	MotorState
0x80315614	0x4	.sbss	lib/dvd.c	local	DVDInitialized	DVDInitialized
0x80315618	0x4	.sbss	lib/dvd.c	global	immCount$360	immCount$360
0x8031561C	0x4	.sbss	lib/dvd.c	local	dmaCount$362	dmaCount$362
0x80315620	0x4	.sbss	lib/dvd.c	global	LastState	LastState
0x80315628	0x4	.sbss	lib/dvdFatal.c	local	FatalFunc	FatalFunc
0x80315630	0x4	.sbss	lib/fstload.c	local	status	status
0x80315634	0x4	.sbss	lib/fstload.c	local	bb2	bb2
0x80315638	0x4	.sbss	lib/fstload.c	local	idTmp	idTmp
0x80315640	0x4	.sbss	lib/dvdlow.c	local	StopAtNextInt	StopAtNextInt
0x80315644	0x4	.sbss	lib/dvdlow.c	local	LastLength	LastLength
0x80315648	0x4	.sbss	lib/dvdlow.c	local	Callback	Callback
0x8031564C	0x4	.sbss	lib/dvdlow.c	local	ResetCoverCallback	ResetCoverCallback
0x80315650	0x8	.sbss	lib/dvdlow.c	local	LastResetEnd	LastResetEnd
0x80315658	0x4	.sbss	lib/dvdlow.c	local	ResetOccurred	ResetOccurred
0x8031565C	0x4	.sbss	lib/dvdlow.c	local	WaitingCoverClose	WaitingCoverClose
0x80315660	0x4	.sbss	lib/dvdlow.c	local	Breaking	Breaking
0x80315664	0x4	.sbss	lib/dvdlow.c	local	WorkAroundType	WorkAroundType
0x80315668	0x4	.sbss	lib/dvdlow.c	local	WorkAroundSeekLocation	WorkAroundSeekLocation
0x80315670	0x8	.sbss	lib/dvdlow.c	local	LastReadFinished	LastReadFinished
0x80315678	0x8	.sbss	lib/dvdlow.c	local	LastReadIssued	LastReadIssued
0x80315680	0x4	.sbss	lib/dvdlow.c	local	LastCommandWasRead	LastCommandWasRead
0x80315684	0x4	.sbss	lib/dvdlow.c	local	NextCommandNumber	NextCommandNumber
0x80315688	0x4	.sbss	lib/vi.c	local	IsInitialized	IsInitialized
0x8031568C	0x4	.sbss	lib/vi.c	local	retraceCount	retraceCount
0x80315690	0x4	.sbss	lib/vi.c	local	flushFlag	flushFlag
0x80315694	0x8	.sbss	lib/vi.c	local	retraceQueue	retraceQueue
0x8031569C	0x4	.sbss	lib/vi.c	local	PreCB	PreCB
0x803156A0	0x4	.sbss	lib/vi.c	local	PostCB	PostCB
0x803156A4	0x4	.sbss	lib/vi.c	local	PositionCallback	PositionCallback
0x803156A8	0x4	.sbss	lib/vi.c	local	encoderType	encoderType
0x803156AC	0x2	.sbss	lib/vi.c	local	displayOffsetH	displayOffsetH
0x803156AE	0x2	.sbss	lib/vi.c	local	displayOffsetV	displayOffsetV
0x803156B0	0x4	.sbss	lib/vi.c	local	changeMode	changeMode
0x803156B8	0x8	.sbss	lib/vi.c	local	changed	changed
0x803156C0	0x4	.sbss	lib/vi.c	local	shdwChangeMode	shdwChangeMode
0x803156C8	0x8	.sbss	lib/vi.c	local	shdwChanged	shdwChanged
0x803156D0	0x4	.sbss	lib/vi.c	local	CurrTiming	CurrTiming
0x803156D4	0x4	.sbss	lib/vi.c	local	CurrTvMode	CurrTvMode
0x803156D8	0x4	.sbss	lib/vi.c	local	NextBufAddr	NextBufAddr
0x803156DC	0x4	.sbss	lib/vi.c	local	CurrBufAddr	CurrBufAddr
0x803156E0	0x4	.sbss	lib/vi.c	local	FBSet	FBSet
0x803156E4	0x4	.sbss	lib/vi.c	local	timingExtra	timingExtra
0x803156E8	0x4	.sbss	lib/vi.c	local	message$351	message$351
0x803156F0	0x4	.sbss	lib/Pad.c	local	Initialized	Initialized
0x803156F4	0x4	.sbss	lib/Pad.c	local	EnabledBits	EnabledBits
0x803156F8	0x4	.sbss	lib/Pad.c	local	ResettingBits	ResettingBits
0x803156FC	0x4	.sbss	lib/Pad.c	local	RecalibrateBits	RecalibrateBits
0x80315700	0x4	.sbss	lib/Pad.c	local	WaitingBits	WaitingBits
0x80315704	0x4	.sbss	lib/Pad.c	local	CheckingBits	CheckingBits
0x80315708	0x4	.sbss	lib/Pad.c	local	PendingBits	PendingBits
0x8031570C	0x4	.sbss	lib/Pad.c	local	BarrelBits	BarrelBits
0x80315710	0x4	.sbss	lib/Pad.c	local	CmdTypeAndStatus	CmdTypeAndStatus
0x80315714	0x4	.sbss	lib/Pad.c	local	SamplingCallback	SamplingCallback
0x80315718	0x4	.sbss	lib/Pad.c	global	recalibrated$388	recalibrated$388
0x8031571C	0x4	.sbss	lib/Pad.c	global	__PADSpec	__PADSpec
0x80315720	0x4	.sbss	lib/ai.c	local	__AIS_Callback	__AIS_Callback
0x80315724	0x4	.sbss	lib/ai.c	local	__AID_Callback	__AID_Callback
0x80315728	0x4	.sbss	lib/ai.c	local	__CallbackStack	__CallbackStack
0x8031572C	0x4	.sbss	lib/ai.c	local	__OldStack	__OldStack
0x80315730	0x4	.sbss	lib/ai.c	local	__AI_init_flag	__AI_init_flag
0x80315734	0x4	.sbss	lib/ai.c	local	__AID_Active	__AID_Active
0x80315738	0x8	.sbss	lib/ai.c	local	bound_32KHz	bound_32KHz
0x80315740	0x8	.sbss	lib/ai.c	local	bound_48KHz	bound_48KHz
0x80315748	0x8	.sbss	lib/ai.c	local	min_wait	min_wait
0x80315750	0x8	.sbss	lib/ai.c	local	max_wait	max_wait
0x80315758	0x8	.sbss	lib/ai.c	local	buffer	buffer
0x80315760	0x4	.sbss	lib/ar.c	local	__AR_Callback	__AR_Callback
0x80315764	0x4	.sbss	lib/ar.c	local	__AR_Size	__AR_Size
0x80315768	0x4	.sbss	lib/ar.c	local	__AR_InternalSize	__AR_InternalSize
0x8031576C	0x4	.sbss	lib/ar.c	local	__AR_ExpansionSize	__AR_ExpansionSize
0x80315770	0x4	.sbss	lib/ar.c	local	__AR_StackPointer	__AR_StackPointer
0x80315774	0x4	.sbss	lib/ar.c	local	__AR_FreeBlocks	__AR_FreeBlocks
0x80315778	0x4	.sbss	lib/ar.c	local	__AR_BlockLength	__AR_BlockLength
0x8031577C	0x4	.sbss	lib/ar.c	local	__AR_init_flag	__AR_init_flag
0x80315780	0x4	.sbss	lib/arq.c	local	__ARQRequestQueueHi	__ARQRequestQueueHi
0x80315784	0x4	.sbss	lib/arq.c	local	__ARQRequestTailHi	__ARQRequestTailHi
0x80315788	0x4	.sbss	lib/arq.c	local	__ARQRequestQueueLo	__ARQRequestQueueLo
0x8031578C	0x4	.sbss	lib/arq.c	local	__ARQRequestTailLo	__ARQRequestTailLo
0x80315790	0x4	.sbss	lib/arq.c	local	__ARQRequestQueueTemp	__ARQRequestQueueTemp
0x80315794	0x4	.sbss	lib/arq.c	local	__ARQRequestTailTemp	__ARQRequestTailTemp
0x80315798	0x4	.sbss	lib/arq.c	local	__ARQRequestPendingHi	__ARQRequestPendingHi
0x8031579C	0x4	.sbss	lib/arq.c	local	__ARQRequestPendingLo	__ARQRequestPendingLo
0x803157A0	0x4	.sbss	lib/arq.c	local	__ARQCallbackHi	__ARQCallbackHi
0x803157A4	0x4	.sbss	lib/arq.c	local	__ARQCallbackLo	__ARQCallbackLo
0x803157A8	0x4	.sbss	lib/arq.c	local	__ARQChunkSize	__ARQChunkSize
0x803157AC	0x4	.sbss	lib/arq.c	local	__ARQ_init_flag	__ARQ_init_flag
0x803157B0	0x4	.sbss	lib/AXAlloc.c	local	__AXCallbackStack	__AXCallbackStack
0x803157B8	0x4	.sbss	lib/AXAux.c	local	__AXCallbackAuxA	__AXCallbackAuxA
0x803157BC	0x4	.sbss	lib/AXAux.c	local	__AXCallbackAuxB	__AXCallbackAuxB
0x803157C0	0x4	.sbss	lib/AXAux.c	local	__AXContextAuxA	__AXContextAuxA
0x803157C4	0x4	.sbss	lib/AXAux.c	local	__AXContextAuxB	__AXContextAuxB
0x803157C8	0x4	.sbss	lib/AXAux.c	local	__AXAuxADspWrite	__AXAuxADspWrite
0x803157CC	0x4	.sbss	lib/AXAux.c	local	__AXAuxADspRead	__AXAuxADspRead
0x803157D0	0x4	.sbss	lib/AXAux.c	local	__AXAuxBDspWrite	__AXAuxBDspWrite
0x803157D4	0x4	.sbss	lib/AXAux.c	local	__AXAuxBDspRead	__AXAuxBDspRead
0x803157D8	0x4	.sbss	lib/AXAux.c	local	__AXAuxDspWritePosition	__AXAuxDspWritePosition
0x803157DC	0x4	.sbss	lib/AXAux.c	local	__AXAuxDspReadPosition	__AXAuxDspReadPosition
0x803157E0	0x4	.sbss	lib/AXAux.c	local	__AXAuxDspWritePositionDpl2	__AXAuxDspWritePositionDpl2
0x803157E4	0x4	.sbss	lib/AXAux.c	local	__AXAuxDspReadPositionDpl2	__AXAuxDspReadPositionDpl2
0x803157E8	0x4	.sbss	lib/AXAux.c	local	__AXAuxCpuReadWritePosition	__AXAuxCpuReadWritePosition
0x803157F0	0x4	.sbss	lib/AXCL.c	local	__AXCommandListPosition	__AXCommandListPosition
0x803157F4	0x4	.sbss	lib/AXCL.c	local	__AXClWrite	__AXClWrite
0x803157F8	0x4	.sbss	lib/AXCL.c	local	__AXCommandListCycles	__AXCommandListCycles
0x803157FC	0x4	.sbss	lib/AXCL.c	local	__AXCompressor	__AXCompressor
0x80315800	0x4	.sbss	lib/AXCL.c	global	__AXClMode	__AXClMode
0x80315808	0x4	.sbss	lib/AXOut.c	local	__AXOutFrame	__AXOutFrame
0x8031580C	0x4	.sbss	lib/AXOut.c	local	__AXAiDmaFrame	__AXAiDmaFrame
0x80315810	0x4	.sbss	lib/AXOut.c	local	__AXOutDspReady	__AXOutDspReady
0x80315818	0x8	.sbss	lib/AXOut.c	local	__AXOsTime	__AXOsTime
0x80315820	0x4	.sbss	lib/AXOut.c	local	__AXUserFrameCallback	__AXUserFrameCallback
0x80315824	0x4	.sbss	lib/AXOut.c	local	__AXDSPInitFlag	__AXDSPInitFlag
0x80315828	0x4	.sbss	lib/AXOut.c	local	__AXDSPDoneFlag	__AXDSPDoneFlag
0x8031582C	0x4	.sbss	lib/AXOut.c	local	__AXDebugSteppingMode	__AXDebugSteppingMode
0x80315830	0x8	.sbss	lib/AXOut.c	local	__AXOutThreadQueue	__AXOutThreadQueue
0x80315838	0x4	.sbss	lib/AXOut.c	local	__AXOutputBufferMode	__AXOutputBufferMode
0x80315840	0x4	.sbss	lib/AXSPB.c	local	__AXSpbAL	__AXSpbAL
0x80315844	0x4	.sbss	lib/AXSPB.c	local	__AXSpbAR	__AXSpbAR
0x80315848	0x4	.sbss	lib/AXSPB.c	local	__AXSpbAS	__AXSpbAS
0x8031584C	0x4	.sbss	lib/AXSPB.c	local	__AXSpbAAL	__AXSpbAAL
0x80315850	0x4	.sbss	lib/AXSPB.c	local	__AXSpbAAR	__AXSpbAAR
0x80315854	0x4	.sbss	lib/AXSPB.c	local	__AXSpbAAS	__AXSpbAAS
0x80315858	0x4	.sbss	lib/AXSPB.c	local	__AXSpbABL	__AXSpbABL
0x8031585C	0x4	.sbss	lib/AXSPB.c	local	__AXSpbABR	__AXSpbABR
0x80315860	0x4	.sbss	lib/AXSPB.c	local	__AXSpbABS	__AXSpbABS
0x80315868	0x4	.sbss	lib/AXVPB.c	local	__AXMaxDspCycles	__AXMaxDspCycles
0x8031586C	0x4	.sbss	lib/AXVPB.c	local	__AXRecDspCycles	__AXRecDspCycles
0x80315870	0x4	.sbss	lib/AXVPB.c	local	__AXNumVoices	__AXNumVoices
0x80315878	0x4	.sbss	lib/AXProf.c	local	__AXProfile	__AXProfile
0x8031587C	0x4	.sbss	lib/AXProf.c	local	__AXMaxProfiles	__AXMaxProfiles
0x80315880	0x4	.sbss	lib/AXProf.c	local	__AXCurrentProfile	__AXCurrentProfile
0x80315884	0x4	.sbss	lib/AXProf.c	local	__AXProfileInitialized	__AXProfileInitialized
0x80315888	0x4	.sbss	lib/mix.c	local	__MIXDvdStreamAttenCurrent	__MIXDvdStreamAttenCurrent
0x8031588C	0x4	.sbss	lib/mix.c	local	__MIXDvdStreamAttenUser	__MIXDvdStreamAttenUser
0x80315890	0x4	.sbss	lib/mix.c	local	__MIXSoundMode	__MIXSoundMode
0x80315898	0x4	.sbss	lib/axart.c	local	__AXARTSoundList	__AXARTSoundList
0x803158A0	0x4	.sbss	lib/axart3d.c	local	__AXART3DDopplerScale	__AXART3DDopplerScale
0x803158A4	0x4	.sbss	lib/axart3d.c	local	__AXART3DDistanceScale	__AXART3DDistanceScale
0x803158A8	0x4	.sbss	lib/syn.c	global	__SYNSynthList	__SYNSynthList
0x803158B0	0x4	.sbss	lib/seq.c	local	__SEQSequenceList	__SEQSequenceList
0x803158B8	0x4	.sbss	lib/dsp.c	local	__DSP_init_flag	__DSP_init_flag
0x803158C0	0x4	.sbss	lib/dsp_task.c	local	t0	t0
0x803158C4	0x4	.sbss	lib/dsp_task.c	local	t1	t1
0x803158C8	0x4	.sbss	lib/dsp_task.c	local	t2	t2
0x803158CC	0x4	.sbss	lib/dsp_task.c	global	__DSP_rude_task_pending	__DSP_rude_task_pending
0x803158D0	0x4	.sbss	lib/dsp_task.c	global	__DSP_rude_task	__DSP_rude_task
0x803158D4	0x4	.sbss	lib/dsp_task.c	global	__DSP_tmp_task	__DSP_tmp_task
0x803158D8	0x4	.sbss	lib/dsp_task.c	global	__DSP_last_task	__DSP_last_task
0x803158DC	0x4	.sbss	lib/dsp_task.c	global	__DSP_first_task	__DSP_first_task
0x803158E0	0x4	.sbss	lib/dsp_task.c	global	__DSP_curr_task	__DSP_curr_task
0x803158E8	0x2	.sbss	lib/CARDBios.c	local	__CARDEncode	__CARDEncode
0x803158EA	0x2	.sbss	lib/CARDBios.c	local	__CARDFastMode	__CARDFastMode
0x803158F0	0x4	.sbss	lib/GXInit.c	global	__piReg	__piReg
0x803158F4	0x4	.sbss	lib/GXInit.c	global	__cpReg	__cpReg
0x803158F8	0x4	.sbss	lib/GXInit.c	global	__peReg	__peReg
0x803158FC	0x4	.sbss	lib/GXInit.c	global	__memReg	__memReg
0x80315900	0x4	.sbss	lib/GXInit.c	global	peCount$35	peCount$35
0x80315908	0x8	.sbss	lib/GXInit.c	local	time$36	time$36
0x80315910	0x4	.sbss	lib/GXInit.c	local	calledOnce$37	calledOnce$37
0x80315914	0x4	.sbss	lib/GXInit.c	global	resetFuncRegistered$145	resetFuncRegistered$145
0x80315918	0x4	.sbss	lib/GXFifo.c	global	CPUFifo	CPUFifo
0x8031591C	0x4	.sbss	lib/GXFifo.c	global	GPFifo	GPFifo
0x80315920	0x4	.sbss	lib/GXFifo.c	local	__GXCurrentThread	__GXCurrentThread
0x80315924	0x1	.sbss	lib/GXFifo.c	local	CPGPLinked	CPGPLinked
0x80315928	0x4	.sbss	lib/GXFifo.c	local	GXOverflowSuspendInProgress	GXOverflowSuspendInProgress
0x8031592C	0x4	.sbss	lib/GXFifo.c	local	BreakPointCB	BreakPointCB
0x80315930	0x4	.sbss	lib/GXFifo.c	local	__GXOverflowCount	__GXOverflowCount
0x80315938	0x4	.sbss	lib/GXMisc.c	local	TokenCB	TokenCB
0x8031593C	0x4	.sbss	lib/GXMisc.c	local	DrawDoneCB	DrawDoneCB
0x80315940	0x1	.sbss	lib/GXMisc.c	local	DrawDone	DrawDone
0x80315944	0x8	.sbss	lib/GXMisc.c	local	FinishQueue	FinishQueue
0x80315950	0x8	.sbss	lib/fileCache.c	local	lbl_80315950	.
0x80315958	0x4	.sbss	lib/DebuggerDriver.c	local	MTRCallback	MTRCallback
0x8031595C	0x4	.sbss	lib/DebuggerDriver.c	local	DBGCallback	DBGCallback
0x80315960	0x4	.sbss	lib/DebuggerDriver.c	local	SendMailData	SendMailData
0x80315964	0x4	.sbss	lib/DebuggerDriver.c	local	RecvDataLeng	RecvDataLeng
0x80315968	0x4	.sbss	lib/DebuggerDriver.c	local	pEXIInputFlag	pEXIInputFlag
0x8031596C	0x1	.sbss	lib/DebuggerDriver.c	local	EXIInputFlag	EXIInputFlag
0x80315970	0x4	.sbss	game/atari.cpp	global	SEck	SEck
0x80315974	0x4	.sbss	game/atari.cpp	local	pBypassAt	pBypassAt
0x80315978	0x4	.sbss	game/cam_extra.cpp	global	x_yure_spd.1310	x_yure_spd.1310
0x8031597C	0x4	.sbss	game/cam_extra.cpp	global	y_yure_spd.1311	y_yure_spd.1311
0x80315980	0x4	.sbss	game/cam_extra.cpp	global	xtime.1312	xtime.1312
0x80315984	0x4	.sbss	game/cam_extra.cpp	global	ytime.1313	ytime.1313
0x80315988	0x4	.sbss	game/cam_extra.cpp	global	rdir0.1314	rdir0.1314
0x8031598C	0x4	.sbss	game/cons.cpp	global	pConsRoom	pConsRoom
0x80315990	0x4	.sbss	game/db_cam.cpp	global	p_offset.1000	p_offset.1000
0x80315994	0x4	.sbss	game/db_cam.cpp	local	p_counter.1001	p_counter.1001
0x80315998	0x4	.sbss	game/db_cam.cpp	global	g_local_floor_ratio	g_local_floor_ratio
0x8031599C	0x8	.sbss	game/db_cam.cpp	global	g_local_fovy	g_local_fovy
0x803159A4	0x4	.sbss	game/db_log.cpp	global	pLog	pLog
0x803159A8	0x4	.sbss	game/db_menu.cpp	global	DebugMenuSelected	DebugMenuSelected
0x803159AC	0x4	.sbss	game/db_menu.cpp	local	pModule	pModule
0x803159B0	0x4	.sbss	game/db_menu.cpp	global	pModule_bss	pModule_bss
0x803159B4	0x4	.sbss	game/dbmodule.cpp	global	sphere_buff	sphere_buff
0x803159B8	0x4	.sbss	game/dbmodule.cpp	global	circle_buff	circle_buff
0x803159BC	0x4	.sbss	game/dbmodule.cpp	global	cylinder_buff	cylinder_buff
0x803159C0	0x4	.sbss	game/dbmodule.cpp	global	corn_buff	corn_buff
0x803159C4	0x1	.sbss	game/debug.cpp	global	cnt.1261	cnt.1261
0x803159C8	0x4	.sbss	game/debug.cpp	global	zero_tick	zero_tick
0x803159CC	0x4	.sbss	game/debug.cpp	global	proc_tick_idx	proc_tick_idx
0x803159D0	0x4	.sbss	game/debug.cpp	global	proc_tick_idx_bak	proc_tick_idx_bak
0x803159D4	0x4	.sbss	game/debug.cpp	global	g_proc_cnt	g_proc_cnt
0x803159D8	0x8	.sbss	game/dvd.cpp	global	pFilehead	pFilehead
0x803159E0	0x8	.sbss	game/dvd.cpp	local	pFilehead_save	pFilehead_save
0x803159E8	0x4	.sbss	game/eff_sys.cpp	global	pEffParentWorld	pEffParentWorld
0x803159EC	0x4	.sbss	game/eff_sys.cpp	global	g_pEspSys	g_pEspSys
0x803159F0	0x4	.sbss	game/eff_sys.cpp	local	g_EspToolSeqHedAddr	g_EspToolSeqHedAddr
0x803159F4	0x4	.sbss	game/em.cpp	global	pPL	pPL
0x803159F8	0x4	.sbss	game/em.cpp	global	pSUB	pSUB
0x803159FC	0x4	.sbss	game/em.cpp	global	EmInitFunc	EmInitFunc
0x80315A00	0x4	.sbss	game/em.cpp	global	PlInitFunc	PlInitFunc
0x80315A04	0x4	.sbss	game/em.cpp	local	battleCheckFlag	battleCheckFlag
0x80315A08	0x4	.sbss	game/eprintf.cpp	local	mess_ptr_buff	mess_ptr_buff
0x80315A0C	0x4	.sbss	game/eprintf.cpp	local	mess_keep_buffer	mess_keep_buffer
0x80315A10	0x4	.sbss	game/eprintf.cpp	local	mess_keep_ptr	mess_keep_ptr
0x80315A14	0x4	.sbss	game/esp_app.cpp	global	g_pMgr	g_pMgr
0x80315A18	0x2	.sbss	game/esp_efm.cpp	global	g_Core_flg	g_Core_flg
0x80315A1A	0x1	.sbss	game/esp_efm.cpp	global	g_Core_kind	g_Core_kind
0x80315A1C	0x4	.sbss	game/esp_efm.cpp	global	g_Core_pEm	g_Core_pEm
0x80315A20	0x4	.sbss	game/esp_sub.cpp	global	s_proj_type.804	s_proj_type.804
0x80315A24	0x4	.sbss	game/esp_sub.cpp	global	s_tex_no.805	s_tex_no.805
0x80315A28	0x4	.sbss	game/esp_sub.cpp	global	s_pAnm.806	s_pAnm.806
0x80315A2C	0x4	.sbss	game/esp_sub.cpp	global	s_ptn_no.807	s_ptn_no.807
0x80315A30	0x4	.sbss	game/esp_sub.cpp	global	prm4.816	prm4.816
0x80315A34	0x4	.sbss	game/esp_sub.cpp	global	_.tmp_0.817	_.tmp_0.817
0x80315A38	0x4	.sbss	game/Espgen42.cpp	global	g_pWater	g_pWater
0x80315A3C	0x4	.sbss	game/Espgen42.cpp	global	Height_ret	Height_ret
0x80315A40	0x4	.sbss	game/Espgen42.cpp	global	Add_power	Add_power
0x80315A44	0x4	.sbss	game/Espgen42.cpp	global	Height_find	Height_find
0x80315A48	0x4	.sbss	game/Espgen42.cpp	global	Cross_find	Cross_find
0x80315A4C	0x4	.sbss	game/Espgen43.cpp	local	Height_ret_80315A4C	Height_ret
0x80315A50	0x4	.sbss	game/Espgen43.cpp	local	Add_power_80315A50	Add_power
0x80315A54	0x4	.sbss	game/Espgen43.cpp	local	Height_find_80315A54	Height_find
0x80315A58	0x4	.sbss	game/espgen45.cpp	global	g_pWater45	g_pWater45
0x80315A5C	0x4	.sbss	game/EtcModel.cpp	local	g_addr	g_addr
0x80315A60	0x4	.sbss	game/EtcModel.cpp	local	g_LastNo	g_LastNo
0x80315A64	0x4	.sbss	game/examine.cpp	local	local_buff	local_buff
0x80315A68	0x4	.sbss	game/flr_at.cpp	global	pFlrSys	pFlrSys
0x80315A6C	0x4	.sbss	game/game.cpp	global	pTpl.2305	pTpl.2305
0x80315A70	0x4	.sbss	game/game.cpp	local	stop_bak.2309	stop_bak.2309
0x80315A74	0x4	.sbss	game/game.cpp	global	pSaveData	pSaveData
0x80315A78	0x1	.sbss	game/game.cpp	global	GameSave	GameSave
0x80315A7C	0x4	.sbss	game/game.cpp	global	DbWork	DbWork
0x80315A80	0x4	.sbss	game/game.cpp	local	g_at_total	g_at_total
0x80315A84	0x4	.sbss	game/game.cpp	local	g_at_total_cyc	g_at_total_cyc
0x80315A88	0x4	.sbss	game/game.cpp	global	g_at2_total	g_at2_total
0x80315A8C	0x4	.sbss	game/game.cpp	global	g_at2_total_cyc	g_at2_total_cyc
0x80315A90	0x8	.sbss	game/game.cpp	global	diedemo_work	diedemo_work
0x80315A98	0x4	.sbss	game/game.cpp	local	stop_bak	stop_bak
0x80315A9C	0x4	.sbss	game/id_sys.cpp	global	IdBuffType	IdBuffType
0x80315AA0	0x4	.sbss	game/id_tex.cpp	global	g_pIdTexSys	g_pIdTexSys
0x80315AA4	0x4	.sbss	game/item_model.cpp	global	g_pItemModelSys	g_pItemModelSys
0x80315AA8	0x4	.sbss	game/light.cpp	global	nArrayBak	nArrayBak
0x80315AAC	0x4	.sbss	game/light.cpp	global	pAliveBak	pAliveBak
0x80315AB0	0x8	.sbss	game/main.cpp	global	pFrame_buff	pFrame_buff
0x80315AB8	0x4	.sbss	game/main.cpp	global	pCurrent_buff	pCurrent_buff
0x80315ABC	0x4	.sbss	game/main.cpp	global	ZNEAR	ZNEAR
0x80315AC0	0x4	.sbss	game/main.cpp	global	ZFAR	ZFAR
0x80315AC4	0x4	.sbss	game/main.cpp	global	ORTHO_T	ORTHO_T
0x80315AC8	0x4	.sbss	game/main.cpp	global	ORTHO_B	ORTHO_B
0x80315ACC	0x4	.sbss	game/main.cpp	global	ORTHO_L	ORTHO_L
0x80315AD0	0x4	.sbss	game/main.cpp	global	ORTHO_R	ORTHO_R
0x80315AD4	0x4	.sbss	game/main.cpp	global	pRK	pRK
0x80315AD8	0x4	.sbss	game/main.cpp	global	pUser_name	pUser_name
0x80315ADC	0x4	.sbss	game/main.cpp	global	roomInfoAddr	roomInfoAddr
0x80315AE0	0x1	.sbss	game/main.cpp	global	system_vcnt	system_vcnt
0x80315AE4	0x4	.sbss	game/main_mem.cpp	local	HeapHead	HeapHead
0x80315AE8	0x4	.sbss	game/main_mem.cpp	global	arenaLo	arenaLo
0x80315AEC	0x4	.sbss	game/main_mem.cpp	global	arenaHi	arenaHi
0x80315AF0	0x1	.sbss	game/main_mem.cpp	global	CurrentHeap	CurrentHeap
0x80315AF1	0x1	.sbss	game/main_mem.cpp	local	CurrentDbgHeap	CurrentDbgHeap
0x80315AF4	0x4	.sbss	game/main_mem.cpp	global	pMemTile	pMemTile
0x80315AF8	0x4	.sbss	game/main_mem.cpp	local	_epy	_epy
0x80315AFC	0x4	.sbss	game/main_sub.cpp	global	DefaultFifoObj	DefaultFifoObj
0x80315B00	0x4	.sbss	game/main_sub.cpp	global	ScreenShotTriggerType	ScreenShotTriggerType
0x80315B04	0x4	.sbss	game/main_sub.cpp	global	DefaultFifo	DefaultFifo
0x80315B08	0x4	.sbss	game/main_sub.cpp	local	AutoScreenShotFrame	AutoScreenShotFrame
0x80315B0C	0x4	.sbss	game/main_sub.cpp	local	AutoScreenShotFilename	AutoScreenShotFilename
0x80315B10	0x4	.sbss	game/main_sub.cpp	local	ScreenShotFrame	ScreenShotFrame
0x80315B14	0x1	.sbss	game/main_sub.cpp	local	Line	Line
0x80315B18	0x4	.sbss	game/obj09.cpp	local	pObj_ck	pObj_ck
0x80315B1C	0x4	.sbss	game/pad.cpp	local	ResetBits	ResetBits
0x80315B20	0x4	.sbss	game/pad.cpp	global	ConnectedBits	ConnectedBits
0x80315B24	0x4	.sbss	game/pl_class.cpp	local	_.tmp_0.1495	_.tmp_0.1495
0x80315B28	0x4	.sbss	game/pl_class.cpp	global	timer.1499	timer.1499
0x80315B2C	0x1	.sbss	game/pl_sub.cpp	local	hamonTimer.1680	hamonTimer.1680
0x80315B2D	0x1	.sbss	game/pl_sub.cpp	local	sibukiTimer.1681	sibukiTimer.1681
0x80315B30	0x1	.sbss	game/pl_wep.cpp	global	lockCtr	lockCtr
0x80315B34	0x4	.sbss	game/pl_wep.cpp	local	lockRandCtr	lockRandCtr
0x80315B38	0x4	.sbss	game/read.cpp	local	in_data_addr	in_data_addr
0x80315B3C	0x4	.sbss	game/read.cpp	global	out_data_size	out_data_size
0x80315B40	0x1	.sbss	game/read.cpp	global	oldWepId	oldWepId
0x80315B44	0x2	.sbss	game/rnd.cpp	global	Random	Random
0x80315B48	0x4	.sbss	game/room_jmp.cpp	global	pRj	pRj
0x80315B4C	0x4	.sbss	game/room_tex.cpp	global	g_pRoomTexSys	g_pRoomTexSys
0x80315B50	0x4	.sbss	game/sce_at.cpp	global	disp_flag_bak.2097	disp_flag_bak.2097
0x80315B54	0x4	.sbss	game/sce_at.cpp	global	sub_screen_open.2098	sub_screen_open.2098
0x80315B58	0x4	.sbss	game/sce_at.cpp	global	swep_flag.2099	swep_flag.2099
0x80315B5C	0x4	.sbss	game/sce_at.cpp	global	sub_screen_open.2103	sub_screen_open.2103
0x80315B60	0x4	.sbss	game/sce_at.cpp	global	swep_flag.2104	swep_flag.2104
0x80315B64	0x4	.sbss	game/sce_at.cpp	global	timer.2183	timer.2183
0x80315B68	0x4	.sbss	game/sce_at.cpp	global	pS	pS
0x80315B6C	0x4	.sbss	game/sce_com.cpp	global	stop_bak.2211	stop_bak.2211
0x80315B70	0x4	.sbss	game/sce_com.cpp	global	disp_bak.2212	disp_bak.2212
0x80315B74	0x4	.sbss	game/sce_sys.cpp	local	pCSceTask	pCSceTask
0x80315B78	0x4	.sbss	game/sce_sys.cpp	local	SceExecOt	SceExecOt
0x80315B7C	0x4	.sbss	game/scheduler.cpp	global	pCTask	pCTask
0x80315B80	0x4	.sbss	game/scheduler.cpp	global	pParentThread	pParentThread
0x80315B84	0x4	.sbss	game/scroll.cpp	global	pSmd	pSmd
0x80315B88	0x4	.sbss	game/scroll.cpp	global	pSmdComn	pSmdComn
0x80315B8C	0x4	.sbss	game/scroll.cpp	local	pSmx	pSmx
0x80315B90	0x4	.sbss	game/scroll.cpp	local	scrObjTbl	scrObjTbl
0x80315B94	0x4	.sbss	game/scroll.cpp	local	scrTbl	scrTbl
0x80315B98	0x4	.sbss	game/scroll.cpp	global	nScrWork	nScrWork
0x80315B9C	0x4	.sbss	game/shadow.cpp	global	shadow_add_dir_x	shadow_add_dir_x
0x80315BA0	0x4	.sbss	game/shadow.cpp	local	g_Shd_num	g_Shd_num
0x80315BA4	0x4	.sbss	game/shadow.cpp	local	g_objTbl	g_objTbl
0x80315BA8	0x4	.sbss	game/shadow.cpp	global	g_objNum	g_objNum
0x80315BAC	0x4	.sbss	game/shadow.cpp	global	pSelfShadowMng	pSelfShadowMng
0x80315BB0	0x4	.sbss	game/shadow.cpp	global	ShadowMngWork	ShadowMngWork
0x80315BB4	0x4	.sbss	game/shadow.cpp	local	light_obj	light_obj
0x80315BB8	0x4	.sbss	game/t_log.cpp	local	pT	pT
0x80315BBC	0x4	.sbss	game/t_option.cpp	global	sfb.1195	sfb.1195
0x80315BC0	0x4	.sbss	game/t_option.cpp	local	sfb.1214	sfb.1214
0x80315BC4	0x4	.sbss	game/t_option.cpp	local	pT	pT
0x80315BC8	0x1	.sbss	game/t_page.cpp	global	tp_exit_flg	tp_exit_flg
0x80315BC9	0x1	.sbss	game/t_page.cpp	global	tp_page_bak	tp_page_bak
0x80315BCC	0x4	.sbss	game/t_prim.cpp	local	ProjMtx	ProjMtx
0x80315BD0	0x4	.sbss	game/t_prim.cpp	global	ViewMtx	ViewMtx
0x80315BD4	0x4	.sbss	game/t_util.cpp	global	stop_flg_bak	stop_flg_bak
0x80315BD8	0x4	.sbss	game/t_util.cpp	global	disp_flg_bak	disp_flg_bak
0x80315BDC	0x4	.sbss	game/t_util.cpp	local	system_flg_bak	system_flg_bak
0x80315BE0	0x4	.sbss	game/TexRender.cpp	global	g_RndMgrNum	g_RndMgrNum
0x80315BE4	0x4	.sbss	game/title.cpp	local	LOGO_CALL_FRAME.1632	LOGO_CALL_FRAME.1632
0x80315BE8	0x4	.sbss	game/title.cpp	global	_.tmp_0.1633	_.tmp_0.1633
0x80315BEC	0x4	.sbss	game/title.cpp	global	snd_id.1663	snd_id.1663
0x80315BF0	0x4	.sbss	game/title.cpp	local	pRj_80315BF0	pRj
0x80315BF4	0x4	.sbss	game/TmpBuf.cpp	global	g_pDrawTmpBuffer	g_pDrawTmpBuffer
0x80315BF8	0x4	.sbss	game/TmpBuf.cpp	global	g_Type	g_Type
0x80315BFC	0x1	.sbss	game/trans.cpp	global	min_lod	min_lod
0x80315BFD	0x1	.sbss	game/trans.cpp	global	max_lod	max_lod
0x80315C00	0x4	.sbss	game/trans.cpp	global	lod_bias	lod_bias
0x80315C04	0x4	.sbss	game/trans.cpp	global	g_pShdMng	g_pShdMng
0x80315C08	0x4	.sbss	game/trans.cpp	global	tev_stage	tev_stage
0x80315C0C	0x4	.sbss	game/trans.cpp	global	tev_reg	tev_reg
0x80315C10	0x4	.sbss	game/trans.cpp	global	tev_kcolor	tev_kcolor
0x80315C14	0x4	.sbss	game/trans.cpp	global	tex_map	tex_map
0x80315C18	0x4	.sbss	game/trans.cpp	global	tex_coord	tex_coord
0x80315C1C	0x4	.sbss	game/trans.cpp	global	ind_stage	ind_stage
0x80315C20	0x4	.sbss	game/trans.cpp	global	g_material_tex_coord	g_material_tex_coord
0x80315C24	0x4	.sbss	game/trans.cpp	global	g_specular_tev_stage	g_specular_tev_stage
0x80315C28	0x4	.sbss	game/trans.cpp	global	g_prev_tpl_addr	g_prev_tpl_addr
0x80315C2C	0x4	.sbss	game/trans.cpp	global	g_prev_add_tpl_addr	g_prev_add_tpl_addr
0x80315C30	0x4	.sbss	game/trans_lit.cpp	global	obj_flag	obj_flag
0x80315C34	0x4	.sbss	game/trans_lit.cpp	global	obj_size	obj_size
0x80315C38	0x4	.sbss	game/trans_ot.cpp	global	g_NowExecOtType	g_NowExecOtType
0x80315C3C	0x4	.sbss	game/tv_mode.cpp	global	pTv	pTv
0x80315C40	0x1	.sbss	game/tv_mode.cpp	global	tv_mode_cnt	tv_mode_cnt
0x80315C44	0x8	.sbss	game/cinesco.cpp	global	cine_work	cine_work
0x80315C4C	0x4	.sbss	game/esp08.cpp	local	prm4.815	prm4.815
0x80315C50	0x4	.sbss	game/esp08.cpp	local	_.tmp_0.816	_.tmp_0.816
0x80315C54	0x4	.sbss	game/esp18.cpp	global	esp18_div.811	esp18_div.811
0x80315C58	0x4	.sbss	game/esp18.cpp	local	_.tmp_0.812	_.tmp_0.812
0x80315C5C	0x4	.sbss	game/exception.cpp	local	addr.998	addr.998
0x80315C60	0x4	.sbss	game/exception.cpp	local	wk.999	wk.999
0x80315C64	0x4	.sbss	game/exception.cpp	local	call_stack_num	call_stack_num
0x80315C68	0x4	.sbss	game/exception.cpp	local	nSymbolInfo	nSymbolInfo
0x80315C6C	0x4	.sbss	game/filter02.cpp	local	g_filter02_clip_dist	g_filter02_clip_dist
0x80315C70	0x4	.sbss	game/filter09.cpp	local	g_bUse	g_bUse
0x80315C74	0x4	.sbss	game/filter09.cpp	global	g_bSpred	g_bSpred
0x80315C78	0x4	.sbss	game/filter09.cpp	global	g_bGet	g_bGet
0x80315C80	0x4	.sbss	lib/OSAlloc.c	local	HeapArray	HeapArray
0x80315C84	0x4	.sbss	lib/OSAlloc.c	local	NumHeaps	NumHeaps
0x80315C88	0x4	.sbss	lib/OSAlloc.c	local	ArenaStart	ArenaStart
0x80315C8C	0x4	.sbss	lib/OSAlloc.c	local	ArenaEnd	ArenaEnd
0x80315C90	0x4	.sbss	lib/OSFont.c	local	FontDataAnsi	FontDataAnsi
0x80315C94	0x4	.sbss	lib/OSFont.c	local	FontDataSjis	FontDataSjis
0x80315C98	0x4	.sbss	lib/OSFont.c	local	FixedPitch	FixedPitch
0x80315C9C	0x4	.sbss	lib/OSFont.c	local	ParseString	ParseString
0x80315CA0	0x4	.sbss	lib/GXDraw.c	local	nrm_cnt	nrm_cnt
0x80315CA4	0x4	.sbss	lib/GXDraw.c	local	nrm_tab	nrm_tab
0x80315CA8	0x4	.sbss	lib/GXDisplayList.c	local	OldCPUFifo	OldCPUFifo
0x80315CAC	0x4	.sbss	lib/GXDisplayList.c	global	errno	errno
0x80315CC0	0x8	.sdata2	game/objWep.cpp	global	lcol.1077	lcol.1077
0x80315CC8	0x20	.sdata2	lib/s_atan.c	global	atanhi	atanhi
0x80315CE8	0x20	.sdata2	lib/s_atan.c	global	atanlo	atanlo
0x80315D08	0x58	.sdata2	lib/s_atan.c	local	aT	aT
0x80315D60	0x10	.sdata2	lib/sf_atan.c	global	atanhi	atanhi
0x80315D70	0x10	.sdata2	lib/sf_atan.c	global	atanlo	atanlo
0x80315D80	0x2C	.sdata2	lib/sf_atan.c	global	aT	aT
0x80315DAC	0x4	.sdata2	lib/sf_cos.c	local	lbl_80315DAC	.
0x80315DB0	0x68	.sdata2	lib/k_tan.c	global	T	T
0x80315E18	0x108	.sdata2	lib/e_rem_pio2.c	global	two_over_pi	two_over_pi
0x80315F20	0x80	.sdata2	lib/e_rem_pio2.c	global	npio2_hw	npio2_hw
0x80315FA0	0x34	.sdata2	lib/kf_tan.c	global	T	T
0x80315FD4	0x318	.sdata2	lib/ef_rem_pio2.c	local	two_over_pi	two_over_pi
0x803162EC	0x80	.sdata2	lib/ef_rem_pio2.c	local	npio2_hw	npio2_hw
0x80316370	0x10	.sdata2	lib/k_rem_pio2.c	local	init_jk	init_jk
0x80316380	0x40	.sdata2	lib/k_rem_pio2.c	global	PIo2	PIo2
0x803163C0	0xC	.sdata2	lib/kf_rem_pio2.c	global	init_jk	init_jk
0x803163CC	0x2C	.sdata2	lib/kf_rem_pio2.c	global	PIo2	PIo2
0x803163F8	0x100	.sdata2	lib/_divdi3.c	local	__clz_tab	__clz_tab
0x803164F8	0x100	.sdata2	lib/_moddi3.c	local	__clz_tab	__clz_tab
0x803165F8	0x100	.sdata2	lib/_udivdi3.c	local	__clz_tab	__clz_tab
0x803166F8	0x100	.sdata2	lib/_umoddi3.c	local	__clz_tab	__clz_tab
0x803167F8	0x4	.sdata2	lib/mtx.c	local	@96	@96
0x803167FC	0x4	.sdata2	lib/mtx.c	local	@97_803167FC	@97
0x80316800	0x4	.sdata2	lib/mtx.c	local	@190	@190
0x80316804	0x4	.sdata2	lib/mtx.c	local	@191_80316804	@191
0x80316808	0x4	.sdata2	lib/mtx.c	global	@206_80316808	@206
0x8031680C	0x4	.sdata2	lib/mtx.c	global	@215_8031680C	@215
0x80316810	0x4	.sdata2	lib/mtx.c	local	@227	@227
0x80316814	0x4	.sdata2	lib/mtx.c	local	@230_80316814	@230
0x80316818	0x4	.sdata2	lib/mtx44.c	global	@99_80316818	@99
0x8031681C	0x4	.sdata2	lib/mtx44.c	global	@100_8031681C	@100
0x80316820	0x4	.sdata2	lib/mtx44.c	global	@101_80316820	@101
0x80316824	0x4	.sdata2	lib/mtx44.c	global	@102_80316824	@102
0x80316828	0x4	.sdata2	lib/mtx44.c	global	@105_80316828	@105
0x8031682C	0x4	.sdata2	lib/mtx44.c	global	@106_8031682C	@106
0x80316830	0x4	.sdata2	lib/mtx44.c	local	@205	@205
0x80316838	0x4	.sdata2	lib/vec.c	local	@113_80316838	@113
0x8031683C	0x4	.sdata2	lib/vec.c	global	lbl_8031683C	.
0x80316840	0x8	.sdata2	lib/vec.c	local	@114_80316840	@114
0x80316848	0x8	.sdata2	lib/vec.c	local	@115_80316848	@115
0x80316850	0x4	.sdata2	lib/vec.c	local	@116_80316850	@116
0x80316854	0x4	.sdata2	lib/vec.c	local	@118_80316854	@118
0x80316858	0x4	.sdata2	lib/vec.c	local	@119	@119
0x8031685C	0x4	.sdata2	lib/vec.c	local	@161_8031685C	@161
0x80316860	0x4	.sdata2	lib/quat.c	local	@129_80316860	@129
0x80316864	0x4	.sdata2	lib/quat.c	global	@130_80316864	@130
0x80316868	0x8	.sdata2	lib/quat.c	global	@131_80316868	@131
0x80316870	0x8	.sdata2	lib/quat.c	global	@132_80316870	@132
0x80316878	0x4	.sdata2	lib/quat.c	local	@133_80316878	@133
0x8031687C	0x4	.sdata2	lib/quat.c	local	@135_8031687C	@135
0x80316880	0x4	.sdata2	lib/quat.c	local	@136_80316880	@136
0x80316884	0x4	.sdata2	lib/quat.c	local	@261_80316884	@261
0x80316888	0x4	.sdata2	lib/quat.c	local	@263	@263
0x8031688C	0x4	.sdata2	lib/quat.c	local	@345_8031688C	@345
0x80316890	0x4	.sdata2	lib/dvdFatal.c	local	@11	@11
0x80316894	0x4	.sdata2	lib/dvdFatal.c	local	@12	@12
0x80316898	0x4	.sdata2	lib/AXVPB.c	local	@331_80316898	@331
0x8031689C	0x4	.sdata2	lib/AXVPB.c	global	@347_8031689C	@347
0x803168A0	0x4	.sdata2	lib/AXVPB.c	local	@348_803168A0	@348
0x803168A4	0x4	.sdata2	lib/AXVPB.c	local	@349_803168A4	@349
0x803168A8	0x4	.sdata2	lib/AXVPB.c	local	@350_803168A8	@350
0x803168AC	0x4	.sdata2	lib/AXVPB.c	global	@351	@351
0x803168B0	0x8	.sdata2	lib/AXVPB.c	global	@352	@352
0x803168B8	0x8	.sdata2	lib/AXVPB.c	global	@353_803168B8	@353
0x803168C0	0x4	.sdata2	lib/AXVPB.c	global	@354	@354
0x803168C4	0x4	.sdata2	lib/AXVPB.c	global	lbl_803168C4	.
0x803168C8	0x8	.sdata2	lib/AXVPB.c	global	@356_803168C8	@356
0x803168D0	0x4	.sdata2	lib/axart.c	global	@5_803168D0	@5
0x803168D4	0x4	.sdata2	lib/axart.c	local	@6_803168D4	@6
0x803168D8	0x8	.sdata2	lib/axart.c	local	@19_803168D8	@19
0x803168E0	0x4	.sdata2	lib/axart.c	global	@48	@48
0x803168E4	0x4	.sdata2	lib/axart.c	global	lbl_803168E4	.
0x803168E8	0x8	.sdata2	lib/axart.c	global	@51_803168E8	@51
0x803168F0	0x4	.sdata2	lib/axart.c	global	@64_803168F0	@64
0x803168F4	0x4	.sdata2	lib/axart.c	global	@66_803168F4	@66
0x803168F8	0x4	.sdata2	lib/axartsound.c	global	@28_803168F8	@28
0x803168FC	0x4	.sdata2	lib/axartsound.c	global	lbl_803168FC	.
0x80316900	0x8	.sdata2	lib/axartsound.c	global	@31_80316900	@31
0x80316908	0x4	.sdata2	lib/axartcents.c	global	@13	@13
0x80316910	0x4	.sdata2	lib/axartlfo.c	global	@9_80316910	@9
0x80316918	0x4	.sdata2	lib/axart3d.c	global	@26_80316918	@26
0x8031691C	0x4	.sdata2	lib/axart3d.c	global	@27_8031691C	@27
0x80316920	0x4	.sdata2	lib/axart3d.c	global	@28_80316920	@28
0x80316924	0x4	.sdata2	lib/axart3d.c	global	@29_80316924	@29
0x80316928	0x4	.sdata2	lib/synctrl.c	global	@300_80316928	@300
0x8031692C	0x4	.sdata2	lib/synctrl.c	global	lbl_8031692C	.
0x80316930	0x8	.sdata2	lib/synctrl.c	global	@302_80316930	@302
0x80316938	0x4	.sdata2	lib/synenv.c	local	@101_80316938	@101
0x8031693C	0x4	.sdata2	lib/synenv.c	global	@102_8031693C	@102
0x80316940	0x4	.sdata2	lib/synenv.c	global	@103_80316940	@103
0x80316944	0x4	.sdata2	lib/synenv.c	global	@104_80316944	@104
0x80316948	0x8	.sdata2	lib/synenv.c	global	@106_80316948	@106
0x80316950	0x8	.sdata2	lib/synlfo.c	global	@102_80316950	@102
0x80316958	0x4	.sdata2	lib/synpitch.c	global	@105_80316958	@105
0x8031695C	0x4	.sdata2	lib/synpitch.c	global	@107_8031695C	@107
0x80316960	0x8	.sdata2	lib/synpitch.c	global	@109_80316960	@109
0x80316968	0x4	.sdata2	lib/synpitch.c	global	@114_80316968	@114
0x8031696C	0x4	.sdata2	lib/synpitch.c	global	@115_8031696C	@115
0x80316970	0x4	.sdata2	lib/seq.c	global	@33	@33
0x80316974	0x4	.sdata2	lib/seq.c	global	@34	@34
0x80316978	0x4	.sdata2	lib/seq.c	global	@35	@35
0x8031697C	0x4	.sdata2	lib/seq.c	global	lbl_8031697C	.
0x80316980	0x8	.sdata2	lib/seq.c	global	@37_80316980	@37
0x80316988	0x4	.sdata2	lib/seq.c	global	@43_80316988	@43
0x8031698C	0x4	.sdata2	lib/seq.c	global	lbl_8031698C	.
0x80316990	0x8	.sdata2	lib/seq.c	global	@45	@45
0x80316998	0x4	.sdata2	lib/seq.c	global	@153_80316998	@153
0x8031699C	0x4	.sdata2	lib/seq.c	global	@277	@277
0x803169A0	0x4	.sdata2	lib/GXLight.c	local	@134_803169A0	@134
0x803169A4	0x4	.sdata2	lib/GXLight.c	global	@135_803169A4	@135
0x803169A8	0x4	.sdata2	lib/GXLight.c	global	@136_803169A8	@136
0x803169AC	0x4	.sdata2	lib/GXLight.c	global	@137	@137
0x803169B0	0x4	.sdata2	lib/GXLight.c	global	@138	@138
0x803169B4	0x4	.sdata2	lib/GXLight.c	global	@139	@139
0x803169B8	0x4	.sdata2	lib/GXLight.c	local	@140_803169B8	@140
0x803169BC	0x4	.sdata2	lib/GXLight.c	global	@141	@141
0x803169C0	0x4	.sdata2	lib/GXLight.c	global	@142	@142
0x803169C4	0x4	.sdata2	lib/GXLight.c	global	@143	@143
0x803169C8	0x4	.sdata2	lib/GXLight.c	global	@144	@144
0x803169CC	0x4	.sdata2	lib/GXLight.c	global	@160_803169CC	@160
0x803169D0	0x8	.sdata2	lib/GXLight.c	global	@177	@177
0x803169D8	0x8	.sdata2	lib/GXLight.c	global	@178	@178
0x803169E0	0x4	.sdata2	lib/GXLight.c	global	@179_803169E0	@179
0x803169E8	0x4	.sdata2	lib/GXTexture.c	global	@220_803169E8	@220
0x803169EC	0x4	.sdata2	lib/GXTexture.c	global	lbl_803169EC	.
0x803169F0	0x8	.sdata2	lib/GXTexture.c	global	@222_803169F0	@222
0x803169F8	0x4	.sdata2	lib/GXTexture.c	local	@288_803169F8	@288
0x803169FC	0x4	.sdata2	lib/GXTexture.c	global	@289_803169FC	@289
0x80316A00	0x4	.sdata2	lib/GXTexture.c	global	@290_80316A00	@290
0x80316A04	0x4	.sdata2	lib/GXTexture.c	global	@291_80316A04	@291
0x80316A08	0x4	.sdata2	lib/GXTexture.c	global	@292	@292
0x80316A0C	0x4	.sdata2	lib/GXTexture.c	global	@293	@293
0x80316A10	0x4	.sdata2	lib/GXTexture.c	global	@384_80316A10	@384
0x80316A14	0x4	.sdata2	lib/GXTexture.c	global	@385_80316A14	@385
0x80316A18	0x8	.sdata2	lib/GXTexture.c	global	@389_80316A18	@389
0x80316A20	0x4	.sdata2	lib/GXBump.c	global	@149	@149
0x80316A24	0x4	.sdata2	lib/GXBump.c	global	@282_80316A24	@282
0x80316A28	0x4	.sdata2	lib/GXBump.c	global	@283	@283
0x80316A2C	0x4	.sdata2	lib/GXBump.c	local	lbl_80316A2C	.
0x80316A30	0x8	.sdata2	lib/GXBump.c	global	@285_80316A30	@285
0x80316A38	0x4	.sdata2	lib/GXPixel.c	global	@211_80316A38	@211
0x80316A3C	0x4	.sdata2	lib/GXPixel.c	global	@212_80316A3C	@212
0x80316A40	0x4	.sdata2	lib/GXPixel.c	global	@213_80316A40	@213
0x80316A44	0x4	.sdata2	lib/GXPixel.c	global	lbl_80316A44	.
0x80316A48	0x8	.sdata2	lib/GXPixel.c	global	@214_80316A48	@214
0x80316A50	0x4	.sdata2	lib/GXPixel.c	global	@215_80316A50	@215
0x80316A54	0x4	.sdata2	lib/GXPixel.c	global	lbl_80316A54	.
0x80316A58	0x8	.sdata2	lib/GXPixel.c	global	@216_80316A58	@216
0x80316A60	0x4	.sdata2	lib/GXPixel.c	global	@217_80316A60	@217
0x80316A64	0x4	.sdata2	lib/GXPixel.c	global	lbl_80316A64	.
0x80316A68	0x8	.sdata2	lib/GXPixel.c	global	@219_80316A68	@219
0x80316A70	0x8	.sdata2	lib/GXPixel.c	global	@248	@248
0x80316A78	0x4	.sdata2	lib/GXPixel.c	global	@249	@249
0x80316A7C	0x4	.sdata2	lib/GXPixel.c	global	lbl_80316A7C	.
0x80316A80	0x8	.sdata2	lib/GXPixel.c	global	@250	@250
0x80316A88	0x4	.sdata2	lib/GXPixel.c	global	@251_80316A88	@251
0x80316A8C	0x4	.sdata2	lib/GXPixel.c	global	lbl_80316A8C	.
0x80316A90	0x8	.sdata2	lib/GXPixel.c	global	@253	@253
0x80316A98	0x4	.sdata2	lib/GXTransform.c	global	@26_80316A98	@26
0x80316A9C	0x4	.sdata2	lib/GXTransform.c	global	@27_80316A9C	@27
0x80316AA0	0x4	.sdata2	lib/GXTransform.c	global	@28_80316AA0	@28
0x80316AA4	0x4	.sdata2	lib/GXTransform.c	global	@201	@201
0x80316AA8	0x4	.sdata2	lib/GXTransform.c	global	@219_80316AA8	@219
0x80316AB0	0x4	.sdata2	lib/GXInit.c	global	__GXData	__GXData
0x80316AB4	0x4	.sdata2	lib/GXInit.c	local	@267_80316AB4	@267
0x80316AB8	0x4	.sdata2	lib/GXInit.c	global	@268_80316AB8	@268
0x80316ABC	0x4	.sdata2	lib/GXInit.c	global	@269_80316ABC	@269
0x80316AC0	0x4	.sdata2	lib/GXInit.c	global	@270_80316AC0	@270
0x80316AC4	0x4	.sdata2	lib/GXInit.c	global	@271_80316AC4	@271
0x80316AC8	0x4	.sdata2	lib/GXInit.c	local	@331_80316AC8	@331
0x80316ACC	0x4	.sdata2	lib/GXInit.c	local	@332_80316ACC	@332
0x80316AD0	0x8	.sdata2	lib/GXInit.c	local	@334_80316AD0	@334
0x80316AD8	0x4	.sdata2	lib/GXFrameBuf.c	local	@179_80316AD8	@179
0x80316ADC	0x4	.sdata2	lib/GXFrameBuf.c	local	lbl_80316ADC	.
0x80316AE0	0x8	.sdata2	lib/GXFrameBuf.c	local	@234_80316AE0	@234
0x80316AE8	0x8	.sdata2	lib/texPalette.c	local	@55_80316AE8	@55
0x80316AF0	0x4	.sdata2	game/dvd.cpp	local	BkBlack	BkBlack
0x80316AF4	0x4	.sdata2	game/pl_class.cpp	global	_7cPlayer.SPEED_WALK_TURN	cPlayer::SPEED_WALK_TURN
0x80316AF8	0x4	.sdata2	game/pl_class.cpp	global	_7cPlayer.SPEED_RUN_TURN	cPlayer::SPEED_RUN_TURN
0x80316AFC	0x4	.sdata2	game/pl_class.cpp	global	_8cPlWaist.ROT_LIMIT	cPlWaist::ROT_LIMIT
0x80316B00	0x1	.sdata2	game/scroll.cpp	local	ScrObjIdNum	ScrObjIdNum
0x80316B01	0x3	.sdata2	game/scroll.cpp	global	lbl_80316B01	.
0x80316B04	0x4	.sdata2	game/shadow.cpp	local	col0.943	col0.943
0x80316B08	0x4	.sdata2	game/shadow.cpp	global	col255.944	col255.944
0x80316B0C	0x4	.sdata2	game/trans.cpp	local	col64	col64
0x80316B10	0x4	.sdata2	game/trans_lit.cpp	global	colZero	colZero
0x80316B18	0x10	.sdata2	lib/e_pow.c	global	bp	bp
0x80316B28	0x10	.sdata2	lib/e_pow.c	global	dp_h	dp_h
0x80316B38	0x10	.sdata2	lib/e_pow.c	global	dp_l	dp_l
0x80316B48	0x8	.sdata2	lib/ef_pow.c	global	bp	bp
0x80316B50	0x8	.sdata2	lib/ef_pow.c	local	dp_h	dp_h
0x80316B58	0x8	.sdata2	lib/ef_pow.c	global	dp_l	dp_l
0x80316B60	0x4	.sdata2	lib/OSFatal.c	global	@121	@121
0x80316B64	0x4	.sdata2	lib/OSFatal.c	global	@122	@122
0x80316B68	0x4	.sdata2	lib/OSFatal.c	global	@123	@123
0x80316B6C	0x4	.sdata2	lib/OSFatal.c	local	@124	@124
0x80316B70	0x4	.sdata2	lib/OSFatal.c	global	@125	@125
0x80316B74	0x4	.sdata2	lib/OSFatal.c	local	@126	@126
0x80316B78	0x4	.sdata2	lib/OSFatal.c	global	@127	@127
0x80316B7C	0x4	.sdata2	lib/OSFatal.c	global	@128	@128
0x80316B80	0x4	.sdata2	lib/OSFatal.c	local	@129_80316B80	@129
0x80316B84	0x4	.sdata2	lib/OSFatal.c	local	@130_80316B84	@130
0x80316B88	0x4	.sdata2	lib/OSFatal.c	global	@131_80316B88	@131
0x80316B8C	0x4	.sdata2	lib/OSFatal.c	local	@132_80316B8C	@132
0x80316B90	0x4	.sdata2	lib/OSFatal.c	global	@133_80316B90	@133
0x80316B94	0x4	.sdata2	lib/OSFatal.c	local	lbl_80316B94	.
0x80316B98	0x8	.sdata2	lib/OSFatal.c	global	@135_80316B98	@135
0x80316BA0	0x8	.sdata2	lib/OSFont.c	local	@130_80316BA0	@130
0x80316BA8	0x4	.sdata2	lib/mtx44vec.c	global	@103_80316BA8	@103
0x80316BB0	0x4	.sdata2	lib/Padclamp.c	global	@160_80316BB0	@160
0x80316BB4	0x4	.sdata2	lib/Padclamp.c	local	lbl_80316BB4	.
0x80316BB8	0x8	.sdata2	lib/Padclamp.c	global	@161_80316BB8	@161
0x80316BC0	0x8	.sdata2	lib/Padclamp.c	global	@162	@162
0x80316BC8	0x8	.sdata2	lib/Padclamp.c	global	@164	@164
0x80316BD0	0x4	.sdata2	lib/reverb_hi.c	global	@109_80316BD0	@109
0x80316BD4	0x4	.sdata2	lib/reverb_hi.c	local	@236_80316BD4	@236
0x80316BD8	0x4	.sdata2	lib/reverb_hi.c	global	@237_80316BD8	@237
0x80316BDC	0x4	.sdata2	lib/reverb_hi.c	global	@238_80316BDC	@238
0x80316BE0	0x4	.sdata2	lib/reverb_hi.c	local	@239_80316BE0	@239
0x80316BE4	0x4	.sdata2	lib/reverb_hi.c	global	@240_80316BE4	@240
0x80316BE8	0x4	.sdata2	lib/reverb_hi.c	global	@241	@241
0x80316BEC	0x4	.sdata2	lib/reverb_hi.c	global	@242_80316BEC	@242
0x80316BF0	0x8	.sdata2	lib/reverb_hi.c	global	@244	@244
0x80316BF8	0x8	.sdata2	lib/reverb_hi.c	local	i2fMagic	i2fMagic
0x80316C00	0x4	.sdata2	lib/reverb_hi.c	local	value1_0	value1_0
0x80316C04	0x4	.sdata2	lib/reverb_hi.c	local	value0_3	value0_3
0x80316C08	0x4	.sdata2	lib/reverb_hi.c	local	value0_6	value0_6
0x80316C0C	0x4	.sdata2	lib/reverb_hi.c	global	@330_80316C0C	@330
0x80316C10	0x4	.sdata2	lib/reverb_std.c	global	@109_80316C10	@109
0x80316C14	0x4	.sdata2	lib/reverb_std.c	local	@214_80316C14	@214
0x80316C18	0x4	.sdata2	lib/reverb_std.c	global	@215_80316C18	@215
0x80316C1C	0x4	.sdata2	lib/reverb_std.c	local	@216_80316C1C	@216
0x80316C20	0x4	.sdata2	lib/reverb_std.c	global	@217_80316C20	@217
0x80316C24	0x4	.sdata2	lib/reverb_std.c	local	@218	@218
0x80316C28	0x4	.sdata2	lib/reverb_std.c	global	@219_80316C28	@219
0x80316C2C	0x4	.sdata2	lib/reverb_std.c	global	@220_80316C2C	@220
0x80316C30	0x8	.sdata2	lib/reverb_std.c	local	@222_80316C30	@222
0x80316C38	0x4	.sdata2	lib/reverb_std.c	local	value0_3	value0_3
0x80316C3C	0x4	.sdata2	lib/reverb_std.c	local	value0_6	value0_6
0x80316C40	0x8	.sdata2	lib/reverb_std.c	local	i2fMagic	i2fMagic
0x80316C48	0x8	.sdata2	lib/chorus.c	local	i2fMagic	i2fMagic
0x80316C50	0x4	.sdata2	lib/reverb_hi_4ch.c	local	@109_80316C50	@109
0x80316C54	0x4	.sdata2	lib/reverb_hi_4ch.c	global	@234_80316C54	@234
0x80316C58	0x4	.sdata2	lib/reverb_hi_4ch.c	global	@235	@235
0x80316C5C	0x4	.sdata2	lib/reverb_hi_4ch.c	local	@236_80316C5C	@236
0x80316C60	0x4	.sdata2	lib/reverb_hi_4ch.c	global	@237_80316C60	@237
0x80316C64	0x4	.sdata2	lib/reverb_hi_4ch.c	global	@238_80316C64	@238
0x80316C68	0x4	.sdata2	lib/reverb_hi_4ch.c	local	@239_80316C68	@239
0x80316C6C	0x4	.sdata2	lib/reverb_hi_4ch.c	global	@240_80316C6C	@240
0x80316C70	0x8	.sdata2	lib/reverb_hi_4ch.c	global	@242_80316C70	@242
0x80316C78	0x4	.sdata2	lib/reverb_hi_4ch.c	local	value0_3	value0_3
0x80316C7C	0x4	.sdata2	lib/reverb_hi_4ch.c	local	value0_6	value0_6
0x80316C80	0x8	.sdata2	lib/reverb_hi_4ch.c	local	i2fMagic	i2fMagic
0x80316C88	0x4	.sdata2	lib/GXDraw.c	local	@133_80316C88	@133
0x80316C8C	0x4	.sdata2	lib/GXDraw.c	global	lbl_80316C8C	.
0x80316C90	0x8	.sdata2	lib/GXDraw.c	global	@134_80316C90	@134
0x80316C98	0x8	.sdata2	lib/GXDraw.c	global	@135_80316C98	@135
0x80316CA0	0x4	.sdata2	lib/GXDraw.c	local	@357_80316CA0	@357
0x80316CA4	0x4	.sdata2	lib/GXDraw.c	global	@358_80316CA4	@358
0x80316CA8	0x4	.sdata2	lib/GXDraw.c	local	@359_80316CA8	@359
0x80316CAC	0x4	.sdata2	lib/GXDraw.c	global	@360_80316CAC	@360
0x80316CB0	0x8	.sdata2	lib/GXDraw.c	global	@362_80316CB0	@362
0x80316CB8	0x8	.sdata2	lib/GXDraw.c	global	@364_80316CB8	@364
0x80316CC0	0x4	.sdata2	lib/GXDraw.c	global	@405_80316CC0	@405
0x80316CC4	0x4	.sdata2	lib/GXDraw.c	local	@493_80316CC4	@493
