section	offset	size	unit	scope	name	demangled
.text	0x00000000	0x224	t_camera/db_light.cpp	global	__10cLightTool	cLightTool::cLightTool
.text	0x00000224	0x70	t_camera/db_light.cpp	global	_._10cLightTool	cLightTool::~cLightTool
.text	0x00000294	0x7A4	t_camera/db_light.cpp	global	move__10cLightTool	cLightTool::move
.text	0x00000A38	0xC	t_camera/db_light.cpp	global	dblCk__10cLightToolUl	cLightTool::dblCk
.text	0x00000A44	0x78	t_camera/db_light.cpp	global	editEnable__10cLightTool	cLightTool::editEnable
.text	0x00000ABC	0x158	t_camera/db_light.cpp	global	updateLit__10cLightTool	cLightTool::updateLit
.text	0x00000C14	0x158	t_camera/db_light.cpp	local	menu__Fv	menu
.text	0x00000D6C	0x40	t_camera/db_light.cpp	local	edit__Fv	edit
.text	0x00000DAC	0x188	t_camera/db_light.cpp	local	edit_menu__Fv	edit_menu
.text	0x00000F34	0x2DC	t_camera/db_light.cpp	local	edit_cutsel__Fv	edit_cutsel
.text	0x00001210	0x364	t_camera/db_light.cpp	local	edit_cutsel_main__Fv	edit_cutsel_main
.text	0x00001574	0x2F0	t_camera/db_light.cpp	local	edit_cutsel_sub__Fv	edit_cutsel_sub
.text	0x00001864	0x8C	t_camera/db_light.cpp	global	lightCopyCut__Fi	lightCopyCut
.text	0x000018F0	0x94	t_camera/db_light.cpp	global	lightPasteCut__Fi	lightPasteCut
.text	0x00001984	0x84	t_camera/db_light.cpp	global	lightPasteAmbient__Fi	lightPasteAmbient
.text	0x00001A08	0xA8	t_camera/db_light.cpp	global	lightPasteFog__Fi	lightPasteFog
.text	0x00001AB0	0xA8	t_camera/db_light.cpp	global	lightPasteMFog__Fi	lightPasteMFog
.text	0x00001B58	0x8	t_camera/db_light.cpp	global	lightPasteShadow__Fi	lightPasteShadow
.text	0x00001B60	0x8C	t_camera/db_light.cpp	global	lightPasteFocus__Fi	lightPasteFocus
.text	0x00001BEC	0x84	t_camera/db_light.cpp	global	lightPasteBlur__Fi	lightPasteBlur
.text	0x00001C70	0xA8	t_camera/db_light.cpp	global	lightPasteTune__Fi	lightPasteTune
.text	0x00001D18	0xE8	t_camera/db_light.cpp	global	lightPasteScale__Fi	lightPasteScale
.text	0x00001E00	0x100	t_camera/db_light.cpp	global	lightPasteCutAll__Fi	lightPasteCutAll
.text	0x00001F00	0xE0	t_camera/db_light.cpp	global	lightPasteCutAll2__Fi	lightPasteCutAll2
.text	0x00001FE0	0x58	t_camera/db_light.cpp	global	copyCut__FP9cLightEnv	copyCut
.text	0x00002038	0x44	t_camera/db_light.cpp	local	edit_light__Fv	edit_light
.text	0x0000207C	0x334	t_camera/db_light.cpp	local	edit_light_select__Fv	edit_light_select
.text	0x000023B0	0x5A4	t_camera/db_light.cpp	local	edit_light_select_sub__Fv	edit_light_select_sub
.text	0x00002954	0x22C	t_camera/db_light.cpp	global	lightCopyWork__FP6cLightT0	lightCopyWork
.text	0x00002B80	0x490	t_camera/db_light.cpp	global	lightCutWork__Fi	lightCutWork
.text	0x00003010	0x488	t_camera/db_light.cpp	global	lightInsertWork__Fi	lightInsertWork
.text	0x00003498	0x9C	t_camera/db_light.cpp	local	edit_light_no__Fv	edit_light_no
.text	0x00003534	0x178	t_camera/db_light.cpp	local	edit_light_id__Fv	edit_light_id
.text	0x000036AC	0xD4	t_camera/db_light.cpp	local	edit_light_id_normal__Fv	edit_light_id_normal
.text	0x00003780	0x1F0	t_camera/db_light.cpp	local	edit_light_id_flick__Fv	edit_light_id_flick
.text	0x00003970	0x294	t_camera/db_light.cpp	local	edit_light_id_wave__Fv	edit_light_id_wave
.text	0x00003C04	0x334	t_camera/db_light.cpp	local	edit_light_id_round__Fv	edit_light_id_round
.text	0x00003F38	0x590	t_camera/db_light.cpp	local	edit_light_id_shadow__Fv	edit_light_id_shadow
.text	0x000044C8	0x3B0	t_camera/db_light.cpp	local	edit_light_id_path__Fv	edit_light_id_path
.text	0x00004878	0x278	t_camera/db_light.cpp	local	edit_light_id_fade__Fv	edit_light_id_fade
.text	0x00004AF0	0x334	t_camera/db_light.cpp	local	edit_light_id_shine__Fv	edit_light_id_shine
.text	0x00004E24	0x4	t_camera/db_light.cpp	local	edit_light_id_spotlock__Fv	edit_light_id_spotlock
.text	0x00004E28	0x3BC	t_camera/db_light.cpp	local	edit_light_eid__Fv	edit_light_eid
.text	0x000051E4	0x770	t_camera/db_light.cpp	local	edit_light_parent__Fv	edit_light_parent
.text	0x00005954	0xC0	t_camera/db_light.cpp	global	posTranslate__FP6cLightUcUl	posTranslate
.text	0x00005A14	0x2BC	t_camera/db_light.cpp	local	edit_light_pos__Fv	edit_light_pos
.text	0x00005CD0	0x390	t_camera/db_light.cpp	local	edit_light_radius__Fv	edit_light_radius
.text	0x00006060	0xB0	t_camera/db_light.cpp	local	edit_light_color__Fv	edit_light_color
.text	0x00006110	0x1EC	t_camera/db_light.cpp	local	edit_light_intensity__Fv	edit_light_intensity
.text	0x000062FC	0xD4	t_camera/db_light.cpp	local	edit_light_type__Fv	edit_light_type
.text	0x000063D0	0xC0	t_camera/db_light.cpp	global	edit_light_type_shadow__Fv	edit_light_type_shadow
.text	0x00006490	0x154	t_camera/db_light.cpp	global	shadow_select_type__Fv	shadow_select_type
.text	0x000065E4	0x704	t_camera/db_light.cpp	local	edit_light_type_shadow_fit__Fv	edit_light_type_shadow_fit
.text	0x00006CE8	0x704	t_camera/db_light.cpp	local	edit_light_type_shadow_parallel__Fv	edit_light_type_shadow_parallel
.text	0x000073EC	0x418	t_camera/db_light.cpp	local	edit_light_type_shadow_fix__Fv	edit_light_type_shadow_fix
.text	0x00007804	0x140	t_camera/db_light.cpp	local	edit_light_kind__Fv	edit_light_kind
.text	0x00007944	0x268	t_camera/db_light.cpp	local	edit_light_attr__Fv	edit_light_attr
.text	0x00007BAC	0x130	t_camera/db_light.cpp	local	edit_light_priority__Fv	edit_light_priority
.text	0x00007CDC	0x174	t_camera/db_light.cpp	global	select_type__Fv	select_type
.text	0x00007E50	0x238	t_camera/db_light.cpp	local	edit_light_type_constant__Fv	edit_light_type_constant
.text	0x00008088	0x1EC	t_camera/db_light.cpp	local	edit_light_type_quad__Fv	edit_light_type_quad
.text	0x00008274	0x4F4	t_camera/db_light.cpp	local	edit_light_type_spotlight__Fv	edit_light_type_spotlight
.text	0x00008768	0x714	t_camera/db_light.cpp	local	edit_light_type_direct__Fv	edit_light_type_direct
.text	0x00008E7C	0x1EC	t_camera/db_light.cpp	local	edit_light_type_localamb__Fv	edit_light_type_localamb
.text	0x00009068	0x40	t_camera/db_light.cpp	global	func_attn__FP6cLightf	func_attn
.text	0x000090A8	0x554	t_camera/db_light.cpp	global	draw_light_graph__FP6cLight	draw_light_graph
.text	0x000095FC	0x534	t_camera/db_light.cpp	local	edit_light_type_parallel__Fv	edit_light_type_parallel
.text	0x00009B30	0x4	t_camera/db_light.cpp	local	edit_light_prop_sub__Fv	edit_light_prop_sub
.text	0x00009B34	0x48C	t_camera/db_light.cpp	local	edit_ambient__Fv	edit_ambient
.text	0x00009FC0	0x64	t_camera/db_light.cpp	local	edit_fog__Fv	edit_fog
.text	0x0000A024	0x64	t_camera/db_light.cpp	local	edit_mirror_fog__Fv	edit_mirror_fog
.text	0x0000A088	0x424	t_camera/db_light.cpp	global	edit_fog_common__FP8LightFog	edit_fog_common
.text	0x0000A4AC	0x2FC	t_camera/db_light.cpp	local	edit_focus__Fv	edit_focus
.text	0x0000A7A8	0x2F8	t_camera/db_light.cpp	global	draw_tone_curve__Fv	draw_tone_curve
.text	0x0000AAA0	0x6C4	t_camera/db_light.cpp	local	edit_blur__Fv	edit_blur
.text	0x0000B164	0x40C	t_camera/db_light.cpp	local	edit_mipmap__Fv	edit_mipmap
.text	0x0000B570	0x4C0	t_camera/db_light.cpp	local	edit_tune__Fv	edit_tune
.text	0x0000BA30	0x28C	t_camera/db_light.cpp	local	edit_scale__Fv	edit_scale
.text	0x0000BCBC	0x198	t_camera/db_light.cpp	local	edit_param__Fv	edit_param
.text	0x0000BE54	0x5C8	t_camera/db_light.cpp	local	edit_wind__Fv	edit_wind
.text	0x0000C41C	0x18C	t_camera/db_light.cpp	local	path__Fv	path
.text	0x0000C5A8	0xF20	t_camera/db_light.cpp	local	load__Fv	load
.text	0x0000D4C8	0xE44	t_camera/db_light.cpp	local	save__Fv	save
.text	0x0000E30C	0x898	t_camera/db_light.cpp	local	option__Fv	option
.text	0x0000EBA4	0x1C8	t_camera/db_light.cpp	local	quit__Fv	quit
.text	0x0000ED6C	0x5CC	t_camera/db_light.cpp	global	printEditTable__Fv	printEditTable
.text	0x0000F338	0x54	t_camera/db_light.cpp	global	printCursor__10cLightToolii	cLightTool::printCursor
.text	0x0000F38C	0x1E0	t_camera/db_light.cpp	global	DrawTile__FiiiiP7GXColor	DrawTile
.text	0x0000F56C	0x18	t_camera/db_light.cpp	global	clearWork__10cLightTool	cLightTool::clearWork
.text	0x0000F584	0x1C	t_camera/db_light.cpp	global	clearSubMenu__10cLightTool	cLightTool::clearSubMenu
.text	0x0000F5A0	0x30	t_camera/db_light.cpp	global	__6cDbLit	cDbLit::cDbLit
.text	0x0000F5D0	0xA0	t_camera/db_light.cpp	global	size__6cDbLit	cDbLit::size
.text	0x0000F670	0x10	t_camera/db_light.cpp	global	getCut__6cDbLitUs	cDbLit::getCut
.text	0x0000F680	0x8C	t_camera/db_light.cpp	global	LitLoadWork__FP6cDbLiti	LitLoadWork
.text	0x0000F70C	0x134	t_camera/db_light.cpp	global	LitSaveWork__FP6cDbLiti	LitSaveWork
.text	0x0000F840	0xA8	t_camera/db_light.cpp	global	fileLoad__6cDbLitPCc	cDbLit::fileLoad
.text	0x0000F8E8	0x138	t_camera/db_light.cpp	global	init__6cDbLitP4cLit	cDbLit::init
.text	0x0000FA20	0x58	t_camera/db_light.cpp	global	preEventSave__6cDbLit	cDbLit::preEventSave
.text	0x0000FA78	0x90	t_camera/db_light.cpp	global	fileSave__6cDbLitPCc	cDbLit::fileSave
.text	0x0000FB08	0x1B0	t_camera/db_light.cpp	global	createLit__6cDbLitP4cLit	cDbLit::createLit
.text	0x0000FCB8	0x9A0	t_camera/db_light.cpp	global	editColor__FiiP7GXColor	editColor
.text	0x00010658	0x8C	t_camera/db_light.cpp	global	strFogType__Fi	strFogType
.text	0x000106E4	0x70	t_camera/db_light.cpp	global	fogTypeNext__Fi	fogTypeNext
.text	0x00010754	0x70	t_camera/db_light.cpp	global	fogTypeBack__Fi	fogTypeBack
.text	0x000107C4	0xF0	t_camera/db_light.cpp	global	initLightWork__FP6cLight	initLightWork
.text	0x000108B4	0x84	t_camera/db_light.cpp	global	clear_move_free__Fv	clear_move_free
.text	0x00010938	0x68	t_camera/db_light.cpp	global	clear_type_free__Fv	clear_type_free
.text	0x000109A0	0x8C	t_camera/db_light.cpp	global	getCutNo__Fv	getCutNo
.text	0x00010A2C	0x184	t_camera/db_light.cpp	global	drawLightInfo_SpotShadow__FP6cLightUl	drawLightInfo_SpotShadow
.text	0x00010BB0	0x17C	t_camera/db_light.cpp	global	drawLightInfo__FP6cLightUl	drawLightInfo
.text	0x00010D2C	0x518	t_camera/db_light.cpp	global	pathSelect__FiiUcUci	pathSelect
.text	0x00011244	0x428	t_camera/db_light.cpp	global	pathEdit__FiiUcUci	pathEdit
.text	0x0001166C	0x2A0	t_camera/db_light.cpp	global	drawPath__FiiP14cLightPathDataUcUl	drawPath
.text	0x0001190C	0x21C	t_camera/db_light.cpp	global	lightAnalysis__10cLightTool	cLightTool::lightAnalysis
.text	0x00011B28	0x168	t_camera/db_light.cpp	global	__12cLitPathTool	cLitPathTool::cLitPathTool
.text	0x00011C90	0x28	t_camera/db_light.cpp	global	_._12cLitPathTool	cLitPathTool::~cLitPathTool
.text	0x00011CB8	0xD4	t_camera/db_light.cpp	global	expand__12cLitPathToolP16cLightPathHeader	cLitPathTool::expand
.text	0x00011D8C	0xBC	t_camera/db_light.cpp	global	createPath__12cLitPathToolP16cLightPathHeader	cLitPathTool::createPath
.text	0x00011E48	0xBC	t_camera/db_light.cpp	global	countActiveWork__t8cManager1Z6cLight	cManager<cLight>::countActiveWork
.text	0x00011F04	0x158	t_camera/db_light.cpp	global	create__t8cManager1Z6cLighti	cManager<cLight>::create
.text	0x0001205C	0x138	t_camera/db_light.cpp	global	create__t8cManager1Z6cLightiUl	cManager<cLight>::create
.text	0x00012194	0x14	t_camera/db_light.cpp	global	init__t9cVarRange1ZUcRCUcT1	cVarRange<unsigned char>::init
.text	0x000121A8	0x34	t_camera/db_light.cpp	global	limitUpper__t8cVarLoop1ZUci	cVarLoop<unsigned char>::limitUpper
.text	0x000121DC	0x34	t_camera/db_light.cpp	global	limitLower__t8cVarLoop1ZUci	cVarLoop<unsigned char>::limitLower
.text	0x00012210	0x68	t_camera/db_light.cpp	global	__t8cVarLoop1ZUcRCUcN21	cVarLoop<unsigned char>::cVarLoop
.text	0x00012278	0x14	t_camera/db_light.cpp	global	__eq__t9cVarRange1ZUci	cVarRange<unsigned char>::operator==
.text	0x0001228C	0x50	t_camera/db_light.cpp	global	__mm__t9cVarRange1ZUci	cVarRange<unsigned char>::operator--
.text	0x000122DC	0x50	t_camera/db_light.cpp	global	__pp__t9cVarRange1ZUci	cVarRange<unsigned char>::operator++
.text	0x0001232C	0x8	t_camera/db_light.cpp	global	__opi__t9cVarRange1ZUc	cVarRange<unsigned char>::operator int
.text	0x00012334	0x80	t_camera/db_light.cpp	global	destroyAll__t8cManager1Z6cLight	cManager<cLight>::destroyAll
.text	0x000123B4	0x48	t_camera/db_light.cpp	global	_._5cUnit	cUnit::~cUnit
.text	0x000123FC	0x4	t_camera/db_light.cpp	global	beginEvent__5cUnitUl	cUnit::beginEvent
.text	0x00012400	0x4	t_camera/db_light.cpp	global	endEvent__5cUnitUl	cUnit::endEvent
.text	0x00012404	0x4	t_camera/db_light.cpp	global	__dl__5cUnitPvUi	cUnit::operator delete
.text	0x00012408	0x264	t_camera/t_camera.cpp	global	ToolCamera__Fv	ToolCamera
.text	0x0001266C	0xE0	t_camera/t_camera.cpp	global	tcDataInitialize__Fv	tcDataInitialize
.text	0x0001274C	0x128	t_camera/t_camera.cpp	local	tcInit__Fv	tcInit
.text	0x00012874	0x21C	t_camera/t_camera.cpp	local	tcMenu__Fv	tcMenu
.text	0x00012A90	0x45C	t_camera/t_camera.cpp	global	tcSubMenu__Fv	tcSubMenu
.text	0x00012EEC	0x38C	t_camera/t_camera.cpp	local	tcEdit__Fv	tcEdit
.text	0x00013278	0x159C	t_camera/t_camera.cpp	global	tcEdit_select__Fv	tcEdit_select
.text	0x00014814	0x58	t_camera/t_camera.cpp	global	tcCdatNew__Fv	tcCdatNew
.text	0x0001486C	0x20	t_camera/t_camera.cpp	global	tcCdatDel__FP6TcCdat	tcCdatDel
.text	0x0001488C	0xC8	t_camera/t_camera.cpp	global	tcCdatInit__FP6TcCdati	tcCdatInit
.text	0x00014954	0x44	t_camera/t_camera.cpp	global	tcCdatPtr__Fi	tcCdatPtr
.text	0x00014998	0x58	t_camera/t_camera.cpp	global	tcAdatNew__Fv	tcAdatNew
.text	0x000149F0	0x20	t_camera/t_camera.cpp	global	tcAdatDel__FP6TcAdat	tcAdatDel
.text	0x00014A10	0x174	t_camera/t_camera.cpp	global	tcAdatInit__FP6TcAdatii	tcAdatInit
.text	0x00014B84	0x50	t_camera/t_camera.cpp	global	tcAdatPtr__Fii	tcAdatPtr
.text	0x00014BD4	0x58	t_camera/t_camera.cpp	global	tcLdatNew__Fv	tcLdatNew
.text	0x00014C2C	0x20	t_camera/t_camera.cpp	global	tcLdatDel__FP6TcLdat	tcLdatDel
.text	0x00014C4C	0x18	t_camera/t_camera.cpp	global	tcLdatInit__FP6TcLdatiiiii	tcLdatInit
.text	0x00014C64	0x70	t_camera/t_camera.cpp	global	tcLdatPtr__Fiiii	tcLdatPtr
.text	0x00014CD4	0xAA0	t_camera/t_camera.cpp	global	tcEdit_area__Fv	tcEdit_area
.text	0x00015774	0x288	t_camera/t_camera.cpp	global	tcAreaMoveVertex__FP6TcAdati	tcAreaMoveVertex
.text	0x000159FC	0x7C	t_camera/t_camera.cpp	global	tcAreaSelectVertex__FP6TcAdat	tcAreaSelectVertex
.text	0x00015A78	0x7C	t_camera/t_camera.cpp	global	tcAreaSelectSide__FP6TcAdat	tcAreaSelectSide
.text	0x00015AF4	0x12C	t_camera/t_camera.cpp	global	tcAreaInsertVertex__FP6TcAdat	tcAreaInsertVertex
.text	0x00015C20	0x6C	t_camera/t_camera.cpp	global	tcAreaDeleteVertex__FP6TcAdat	tcAreaDeleteVertex
.text	0x00015C8C	0x774	t_camera/t_camera.cpp	global	tcDrawArea__Fv	tcDrawArea
.text	0x00016400	0x11C	t_camera/t_camera.cpp	global	tcEdit_camera__Fv	tcEdit_camera
.text	0x0001651C	0x618	t_camera/t_camera.cpp	global	tcEdit_camera_qfps__Fv	tcEdit_camera_qfps
.text	0x00016B34	0xB24	t_camera/t_camera.cpp	global	tcEdit_camera_rail__Fv	tcEdit_camera_rail
.text	0x00017658	0x78	t_camera/t_camera.cpp	global	tcNextCdatPtr__FSci	tcNextCdatPtr
.text	0x000176D0	0xCC	t_camera/t_camera.cpp	global	tcNextAdatPtr__FScSci	tcNextAdatPtr
.text	0x0001779C	0x5C	t_camera/t_camera.cpp	global	head_suffix__FSc	head_suffix
.text	0x000177F8	0x58	t_camera/t_camera.cpp	global	tail_suffix__FSc	tail_suffix
.text	0x00017850	0xA0	t_camera/t_camera.cpp	global	next_suffix__FSci	next_suffix
.text	0x000178F0	0x20C	t_camera/t_camera.cpp	global	fix_camera_dat__FP6TcCdat	fix_camera_dat
.text	0x00017AFC	0x138	t_camera/t_camera.cpp	global	edit_rail_figure__Fv	edit_rail_figure
.text	0x00017C34	0x130	t_camera/t_camera.cpp	global	edit_rail_point__Fv	edit_rail_point
.text	0x00017D64	0x1E8	t_camera/t_camera.cpp	global	edit_frame_no__Fv	edit_frame_no
.text	0x00017F4C	0x218	t_camera/t_camera.cpp	global	tcMoveOffsetPoint__Fv	tcMoveOffsetPoint
.text	0x00018164	0x2B4	t_camera/t_camera.cpp	global	tcCameraSetPoint__FP6TcCdat	tcCameraSetPoint
.text	0x00018418	0x554	t_camera/t_camera.cpp	global	tcCameraMovePoint__FP6TcCdati	tcCameraMovePoint
.text	0x0001896C	0x124	t_camera/t_camera.cpp	global	tcCameraPullPoint__FP6TcCdat	tcCameraPullPoint
.text	0x00018A90	0xF0	t_camera/t_camera.cpp	global	tcCameraSelectPoint__FP6TcCdat	tcCameraSelectPoint
.text	0x00018B80	0x7C	t_camera/t_camera.cpp	global	tcCameraSelectSegment__FP6TcCdat	tcCameraSelectSegment
.text	0x00018BFC	0x1F0	t_camera/t_camera.cpp	global	tcCameraInsertPoint__FP6TcCdat	tcCameraInsertPoint
.text	0x00018DEC	0xB8	t_camera/t_camera.cpp	global	tcCameraSelectLR__FP6TcCdat	tcCameraSelectLR
.text	0x00018EA4	0x1B8	t_camera/t_camera.cpp	global	tcCameraCopyPoint__FP6TcCdat	tcCameraCopyPoint
.text	0x0001905C	0xD8	t_camera/t_camera.cpp	global	tcCameraDeletePoint__FP6TcCdat	tcCameraDeletePoint
.text	0x00019134	0xD8	t_camera/t_camera.cpp	global	tcDrawOffset__Fv	tcDrawOffset
.text	0x0001920C	0x32C	t_camera/t_camera.cpp	global	tcDrawRail__Fv	tcDrawRail
.text	0x00019538	0x478	t_camera/t_camera.cpp	local	tcLoad__Fv	tcLoad
.text	0x000199B0	0x470	t_camera/t_camera.cpp	local	tcSave__Fv	tcSave
.text	0x00019E20	0xF8	t_camera/t_camera.cpp	local	tcQuit__Fv	tcQuit
.text	0x00019F18	0x334	t_camera/t_camera.cpp	global	tcToolCameraMove__FP6CAMERA	tcToolCameraMove
.text	0x0001A24C	0x64	t_camera/t_camera.cpp	global	tcPreviewOnOff__Fi	tcPreviewOnOff
.text	0x0001A2B0	0x14	t_camera/t_camera.cpp	global	tcCurrentCameraNo__Fv	tcCurrentCameraNo
.text	0x0001A2C4	0x3B8	t_camera/t_camera.cpp	global	fn_t_camera_1A2C4	.
.text	0x0001A67C	0xBC	t_camera/t_camera_data.cpp	global	tcGetFileName__FPcii	tcGetFileName
.text	0x0001A738	0x538	t_camera/t_camera_data.cpp	global	tcDataExport__FPUc	tcDataExport
.text	0x0001AC70	0x4DC	t_camera/t_camera_data.cpp	global	tcDataImport__FPUc	tcDataImport
.text	0x0001B14C	0xC	t_camera/t_camera_data.cpp	global	tcGetFloor__Fv	tcGetFloor
.text	0x0001B158	0xF4	t_camera/t_camera_data.cpp	global	tcPlayerMove__Fv	tcPlayerMove
.text	0x0001B24C	0x48	t_camera/t_camera_data.cpp	global	tcCameraDebugMove__Fv	tcCameraDebugMove
.text	0x0001B294	0x70	t_camera/t_camera_data.cpp	global	tcGameCamera2ToolCamera__Fv	tcGameCamera2ToolCamera
.text	0x0001B304	0x70	t_camera/t_camera_data.cpp	global	tcToolCamera2GameCamera__Fv	tcToolCamera2GameCamera
.text	0x0001B374	0x6C	t_camera/t_camera_data.cpp	global	tcGameCameraStore__Fv	tcGameCameraStore
.text	0x0001B3E0	0x6C	t_camera/t_camera_data.cpp	global	tcGameCameraLoad__Fv	tcGameCameraLoad
.text	0x0001B44C	0x28	t_camera/t_camera_data.cpp	global	tcDrawLine3D__FP3VecT0Ul	tcDrawLine3D
.text	0x0001B474	0x28	t_camera/t_camera_data.cpp	global	tcDrawSphere__FP3VecUlf	tcDrawSphere
.text	0x0001B49C	0x28	t_camera/t_camera_data.cpp	global	tcDrawPoly__FP3VecUl	tcDrawPoly
.text	0x0001B4C4	0x40	t_camera/t_camera_data.cpp	global	tcSetBesideFloor__Ff	tcSetBesideFloor
.text	0x0001B504	0x194	t_camera/t_camera_data.cpp	global	tcSetBesideOffset__FPA2_7QfpsOfsT0	tcSetBesideOffset
.text	0x0001B698	0x22C	t_camera/t_camera_data.cpp	global	tcSetBesideCamera__Fv	tcSetBesideCamera
.text	0x0001B8C4	0x3B8	t_camera/t_camera_data.cpp	global	fn_t_camera_1B8C4	.
.text	0x0001BC7C	0xE4	t_camera/t_camera_draw.cpp	global	tcCameraMove__Fv	tcCameraMove
.text	0x0001BD60	0xA8	t_camera/t_camera_draw.cpp	global	tcDrawNgon__FP6TcNgonUl	tcDrawNgon
.text	0x0001BE08	0xB0	t_camera/t_camera_draw.cpp	global	tcFillNgon__FP6TcNgonUl	tcFillNgon
.text	0x0001BEB8	0x228	t_camera/t_camera_draw.cpp	global	tcMenuSelect__FiiiP6TcMenuiPSc	tcMenuSelect
.text	0x0001C0E0	0x25C	t_camera/t_camera_draw.cpp	global	tcDrawParametricCurve__Fv	tcDrawParametricCurve
.text	0x0001C33C	0x3B8	t_camera/t_camera_draw.cpp	global	fn_t_camera_1C33C	.
.text	0x0001C6F4	0x90	t_camera/t_prim.cpp	global	TprimInitEnv2D3D__FP9TprimViewPA3_fT1	TprimInitEnv2D3D
.text	0x0001C784	0x50	t_camera/t_prim.cpp	global	TprimDraw3D__FUl	TprimDraw3D
.text	0x0001C7D4	0x58	t_camera/t_prim.cpp	global	TprimSetBlend__FUl	TprimSetBlend
.text	0x0001C82C	0xC0	t_camera/t_prim.cpp	global	set_attr_common__Fv	set_attr_common
.text	0x0001C8EC	0x68	t_camera/t_prim.cpp	global	set_attr_f32__Fv	set_attr_f32
.text	0x0001C954	0x3B8	t_camera/t_util.cpp	global	fn_t_camera_1C954	.
.text	0x0001CD0C	0x64	t_camera/tools.cpp	global	_prolog	_prolog
.text	0x0001CD70	0x1CC	t_camera/tools.cpp	global	ToolsTask__Fv	ToolsTask
.text	0x0001CF3C	0x60	t_camera/tools.cpp	global	_epilog	_epilog
.text	0x0001CF9C	0x58	t_camera/tools.cpp	global	_unresolved	_unresolved
.text	0x0001D034	0x0	t_camera/tools.cpp	global	lbl_t_camera_text_1D034	lbl_t_camera_text_1D034
.text	0x0001D070	0x0	t_camera/tools.cpp	global	lbl_t_camera_text_1D070	lbl_t_camera_text_1D070
.text	0x0001D084	0x0	t_camera/tools.cpp	global	lbl_t_camera_text_1D084	lbl_t_camera_text_1D084
.text	0x0001D090	0x0	t_camera/tools.cpp	global	lbl_t_camera_text_1D090	lbl_t_camera_text_1D090
.text	0x0001D0A0	0x0	t_camera/tools.cpp	global	lbl_t_camera_text_1D0A0	lbl_t_camera_text_1D0A0
.text	0x0001D0E0	0x0	t_camera/tools.cpp	global	lbl_t_camera_text_1D0E0	lbl_t_camera_text_1D0E0
.text	0x0001D120	0x0	t_camera/tools.cpp	global	lbl_t_camera_text_1D120	lbl_t_camera_text_1D120
.text	0x0001D190	0x0	t_camera/tools.cpp	global	lbl_t_camera_text_1D190	lbl_t_camera_text_1D190
.text	0x0001D1C0	0x0	t_camera/tools.cpp	global	lbl_t_camera_text_1D1C0	lbl_t_camera_text_1D1C0
.text	0x0001D1D0	0x0	t_camera/tools.cpp	global	lbl_t_camera_text_1D1D0	lbl_t_camera_text_1D1D0
.text	0x0001D1E4	0x0	t_camera/tools.cpp	global	lbl_t_camera_text_1D1E4	lbl_t_camera_text_1D1E4
.text	0x0001D1FC	0x0	t_camera/tools.cpp	global	lbl_t_camera_text_1D1FC	lbl_t_camera_text_1D1FC
.text	0x0001D20C	0x0	t_camera/tools.cpp	global	lbl_t_camera_text_1D20C	lbl_t_camera_text_1D20C
.text	0x0001D2A0	0x0	t_camera/tools.cpp	global	lbl_t_camera_text_1D2A0	lbl_t_camera_text_1D2A0
.text	0x0001D2F0	0x0	t_camera/tools.cpp	global	lbl_t_camera_text_1D2F0	lbl_t_camera_text_1D2F0
.text	0x0001D320	0x0	t_camera/tools.cpp	global	lbl_t_camera_text_1D320	lbl_t_camera_text_1D320
.text	0x0001D36C	0x0	t_camera/tools.cpp	global	lbl_t_camera_text_1D36C	lbl_t_camera_text_1D36C
.text	0x0001D380	0x0	t_camera/tools.cpp	global	lbl_t_camera_text_1D380	lbl_t_camera_text_1D380
.rodata	0x0000006C	0x18	t_camera/db_light.cpp	local	lbl_t_camera_rodata_6C	lbl_t_camera_rodata_6C
.rodata	0x00000084	0x8	t_camera/db_light.cpp	local	lbl_t_camera_rodata_84	lbl_t_camera_rodata_84
.rodata	0x0000008C	0x8	t_camera/db_light.cpp	local	lbl_t_camera_rodata_8C	lbl_t_camera_rodata_8C
.rodata	0x00000094	0x8	t_camera/db_light.cpp	local	lbl_t_camera_rodata_94	lbl_t_camera_rodata_94
.rodata	0x0000009C	0xC	t_camera/db_light.cpp	local	lbl_t_camera_rodata_9C	lbl_t_camera_rodata_9C
.rodata	0x000000A8	0x8	t_camera/db_light.cpp	local	lbl_t_camera_rodata_A8	lbl_t_camera_rodata_A8
.rodata	0x000000B0	0x8	t_camera/db_light.cpp	local	lbl_t_camera_rodata_B0	lbl_t_camera_rodata_B0
.rodata	0x000000B8	0x8	t_camera/db_light.cpp	local	lbl_t_camera_rodata_B8	lbl_t_camera_rodata_B8
.rodata	0x000000C0	0x8	t_camera/db_light.cpp	local	lbl_t_camera_rodata_C0	lbl_t_camera_rodata_C0
.rodata	0x000000C8	0xC	t_camera/db_light.cpp	local	lbl_t_camera_rodata_C8	lbl_t_camera_rodata_C8
.rodata	0x000000D4	0x8	t_camera/db_light.cpp	local	lbl_t_camera_rodata_D4	lbl_t_camera_rodata_D4
.rodata	0x000000DC	0xC	t_camera/db_light.cpp	local	lbl_t_camera_rodata_DC	lbl_t_camera_rodata_DC
.rodata	0x000000E8	0x8	t_camera/db_light.cpp	local	lbl_t_camera_rodata_E8	lbl_t_camera_rodata_E8
.rodata	0x000000F0	0xC	t_camera/db_light.cpp	local	lbl_t_camera_rodata_F0	lbl_t_camera_rodata_F0
.rodata	0x000000FC	0xC	t_camera/db_light.cpp	local	lbl_t_camera_rodata_FC	lbl_t_camera_rodata_FC
.rodata	0x00000108	0x8	t_camera/db_light.cpp	local	lbl_t_camera_rodata_108	lbl_t_camera_rodata_108
.rodata	0x00000110	0xC	t_camera/db_light.cpp	local	lbl_t_camera_rodata_110	lbl_t_camera_rodata_110
.rodata	0x0000011C	0xC	t_camera/db_light.cpp	local	lbl_t_camera_rodata_11C	lbl_t_camera_rodata_11C
.rodata	0x00000128	0x10	t_camera/db_light.cpp	local	lbl_t_camera_rodata_128	lbl_t_camera_rodata_128
.rodata	0x00000138	0x4	t_camera/db_light.cpp	local	lbl_t_camera_rodata_138	lbl_t_camera_rodata_138
.rodata	0x0000013C	0x8	t_camera/db_light.cpp	local	lbl_t_camera_rodata_13C	lbl_t_camera_rodata_13C
.rodata	0x00000144	0x8	t_camera/db_light.cpp	local	lbl_t_camera_rodata_144	lbl_t_camera_rodata_144
.rodata	0x0000014C	0x8	t_camera/db_light.cpp	local	lbl_t_camera_rodata_14C	lbl_t_camera_rodata_14C
.rodata	0x00000154	0x8	t_camera/db_light.cpp	local	lbl_t_camera_rodata_154	lbl_t_camera_rodata_154
.rodata	0x0000015C	0x8	t_camera/db_light.cpp	local	lbl_t_camera_rodata_15C	lbl_t_camera_rodata_15C
.rodata	0x00000164	0x8	t_camera/db_light.cpp	local	lbl_t_camera_rodata_164	lbl_t_camera_rodata_164
.rodata	0x0000016C	0x8	t_camera/db_light.cpp	local	lbl_t_camera_rodata_16C	lbl_t_camera_rodata_16C
.rodata	0x00000174	0x8	t_camera/db_light.cpp	local	lbl_t_camera_rodata_174	lbl_t_camera_rodata_174
.rodata	0x0000017C	0x8	t_camera/db_light.cpp	local	lbl_t_camera_rodata_17C	lbl_t_camera_rodata_17C
.rodata	0x00000184	0x8	t_camera/db_light.cpp	local	lbl_t_camera_rodata_184	lbl_t_camera_rodata_184
.rodata	0x0000018C	0x4	t_camera/db_light.cpp	local	lbl_t_camera_rodata_18C	lbl_t_camera_rodata_18C
.rodata	0x00000190	0x4	t_camera/db_light.cpp	local	lbl_t_camera_rodata_190	lbl_t_camera_rodata_190
.rodata	0x00000194	0x4	t_camera/db_light.cpp	local	lbl_t_camera_rodata_194	lbl_t_camera_rodata_194
.rodata	0x00000198	0x4	t_camera/db_light.cpp	local	lbl_t_camera_rodata_198	lbl_t_camera_rodata_198
.rodata	0x0000019C	0x4	t_camera/db_light.cpp	local	lbl_t_camera_rodata_19C	lbl_t_camera_rodata_19C
.rodata	0x000001A0	0x4	t_camera/db_light.cpp	local	lbl_t_camera_rodata_1A0	lbl_t_camera_rodata_1A0
.rodata	0x000001A4	0xC	t_camera/db_light.cpp	local	lbl_t_camera_rodata_1A4	lbl_t_camera_rodata_1A4
.rodata	0x000001B0	0xC	t_camera/db_light.cpp	local	lbl_t_camera_rodata_1B0	lbl_t_camera_rodata_1B0
.rodata	0x000001BC	0xC	t_camera/db_light.cpp	local	lbl_t_camera_rodata_1BC	lbl_t_camera_rodata_1BC
.rodata	0x000001C8	0x8	t_camera/db_light.cpp	local	lbl_t_camera_rodata_1C8	lbl_t_camera_rodata_1C8
.rodata	0x000001D0	0x8	t_camera/db_light.cpp	local	lbl_t_camera_rodata_1D0	lbl_t_camera_rodata_1D0
.rodata	0x000001D8	0x8	t_camera/db_light.cpp	local	lbl_t_camera_rodata_1D8	lbl_t_camera_rodata_1D8
.rodata	0x000001E0	0xC	t_camera/db_light.cpp	local	lbl_t_camera_rodata_1E0	lbl_t_camera_rodata_1E0
.rodata	0x000001EC	0x4	t_camera/db_light.cpp	local	lbl_t_camera_rodata_1EC	lbl_t_camera_rodata_1EC
.rodata	0x000001F0	0x4	t_camera/db_light.cpp	local	lbl_t_camera_rodata_1F0	lbl_t_camera_rodata_1F0
.rodata	0x000001F4	0x4	t_camera/db_light.cpp	local	lbl_t_camera_rodata_1F4	lbl_t_camera_rodata_1F4
.rodata	0x000001F8	0x4	t_camera/db_light.cpp	local	lbl_t_camera_rodata_1F8	lbl_t_camera_rodata_1F8
.rodata	0x000001FC	0x4	t_camera/db_light.cpp	local	lbl_t_camera_rodata_1FC	lbl_t_camera_rodata_1FC
.rodata	0x00000200	0x4	t_camera/db_light.cpp	local	lbl_t_camera_rodata_200	lbl_t_camera_rodata_200
.rodata	0x00000204	0x28	t_camera/db_light.cpp	local	lbl_t_camera_rodata_204	lbl_t_camera_rodata_204
.rodata	0x0000022C	0x2C	t_camera/db_light.cpp	local	lbl_t_camera_rodata_22C	lbl_t_camera_rodata_22C
.rodata	0x00000258	0x30	t_camera/db_light.cpp	local	lbl_t_camera_rodata_258	lbl_t_camera_rodata_258
.rodata	0x00000288	0x30	t_camera/db_light.cpp	local	lbl_t_camera_rodata_288	lbl_t_camera_rodata_288
.rodata	0x000002B8	0x1C	t_camera/db_light.cpp	local	lbl_t_camera_rodata_2B8	lbl_t_camera_rodata_2B8
.rodata	0x000002D4	0x2C	t_camera/db_light.cpp	local	lbl_t_camera_rodata_2D4	lbl_t_camera_rodata_2D4
.rodata	0x00000300	0x24	t_camera/db_light.cpp	local	lbl_t_camera_rodata_300	lbl_t_camera_rodata_300
.rodata	0x00000324	0x24	t_camera/db_light.cpp	local	lbl_t_camera_rodata_324	lbl_t_camera_rodata_324
.rodata	0x00000348	0x1C	t_camera/db_light.cpp	local	lbl_t_camera_rodata_348	lbl_t_camera_rodata_348
.rodata	0x00000364	0x4	t_camera/db_light.cpp	local	lbl_t_camera_rodata_364	lbl_t_camera_rodata_364
.rodata	0x00000368	0x4	t_camera/db_light.cpp	local	lbl_t_camera_rodata_368	lbl_t_camera_rodata_368
.rodata	0x0000036C	0xC	t_camera/db_light.cpp	local	lbl_t_camera_rodata_36C	lbl_t_camera_rodata_36C
.rodata	0x00000378	0x10	t_camera/db_light.cpp	local	lbl_t_camera_rodata_378	lbl_t_camera_rodata_378
.rodata	0x00000388	0xC	t_camera/db_light.cpp	local	lbl_t_camera_rodata_388	lbl_t_camera_rodata_388
.rodata	0x00000394	0x10	t_camera/db_light.cpp	local	lbl_t_camera_rodata_394	lbl_t_camera_rodata_394
.rodata	0x000003A4	0xC	t_camera/db_light.cpp	local	lbl_t_camera_rodata_3A4	lbl_t_camera_rodata_3A4
.rodata	0x000003B0	0xC	t_camera/db_light.cpp	local	lbl_t_camera_rodata_3B0	lbl_t_camera_rodata_3B0
.rodata	0x000003BC	0xC	t_camera/db_light.cpp	local	lbl_t_camera_rodata_3BC	lbl_t_camera_rodata_3BC
.rodata	0x000003C8	0xC	t_camera/db_light.cpp	local	lbl_t_camera_rodata_3C8	lbl_t_camera_rodata_3C8
.rodata	0x000003D4	0x8	t_camera/db_light.cpp	local	lbl_t_camera_rodata_3D4	lbl_t_camera_rodata_3D4
.rodata	0x000003DC	0x8	t_camera/db_light.cpp	local	lbl_t_camera_rodata_3DC	lbl_t_camera_rodata_3DC
.rodata	0x000003E4	0x8	t_camera/db_light.cpp	local	lbl_t_camera_rodata_3E4	lbl_t_camera_rodata_3E4
.rodata	0x000003EC	0x4	t_camera/db_light.cpp	local	lbl_t_camera_rodata_3EC	lbl_t_camera_rodata_3EC
.rodata	0x000003F0	0x28	t_camera/db_light.cpp	local	lbl_t_camera_rodata_3F0	lbl_t_camera_rodata_3F0
.rodata	0x00000418	0x1C	t_camera/db_light.cpp	local	lbl_t_camera_rodata_418	lbl_t_camera_rodata_418
.rodata	0x00000434	0x2C	t_camera/db_light.cpp	local	lbl_t_camera_rodata_434	lbl_t_camera_rodata_434
.rodata	0x00000460	0x8	t_camera/db_light.cpp	local	lbl_t_camera_rodata_460	lbl_t_camera_rodata_460
.rodata	0x00000468	0x8	t_camera/db_light.cpp	local	lbl_t_camera_rodata_468	lbl_t_camera_rodata_468
.rodata	0x00000470	0x8	t_camera/db_light.cpp	local	lbl_t_camera_rodata_470	lbl_t_camera_rodata_470
.rodata	0x00000478	0x8	t_camera/db_light.cpp	local	lbl_t_camera_rodata_478	lbl_t_camera_rodata_478
.rodata	0x00000480	0x8	t_camera/db_light.cpp	local	lbl_t_camera_rodata_480	lbl_t_camera_rodata_480
.rodata	0x00000488	0x8	t_camera/db_light.cpp	local	lbl_t_camera_rodata_488	lbl_t_camera_rodata_488
.rodata	0x00000490	0xC	t_camera/db_light.cpp	local	lbl_t_camera_rodata_490	lbl_t_camera_rodata_490
.rodata	0x0000049C	0x8	t_camera/db_light.cpp	local	lbl_t_camera_rodata_49C	lbl_t_camera_rodata_49C
.rodata	0x000004A4	0x4	t_camera/db_light.cpp	local	lbl_t_camera_rodata_4A4	lbl_t_camera_rodata_4A4
.rodata	0x000004A8	0xC	t_camera/db_light.cpp	local	lbl_t_camera_rodata_4A8	lbl_t_camera_rodata_4A8
.rodata	0x000004B4	0x8	t_camera/db_light.cpp	local	lbl_t_camera_rodata_4B4	lbl_t_camera_rodata_4B4
.rodata	0x000004BC	0x8	t_camera/db_light.cpp	local	lbl_t_camera_rodata_4BC	lbl_t_camera_rodata_4BC
.rodata	0x000004C4	0x8	t_camera/db_light.cpp	local	lbl_t_camera_rodata_4C4	lbl_t_camera_rodata_4C4
.rodata	0x000004CC	0xC	t_camera/db_light.cpp	local	lbl_t_camera_rodata_4CC	lbl_t_camera_rodata_4CC
.rodata	0x000004D8	0xC	t_camera/db_light.cpp	local	lbl_t_camera_rodata_4D8	lbl_t_camera_rodata_4D8
.rodata	0x000004E4	0xC	t_camera/db_light.cpp	local	lbl_t_camera_rodata_4E4	lbl_t_camera_rodata_4E4
.rodata	0x000004F0	0x8	t_camera/db_light.cpp	local	lbl_t_camera_rodata_4F0	lbl_t_camera_rodata_4F0
.rodata	0x000004F8	0xC	t_camera/db_light.cpp	local	lbl_t_camera_rodata_4F8	lbl_t_camera_rodata_4F8
.rodata	0x00000504	0x4	t_camera/db_light.cpp	local	lbl_t_camera_rodata_504	lbl_t_camera_rodata_504
.rodata	0x00000508	0xC	t_camera/db_light.cpp	local	lbl_t_camera_rodata_508	lbl_t_camera_rodata_508
.rodata	0x00000514	0x30	t_camera/db_light.cpp	local	lbl_t_camera_rodata_514	lbl_t_camera_rodata_514
.rodata	0x00000544	0x8	t_camera/db_light.cpp	local	lbl_t_camera_rodata_544	lbl_t_camera_rodata_544
.rodata	0x0000054C	0x24	t_camera/db_light.cpp	local	lbl_t_camera_rodata_54C	lbl_t_camera_rodata_54C
.rodata	0x00000570	0x4	t_camera/db_light.cpp	local	lbl_t_camera_rodata_570	lbl_t_camera_rodata_570
.rodata	0x00000574	0x24	t_camera/db_light.cpp	local	cutsel_col.438	cutsel_col.438
.rodata	0x00000598	0x4	t_camera/db_light.cpp	local	lbl_t_camera_rodata_598	lbl_t_camera_rodata_598
.rodata	0x0000059C	0x8	t_camera/db_light.cpp	local	lbl_t_camera_rodata_59C	lbl_t_camera_rodata_59C
.rodata	0x000005A4	0x8	t_camera/db_light.cpp	local	lbl_t_camera_rodata_5A4	lbl_t_camera_rodata_5A4
.rodata	0x000005AC	0x8	t_camera/db_light.cpp	local	lbl_t_camera_rodata_5AC	lbl_t_camera_rodata_5AC
.rodata	0x000005B4	0x14	t_camera/db_light.cpp	local	lbl_t_camera_rodata_5B4	lbl_t_camera_rodata_5B4
.rodata	0x000005C8	0x10	t_camera/db_light.cpp	local	lbl_t_camera_rodata_5C8	lbl_t_camera_rodata_5C8
.rodata	0x000005D8	0xC	t_camera/db_light.cpp	local	lbl_t_camera_rodata_5D8	lbl_t_camera_rodata_5D8
.rodata	0x000005E4	0x8	t_camera/db_light.cpp	local	lbl_t_camera_rodata_5E4	lbl_t_camera_rodata_5E4
.rodata	0x000005EC	0x8	t_camera/db_light.cpp	local	lbl_t_camera_rodata_5EC	lbl_t_camera_rodata_5EC
.rodata	0x000005F4	0x8	t_camera/db_light.cpp	local	lbl_t_camera_rodata_5F4	lbl_t_camera_rodata_5F4
.rodata	0x000005FC	0xC	t_camera/db_light.cpp	local	lbl_t_camera_rodata_5FC	lbl_t_camera_rodata_5FC
.rodata	0x00000608	0x28	t_camera/db_light.cpp	local	lbl_t_camera_rodata_608	lbl_t_camera_rodata_608
.rodata	0x00000630	0x30	t_camera/db_light.cpp	local	lbl_t_camera_rodata_630	lbl_t_camera_rodata_630
.rodata	0x00000660	0x28	t_camera/db_light.cpp	local	lbl_t_camera_rodata_660	lbl_t_camera_rodata_660
.rodata	0x00000688	0x24	t_camera/db_light.cpp	local	lbl_t_camera_rodata_688	lbl_t_camera_rodata_688
.rodata	0x000006AC	0x1C	t_camera/db_light.cpp	local	lbl_t_camera_rodata_6AC	lbl_t_camera_rodata_6AC
.rodata	0x000006C8	0x10	t_camera/db_light.cpp	local	lbl_t_camera_rodata_6C8	lbl_t_camera_rodata_6C8
.rodata	0x000006D8	0x8	t_camera/db_light.cpp	local	lbl_t_camera_rodata_6D8	lbl_t_camera_rodata_6D8
.rodata	0x000006E0	0xC	t_camera/db_light.cpp	local	lbl_t_camera_rodata_6E0	lbl_t_camera_rodata_6E0
.rodata	0x000006EC	0x18	t_camera/db_light.cpp	local	lbl_t_camera_rodata_6EC	lbl_t_camera_rodata_6EC
.rodata	0x00000704	0x10	t_camera/db_light.cpp	local	lbl_t_camera_rodata_704	lbl_t_camera_rodata_704
.rodata	0x00000714	0x10	t_camera/db_light.cpp	local	lbl_t_camera_rodata_714	lbl_t_camera_rodata_714
.rodata	0x00000724	0x10	t_camera/db_light.cpp	local	lbl_t_camera_rodata_724	lbl_t_camera_rodata_724
.rodata	0x00000734	0x4	t_camera/db_light.cpp	local	lbl_t_camera_rodata_734	lbl_t_camera_rodata_734
.rodata	0x00000738	0x4	t_camera/db_light.cpp	local	lbl_t_camera_rodata_738	lbl_t_camera_rodata_738
.rodata	0x0000073C	0x4	t_camera/db_light.cpp	local	lbl_t_camera_rodata_73C	lbl_t_camera_rodata_73C
.rodata	0x00000740	0xC	t_camera/db_light.cpp	local	lbl_t_camera_rodata_740	lbl_t_camera_rodata_740
.rodata	0x0000074C	0xC	t_camera/db_light.cpp	local	lbl_t_camera_rodata_74C	lbl_t_camera_rodata_74C
.rodata	0x00000758	0xC	t_camera/db_light.cpp	local	lbl_t_camera_rodata_758	lbl_t_camera_rodata_758
.rodata	0x00000764	0x14	t_camera/db_light.cpp	local	lbl_t_camera_rodata_764	lbl_t_camera_rodata_764
.rodata	0x00000778	0x4	t_camera/db_light.cpp	local	lbl_t_camera_rodata_778	lbl_t_camera_rodata_778
.rodata	0x0000077C	0x4	t_camera/db_light.cpp	local	lbl_t_camera_rodata_77C	lbl_t_camera_rodata_77C
.rodata	0x00000780	0x4	t_camera/db_light.cpp	local	lbl_t_camera_rodata_780	lbl_t_camera_rodata_780
.rodata	0x00000784	0x4	t_camera/db_light.cpp	local	lbl_t_camera_rodata_784	lbl_t_camera_rodata_784
.rodata	0x00000788	0x8	t_camera/db_light.cpp	local	lbl_t_camera_rodata_788	lbl_t_camera_rodata_788
.rodata	0x00000790	0xC	t_camera/db_light.cpp	local	lbl_t_camera_rodata_790	lbl_t_camera_rodata_790
.rodata	0x0000079C	0x8	t_camera/db_light.cpp	local	lbl_t_camera_rodata_79C	lbl_t_camera_rodata_79C
.rodata	0x000007A4	0xC	t_camera/db_light.cpp	local	lbl_t_camera_rodata_7A4	lbl_t_camera_rodata_7A4
.rodata	0x000007B0	0x8	t_camera/db_light.cpp	local	lbl_t_camera_rodata_7B0	lbl_t_camera_rodata_7B0
.rodata	0x000007B8	0x4	t_camera/db_light.cpp	local	lbl_t_camera_rodata_7B8	lbl_t_camera_rodata_7B8
.rodata	0x000007BC	0xC	t_camera/db_light.cpp	local	lbl_t_camera_rodata_7BC	lbl_t_camera_rodata_7BC
.rodata	0x000007C8	0xC	t_camera/db_light.cpp	local	lbl_t_camera_rodata_7C8	lbl_t_camera_rodata_7C8
.rodata	0x000007D4	0xC	t_camera/db_light.cpp	local	lbl_t_camera_rodata_7D4	lbl_t_camera_rodata_7D4
.rodata	0x000007E0	0xC	t_camera/db_light.cpp	local	lbl_t_camera_rodata_7E0	lbl_t_camera_rodata_7E0
.rodata	0x000007EC	0xC	t_camera/db_light.cpp	local	lbl_t_camera_rodata_7EC	lbl_t_camera_rodata_7EC
.rodata	0x000007F8	0x10	t_camera/db_light.cpp	local	lbl_t_camera_rodata_7F8	lbl_t_camera_rodata_7F8
.rodata	0x00000808	0xC	t_camera/db_light.cpp	local	lbl_t_camera_rodata_808	lbl_t_camera_rodata_808
.rodata	0x00000814	0x10	t_camera/db_light.cpp	local	lbl_t_camera_rodata_814	lbl_t_camera_rodata_814
.rodata	0x00000824	0xC	t_camera/db_light.cpp	local	lbl_t_camera_rodata_824	lbl_t_camera_rodata_824
.rodata	0x00000830	0x14	t_camera/db_light.cpp	local	lbl_t_camera_rodata_830	lbl_t_camera_rodata_830
.rodata	0x00000844	0xC	t_camera/db_light.cpp	local	lbl_t_camera_rodata_844	lbl_t_camera_rodata_844
.rodata	0x00000850	0xC	t_camera/db_light.cpp	local	lbl_t_camera_rodata_850	lbl_t_camera_rodata_850
.rodata	0x0000085C	0xC	t_camera/db_light.cpp	local	lbl_t_camera_rodata_85C	lbl_t_camera_rodata_85C
.rodata	0x00000868	0x8	t_camera/db_light.cpp	local	lbl_t_camera_rodata_868	lbl_t_camera_rodata_868
.rodata	0x00000870	0x10	t_camera/db_light.cpp	local	lbl_t_camera_rodata_870	lbl_t_camera_rodata_870
.rodata	0x00000880	0xC	t_camera/db_light.cpp	local	lbl_t_camera_rodata_880	lbl_t_camera_rodata_880
.rodata	0x0000088C	0xC	t_camera/db_light.cpp	local	lbl_t_camera_rodata_88C	lbl_t_camera_rodata_88C
.rodata	0x00000898	0x8	t_camera/db_light.cpp	local	lbl_t_camera_rodata_898	lbl_t_camera_rodata_898
.rodata	0x000008A0	0x4	t_camera/db_light.cpp	local	lbl_t_camera_rodata_8A0	lbl_t_camera_rodata_8A0
.rodata	0x000008A4	0x4	t_camera/db_light.cpp	local	lbl_t_camera_rodata_8A4	lbl_t_camera_rodata_8A4
.rodata	0x000008A8	0x4	t_camera/db_light.cpp	local	lbl_t_camera_rodata_8A8	lbl_t_camera_rodata_8A8
.rodata	0x000008AC	0x10	t_camera/db_light.cpp	local	lbl_t_camera_rodata_8AC	lbl_t_camera_rodata_8AC
.rodata	0x000008BC	0x10	t_camera/db_light.cpp	local	lbl_t_camera_rodata_8BC	lbl_t_camera_rodata_8BC
.rodata	0x000008CC	0x10	t_camera/db_light.cpp	local	lbl_t_camera_rodata_8CC	lbl_t_camera_rodata_8CC
.rodata	0x000008DC	0x4	t_camera/db_light.cpp	local	lbl_t_camera_rodata_8DC	lbl_t_camera_rodata_8DC
.rodata	0x000008E0	0x4	t_camera/db_light.cpp	local	lbl_t_camera_rodata_8E0	lbl_t_camera_rodata_8E0
.rodata	0x000008E4	0x4	t_camera/db_light.cpp	local	lbl_t_camera_rodata_8E4	lbl_t_camera_rodata_8E4
.rodata	0x000008E8	0x4	t_camera/db_light.cpp	local	lbl_t_camera_rodata_8E8	lbl_t_camera_rodata_8E8
.rodata	0x000008EC	0xC	t_camera/db_light.cpp	local	lbl_t_camera_rodata_8EC	lbl_t_camera_rodata_8EC
.rodata	0x000008F8	0x8	t_camera/db_light.cpp	local	lbl_t_camera_rodata_8F8	lbl_t_camera_rodata_8F8
.rodata	0x00000900	0x8	t_camera/db_light.cpp	local	lbl_t_camera_rodata_900	lbl_t_camera_rodata_900
.rodata	0x00000908	0x8	t_camera/db_light.cpp	local	lbl_t_camera_rodata_908	lbl_t_camera_rodata_908
.rodata	0x00000910	0x8	t_camera/db_light.cpp	local	lbl_t_camera_rodata_910	lbl_t_camera_rodata_910
.rodata	0x00000918	0x8	t_camera/db_light.cpp	local	lbl_t_camera_rodata_918	lbl_t_camera_rodata_918
.rodata	0x00000920	0x10	t_camera/db_light.cpp	local	lbl_t_camera_rodata_920	lbl_t_camera_rodata_920
.rodata	0x00000930	0x18	t_camera/db_light.cpp	local	lbl_t_camera_rodata_930	lbl_t_camera_rodata_930
.rodata	0x00000948	0x8	t_camera/db_light.cpp	local	lbl_t_camera_rodata_948	lbl_t_camera_rodata_948
.rodata	0x00000950	0xC	t_camera/db_light.cpp	local	lbl_t_camera_rodata_950	lbl_t_camera_rodata_950
.rodata	0x0000095C	0x8	t_camera/db_light.cpp	local	lbl_t_camera_rodata_95C	lbl_t_camera_rodata_95C
.rodata	0x00000964	0x10	t_camera/db_light.cpp	local	lbl_t_camera_rodata_964	lbl_t_camera_rodata_964
.rodata	0x00000974	0xC	t_camera/db_light.cpp	local	lbl_t_camera_rodata_974	lbl_t_camera_rodata_974
.rodata	0x00000980	0xC	t_camera/db_light.cpp	local	lbl_t_camera_rodata_980	lbl_t_camera_rodata_980
.rodata	0x0000098C	0xC	t_camera/db_light.cpp	local	lbl_t_camera_rodata_98C	lbl_t_camera_rodata_98C
.rodata	0x00000998	0x18	t_camera/db_light.cpp	local	lbl_t_camera_rodata_998	lbl_t_camera_rodata_998
.rodata	0x000009B0	0x1C	t_camera/db_light.cpp	local	lbl_t_camera_rodata_9B0	lbl_t_camera_rodata_9B0
.rodata	0x000009CC	0x8	t_camera/db_light.cpp	local	lbl_t_camera_rodata_9CC	lbl_t_camera_rodata_9CC
.rodata	0x000009D4	0xC	t_camera/db_light.cpp	local	lbl_t_camera_rodata_9D4	lbl_t_camera_rodata_9D4
.rodata	0x000009E0	0x10	t_camera/db_light.cpp	local	lbl_t_camera_rodata_9E0	lbl_t_camera_rodata_9E0
.rodata	0x000009F0	0x8	t_camera/db_light.cpp	local	lbl_t_camera_rodata_9F0	lbl_t_camera_rodata_9F0
.rodata	0x000009F8	0x4	t_camera/db_light.cpp	local	lbl_t_camera_rodata_9F8	lbl_t_camera_rodata_9F8
.rodata	0x000009FC	0x4	t_camera/db_light.cpp	local	lbl_t_camera_rodata_9FC	lbl_t_camera_rodata_9FC
.rodata	0x00000A00	0x14	t_camera/db_light.cpp	local	lbl_t_camera_rodata_A00	lbl_t_camera_rodata_A00
.rodata	0x00000A14	0x4	t_camera/db_light.cpp	local	lbl_t_camera_rodata_A14	lbl_t_camera_rodata_A14
.rodata	0x00000A18	0x4	t_camera/db_light.cpp	local	lbl_t_camera_rodata_A18	lbl_t_camera_rodata_A18
.rodata	0x00000A1C	0x4	t_camera/db_light.cpp	local	lbl_t_camera_rodata_A1C	lbl_t_camera_rodata_A1C
.rodata	0x00000A20	0x14	t_camera/db_light.cpp	local	lbl_t_camera_rodata_A20	lbl_t_camera_rodata_A20
.rodata	0x00000A34	0x10	t_camera/db_light.cpp	local	lbl_t_camera_rodata_A34	lbl_t_camera_rodata_A34
.rodata	0x00000A44	0x10	t_camera/db_light.cpp	local	lbl_t_camera_rodata_A44	lbl_t_camera_rodata_A44
.rodata	0x00000A54	0xC	t_camera/db_light.cpp	local	lbl_t_camera_rodata_A54	lbl_t_camera_rodata_A54
.rodata	0x00000A60	0x10	t_camera/db_light.cpp	local	lbl_t_camera_rodata_A60	lbl_t_camera_rodata_A60
.rodata	0x00000A70	0x4	t_camera/db_light.cpp	local	lbl_t_camera_rodata_A70	lbl_t_camera_rodata_A70
.rodata	0x00000A74	0x4	t_camera/db_light.cpp	local	lbl_t_camera_rodata_A74	lbl_t_camera_rodata_A74
.rodata	0x00000A78	0x4	t_camera/db_light.cpp	local	lbl_t_camera_rodata_A78	lbl_t_camera_rodata_A78
.rodata	0x00000A7C	0x4	t_camera/db_light.cpp	local	lbl_t_camera_rodata_A7C	lbl_t_camera_rodata_A7C
.rodata	0x00000A80	0x8	t_camera/db_light.cpp	local	lbl_t_camera_rodata_A80	lbl_t_camera_rodata_A80
.rodata	0x00000A88	0x8	t_camera/db_light.cpp	local	lbl_t_camera_rodata_A88	lbl_t_camera_rodata_A88
.rodata	0x00000A90	0xC	t_camera/db_light.cpp	local	lbl_t_camera_rodata_A90	lbl_t_camera_rodata_A90
.rodata	0x00000A9C	0x10	t_camera/db_light.cpp	local	lbl_t_camera_rodata_A9C	lbl_t_camera_rodata_A9C
.rodata	0x00000AAC	0x4	t_camera/db_light.cpp	local	lbl_t_camera_rodata_AAC	lbl_t_camera_rodata_AAC
.rodata	0x00000AB0	0x4	t_camera/db_light.cpp	local	lbl_t_camera_rodata_AB0	lbl_t_camera_rodata_AB0
.rodata	0x00000AB4	0x4	t_camera/db_light.cpp	local	lbl_t_camera_rodata_AB4	lbl_t_camera_rodata_AB4
.rodata	0x00000AB8	0x4	t_camera/db_light.cpp	local	lbl_t_camera_rodata_AB8	lbl_t_camera_rodata_AB8
.rodata	0x00000ABC	0x10	t_camera/db_light.cpp	local	lbl_t_camera_rodata_ABC	lbl_t_camera_rodata_ABC
.rodata	0x00000ACC	0x10	t_camera/db_light.cpp	local	lbl_t_camera_rodata_ACC	lbl_t_camera_rodata_ACC
.rodata	0x00000ADC	0x14	t_camera/db_light.cpp	local	lbl_t_camera_rodata_ADC	lbl_t_camera_rodata_ADC
.rodata	0x00000AF0	0x14	t_camera/db_light.cpp	local	lbl_t_camera_rodata_AF0	lbl_t_camera_rodata_AF0
.rodata	0x00000B04	0x18	t_camera/db_light.cpp	local	lbl_t_camera_rodata_B04	lbl_t_camera_rodata_B04
.rodata	0x00000B1C	0xC	t_camera/db_light.cpp	local	lbl_t_camera_rodata_B1C	lbl_t_camera_rodata_B1C
.rodata	0x00000B28	0xC	t_camera/db_light.cpp	local	lbl_t_camera_rodata_B28	lbl_t_camera_rodata_B28
.rodata	0x00000B34	0x10	t_camera/db_light.cpp	local	lbl_t_camera_rodata_B34	lbl_t_camera_rodata_B34
.rodata	0x00000B44	0x10	t_camera/db_light.cpp	local	lbl_t_camera_rodata_B44	lbl_t_camera_rodata_B44
.rodata	0x00000B54	0x10	t_camera/db_light.cpp	local	lbl_t_camera_rodata_B54	lbl_t_camera_rodata_B54
.rodata	0x00000B64	0x1C	t_camera/db_light.cpp	local	lbl_t_camera_rodata_B64	lbl_t_camera_rodata_B64
.rodata	0x00000B80	0x4	t_camera/db_light.cpp	local	lbl_t_camera_rodata_B80	lbl_t_camera_rodata_B80
.rodata	0x00000B84	0x4	t_camera/db_light.cpp	local	lbl_t_camera_rodata_B84	lbl_t_camera_rodata_B84
.rodata	0x00000B88	0x4	t_camera/db_light.cpp	local	lbl_t_camera_rodata_B88	lbl_t_camera_rodata_B88
.rodata	0x00000B8C	0xC	t_camera/db_light.cpp	local	lbl_t_camera_rodata_B8C	lbl_t_camera_rodata_B8C
.rodata	0x00000B98	0xC	t_camera/db_light.cpp	local	lbl_t_camera_rodata_B98	lbl_t_camera_rodata_B98
.rodata	0x00000BA4	0x10	t_camera/db_light.cpp	local	lbl_t_camera_rodata_BA4	lbl_t_camera_rodata_BA4
.rodata	0x00000BB4	0x10	t_camera/db_light.cpp	local	lbl_t_camera_rodata_BB4	lbl_t_camera_rodata_BB4
.rodata	0x00000BC4	0x4	t_camera/db_light.cpp	local	lbl_t_camera_rodata_BC4	lbl_t_camera_rodata_BC4
.rodata	0x00000BC8	0x4	t_camera/db_light.cpp	local	lbl_t_camera_rodata_BC8	lbl_t_camera_rodata_BC8
.rodata	0x00000BCC	0xC	t_camera/db_light.cpp	local	lbl_t_camera_rodata_BCC	lbl_t_camera_rodata_BCC
.rodata	0x00000BD8	0x4	t_camera/db_light.cpp	local	lbl_t_camera_rodata_BD8	lbl_t_camera_rodata_BD8
.rodata	0x00000BDC	0x4	t_camera/db_light.cpp	local	lbl_t_camera_rodata_BDC	lbl_t_camera_rodata_BDC
.rodata	0x00000BE0	0xC	t_camera/db_light.cpp	local	lbl_t_camera_rodata_BE0	lbl_t_camera_rodata_BE0
.rodata	0x00000BEC	0xC	t_camera/db_light.cpp	local	lbl_t_camera_rodata_BEC	lbl_t_camera_rodata_BEC
.rodata	0x00000BF8	0x8	t_camera/db_light.cpp	local	lbl_t_camera_rodata_BF8	lbl_t_camera_rodata_BF8
.rodata	0x00000C00	0xC	t_camera/db_light.cpp	local	lbl_t_camera_rodata_C00	lbl_t_camera_rodata_C00
.rodata	0x00000C0C	0x8	t_camera/db_light.cpp	local	lbl_t_camera_rodata_C0C	lbl_t_camera_rodata_C0C
.rodata	0x00000C14	0xC	t_camera/db_light.cpp	local	lbl_t_camera_rodata_C14	lbl_t_camera_rodata_C14
.rodata	0x00000C20	0xC	t_camera/db_light.cpp	local	lbl_t_camera_rodata_C20	lbl_t_camera_rodata_C20
.rodata	0x00000C2C	0x4	t_camera/db_light.cpp	local	lbl_t_camera_rodata_C2C	lbl_t_camera_rodata_C2C
.rodata	0x00000C30	0x4	t_camera/db_light.cpp	local	lbl_t_camera_rodata_C30	lbl_t_camera_rodata_C30
.rodata	0x00000C34	0x4	t_camera/db_light.cpp	local	lbl_t_camera_rodata_C34	lbl_t_camera_rodata_C34
.rodata	0x00000C38	0x4	t_camera/db_light.cpp	local	lbl_t_camera_rodata_C38	lbl_t_camera_rodata_C38
.rodata	0x00000C3C	0x4	t_camera/db_light.cpp	local	lbl_t_camera_rodata_C3C	lbl_t_camera_rodata_C3C
.rodata	0x00000C40	0x10	t_camera/db_light.cpp	local	lbl_t_camera_rodata_C40	lbl_t_camera_rodata_C40
.rodata	0x00000C50	0x4	t_camera/db_light.cpp	local	lbl_t_camera_rodata_C50	lbl_t_camera_rodata_C50
.rodata	0x00000C54	0x4	t_camera/db_light.cpp	local	lbl_t_camera_rodata_C54	lbl_t_camera_rodata_C54
.rodata	0x00000C58	0x4	t_camera/db_light.cpp	local	lbl_t_camera_rodata_C58	lbl_t_camera_rodata_C58
.rodata	0x00000C5C	0x18	t_camera/db_light.cpp	local	lbl_t_camera_rodata_C5C	lbl_t_camera_rodata_C5C
.rodata	0x00000C74	0xC	t_camera/db_light.cpp	local	lbl_t_camera_rodata_C74	lbl_t_camera_rodata_C74
.rodata	0x00000C80	0x18	t_camera/db_light.cpp	local	lbl_t_camera_rodata_C80	lbl_t_camera_rodata_C80
.rodata	0x00000C98	0x4	t_camera/db_light.cpp	local	lbl_t_camera_rodata_C98	lbl_t_camera_rodata_C98
.rodata	0x00000C9C	0x4	t_camera/db_light.cpp	local	lbl_t_camera_rodata_C9C	lbl_t_camera_rodata_C9C
.rodata	0x00000CA0	0x4	t_camera/db_light.cpp	local	lbl_t_camera_rodata_CA0	lbl_t_camera_rodata_CA0
.rodata	0x00000CA4	0x4	t_camera/db_light.cpp	local	lbl_t_camera_rodata_CA4	lbl_t_camera_rodata_CA4
.rodata	0x00000CA8	0x4	t_camera/db_light.cpp	local	lbl_t_camera_rodata_CA8	lbl_t_camera_rodata_CA8
.rodata	0x00000CAC	0x4	t_camera/db_light.cpp	local	lbl_t_camera_rodata_CAC	lbl_t_camera_rodata_CAC
.rodata	0x00000CB0	0x4	t_camera/db_light.cpp	local	lbl_t_camera_rodata_CB0	lbl_t_camera_rodata_CB0
.rodata	0x00000CB4	0x4	t_camera/db_light.cpp	local	lbl_t_camera_rodata_CB4	lbl_t_camera_rodata_CB4
.rodata	0x00000CB8	0x4	t_camera/db_light.cpp	local	lbl_t_camera_rodata_CB8	lbl_t_camera_rodata_CB8
.rodata	0x00000CBC	0xC	t_camera/db_light.cpp	local	lbl_t_camera_rodata_CBC	lbl_t_camera_rodata_CBC
.rodata	0x00000CC8	0xC	t_camera/db_light.cpp	local	lbl_t_camera_rodata_CC8	lbl_t_camera_rodata_CC8
.rodata	0x00000CD4	0xC	t_camera/db_light.cpp	local	lbl_t_camera_rodata_CD4	lbl_t_camera_rodata_CD4
.rodata	0x00000CE0	0xC	t_camera/db_light.cpp	local	lbl_t_camera_rodata_CE0	lbl_t_camera_rodata_CE0
.rodata	0x00000CEC	0xC	t_camera/db_light.cpp	local	lbl_t_camera_rodata_CEC	lbl_t_camera_rodata_CEC
.rodata	0x00000CF8	0xC	t_camera/db_light.cpp	local	lbl_t_camera_rodata_CF8	lbl_t_camera_rodata_CF8
.rodata	0x00000D04	0x8	t_camera/db_light.cpp	local	lbl_t_camera_rodata_D04	lbl_t_camera_rodata_D04
.rodata	0x00000D0C	0x4	t_camera/db_light.cpp	local	lbl_t_camera_rodata_D0C	lbl_t_camera_rodata_D0C
.rodata	0x00000D10	0x4	t_camera/db_light.cpp	local	lbl_t_camera_rodata_D10	lbl_t_camera_rodata_D10
.rodata	0x00000D14	0x4	t_camera/db_light.cpp	local	lbl_t_camera_rodata_D14	lbl_t_camera_rodata_D14
.rodata	0x00000D18	0x4	t_camera/db_light.cpp	local	lbl_t_camera_rodata_D18	lbl_t_camera_rodata_D18
.rodata	0x00000D1C	0x4	t_camera/db_light.cpp	local	lbl_t_camera_rodata_D1C	lbl_t_camera_rodata_D1C
.rodata	0x00000D20	0x4	t_camera/db_light.cpp	local	lbl_t_camera_rodata_D20	lbl_t_camera_rodata_D20
.rodata	0x00000D24	0x4	t_camera/db_light.cpp	local	lbl_t_camera_rodata_D24	lbl_t_camera_rodata_D24
.rodata	0x00000D28	0x4	t_camera/db_light.cpp	local	lbl_t_camera_rodata_D28	lbl_t_camera_rodata_D28
.rodata	0x00000D2C	0x4	t_camera/db_light.cpp	local	lbl_t_camera_rodata_D2C	lbl_t_camera_rodata_D2C
.rodata	0x00000D30	0x8	t_camera/db_light.cpp	local	lbl_t_camera_rodata_D30	lbl_t_camera_rodata_D30
.rodata	0x00000D38	0x8	t_camera/db_light.cpp	local	lbl_t_camera_rodata_D38	lbl_t_camera_rodata_D38
.rodata	0x00000D40	0x4	t_camera/db_light.cpp	local	lbl_t_camera_rodata_D40	lbl_t_camera_rodata_D40
.rodata	0x00000D44	0x4	t_camera/db_light.cpp	local	lbl_t_camera_rodata_D44	lbl_t_camera_rodata_D44
.rodata	0x00000D48	0x8	t_camera/db_light.cpp	local	lbl_t_camera_rodata_D48	lbl_t_camera_rodata_D48
.rodata	0x00000D50	0x4	t_camera/db_light.cpp	local	lbl_t_camera_rodata_D50	lbl_t_camera_rodata_D50
.rodata	0x00000D54	0x4	t_camera/db_light.cpp	local	lbl_t_camera_rodata_D54	lbl_t_camera_rodata_D54
.rodata	0x00000D58	0x4	t_camera/db_light.cpp	local	lbl_t_camera_rodata_D58	lbl_t_camera_rodata_D58
.rodata	0x00000D5C	0x4	t_camera/db_light.cpp	local	lbl_t_camera_rodata_D5C	lbl_t_camera_rodata_D5C
.rodata	0x00000D60	0xC	t_camera/db_light.cpp	local	lbl_t_camera_rodata_D60	lbl_t_camera_rodata_D60
.rodata	0x00000D6C	0xC	t_camera/db_light.cpp	local	lbl_t_camera_rodata_D6C	lbl_t_camera_rodata_D6C
.rodata	0x00000D78	0xC	t_camera/db_light.cpp	local	lbl_t_camera_rodata_D78	lbl_t_camera_rodata_D78
.rodata	0x00000D84	0x4	t_camera/db_light.cpp	local	lbl_t_camera_rodata_D84	lbl_t_camera_rodata_D84
.rodata	0x00000D88	0x4	t_camera/db_light.cpp	local	lbl_t_camera_rodata_D88	lbl_t_camera_rodata_D88
.rodata	0x00000D8C	0x4	t_camera/db_light.cpp	local	lbl_t_camera_rodata_D8C	lbl_t_camera_rodata_D8C
.rodata	0x00000D90	0x4	t_camera/db_light.cpp	local	lbl_t_camera_rodata_D90	lbl_t_camera_rodata_D90
.rodata	0x00000D94	0x4	t_camera/db_light.cpp	local	lbl_t_camera_rodata_D94	lbl_t_camera_rodata_D94
.rodata	0x00000D98	0x4	t_camera/db_light.cpp	local	lbl_t_camera_rodata_D98	lbl_t_camera_rodata_D98
.rodata	0x00000D9C	0x4	t_camera/db_light.cpp	local	lbl_t_camera_rodata_D9C	lbl_t_camera_rodata_D9C
.rodata	0x00000DA0	0x4	t_camera/db_light.cpp	local	lbl_t_camera_rodata_DA0	lbl_t_camera_rodata_DA0
.rodata	0x00000DA4	0x8	t_camera/db_light.cpp	local	lbl_t_camera_rodata_DA4	lbl_t_camera_rodata_DA4
.rodata	0x00000DAC	0xC	t_camera/db_light.cpp	local	lbl_t_camera_rodata_DAC	lbl_t_camera_rodata_DAC
.rodata	0x00000DB8	0x10	t_camera/db_light.cpp	local	lbl_t_camera_rodata_DB8	lbl_t_camera_rodata_DB8
.rodata	0x00000DC8	0x10	t_camera/db_light.cpp	local	lbl_t_camera_rodata_DC8	lbl_t_camera_rodata_DC8
.rodata	0x00000DD8	0x8	t_camera/db_light.cpp	local	lbl_t_camera_rodata_DD8	lbl_t_camera_rodata_DD8
.rodata	0x00000DE0	0x10	t_camera/db_light.cpp	local	lbl_t_camera_rodata_DE0	lbl_t_camera_rodata_DE0
.rodata	0x00000DF0	0x4	t_camera/db_light.cpp	local	lbl_t_camera_rodata_DF0	lbl_t_camera_rodata_DF0
.rodata	0x00000DF4	0x4	t_camera/db_light.cpp	local	lbl_t_camera_rodata_DF4	lbl_t_camera_rodata_DF4
.rodata	0x00000DF8	0x4	t_camera/db_light.cpp	local	lbl_t_camera_rodata_DF8	lbl_t_camera_rodata_DF8
.rodata	0x00000DFC	0x4	t_camera/db_light.cpp	local	lbl_t_camera_rodata_DFC	lbl_t_camera_rodata_DFC
.rodata	0x00000E00	0x4	t_camera/db_light.cpp	local	lbl_t_camera_rodata_E00	lbl_t_camera_rodata_E00
.rodata	0x00000E04	0x8	t_camera/db_light.cpp	local	lbl_t_camera_rodata_E04	lbl_t_camera_rodata_E04
.rodata	0x00000E0C	0x4	t_camera/db_light.cpp	local	lbl_t_camera_rodata_E0C	lbl_t_camera_rodata_E0C
.rodata	0x00000E10	0x10	t_camera/db_light.cpp	local	lbl_t_camera_rodata_E10	lbl_t_camera_rodata_E10
.rodata	0x00000E20	0x10	t_camera/db_light.cpp	local	lbl_t_camera_rodata_E20	lbl_t_camera_rodata_E20
.rodata	0x00000E30	0xC	t_camera/db_light.cpp	local	lbl_t_camera_rodata_E30	lbl_t_camera_rodata_E30
.rodata	0x00000E3C	0xC	t_camera/db_light.cpp	local	lbl_t_camera_rodata_E3C	lbl_t_camera_rodata_E3C
.rodata	0x00000E48	0xC	t_camera/db_light.cpp	local	lbl_t_camera_rodata_E48	lbl_t_camera_rodata_E48
.rodata	0x00000E54	0x4	t_camera/db_light.cpp	local	lbl_t_camera_rodata_E54	lbl_t_camera_rodata_E54
.rodata	0x00000E58	0x4	t_camera/db_light.cpp	local	lbl_t_camera_rodata_E58	lbl_t_camera_rodata_E58
.rodata	0x00000E5C	0x4	t_camera/db_light.cpp	local	lbl_t_camera_rodata_E5C	lbl_t_camera_rodata_E5C
.rodata	0x00000E60	0x4	t_camera/db_light.cpp	local	lbl_t_camera_rodata_E60	lbl_t_camera_rodata_E60
.rodata	0x00000E64	0x4	t_camera/db_light.cpp	local	lbl_t_camera_rodata_E64	lbl_t_camera_rodata_E64
.rodata	0x00000E68	0x8	t_camera/db_light.cpp	local	lbl_t_camera_rodata_E68	lbl_t_camera_rodata_E68
.rodata	0x00000E70	0x8	t_camera/db_light.cpp	local	lbl_t_camera_rodata_E70	lbl_t_camera_rodata_E70
.rodata	0x00000E78	0x4	t_camera/db_light.cpp	local	lbl_t_camera_rodata_E78	lbl_t_camera_rodata_E78
.rodata	0x00000E7C	0x4	t_camera/db_light.cpp	local	lbl_t_camera_rodata_E7C	lbl_t_camera_rodata_E7C
.rodata	0x00000E80	0x8	t_camera/db_light.cpp	local	lbl_t_camera_rodata_E80	lbl_t_camera_rodata_E80
.rodata	0x00000E88	0x4	t_camera/db_light.cpp	local	lbl_t_camera_rodata_E88	lbl_t_camera_rodata_E88
.rodata	0x00000E8C	0xC	t_camera/db_light.cpp	local	lbl_t_camera_rodata_E8C	lbl_t_camera_rodata_E8C
.rodata	0x00000E98	0x10	t_camera/db_light.cpp	local	lbl_t_camera_rodata_E98	lbl_t_camera_rodata_E98
.rodata	0x00000EA8	0xC	t_camera/db_light.cpp	local	lbl_t_camera_rodata_EA8	lbl_t_camera_rodata_EA8
.rodata	0x00000EB4	0xC	t_camera/db_light.cpp	local	lbl_t_camera_rodata_EB4	lbl_t_camera_rodata_EB4
.rodata	0x00000EC0	0xC	t_camera/db_light.cpp	local	lbl_t_camera_rodata_EC0	lbl_t_camera_rodata_EC0
.rodata	0x00000ECC	0xC	t_camera/db_light.cpp	local	lbl_t_camera_rodata_ECC	lbl_t_camera_rodata_ECC
.rodata	0x00000ED8	0xC	t_camera/db_light.cpp	local	lbl_t_camera_rodata_ED8	lbl_t_camera_rodata_ED8
.rodata	0x00000EE4	0xC	t_camera/db_light.cpp	local	lbl_t_camera_rodata_EE4	lbl_t_camera_rodata_EE4
.rodata	0x00000EF0	0xC	t_camera/db_light.cpp	local	lbl_t_camera_rodata_EF0	lbl_t_camera_rodata_EF0
.rodata	0x00000EFC	0xC	t_camera/db_light.cpp	local	lbl_t_camera_rodata_EFC	lbl_t_camera_rodata_EFC
.rodata	0x00000F08	0x4	t_camera/db_light.cpp	local	lbl_t_camera_rodata_F08	lbl_t_camera_rodata_F08
.rodata	0x00000F0C	0x4	t_camera/db_light.cpp	local	lbl_t_camera_rodata_F0C	lbl_t_camera_rodata_F0C
.rodata	0x00000F10	0x4	t_camera/db_light.cpp	local	lbl_t_camera_rodata_F10	lbl_t_camera_rodata_F10
.rodata	0x00000F14	0x4	t_camera/db_light.cpp	local	lbl_t_camera_rodata_F14	lbl_t_camera_rodata_F14
.rodata	0x00000F18	0x4	t_camera/db_light.cpp	local	lbl_t_camera_rodata_F18	lbl_t_camera_rodata_F18
.rodata	0x00000F1C	0x4	t_camera/db_light.cpp	local	lbl_t_camera_rodata_F1C	lbl_t_camera_rodata_F1C
.rodata	0x00000F20	0xC	t_camera/db_light.cpp	local	lbl_t_camera_rodata_F20	lbl_t_camera_rodata_F20
.rodata	0x00000F2C	0xC	t_camera/db_light.cpp	local	lbl_t_camera_rodata_F2C	lbl_t_camera_rodata_F2C
.rodata	0x00000F38	0x10	t_camera/db_light.cpp	local	lbl_t_camera_rodata_F38	lbl_t_camera_rodata_F38
.rodata	0x00000F48	0xC	t_camera/db_light.cpp	local	lbl_t_camera_rodata_F48	lbl_t_camera_rodata_F48
.rodata	0x00000F54	0x4	t_camera/db_light.cpp	local	lbl_t_camera_rodata_F54	lbl_t_camera_rodata_F54
.rodata	0x00000F58	0x4	t_camera/db_light.cpp	local	lbl_t_camera_rodata_F58	lbl_t_camera_rodata_F58
.rodata	0x00000F5C	0x4	t_camera/db_light.cpp	local	lbl_t_camera_rodata_F5C	lbl_t_camera_rodata_F5C
.rodata	0x00000F60	0x4	t_camera/db_light.cpp	local	lbl_t_camera_rodata_F60	lbl_t_camera_rodata_F60
.rodata	0x00000F64	0x4	t_camera/db_light.cpp	local	lbl_t_camera_rodata_F64	lbl_t_camera_rodata_F64
.rodata	0x00000F68	0x4	t_camera/db_light.cpp	local	lbl_t_camera_rodata_F68	lbl_t_camera_rodata_F68
.rodata	0x00000F6C	0x8	t_camera/db_light.cpp	local	lbl_t_camera_rodata_F6C	lbl_t_camera_rodata_F6C
.rodata	0x00000F74	0x4	t_camera/db_light.cpp	local	lbl_t_camera_rodata_F74	lbl_t_camera_rodata_F74
.rodata	0x00000F78	0x8	t_camera/db_light.cpp	local	lbl_t_camera_rodata_F78	lbl_t_camera_rodata_F78
.rodata	0x00000F80	0x8	t_camera/db_light.cpp	local	lbl_t_camera_rodata_F80	lbl_t_camera_rodata_F80
.rodata	0x00000F88	0x4	t_camera/db_light.cpp	local	lbl_t_camera_rodata_F88	lbl_t_camera_rodata_F88
.rodata	0x00000F8C	0x4	t_camera/db_light.cpp	local	lbl_t_camera_rodata_F8C	lbl_t_camera_rodata_F8C
.rodata	0x00000F90	0x4	t_camera/db_light.cpp	local	lbl_t_camera_rodata_F90	lbl_t_camera_rodata_F90
.rodata	0x00000F94	0x4	t_camera/db_light.cpp	local	lbl_t_camera_rodata_F94	lbl_t_camera_rodata_F94
.rodata	0x00000F98	0x4	t_camera/db_light.cpp	local	lbl_t_camera_rodata_F98	lbl_t_camera_rodata_F98
.rodata	0x00000F9C	0x4	t_camera/db_light.cpp	local	lbl_t_camera_rodata_F9C	lbl_t_camera_rodata_F9C
.rodata	0x00000FA0	0x4	t_camera/db_light.cpp	local	lbl_t_camera_rodata_FA0	lbl_t_camera_rodata_FA0
.rodata	0x00000FA4	0x4	t_camera/db_light.cpp	local	lbl_t_camera_rodata_FA4	lbl_t_camera_rodata_FA4
.rodata	0x00000FA8	0x4	t_camera/db_light.cpp	local	lbl_t_camera_rodata_FA8	lbl_t_camera_rodata_FA8
.rodata	0x00000FAC	0x14	t_camera/db_light.cpp	local	lbl_t_camera_rodata_FAC	lbl_t_camera_rodata_FAC
.rodata	0x00000FC0	0x14	t_camera/db_light.cpp	local	lbl_t_camera_rodata_FC0	lbl_t_camera_rodata_FC0
.rodata	0x00000FD4	0xC	t_camera/db_light.cpp	local	lbl_t_camera_rodata_FD4	lbl_t_camera_rodata_FD4
.rodata	0x00000FE0	0x10	t_camera/db_light.cpp	local	lbl_t_camera_rodata_FE0	lbl_t_camera_rodata_FE0
.rodata	0x00000FF0	0x10	t_camera/db_light.cpp	local	lbl_t_camera_rodata_FF0	lbl_t_camera_rodata_FF0
.rodata	0x00001000	0x10	t_camera/db_light.cpp	local	lbl_t_camera_rodata_1000	lbl_t_camera_rodata_1000
.rodata	0x00001010	0x10	t_camera/db_light.cpp	local	lbl_t_camera_rodata_1010	lbl_t_camera_rodata_1010
.rodata	0x00001020	0x8	t_camera/db_light.cpp	local	lbl_t_camera_rodata_1020	lbl_t_camera_rodata_1020
.rodata	0x00001028	0x8	t_camera/db_light.cpp	local	lbl_t_camera_rodata_1028	lbl_t_camera_rodata_1028
.rodata	0x00001030	0x4	t_camera/db_light.cpp	local	lbl_t_camera_rodata_1030	lbl_t_camera_rodata_1030
.rodata	0x00001034	0x4	t_camera/db_light.cpp	local	lbl_t_camera_rodata_1034	lbl_t_camera_rodata_1034
.rodata	0x00001038	0x4	t_camera/db_light.cpp	local	lbl_t_camera_rodata_1038	lbl_t_camera_rodata_1038
.rodata	0x0000103C	0x4	t_camera/db_light.cpp	local	lbl_t_camera_rodata_103C	lbl_t_camera_rodata_103C
.rodata	0x00001040	0x4	t_camera/db_light.cpp	local	lbl_t_camera_rodata_1040	lbl_t_camera_rodata_1040
.rodata	0x00001044	0x4	t_camera/db_light.cpp	local	lbl_t_camera_rodata_1044	lbl_t_camera_rodata_1044
.rodata	0x00001048	0x4	t_camera/db_light.cpp	local	lbl_t_camera_rodata_1048	lbl_t_camera_rodata_1048
.rodata	0x0000104C	0x4	t_camera/db_light.cpp	local	lbl_t_camera_rodata_104C	lbl_t_camera_rodata_104C
.rodata	0x00001050	0x4	t_camera/db_light.cpp	local	lbl_t_camera_rodata_1050	lbl_t_camera_rodata_1050
.rodata	0x00001054	0xC	t_camera/db_light.cpp	local	lbl_t_camera_rodata_1054	lbl_t_camera_rodata_1054
.rodata	0x00001060	0x8	t_camera/db_light.cpp	local	lbl_t_camera_rodata_1060	lbl_t_camera_rodata_1060
.rodata	0x00001068	0xC	t_camera/db_light.cpp	local	lbl_t_camera_rodata_1068	lbl_t_camera_rodata_1068
.rodata	0x00001074	0xC	t_camera/db_light.cpp	local	lbl_t_camera_rodata_1074	lbl_t_camera_rodata_1074
.rodata	0x00001080	0x8	t_camera/db_light.cpp	local	lbl_t_camera_rodata_1080	lbl_t_camera_rodata_1080
.rodata	0x00001088	0x8	t_camera/db_light.cpp	local	lbl_t_camera_rodata_1088	lbl_t_camera_rodata_1088
.rodata	0x00001090	0x10	t_camera/db_light.cpp	local	lbl_t_camera_rodata_1090	lbl_t_camera_rodata_1090
.rodata	0x000010A0	0xC	t_camera/db_light.cpp	local	lbl_t_camera_rodata_10A0	lbl_t_camera_rodata_10A0
.rodata	0x000010AC	0x10	t_camera/db_light.cpp	local	lbl_t_camera_rodata_10AC	lbl_t_camera_rodata_10AC
.rodata	0x000010BC	0x18	t_camera/db_light.cpp	local	lbl_t_camera_rodata_10BC	lbl_t_camera_rodata_10BC
.rodata	0x000010D4	0x10	t_camera/db_light.cpp	local	lbl_t_camera_rodata_10D4	lbl_t_camera_rodata_10D4
.rodata	0x000010E4	0x14	t_camera/db_light.cpp	local	lbl_t_camera_rodata_10E4	lbl_t_camera_rodata_10E4
.rodata	0x000010F8	0x14	t_camera/db_light.cpp	local	lbl_t_camera_rodata_10F8	lbl_t_camera_rodata_10F8
.rodata	0x0000110C	0x14	t_camera/db_light.cpp	local	lbl_t_camera_rodata_110C	lbl_t_camera_rodata_110C
.rodata	0x00001120	0x14	t_camera/db_light.cpp	local	lbl_t_camera_rodata_1120	lbl_t_camera_rodata_1120
.rodata	0x00001134	0x14	t_camera/db_light.cpp	local	lbl_t_camera_rodata_1134	lbl_t_camera_rodata_1134
.rodata	0x00001148	0xC	t_camera/db_light.cpp	local	lbl_t_camera_rodata_1148	lbl_t_camera_rodata_1148
.rodata	0x00001154	0x18	t_camera/db_light.cpp	local	lbl_t_camera_rodata_1154	lbl_t_camera_rodata_1154
.rodata	0x0000116C	0x14	t_camera/db_light.cpp	local	lbl_t_camera_rodata_116C	lbl_t_camera_rodata_116C
.rodata	0x00001180	0x14	t_camera/db_light.cpp	local	lbl_t_camera_rodata_1180	lbl_t_camera_rodata_1180
.rodata	0x00001194	0x18	t_camera/db_light.cpp	local	lbl_t_camera_rodata_1194	lbl_t_camera_rodata_1194
.rodata	0x000011AC	0x18	t_camera/db_light.cpp	local	lbl_t_camera_rodata_11AC	lbl_t_camera_rodata_11AC
.rodata	0x000011C4	0x18	t_camera/db_light.cpp	local	lbl_t_camera_rodata_11C4	lbl_t_camera_rodata_11C4
.rodata	0x000011DC	0x14	t_camera/db_light.cpp	local	lbl_t_camera_rodata_11DC	lbl_t_camera_rodata_11DC
.rodata	0x000011F0	0x8	t_camera/db_light.cpp	local	lbl_t_camera_rodata_11F0	lbl_t_camera_rodata_11F0
.rodata	0x000011F8	0x4	t_camera/db_light.cpp	local	lbl_t_camera_rodata_11F8	lbl_t_camera_rodata_11F8
.rodata	0x000011FC	0x4	t_camera/db_light.cpp	local	lbl_t_camera_rodata_11FC	lbl_t_camera_rodata_11FC
.rodata	0x00001200	0x4	t_camera/db_light.cpp	local	lbl_t_camera_rodata_1200	lbl_t_camera_rodata_1200
.rodata	0x00001204	0x4	t_camera/db_light.cpp	local	lbl_t_camera_rodata_1204	lbl_t_camera_rodata_1204
.rodata	0x00001208	0x4	t_camera/db_light.cpp	local	lbl_t_camera_rodata_1208	lbl_t_camera_rodata_1208
.rodata	0x0000120C	0x4	t_camera/db_light.cpp	local	lbl_t_camera_rodata_120C	lbl_t_camera_rodata_120C
.rodata	0x00001210	0x4	t_camera/db_light.cpp	local	lbl_t_camera_rodata_1210	lbl_t_camera_rodata_1210
.rodata	0x00001214	0x8	t_camera/db_light.cpp	local	lbl_t_camera_rodata_1214	lbl_t_camera_rodata_1214
.rodata	0x0000121C	0x4	t_camera/db_light.cpp	local	lbl_t_camera_rodata_121C	lbl_t_camera_rodata_121C
.rodata	0x00001220	0x4	t_camera/db_light.cpp	local	lbl_t_camera_rodata_1220	lbl_t_camera_rodata_1220
.rodata	0x00001224	0x3C	t_camera/db_light.cpp	local	lbl_t_camera_rodata_1224	lbl_t_camera_rodata_1224
.rodata	0x00001260	0x3C	t_camera/db_light.cpp	local	lbl_t_camera_rodata_1260	lbl_t_camera_rodata_1260
.rodata	0x0000129C	0x4	t_camera/db_light.cpp	local	lbl_t_camera_rodata_129C	lbl_t_camera_rodata_129C
.rodata	0x000012A0	0x4	t_camera/db_light.cpp	local	lbl_t_camera_rodata_12A0	lbl_t_camera_rodata_12A0
.rodata	0x000012A4	0x4	t_camera/db_light.cpp	local	lbl_t_camera_rodata_12A4	lbl_t_camera_rodata_12A4
.rodata	0x000012A8	0x4	t_camera/db_light.cpp	local	lbl_t_camera_rodata_12A8	lbl_t_camera_rodata_12A8
.rodata	0x000012AC	0x4	t_camera/db_light.cpp	local	lbl_t_camera_rodata_12AC	lbl_t_camera_rodata_12AC
.rodata	0x000012B0	0x14	t_camera/db_light.cpp	local	lbl_t_camera_rodata_12B0	lbl_t_camera_rodata_12B0
.rodata	0x000012C4	0x4	t_camera/db_light.cpp	local	lbl_t_camera_rodata_12C4	lbl_t_camera_rodata_12C4
.rodata	0x000012C8	0x4	t_camera/db_light.cpp	local	lbl_t_camera_rodata_12C8	lbl_t_camera_rodata_12C8
.rodata	0x000012CC	0x8	t_camera/db_light.cpp	local	lbl_t_camera_rodata_12CC	lbl_t_camera_rodata_12CC
.rodata	0x000012D4	0x8	t_camera/db_light.cpp	local	lbl_t_camera_rodata_12D4	lbl_t_camera_rodata_12D4
.rodata	0x000012DC	0x8	t_camera/db_light.cpp	local	lbl_t_camera_rodata_12DC	lbl_t_camera_rodata_12DC
.rodata	0x000012E4	0x4	t_camera/db_light.cpp	local	lbl_t_camera_rodata_12E4	lbl_t_camera_rodata_12E4
.rodata	0x000012E8	0x8	t_camera/db_light.cpp	local	lbl_t_camera_rodata_12E8	lbl_t_camera_rodata_12E8
.rodata	0x000012F0	0xC	t_camera/db_light.cpp	local	lbl_t_camera_rodata_12F0	lbl_t_camera_rodata_12F0
.rodata	0x000012FC	0x4	t_camera/db_light.cpp	local	lbl_t_camera_rodata_12FC	lbl_t_camera_rodata_12FC
.rodata	0x00001300	0x4	t_camera/db_light.cpp	local	lbl_t_camera_rodata_1300	lbl_t_camera_rodata_1300
.rodata	0x00001304	0x4	t_camera/db_light.cpp	local	lbl_t_camera_rodata_1304	lbl_t_camera_rodata_1304
.rodata	0x00001308	0x4	t_camera/db_light.cpp	local	lbl_t_camera_rodata_1308	lbl_t_camera_rodata_1308
.rodata	0x0000130C	0x4	t_camera/db_light.cpp	local	lbl_t_camera_rodata_130C	lbl_t_camera_rodata_130C
.rodata	0x00001310	0x4	t_camera/db_light.cpp	local	lbl_t_camera_rodata_1310	lbl_t_camera_rodata_1310
.rodata	0x00001314	0x4	t_camera/db_light.cpp	local	lbl_t_camera_rodata_1314	lbl_t_camera_rodata_1314
.rodata	0x00001318	0x28	t_camera/db_light.cpp	local	lbl_t_camera_rodata_1318	lbl_t_camera_rodata_1318
.rodata	0x00001340	0x1C	t_camera/db_light.cpp	local	lbl_t_camera_rodata_1340	lbl_t_camera_rodata_1340
.rodata	0x0000135C	0x28	t_camera/db_light.cpp	local	lbl_t_camera_rodata_135C	lbl_t_camera_rodata_135C
.rodata	0x00001384	0x8	t_camera/db_light.cpp	local	lbl_t_camera_rodata_1384	lbl_t_camera_rodata_1384
.rodata	0x0000138C	0x8	t_camera/db_light.cpp	local	lbl_t_camera_rodata_138C	lbl_t_camera_rodata_138C
.rodata	0x00001394	0x8	t_camera/db_light.cpp	local	lbl_t_camera_rodata_1394	lbl_t_camera_rodata_1394
.rodata	0x0000139C	0x8	t_camera/db_light.cpp	local	lbl_t_camera_rodata_139C	lbl_t_camera_rodata_139C
.rodata	0x000013A4	0x8	t_camera/db_light.cpp	local	lbl_t_camera_rodata_13A4	lbl_t_camera_rodata_13A4
.rodata	0x000013AC	0x8	t_camera/db_light.cpp	local	lbl_t_camera_rodata_13AC	lbl_t_camera_rodata_13AC
.rodata	0x000013B4	0x4	t_camera/db_light.cpp	local	lbl_t_camera_rodata_13B4	lbl_t_camera_rodata_13B4
.rodata	0x000013B8	0x4	t_camera/db_light.cpp	local	lbl_t_camera_rodata_13B8	lbl_t_camera_rodata_13B8
.rodata	0x000013BC	0x4	t_camera/db_light.cpp	local	lbl_t_camera_rodata_13BC	lbl_t_camera_rodata_13BC
.rodata	0x000013C0	0x4	t_camera/db_light.cpp	local	lbl_t_camera_rodata_13C0	lbl_t_camera_rodata_13C0
.rodata	0x000013C4	0x4	t_camera/db_light.cpp	local	lbl_t_camera_rodata_13C4	lbl_t_camera_rodata_13C4
.rodata	0x000013C8	0x4	t_camera/db_light.cpp	local	lbl_t_camera_rodata_13C8	lbl_t_camera_rodata_13C8
.rodata	0x000013CC	0x4	t_camera/db_light.cpp	local	lbl_t_camera_rodata_13CC	lbl_t_camera_rodata_13CC
.rodata	0x000013D0	0x4	t_camera/db_light.cpp	local	lbl_t_camera_rodata_13D0	lbl_t_camera_rodata_13D0
.rodata	0x000013D4	0x8	t_camera/db_light.cpp	local	lbl_t_camera_rodata_13D4	lbl_t_camera_rodata_13D4
.rodata	0x000013DC	0x4	t_camera/db_light.cpp	local	lbl_t_camera_rodata_13DC	lbl_t_camera_rodata_13DC
.rodata	0x000013E0	0x8	t_camera/db_light.cpp	local	lbl_t_camera_rodata_13E0	lbl_t_camera_rodata_13E0
.rodata	0x000013E8	0x8	t_camera/db_light.cpp	local	lbl_t_camera_rodata_13E8	lbl_t_camera_rodata_13E8
.rodata	0x000013F0	0xC	t_camera/db_light.cpp	local	lbl_t_camera_rodata_13F0	lbl_t_camera_rodata_13F0
.rodata	0x000013FC	0x8	t_camera/db_light.cpp	local	lbl_t_camera_rodata_13FC	lbl_t_camera_rodata_13FC
.rodata	0x00001404	0x4	t_camera/db_light.cpp	local	lbl_t_camera_rodata_1404	lbl_t_camera_rodata_1404
.rodata	0x00001408	0x4	t_camera/db_light.cpp	local	lbl_t_camera_rodata_1408	lbl_t_camera_rodata_1408
.rodata	0x0000140C	0x4	t_camera/db_light.cpp	local	lbl_t_camera_rodata_140C	lbl_t_camera_rodata_140C
.rodata	0x00001410	0xC	t_camera/db_light.cpp	local	lbl_t_camera_rodata_1410	lbl_t_camera_rodata_1410
.rodata	0x0000141C	0x4	t_camera/db_light.cpp	local	lbl_t_camera_rodata_141C	lbl_t_camera_rodata_141C
.rodata	0x00001420	0x4	t_camera/db_light.cpp	local	lbl_t_camera_rodata_1420	lbl_t_camera_rodata_1420
.rodata	0x00001424	0x4	t_camera/db_light.cpp	local	lbl_t_camera_rodata_1424	lbl_t_camera_rodata_1424
.rodata	0x00001428	0x4	t_camera/db_light.cpp	local	lbl_t_camera_rodata_1428	lbl_t_camera_rodata_1428
.rodata	0x0000142C	0x4	t_camera/db_light.cpp	local	lbl_t_camera_rodata_142C	lbl_t_camera_rodata_142C
.rodata	0x00001430	0x8	t_camera/db_light.cpp	local	lbl_t_camera_rodata_1430	lbl_t_camera_rodata_1430
.rodata	0x00001438	0x8	t_camera/db_light.cpp	local	lbl_t_camera_rodata_1438	lbl_t_camera_rodata_1438
.rodata	0x00001440	0x4	t_camera/db_light.cpp	local	lbl_t_camera_rodata_1440	lbl_t_camera_rodata_1440
.rodata	0x00001444	0x18	t_camera/db_light.cpp	local	lbl_t_camera_rodata_1444	lbl_t_camera_rodata_1444
.rodata	0x0000145C	0x8	t_camera/db_light.cpp	local	lbl_t_camera_rodata_145C	lbl_t_camera_rodata_145C
.rodata	0x00001464	0x8	t_camera/db_light.cpp	local	lbl_t_camera_rodata_1464	lbl_t_camera_rodata_1464
.rodata	0x0000146C	0xC	t_camera/db_light.cpp	local	lbl_t_camera_rodata_146C	lbl_t_camera_rodata_146C
.rodata	0x00001478	0x8	t_camera/db_light.cpp	local	lbl_t_camera_rodata_1478	lbl_t_camera_rodata_1478
.rodata	0x00001480	0x4	t_camera/db_light.cpp	local	lbl_t_camera_rodata_1480	lbl_t_camera_rodata_1480
.rodata	0x00001484	0x14	t_camera/db_light.cpp	local	lbl_t_camera_rodata_1484	lbl_t_camera_rodata_1484
.rodata	0x00001498	0x4	t_camera/db_light.cpp	local	lbl_t_camera_rodata_1498	lbl_t_camera_rodata_1498
.rodata	0x0000149C	0x4	t_camera/db_light.cpp	local	lbl_t_camera_rodata_149C	lbl_t_camera_rodata_149C
.rodata	0x000014A0	0x4	t_camera/db_light.cpp	local	lbl_t_camera_rodata_14A0	lbl_t_camera_rodata_14A0
.rodata	0x000014A4	0x4	t_camera/db_light.cpp	local	lbl_t_camera_rodata_14A4	lbl_t_camera_rodata_14A4
.rodata	0x000014A8	0x4	t_camera/db_light.cpp	local	lbl_t_camera_rodata_14A8	lbl_t_camera_rodata_14A8
.rodata	0x000014AC	0x4	t_camera/db_light.cpp	local	lbl_t_camera_rodata_14AC	lbl_t_camera_rodata_14AC
.rodata	0x000014B0	0x8	t_camera/db_light.cpp	local	lbl_t_camera_rodata_14B0	lbl_t_camera_rodata_14B0
.rodata	0x000014B8	0x8	t_camera/db_light.cpp	local	lbl_t_camera_rodata_14B8	lbl_t_camera_rodata_14B8
.rodata	0x000014C0	0x8	t_camera/db_light.cpp	local	lbl_t_camera_rodata_14C0	lbl_t_camera_rodata_14C0
.rodata	0x000014C8	0x8	t_camera/db_light.cpp	local	lbl_t_camera_rodata_14C8	lbl_t_camera_rodata_14C8
.rodata	0x000014D0	0x8	t_camera/db_light.cpp	local	lbl_t_camera_rodata_14D0	lbl_t_camera_rodata_14D0
.rodata	0x000014D8	0x4	t_camera/db_light.cpp	local	lbl_t_camera_rodata_14D8	lbl_t_camera_rodata_14D8
.rodata	0x000014DC	0x4	t_camera/db_light.cpp	local	lbl_t_camera_rodata_14DC	lbl_t_camera_rodata_14DC
.rodata	0x000014E0	0x4	t_camera/db_light.cpp	local	lbl_t_camera_rodata_14E0	lbl_t_camera_rodata_14E0
.rodata	0x000014E4	0x4	t_camera/db_light.cpp	local	lbl_t_camera_rodata_14E4	lbl_t_camera_rodata_14E4
.rodata	0x000014E8	0x8	t_camera/db_light.cpp	local	lbl_t_camera_rodata_14E8	lbl_t_camera_rodata_14E8
.rodata	0x000014F0	0x8	t_camera/db_light.cpp	local	lbl_t_camera_rodata_14F0	lbl_t_camera_rodata_14F0
.rodata	0x000014F8	0x24	t_camera/db_light.cpp	local	lbl_t_camera_rodata_14F8	lbl_t_camera_rodata_14F8
.rodata	0x0000151C	0x28	t_camera/db_light.cpp	local	lbl_t_camera_rodata_151C	lbl_t_camera_rodata_151C
.rodata	0x00001544	0x28	t_camera/db_light.cpp	local	lbl_t_camera_rodata_1544	lbl_t_camera_rodata_1544
.rodata	0x0000156C	0x38	t_camera/db_light.cpp	local	lbl_t_camera_rodata_156C	lbl_t_camera_rodata_156C
.rodata	0x000015A4	0x28	t_camera/db_light.cpp	local	lbl_t_camera_rodata_15A4	lbl_t_camera_rodata_15A4
.rodata	0x000015CC	0x1C	t_camera/db_light.cpp	local	lbl_t_camera_rodata_15CC	lbl_t_camera_rodata_15CC
.rodata	0x000015E8	0x20	t_camera/db_light.cpp	global	_vt.t8cVarLoop1ZUc	_vt.t8cVarLoop1ZUc
.rodata	0x00001608	0x28	t_camera/db_light.cpp	global	_vt.5cUnit	_vt.5cUnit
.rodata	0x00001630	0x4	t_camera/db_light.cpp	local	blackTemplate	blackTemplate
.rodata	0x00001634	0xC	t_camera/db_light.cpp	local	yAxis	yAxis
.rodata	0x00001694	0xC	t_camera/t_camera.cpp	local	lbl_t_camera_rodata_1694	lbl_t_camera_rodata_1694
.rodata	0x000016A0	0xC	t_camera/t_camera.cpp	local	lbl_t_camera_rodata_16A0	lbl_t_camera_rodata_16A0
.rodata	0x000016AC	0xC	t_camera/t_camera.cpp	local	lbl_t_camera_rodata_16AC	lbl_t_camera_rodata_16AC
.rodata	0x000016B8	0xC	t_camera/t_camera.cpp	local	lbl_t_camera_rodata_16B8	lbl_t_camera_rodata_16B8
.rodata	0x000016C4	0xC	t_camera/t_camera.cpp	local	lbl_t_camera_rodata_16C4	lbl_t_camera_rodata_16C4
.rodata	0x000016D0	0xC	t_camera/t_camera.cpp	local	lbl_t_camera_rodata_16D0	lbl_t_camera_rodata_16D0
.rodata	0x000016DC	0xC	t_camera/t_camera.cpp	local	lbl_t_camera_rodata_16DC	lbl_t_camera_rodata_16DC
.rodata	0x000016E8	0xC	t_camera/t_camera.cpp	local	lbl_t_camera_rodata_16E8	lbl_t_camera_rodata_16E8
.rodata	0x000016F4	0xC	t_camera/t_camera.cpp	local	lbl_t_camera_rodata_16F4	lbl_t_camera_rodata_16F4
.rodata	0x00001700	0x4	t_camera/t_camera.cpp	local	lbl_t_camera_rodata_1700	lbl_t_camera_rodata_1700
.rodata	0x00001704	0x4	t_camera/t_camera.cpp	local	lbl_t_camera_rodata_1704	lbl_t_camera_rodata_1704
.rodata	0x00001708	0x8	t_camera/t_camera.cpp	local	lbl_t_camera_rodata_1708	lbl_t_camera_rodata_1708
.rodata	0x00001710	0x8	t_camera/t_camera.cpp	local	lbl_t_camera_rodata_1710	lbl_t_camera_rodata_1710
.rodata	0x00001718	0x8	t_camera/t_camera.cpp	local	lbl_t_camera_rodata_1718	lbl_t_camera_rodata_1718
.rodata	0x00001720	0x8	t_camera/t_camera.cpp	local	lbl_t_camera_rodata_1720	lbl_t_camera_rodata_1720
.rodata	0x00001728	0x20	t_camera/t_camera.cpp	local	lbl_t_camera_rodata_1728	lbl_t_camera_rodata_1728
.rodata	0x00001748	0x4	t_camera/t_camera.cpp	local	lbl_t_camera_rodata_1748	lbl_t_camera_rodata_1748
.rodata	0x0000174C	0x4	t_camera/t_camera.cpp	local	lbl_t_camera_rodata_174C	lbl_t_camera_rodata_174C
.rodata	0x00001750	0x8	t_camera/t_camera.cpp	local	lbl_t_camera_rodata_1750	lbl_t_camera_rodata_1750
.rodata	0x00001758	0x10	t_camera/t_camera.cpp	local	lbl_t_camera_rodata_1758	lbl_t_camera_rodata_1758
.rodata	0x00001768	0x10	t_camera/t_camera.cpp	local	lbl_t_camera_rodata_1768	lbl_t_camera_rodata_1768
.rodata	0x00001778	0x10	t_camera/t_camera.cpp	local	lbl_t_camera_rodata_1778	lbl_t_camera_rodata_1778
.rodata	0x00001788	0x10	t_camera/t_camera.cpp	local	lbl_t_camera_rodata_1788	lbl_t_camera_rodata_1788
.rodata	0x00001798	0x10	t_camera/t_camera.cpp	local	lbl_t_camera_rodata_1798	lbl_t_camera_rodata_1798
.rodata	0x000017A8	0x10	t_camera/t_camera.cpp	local	lbl_t_camera_rodata_17A8	lbl_t_camera_rodata_17A8
.rodata	0x000017B8	0x30	t_camera/t_camera.cpp	local	lbl_t_camera_rodata_17B8	lbl_t_camera_rodata_17B8
.rodata	0x000017E8	0x14	t_camera/t_camera.cpp	local	lbl_t_camera_rodata_17E8	lbl_t_camera_rodata_17E8
.rodata	0x000017FC	0x8	t_camera/t_camera.cpp	local	lbl_t_camera_rodata_17FC	lbl_t_camera_rodata_17FC
.rodata	0x00001804	0x8	t_camera/t_camera.cpp	local	lbl_t_camera_rodata_1804	lbl_t_camera_rodata_1804
.rodata	0x0000180C	0x1C	t_camera/t_camera.cpp	local	lbl_t_camera_rodata_180C	lbl_t_camera_rodata_180C
.rodata	0x00001828	0x1C	t_camera/t_camera.cpp	local	lbl_t_camera_rodata_1828	lbl_t_camera_rodata_1828
.rodata	0x00001844	0xC	t_camera/t_camera.cpp	local	lbl_t_camera_rodata_1844	lbl_t_camera_rodata_1844
.rodata	0x00001850	0x10	t_camera/t_camera.cpp	local	lbl_t_camera_rodata_1850	lbl_t_camera_rodata_1850
.rodata	0x00001860	0xC	t_camera/t_camera.cpp	local	lbl_t_camera_rodata_1860	lbl_t_camera_rodata_1860
.rodata	0x0000186C	0x8	t_camera/t_camera.cpp	local	lbl_t_camera_rodata_186C	lbl_t_camera_rodata_186C
.rodata	0x00001874	0xC	t_camera/t_camera.cpp	local	lbl_t_camera_rodata_1874	lbl_t_camera_rodata_1874
.rodata	0x00001880	0xC	t_camera/t_camera.cpp	local	lbl_t_camera_rodata_1880	lbl_t_camera_rodata_1880
.rodata	0x0000188C	0xC	t_camera/t_camera.cpp	local	lbl_t_camera_rodata_188C	lbl_t_camera_rodata_188C
.rodata	0x00001898	0x8	t_camera/t_camera.cpp	local	lbl_t_camera_rodata_1898	lbl_t_camera_rodata_1898
.rodata	0x000018A0	0x8	t_camera/t_camera.cpp	local	lbl_t_camera_rodata_18A0	lbl_t_camera_rodata_18A0
.rodata	0x000018A8	0x8	t_camera/t_camera.cpp	local	lbl_t_camera_rodata_18A8	lbl_t_camera_rodata_18A8
.rodata	0x000018B0	0x18	t_camera/t_camera.cpp	local	lbl_t_camera_rodata_18B0	lbl_t_camera_rodata_18B0
.rodata	0x000018C8	0x8	t_camera/t_camera.cpp	local	lbl_t_camera_rodata_18C8	lbl_t_camera_rodata_18C8
.rodata	0x000018D0	0x8	t_camera/t_camera.cpp	local	lbl_t_camera_rodata_18D0	lbl_t_camera_rodata_18D0
.rodata	0x000018D8	0x8	t_camera/t_camera.cpp	local	lbl_t_camera_rodata_18D8	lbl_t_camera_rodata_18D8
.rodata	0x000018E0	0x8	t_camera/t_camera.cpp	local	lbl_t_camera_rodata_18E0	lbl_t_camera_rodata_18E0
.rodata	0x000018E8	0x8	t_camera/t_camera.cpp	local	lbl_t_camera_rodata_18E8	lbl_t_camera_rodata_18E8
.rodata	0x000018F0	0x8	t_camera/t_camera.cpp	local	lbl_t_camera_rodata_18F0	lbl_t_camera_rodata_18F0
.rodata	0x000018F8	0x8	t_camera/t_camera.cpp	local	lbl_t_camera_rodata_18F8	lbl_t_camera_rodata_18F8
.rodata	0x00001900	0x8	t_camera/t_camera.cpp	local	lbl_t_camera_rodata_1900	lbl_t_camera_rodata_1900
.rodata	0x00001908	0x4	t_camera/t_camera.cpp	local	lbl_t_camera_rodata_1908	lbl_t_camera_rodata_1908
.rodata	0x0000190C	0x4	t_camera/t_camera.cpp	local	lbl_t_camera_rodata_190C	lbl_t_camera_rodata_190C
.rodata	0x00001910	0x4	t_camera/t_camera.cpp	local	lbl_t_camera_rodata_1910	lbl_t_camera_rodata_1910
.rodata	0x00001914	0x4	t_camera/t_camera.cpp	local	lbl_t_camera_rodata_1914	lbl_t_camera_rodata_1914
.rodata	0x00001918	0x4	t_camera/t_camera.cpp	local	lbl_t_camera_rodata_1918	lbl_t_camera_rodata_1918
.rodata	0x0000191C	0x4	t_camera/t_camera.cpp	local	lbl_t_camera_rodata_191C	lbl_t_camera_rodata_191C
.rodata	0x00001920	0x4	t_camera/t_camera.cpp	local	lbl_t_camera_rodata_1920	lbl_t_camera_rodata_1920
.rodata	0x00001924	0x4	t_camera/t_camera.cpp	local	lbl_t_camera_rodata_1924	lbl_t_camera_rodata_1924
.rodata	0x00001928	0xC	t_camera/t_camera.cpp	local	lbl_t_camera_rodata_1928	lbl_t_camera_rodata_1928
.rodata	0x00001934	0x10	t_camera/t_camera.cpp	local	lbl_t_camera_rodata_1934	lbl_t_camera_rodata_1934
.rodata	0x00001944	0x8	t_camera/t_camera.cpp	local	lbl_t_camera_rodata_1944	lbl_t_camera_rodata_1944
.rodata	0x0000194C	0xC	t_camera/t_camera.cpp	local	lbl_t_camera_rodata_194C	lbl_t_camera_rodata_194C
.rodata	0x00001958	0x14	t_camera/t_camera.cpp	local	lbl_t_camera_rodata_1958	lbl_t_camera_rodata_1958
.rodata	0x0000196C	0x1C	t_camera/t_camera.cpp	local	lbl_t_camera_rodata_196C	lbl_t_camera_rodata_196C
.rodata	0x00001988	0x14	t_camera/t_camera.cpp	local	lbl_t_camera_rodata_1988	lbl_t_camera_rodata_1988
.rodata	0x0000199C	0x4	t_camera/t_camera.cpp	local	lbl_t_camera_rodata_199C	lbl_t_camera_rodata_199C
.rodata	0x000019A0	0x10	t_camera/t_camera.cpp	local	lbl_t_camera_rodata_19A0	lbl_t_camera_rodata_19A0
.rodata	0x000019B0	0x14	t_camera/t_camera.cpp	local	lbl_t_camera_rodata_19B0	lbl_t_camera_rodata_19B0
.rodata	0x000019C4	0x3C	t_camera/t_camera.cpp	local	lbl_t_camera_rodata_19C4	lbl_t_camera_rodata_19C4
.rodata	0x00001A00	0x3C	t_camera/t_camera.cpp	local	lbl_t_camera_rodata_1A00	lbl_t_camera_rodata_1A00
.rodata	0x00001A3C	0x4	t_camera/t_camera.cpp	local	lbl_t_camera_rodata_1A3C	lbl_t_camera_rodata_1A3C
.rodata	0x00001A40	0x4	t_camera/t_camera.cpp	local	lbl_t_camera_rodata_1A40	lbl_t_camera_rodata_1A40
.rodata	0x00001A44	0x4	t_camera/t_camera.cpp	local	lbl_t_camera_rodata_1A44	lbl_t_camera_rodata_1A44
.rodata	0x00001A48	0x4	t_camera/t_camera.cpp	local	lbl_t_camera_rodata_1A48	lbl_t_camera_rodata_1A48
.rodata	0x00001A4C	0xC	t_camera/t_camera.cpp	local	lbl_t_camera_rodata_1A4C	lbl_t_camera_rodata_1A4C
.rodata	0x00001A58	0x4	t_camera/t_camera.cpp	local	lbl_t_camera_rodata_1A58	lbl_t_camera_rodata_1A58
.rodata	0x00001A5C	0x4	t_camera/t_camera.cpp	local	lbl_t_camera_rodata_1A5C	lbl_t_camera_rodata_1A5C
.rodata	0x00001A60	0x4	t_camera/t_camera.cpp	local	lbl_t_camera_rodata_1A60	lbl_t_camera_rodata_1A60
.rodata	0x00001A64	0x4	t_camera/t_camera.cpp	local	lbl_t_camera_rodata_1A64	lbl_t_camera_rodata_1A64
.rodata	0x00001A68	0xC	t_camera/t_camera.cpp	local	lbl_t_camera_rodata_1A68	lbl_t_camera_rodata_1A68
.rodata	0x00001A74	0xC	t_camera/t_camera.cpp	local	lbl_t_camera_rodata_1A74	lbl_t_camera_rodata_1A74
.rodata	0x00001A80	0x10	t_camera/t_camera.cpp	local	lbl_t_camera_rodata_1A80	lbl_t_camera_rodata_1A80
.rodata	0x00001A90	0x8	t_camera/t_camera.cpp	local	lbl_t_camera_rodata_1A90	lbl_t_camera_rodata_1A90
.rodata	0x00001A98	0x8	t_camera/t_camera.cpp	local	lbl_t_camera_rodata_1A98	lbl_t_camera_rodata_1A98
.rodata	0x00001AA0	0x8	t_camera/t_camera.cpp	local	lbl_t_camera_rodata_1AA0	lbl_t_camera_rodata_1AA0
.rodata	0x00001AA8	0x8	t_camera/t_camera.cpp	local	lbl_t_camera_rodata_1AA8	lbl_t_camera_rodata_1AA8
.rodata	0x00001AB0	0x8	t_camera/t_camera.cpp	local	lbl_t_camera_rodata_1AB0	lbl_t_camera_rodata_1AB0
.rodata	0x00001AB8	0x8	t_camera/t_camera.cpp	local	lbl_t_camera_rodata_1AB8	lbl_t_camera_rodata_1AB8
.rodata	0x00001AC0	0x8	t_camera/t_camera.cpp	local	lbl_t_camera_rodata_1AC0	lbl_t_camera_rodata_1AC0
.rodata	0x00001AC8	0x8	t_camera/t_camera.cpp	local	lbl_t_camera_rodata_1AC8	lbl_t_camera_rodata_1AC8
.rodata	0x00001AD0	0xC	t_camera/t_camera.cpp	local	lbl_t_camera_rodata_1AD0	lbl_t_camera_rodata_1AD0
.rodata	0x00001ADC	0xC	t_camera/t_camera.cpp	local	lbl_t_camera_rodata_1ADC	lbl_t_camera_rodata_1ADC
.rodata	0x00001AE8	0xC	t_camera/t_camera.cpp	local	lbl_t_camera_rodata_1AE8	lbl_t_camera_rodata_1AE8
.rodata	0x00001AF4	0xC	t_camera/t_camera.cpp	local	lbl_t_camera_rodata_1AF4	lbl_t_camera_rodata_1AF4
.rodata	0x00001B00	0xC	t_camera/t_camera.cpp	local	lbl_t_camera_rodata_1B00	lbl_t_camera_rodata_1B00
.rodata	0x00001B0C	0xC	t_camera/t_camera.cpp	local	lbl_t_camera_rodata_1B0C	lbl_t_camera_rodata_1B0C
.rodata	0x00001B18	0xC	t_camera/t_camera.cpp	local	lbl_t_camera_rodata_1B18	lbl_t_camera_rodata_1B18
.rodata	0x00001B24	0xC	t_camera/t_camera.cpp	local	lbl_t_camera_rodata_1B24	lbl_t_camera_rodata_1B24
.rodata	0x00001B30	0x8	t_camera/t_camera.cpp	local	lbl_t_camera_rodata_1B30	lbl_t_camera_rodata_1B30
.rodata	0x00001B38	0xC	t_camera/t_camera.cpp	local	lbl_t_camera_rodata_1B38	lbl_t_camera_rodata_1B38
.rodata	0x00001B44	0x8	t_camera/t_camera.cpp	local	lbl_t_camera_rodata_1B44	lbl_t_camera_rodata_1B44
.rodata	0x00001B4C	0x4	t_camera/t_camera.cpp	local	lbl_t_camera_rodata_1B4C	lbl_t_camera_rodata_1B4C
.rodata	0x00001B50	0x8	t_camera/t_camera.cpp	local	lbl_t_camera_rodata_1B50	lbl_t_camera_rodata_1B50
.rodata	0x00001B58	0x8	t_camera/t_camera.cpp	local	lbl_t_camera_rodata_1B58	lbl_t_camera_rodata_1B58
.rodata	0x00001B60	0x8	t_camera/t_camera.cpp	local	lbl_t_camera_rodata_1B60	lbl_t_camera_rodata_1B60
.rodata	0x00001B68	0xC	t_camera/t_camera.cpp	local	lbl_t_camera_rodata_1B68	lbl_t_camera_rodata_1B68
.rodata	0x00001B74	0x8	t_camera/t_camera.cpp	local	lbl_t_camera_rodata_1B74	lbl_t_camera_rodata_1B74
.rodata	0x00001B7C	0x8	t_camera/t_camera.cpp	local	lbl_t_camera_rodata_1B7C	lbl_t_camera_rodata_1B7C
.rodata	0x00001B84	0x8	t_camera/t_camera.cpp	local	lbl_t_camera_rodata_1B84	lbl_t_camera_rodata_1B84
.rodata	0x00001B8C	0x8	t_camera/t_camera.cpp	local	lbl_t_camera_rodata_1B8C	lbl_t_camera_rodata_1B8C
.rodata	0x00001B94	0x1C	t_camera/t_camera.cpp	local	lbl_t_camera_rodata_1B94	lbl_t_camera_rodata_1B94
.rodata	0x00001BB0	0x20	t_camera/t_camera.cpp	local	lbl_t_camera_rodata_1BB0	lbl_t_camera_rodata_1BB0
.rodata	0x00001BD0	0x18	t_camera/t_camera.cpp	local	lbl_t_camera_rodata_1BD0	lbl_t_camera_rodata_1BD0
.rodata	0x00001BE8	0xC	t_camera/t_camera.cpp	local	lbl_t_camera_rodata_1BE8	lbl_t_camera_rodata_1BE8
.rodata	0x00001BF4	0x8	t_camera/t_camera.cpp	local	lbl_t_camera_rodata_1BF4	lbl_t_camera_rodata_1BF4
.rodata	0x00001BFC	0x8	t_camera/t_camera.cpp	local	lbl_t_camera_rodata_1BFC	lbl_t_camera_rodata_1BFC
.rodata	0x00001C04	0x8	t_camera/t_camera.cpp	local	lbl_t_camera_rodata_1C04	lbl_t_camera_rodata_1C04
.rodata	0x00001C0C	0x4	t_camera/t_camera.cpp	local	lbl_t_camera_rodata_1C0C	lbl_t_camera_rodata_1C0C
.rodata	0x00001C10	0x8	t_camera/t_camera.cpp	local	lbl_t_camera_rodata_1C10	lbl_t_camera_rodata_1C10
.rodata	0x00001C18	0x10	t_camera/t_camera.cpp	local	lbl_t_camera_rodata_1C18	lbl_t_camera_rodata_1C18
.rodata	0x00001C28	0x8	t_camera/t_camera.cpp	local	lbl_t_camera_rodata_1C28	lbl_t_camera_rodata_1C28
.rodata	0x00001C30	0x8	t_camera/t_camera.cpp	local	lbl_t_camera_rodata_1C30	lbl_t_camera_rodata_1C30
.rodata	0x00001C38	0xC	t_camera/t_camera.cpp	local	lbl_t_camera_rodata_1C38	lbl_t_camera_rodata_1C38
.rodata	0x00001C44	0x10	t_camera/t_camera.cpp	local	lbl_t_camera_rodata_1C44	lbl_t_camera_rodata_1C44
.rodata	0x00001C54	0x4	t_camera/t_camera.cpp	local	lbl_t_camera_rodata_1C54	lbl_t_camera_rodata_1C54
.rodata	0x00001C58	0x4	t_camera/t_camera.cpp	local	lbl_t_camera_rodata_1C58	lbl_t_camera_rodata_1C58
.rodata	0x00001C5C	0x4	t_camera/t_camera.cpp	local	lbl_t_camera_rodata_1C5C	lbl_t_camera_rodata_1C5C
.rodata	0x00001C60	0x8	t_camera/t_camera.cpp	local	lbl_t_camera_rodata_1C60	lbl_t_camera_rodata_1C60
.rodata	0x00001C68	0x8	t_camera/t_camera.cpp	local	lbl_t_camera_rodata_1C68	lbl_t_camera_rodata_1C68
.rodata	0x00001C70	0x4	t_camera/t_camera.cpp	local	lbl_t_camera_rodata_1C70	lbl_t_camera_rodata_1C70
.rodata	0x00001C74	0x4	t_camera/t_camera.cpp	local	lbl_t_camera_rodata_1C74	lbl_t_camera_rodata_1C74
.rodata	0x00001C78	0xC	t_camera/t_camera.cpp	local	lbl_t_camera_rodata_1C78	lbl_t_camera_rodata_1C78
.rodata	0x00001C84	0x18	t_camera/t_camera.cpp	local	lbl_t_camera_rodata_1C84	lbl_t_camera_rodata_1C84
.rodata	0x00001C9C	0x4	t_camera/t_camera.cpp	local	lbl_t_camera_rodata_1C9C	lbl_t_camera_rodata_1C9C
.rodata	0x00001CA0	0x8	t_camera/t_camera.cpp	local	lbl_t_camera_rodata_1CA0	lbl_t_camera_rodata_1CA0
.rodata	0x00001CA8	0x4	t_camera/t_camera.cpp	local	lbl_t_camera_rodata_1CA8	lbl_t_camera_rodata_1CA8
.rodata	0x00001CAC	0x4	t_camera/t_camera.cpp	local	lbl_t_camera_rodata_1CAC	lbl_t_camera_rodata_1CAC
.rodata	0x00001CB0	0x8	t_camera/t_camera.cpp	local	lbl_t_camera_rodata_1CB0	lbl_t_camera_rodata_1CB0
.rodata	0x00001CB8	0x4	t_camera/t_camera.cpp	local	lbl_t_camera_rodata_1CB8	lbl_t_camera_rodata_1CB8
.rodata	0x00001CBC	0x8	t_camera/t_camera.cpp	local	lbl_t_camera_rodata_1CBC	lbl_t_camera_rodata_1CBC
.rodata	0x00001CC4	0x8	t_camera/t_camera.cpp	local	lbl_t_camera_rodata_1CC4	lbl_t_camera_rodata_1CC4
.rodata	0x00001CCC	0x8	t_camera/t_camera.cpp	local	lbl_t_camera_rodata_1CCC	lbl_t_camera_rodata_1CCC
.rodata	0x00001CD4	0xC	t_camera/t_camera.cpp	local	lbl_t_camera_rodata_1CD4	lbl_t_camera_rodata_1CD4
.rodata	0x00001CE0	0xC	t_camera/t_camera.cpp	local	lbl_t_camera_rodata_1CE0	lbl_t_camera_rodata_1CE0
.rodata	0x00001CEC	0xC	t_camera/t_camera.cpp	local	lbl_t_camera_rodata_1CEC	lbl_t_camera_rodata_1CEC
.rodata	0x00001CF8	0xC	t_camera/t_camera.cpp	local	lbl_t_camera_rodata_1CF8	lbl_t_camera_rodata_1CF8
.rodata	0x00001D04	0x20	t_camera/t_camera.cpp	local	lbl_t_camera_rodata_1D04	lbl_t_camera_rodata_1D04
.rodata	0x00001D24	0xC	t_camera/t_camera.cpp	local	lbl_t_camera_rodata_1D24	lbl_t_camera_rodata_1D24
.rodata	0x00001D30	0xC	t_camera/t_camera.cpp	local	lbl_t_camera_rodata_1D30	lbl_t_camera_rodata_1D30
.rodata	0x00001D3C	0x10	t_camera/t_camera.cpp	local	lbl_t_camera_rodata_1D3C	lbl_t_camera_rodata_1D3C
.rodata	0x00001D4C	0x34	t_camera/t_camera.cpp	local	lbl_t_camera_rodata_1D4C	lbl_t_camera_rodata_1D4C
.rodata	0x00001D80	0x8	t_camera/t_camera.cpp	local	lbl_t_camera_rodata_1D80	lbl_t_camera_rodata_1D80
.rodata	0x00001D88	0x8	t_camera/t_camera.cpp	local	lbl_t_camera_rodata_1D88	lbl_t_camera_rodata_1D88
.rodata	0x00001D90	0x8	t_camera/t_camera.cpp	local	lbl_t_camera_rodata_1D90	lbl_t_camera_rodata_1D90
.rodata	0x00001D98	0x8	t_camera/t_camera.cpp	local	lbl_t_camera_rodata_1D98	lbl_t_camera_rodata_1D98
.rodata	0x00001DA0	0x8	t_camera/t_camera.cpp	local	lbl_t_camera_rodata_1DA0	lbl_t_camera_rodata_1DA0
.rodata	0x00001DA8	0x8	t_camera/t_camera.cpp	local	lbl_t_camera_rodata_1DA8	lbl_t_camera_rodata_1DA8
.rodata	0x00001DB0	0x8	t_camera/t_camera.cpp	local	lbl_t_camera_rodata_1DB0	lbl_t_camera_rodata_1DB0
.rodata	0x00001DB8	0xC	t_camera/t_camera.cpp	local	lbl_t_camera_rodata_1DB8	lbl_t_camera_rodata_1DB8
.rodata	0x00001DC4	0xC	t_camera/t_camera.cpp	local	lbl_t_camera_rodata_1DC4	lbl_t_camera_rodata_1DC4
.rodata	0x00001DD0	0x8	t_camera/t_camera.cpp	local	lbl_t_camera_rodata_1DD0	lbl_t_camera_rodata_1DD0
.rodata	0x00001DD8	0x8	t_camera/t_camera.cpp	local	lbl_t_camera_rodata_1DD8	lbl_t_camera_rodata_1DD8
.rodata	0x00001DE0	0x8	t_camera/t_camera.cpp	local	lbl_t_camera_rodata_1DE0	lbl_t_camera_rodata_1DE0
.rodata	0x00001DE8	0x8	t_camera/t_camera.cpp	local	lbl_t_camera_rodata_1DE8	lbl_t_camera_rodata_1DE8
.rodata	0x00001DF0	0x10	t_camera/t_camera.cpp	local	lbl_t_camera_rodata_1DF0	lbl_t_camera_rodata_1DF0
.rodata	0x00001E00	0xC	t_camera/t_camera.cpp	local	lbl_t_camera_rodata_1E00	lbl_t_camera_rodata_1E00
.rodata	0x00001E0C	0x4	t_camera/t_camera.cpp	local	lbl_t_camera_rodata_1E0C	lbl_t_camera_rodata_1E0C
.rodata	0x00001E10	0x4	t_camera/t_camera.cpp	local	lbl_t_camera_rodata_1E10	lbl_t_camera_rodata_1E10
.rodata	0x00001E14	0x4	t_camera/t_camera.cpp	local	lbl_t_camera_rodata_1E14	lbl_t_camera_rodata_1E14
.rodata	0x00001E18	0x4	t_camera/t_camera.cpp	local	lbl_t_camera_rodata_1E18	lbl_t_camera_rodata_1E18
.rodata	0x00001E1C	0x4	t_camera/t_camera.cpp	local	lbl_t_camera_rodata_1E1C	lbl_t_camera_rodata_1E1C
.rodata	0x00001E20	0x4	t_camera/t_camera.cpp	local	lbl_t_camera_rodata_1E20	lbl_t_camera_rodata_1E20
.rodata	0x00001E24	0xC	t_camera/t_camera.cpp	local	lbl_t_camera_rodata_1E24	lbl_t_camera_rodata_1E24
.rodata	0x00001E30	0xC	t_camera/t_camera.cpp	local	lbl_t_camera_rodata_1E30	lbl_t_camera_rodata_1E30
.rodata	0x00001E3C	0x10	t_camera/t_camera.cpp	local	lbl_t_camera_rodata_1E3C	lbl_t_camera_rodata_1E3C
.rodata	0x00001E4C	0x4	t_camera/t_camera.cpp	local	lbl_t_camera_rodata_1E4C	lbl_t_camera_rodata_1E4C
.rodata	0x00001E50	0x4	t_camera/t_camera.cpp	local	lbl_t_camera_rodata_1E50	lbl_t_camera_rodata_1E50
.rodata	0x00001E54	0x4	t_camera/t_camera.cpp	local	lbl_t_camera_rodata_1E54	lbl_t_camera_rodata_1E54
.rodata	0x00001E58	0x8	t_camera/t_camera.cpp	local	lbl_t_camera_rodata_1E58	lbl_t_camera_rodata_1E58
.rodata	0x00001E60	0x4	t_camera/t_camera.cpp	local	lbl_t_camera_rodata_1E60	lbl_t_camera_rodata_1E60
.rodata	0x00001E64	0x18	t_camera/t_camera.cpp	local	lbl_t_camera_rodata_1E64	lbl_t_camera_rodata_1E64
.rodata	0x00001E7C	0x1C	t_camera/t_camera.cpp	local	lbl_t_camera_rodata_1E7C	lbl_t_camera_rodata_1E7C
.rodata	0x00001E98	0x4	t_camera/t_camera.cpp	local	lbl_t_camera_rodata_1E98	lbl_t_camera_rodata_1E98
.rodata	0x00001E9C	0x4	t_camera/t_camera.cpp	local	lbl_t_camera_rodata_1E9C	lbl_t_camera_rodata_1E9C
.rodata	0x00001EA0	0x4	t_camera/t_camera.cpp	local	lbl_t_camera_rodata_1EA0	lbl_t_camera_rodata_1EA0
.rodata	0x00001EA4	0x4	t_camera/t_camera.cpp	local	lbl_t_camera_rodata_1EA4	lbl_t_camera_rodata_1EA4
.rodata	0x00001EA8	0x4	t_camera/t_camera.cpp	local	lbl_t_camera_rodata_1EA8	lbl_t_camera_rodata_1EA8
.rodata	0x00001EAC	0x4	t_camera/t_camera.cpp	local	lbl_t_camera_rodata_1EAC	lbl_t_camera_rodata_1EAC
.rodata	0x00001EB0	0x4	t_camera/t_camera.cpp	local	lbl_t_camera_rodata_1EB0	lbl_t_camera_rodata_1EB0
.rodata	0x00001EB4	0x4	t_camera/t_camera.cpp	local	lbl_t_camera_rodata_1EB4	lbl_t_camera_rodata_1EB4
.rodata	0x00001EB8	0x4	t_camera/t_camera.cpp	local	lbl_t_camera_rodata_1EB8	lbl_t_camera_rodata_1EB8
.rodata	0x00001EBC	0x4	t_camera/t_camera.cpp	local	lbl_t_camera_rodata_1EBC	lbl_t_camera_rodata_1EBC
.rodata	0x00001EC0	0x4	t_camera/t_camera.cpp	local	lbl_t_camera_rodata_1EC0	lbl_t_camera_rodata_1EC0
.rodata	0x00001EC4	0x4	t_camera/t_camera.cpp	local	lbl_t_camera_rodata_1EC4	lbl_t_camera_rodata_1EC4
.rodata	0x00001EC8	0xC	t_camera/t_camera.cpp	local	lbl_t_camera_rodata_1EC8	lbl_t_camera_rodata_1EC8
.rodata	0x00001ED4	0xC	t_camera/t_camera.cpp	local	lbl_t_camera_rodata_1ED4	lbl_t_camera_rodata_1ED4
.rodata	0x00001EE0	0x4	t_camera/t_camera.cpp	local	lbl_t_camera_rodata_1EE0	lbl_t_camera_rodata_1EE0
.rodata	0x00001EE4	0x4	t_camera/t_camera.cpp	local	lbl_t_camera_rodata_1EE4	lbl_t_camera_rodata_1EE4
.rodata	0x00001EE8	0x4	t_camera/t_camera.cpp	local	lbl_t_camera_rodata_1EE8	lbl_t_camera_rodata_1EE8
.rodata	0x00001EEC	0x4	t_camera/t_camera.cpp	local	lbl_t_camera_rodata_1EEC	lbl_t_camera_rodata_1EEC
.rodata	0x00001EF0	0xC	t_camera/t_camera.cpp	local	lbl_t_camera_rodata_1EF0	lbl_t_camera_rodata_1EF0
.rodata	0x00001EFC	0xC	t_camera/t_camera.cpp	local	lbl_t_camera_rodata_1EFC	lbl_t_camera_rodata_1EFC
.rodata	0x00001F08	0xC	t_camera/t_camera.cpp	local	lbl_t_camera_rodata_1F08	lbl_t_camera_rodata_1F08
.rodata	0x00001F14	0xC	t_camera/t_camera.cpp	local	lbl_t_camera_rodata_1F14	lbl_t_camera_rodata_1F14
.rodata	0x00001F20	0x20	t_camera/t_camera.cpp	local	lbl_t_camera_rodata_1F20	lbl_t_camera_rodata_1F20
.rodata	0x00001F40	0x14	t_camera/t_camera.cpp	local	lbl_t_camera_rodata_1F40	lbl_t_camera_rodata_1F40
.rodata	0x00001F54	0x8	t_camera/t_camera.cpp	local	lbl_t_camera_rodata_1F54	lbl_t_camera_rodata_1F54
.rodata	0x00001F5C	0x8	t_camera/t_camera.cpp	local	lbl_t_camera_rodata_1F5C	lbl_t_camera_rodata_1F5C
.rodata	0x00001F64	0xC	t_camera/t_camera.cpp	local	lbl_t_camera_rodata_1F64	lbl_t_camera_rodata_1F64
.rodata	0x00001F70	0x8	t_camera/t_camera.cpp	local	lbl_t_camera_rodata_1F70	lbl_t_camera_rodata_1F70
.rodata	0x00001F78	0x8	t_camera/t_camera.cpp	local	lbl_t_camera_rodata_1F78	lbl_t_camera_rodata_1F78
.rodata	0x00001F80	0x18	t_camera/t_camera.cpp	local	lbl_t_camera_rodata_1F80	lbl_t_camera_rodata_1F80
.rodata	0x00001F98	0x8	t_camera/t_camera.cpp	local	lbl_t_camera_rodata_1F98	lbl_t_camera_rodata_1F98
.rodata	0x00001FA0	0x4	t_camera/t_camera.cpp	local	lbl_t_camera_rodata_1FA0	lbl_t_camera_rodata_1FA0
.rodata	0x00001FA4	0x4	t_camera/t_camera.cpp	local	lbl_t_camera_rodata_1FA4	lbl_t_camera_rodata_1FA4
.rodata	0x00001FA8	0x4	t_camera/t_camera.cpp	local	lbl_t_camera_rodata_1FA8	lbl_t_camera_rodata_1FA8
.rodata	0x00001FAC	0x4	t_camera/t_camera.cpp	local	lbl_t_camera_rodata_1FAC	lbl_t_camera_rodata_1FAC
.rodata	0x00001FB0	0x4	t_camera/t_camera.cpp	local	lbl_t_camera_rodata_1FB0	lbl_t_camera_rodata_1FB0
.rodata	0x00001FB4	0x4	t_camera/t_camera.cpp	local	lbl_t_camera_rodata_1FB4	lbl_t_camera_rodata_1FB4
.rodata	0x00001FB8	0x4	t_camera/t_camera.cpp	local	lbl_t_camera_rodata_1FB8	lbl_t_camera_rodata_1FB8
.rodata	0x00001FBC	0x4	t_camera/t_camera.cpp	local	lbl_t_camera_rodata_1FBC	lbl_t_camera_rodata_1FBC
.rodata	0x00001FC0	0x28	t_camera/t_camera.cpp	local	lbl_t_camera_rodata_1FC0	lbl_t_camera_rodata_1FC0
.rodata	0x00001FE8	0x28	t_camera/t_camera.cpp	local	lbl_t_camera_rodata_1FE8	lbl_t_camera_rodata_1FE8
.rodata	0x00002010	0x38	t_camera/t_camera.cpp	local	lbl_t_camera_rodata_2010	lbl_t_camera_rodata_2010
.rodata	0x00002048	0x28	t_camera/t_camera.cpp	local	lbl_t_camera_rodata_2048	lbl_t_camera_rodata_2048
.rodata	0x00002070	0x20	t_camera/t_camera.cpp	local	lbl_t_camera_rodata_2070	lbl_t_camera_rodata_2070
.rodata	0x000020E4	0x24	t_camera/t_camera_data.cpp	local	lbl_t_camera_rodata_20E4	lbl_t_camera_rodata_20E4
.rodata	0x00002108	0x1C	t_camera/t_camera_data.cpp	local	lbl_t_camera_rodata_2108	lbl_t_camera_rodata_2108
.rodata	0x00002124	0x2C	t_camera/t_camera_data.cpp	local	lbl_t_camera_rodata_2124	lbl_t_camera_rodata_2124
.rodata	0x00002150	0x28	t_camera/t_camera_data.cpp	local	lbl_t_camera_rodata_2150	lbl_t_camera_rodata_2150
.rodata	0x00002178	0x8	t_camera/t_camera_data.cpp	local	tag.342	tag.342
.rodata	0x00002180	0x8	t_camera/t_camera_data.cpp	local	lbl_t_camera_rodata_2180	lbl_t_camera_rodata_2180
.rodata	0x00002188	0x1C	t_camera/t_camera_data.cpp	local	lbl_t_camera_rodata_2188	lbl_t_camera_rodata_2188
.rodata	0x000021A4	0x4	t_camera/t_camera_data.cpp	local	lbl_t_camera_rodata_21A4	lbl_t_camera_rodata_21A4
.rodata	0x000021A8	0xC	t_camera/t_camera_data.cpp	local	lbl_t_camera_rodata_21A8	lbl_t_camera_rodata_21A8
.rodata	0x000021B4	0x8	t_camera/t_camera_data.cpp	local	lbl_t_camera_rodata_21B4	lbl_t_camera_rodata_21B4
.rodata	0x000021BC	0xC	t_camera/t_camera_data.cpp	local	lbl_t_camera_rodata_21BC	lbl_t_camera_rodata_21BC
.rodata	0x000021C8	0x28	t_camera/t_camera_data.cpp	local	lbl_t_camera_rodata_21C8	lbl_t_camera_rodata_21C8
.rodata	0x000021F0	0x28	t_camera/t_camera_data.cpp	local	lbl_t_camera_rodata_21F0	lbl_t_camera_rodata_21F0
.rodata	0x00002218	0x38	t_camera/t_camera_data.cpp	local	lbl_t_camera_rodata_2218	lbl_t_camera_rodata_2218
.rodata	0x00002250	0x28	t_camera/t_camera_data.cpp	local	lbl_t_camera_rodata_2250	lbl_t_camera_rodata_2250
.rodata	0x00002278	0x20	t_camera/t_camera_data.cpp	local	lbl_t_camera_rodata_2278	lbl_t_camera_rodata_2278
.rodata	0x000022B0	0x4	t_camera/t_camera_draw.cpp	local	lbl_t_camera_rodata_22B0	lbl_t_camera_rodata_22B0
.rodata	0x000022B4	0x4	t_camera/t_camera_draw.cpp	local	lbl_t_camera_rodata_22B4	lbl_t_camera_rodata_22B4
.rodata	0x000022B8	0x4	t_camera/t_camera_draw.cpp	local	lbl_t_camera_rodata_22B8	lbl_t_camera_rodata_22B8
.rodata	0x000022BC	0x4	t_camera/t_camera_draw.cpp	local	lbl_t_camera_rodata_22BC	lbl_t_camera_rodata_22BC
.rodata	0x000022C0	0x8	t_camera/t_camera_draw.cpp	local	lbl_t_camera_rodata_22C0	lbl_t_camera_rodata_22C0
.rodata	0x000022C8	0x4	t_camera/t_camera_draw.cpp	local	lbl_t_camera_rodata_22C8	lbl_t_camera_rodata_22C8
.rodata	0x000022CC	0x4	t_camera/t_camera_draw.cpp	local	lbl_t_camera_rodata_22CC	lbl_t_camera_rodata_22CC
.rodata	0x000022D0	0x28	t_camera/t_camera_draw.cpp	local	lbl_t_camera_rodata_22D0	lbl_t_camera_rodata_22D0
.rodata	0x000022F8	0x28	t_camera/t_camera_draw.cpp	local	lbl_t_camera_rodata_22F8	lbl_t_camera_rodata_22F8
.rodata	0x00002320	0x38	t_camera/t_camera_draw.cpp	local	lbl_t_camera_rodata_2320	lbl_t_camera_rodata_2320
.rodata	0x00002358	0x28	t_camera/t_camera_draw.cpp	local	lbl_t_camera_rodata_2358	lbl_t_camera_rodata_2358
.rodata	0x00002380	0x20	t_camera/t_camera_draw.cpp	local	lbl_t_camera_rodata_2380	lbl_t_camera_rodata_2380
.rodata	0x00002474	0x28	t_camera/t_util.cpp	local	lbl_t_camera_rodata_2474	lbl_t_camera_rodata_2474
.rodata	0x0000249C	0x28	t_camera/t_util.cpp	local	lbl_t_camera_rodata_249C	lbl_t_camera_rodata_249C
.rodata	0x000024C4	0x38	t_camera/t_util.cpp	local	lbl_t_camera_rodata_24C4	lbl_t_camera_rodata_24C4
.rodata	0x000024FC	0x28	t_camera/t_util.cpp	local	lbl_t_camera_rodata_24FC	lbl_t_camera_rodata_24FC
.rodata	0x00002524	0x1C	t_camera/t_util.cpp	local	lbl_t_camera_rodata_2524	lbl_t_camera_rodata_2524
.rodata	0x00002540	0xC	t_camera/tools.cpp	local	lbl_t_camera_rodata_2540	lbl_t_camera_rodata_2540
.rodata	0x0000254C	0xC	t_camera/tools.cpp	local	lbl_t_camera_rodata_254C	lbl_t_camera_rodata_254C
.rodata	0x00002558	0x10	t_camera/tools.cpp	local	lbl_t_camera_rodata_2558	lbl_t_camera_rodata_2558
.rodata	0x00002568	0x10	t_camera/tools.cpp	local	lbl_t_camera_rodata_2568	lbl_t_camera_rodata_2568
.rodata	0x00002578	0x9C	t_camera/tools.cpp	local	lbl_t_camera_rodata_2578	lbl_t_camera_rodata_2578
.rodata	0x00002614	0x28	t_camera/tools.cpp	local	lbl_t_camera_rodata_2614	lbl_t_camera_rodata_2614
.rodata	0x0000263C	0x28	t_camera/tools.cpp	local	lbl_t_camera_rodata_263C	lbl_t_camera_rodata_263C
.rodata	0x00002664	0x38	t_camera/tools.cpp	local	lbl_t_camera_rodata_2664	lbl_t_camera_rodata_2664
.rodata	0x0000269C	0x28	t_camera/tools.cpp	local	lbl_t_camera_rodata_269C	lbl_t_camera_rodata_269C
.rodata	0x000026C4	0x1C	t_camera/tools.cpp	local	lbl_t_camera_rodata_26C4	lbl_t_camera_rodata_26C4
.data	0x00000000	0x28	t_camera/db_light.cpp	global	light_id_name	light_id_name
.data	0x00000028	0x40	t_camera/db_light.cpp	local	light_type_name	light_type_name
.data	0x00000068	0x40	t_camera/db_light.cpp	local	shadow_type_name	shadow_type_name
.data	0x000000A8	0x40	t_camera/db_light.cpp	local	light_type_short	light_type_short
.data	0x000000E8	0x40	t_camera/db_light.cpp	local	shadow_type_short	shadow_type_short
.data	0x00000128	0x40	t_camera/db_light.cpp	local	self_shd_name	self_shd_name
.data	0x00000168	0x40	t_camera/db_light.cpp	local	soft_shd_name	soft_shd_name
.data	0x000001A8	0xC	t_camera/db_light.cpp	local	aniso_name	aniso_name
.data	0x000001B4	0x14	t_camera/db_light.cpp	local	parent_name	parent_name
.data	0x000001C8	0x14	t_camera/db_light.cpp	local	parent_short	parent_short
.data	0x000001DC	0x4	t_camera/db_light.cpp	local	path_room_server	path_room_server
.data	0x000001E0	0x4	t_camera/db_light.cpp	local	path_room_local	path_room_local
.data	0x000001E4	0x4	t_camera/db_light.cpp	local	path_event	path_event
.data	0x000001E8	0x4	t_camera/db_light.cpp	local	path_event_action	path_event_action
.data	0x000001EC	0x4	t_camera/db_light.cpp	local	path_tool	path_tool
.data	0x000001F0	0x4	t_camera/db_light.cpp	local	path_item	path_item
.data	0x000001F4	0x4	t_camera/db_light.cpp	local	path_core	path_core
.data	0x000001F8	0x4	t_camera/db_light.cpp	local	path_litpath	path_litpath
.data	0x000001FC	0x1C	t_camera/db_light.cpp	local	routine_tbl.408	routine_tbl.408
.data	0x00000218	0x18	t_camera/db_light.cpp	local	menu_name.421	menu_name.421
.data	0x00000230	0x34	t_camera/db_light.cpp	local	edit_tbl.425	edit_tbl.425
.data	0x00000264	0x30	t_camera/db_light.cpp	local	edit_name.429	edit_name.429
.data	0x00000294	0x10	t_camera/db_light.cpp	local	cut_onoff.433	cut_onoff.433
.data	0x000002A4	0x8	t_camera/db_light.cpp	local	cutsel_tbl.434	cutsel_tbl.434
.data	0x000002AC	0x18	t_camera/db_light.cpp	local	cutsel_sub_name.442	cutsel_sub_name.442
.data	0x000002C4	0xA0	t_camera/db_light.cpp	local	edit_light_tbl.485	edit_light_tbl.485
.data	0x00000364	0x30	t_camera/db_light.cpp	local	light_col.489	light_col.489
.data	0x00000394	0x30	t_camera/db_light.cpp	local	light_col_w.490	light_col_w.490
.data	0x000003C4	0x28	t_camera/db_light.cpp	local	light_sub_name.494	light_sub_name.494
.data	0x000003EC	0x28	t_camera/db_light.cpp	local	light_id_tbl.516	light_id_tbl.516
.data	0x00000414	0x18	t_camera/db_light.cpp	local	shadow_kind_name.532	shadow_kind_name.532
.data	0x0000042C	0x8	t_camera/db_light.cpp	local	shadow_onoff.533	shadow_onoff.533
.data	0x00000434	0x4	t_camera/db_light.cpp	local	parent_num.552	parent_num.552
.data	0x00000438	0x40	t_camera/db_light.cpp	local	light_type_tbl.571	light_type_tbl.571
.data	0x00000478	0xC	t_camera/db_light.cpp	local	shadow_type_tbl.575	shadow_type_tbl.575
.data	0x00000484	0x10	t_camera/db_light.cpp	local	gear_step.615	gear_step.615
.data	0x00000494	0x4	t_camera/db_light.cpp	local	x0.625	x0.625
.data	0x00000498	0x4	t_camera/db_light.cpp	local	y0.626	y0.626
.data	0x0000049C	0x4	t_camera/db_light.cpp	local	w0.627	w0.627
.data	0x000004A0	0x4	t_camera/db_light.cpp	local	h0.628	h0.628
.data	0x000004A4	0x4	t_camera/db_light.cpp	local	s0.629	s0.629
.data	0x000004A8	0x4	t_camera/db_light.cpp	local	amb_copy.640	amb_copy.640
.data	0x000004AC	0x10	t_camera/db_light.cpp	local	focus_mode_name.653	focus_mode_name.653
.data	0x000004BC	0x4	t_camera/db_light.cpp	local	sz.657	sz.657
.data	0x000004C0	0x4	t_camera/db_light.cpp	local	gamma2.658	gamma2.658
.data	0x000004C4	0x4	t_camera/db_light.cpp	local	gamma3.659	gamma3.659
.data	0x000004C8	0x10	t_camera/db_light.cpp	local	tune_name.669	tune_name.669
.data	0x000004D8	0x10	t_camera/db_light.cpp	local	scale_name.673	scale_name.673
.data	0x000004E8	0x8	t_camera/db_light.cpp	local	onoff.700	onoff.700
.data	0x000004F0	0x8	t_camera/db_light.cpp	local	table_head	table_head
.data	0x000004F8	0x4	t_camera/db_light.cpp	local	state.755	state.755
.data	0x00000500	0x24	t_camera/t_camera.cpp	global	tcTypeName	tcTypeName
.data	0x00000524	0x8	t_camera/t_camera.cpp	global	tcOnOff	tcOnOff
.data	0x0000052C	0x30	t_camera/t_camera.cpp	global	tcMenuPos	tcMenuPos
.data	0x0000055C	0x4	t_camera/t_camera.cpp	global	pTc	pTc
.data	0x00000560	0x18	t_camera/t_camera.cpp	local	tcRoutineTbl	tcRoutineTbl
.data	0x00000578	0x10	t_camera/t_camera.cpp	local	tcMainMenuName	tcMainMenuName
.data	0x00000588	0x1	t_camera/t_camera.cpp	local	lastCam.366	lastCam.366
.data	0x00000589	0x1	t_camera/t_camera.cpp	local	cursor.370	cursor.370
.data	0x0000058A	0x1	t_camera/t_camera.cpp	local	no.371	no.371
.data	0x0000058B	0x1	t_camera/t_camera.cpp	local	blink.372	blink.372
.data	0x0000058C	0x20	t_camera/t_camera.cpp	local	attrShort.373	attrShort.373
.data	0x000005AC	0x20	t_camera/t_camera.cpp	local	attrChar.374	attrChar.374
.data	0x000005CC	0x4	t_camera/t_camera.cpp	local	sel.375	sel.375
.data	0x000005D0	0x4	t_camera/t_camera.cpp	local	top.376	top.376
.data	0x000005D4	0x4	t_camera/t_camera.cpp	local	keyMode.377	keyMode.377
.data	0x000005D8	0x4	t_camera/t_camera.cpp	local	vtxSave.420	vtxSave.420
.data	0x000005DC	0x20	t_camera/t_camera.cpp	local	areaMenuName.421	areaMenuName.421
.data	0x000005FC	0x20	t_camera/t_camera.cpp	local	attrLong.422	attrLong.422
.data	0x0000061C	0x20	t_camera/t_camera.cpp	local	charName.423	charName.423
.data	0x0000063C	0x20	t_camera/t_camera.cpp	local	addrName.424	addrName.424
.data	0x0000065C	0x4	t_camera/t_camera.cpp	local	tcVertexStep	tcVertexStep
.data	0x00000660	0x1	t_camera/t_camera.cpp	local	rad.443	rad.443
.data	0x00000664	0x4	t_camera/t_camera.cpp	local	oldRet.450	oldRet.450
.data	0x00000668	0x20	t_camera/t_camera.cpp	local	qfpsMenuName.451	qfpsMenuName.451
.data	0x00000688	0x20	t_camera/t_camera.cpp	local	qfpsAttrName.452	qfpsAttrName.452
.data	0x000006A8	0x24	t_camera/t_camera.cpp	local	railMenuName.456	railMenuName.456
.data	0x000006CC	0x20	t_camera/t_camera.cpp	local	railAttrName.457	railAttrName.457
.data	0x000006EC	0x1	t_camera/t_camera.cpp	local	rad.524	rad.524
.data	0x000006F0	0x4	t_camera/t_camera.cpp	local	yesNo.528	yesNo.528
.data	0x000006F4	0x4	t_camera/t_camera.cpp	local	flags.529	flags.529
.data	0x000006F8	0x4	t_camera/t_camera.cpp	local	failTimer.530	failTimer.530
.data	0x000006FC	0x4	t_camera/t_camera.cpp	local	yesNo.535	yesNo.535
.data	0x00000700	0x4	t_camera/t_camera.cpp	local	flags.536	flags.536
.data	0x00000704	0x4	t_camera/t_camera.cpp	local	failTimer.537	failTimer.537
.data	0x00000708	0x4	t_camera/t_camera.cpp	local	tcDollySpeed	tcDollySpeed
.data	0x0000070C	0x4	t_camera/t_camera.cpp	local	tcDollyDummy	tcDollyDummy
.data	0x00000710	0x8	t_camera/t_camera_data.cpp	local	tcPreview	tcPreview
.data	0x00000718	0x4	t_camera/t_camera_draw.cpp	local	tcMenuBlink	tcMenuBlink
.data	0x0000071C	0x4	t_camera/t_camera_draw.cpp	local	tcMenuDummy	tcMenuDummy
.data	0x00000720	0x18	t_camera/t_prim.cpp	local	Vrect	Vrect
.data	0x00000738	0x4	t_camera/t_prim.cpp	local	FlipMode	FlipMode
.data	0x0000073C	0x30	t_camera/t_prim.cpp	local	bl.39	bl.39
.data	0x0000076C	0x4	t_camera/t_util.cpp	global	old_menu	old_menu
.data	0x00000770	0x4	t_camera/t_util.cpp	local	old_num	old_num
.data	0x00000774	0x1	t_camera/t_util.cpp	local	cursor_s.210	cursor_s.210
.data	0x00000775	0x1	t_camera/t_util.cpp	local	flicker.211	flicker.211
.bss	0x00000000	0xC	t_camera/db_light.cpp	global	spotRot.609	spotRot.609
.bss	0x0000000C	0xC	t_camera/db_light.cpp	local	rot.613	rot.613
.bss	0x00000018	0x4	t_camera/db_light.cpp	local	gear.614	gear.614
.bss	0x0000001C	0xC	t_camera/db_light.cpp	local	ang.633	ang.633
.bss	0x00000028	0x4	t_camera/db_light.cpp	local	evtKey.686	evtKey.686
.bss	0x0000002C	0x4	t_camera/db_light.cpp	local	evtAction.687	evtAction.687
.bss	0x00000030	0x20	t_camera/db_light.cpp	local	evName.688	evName.688
.bss	0x00000050	0x8	t_camera/db_light.cpp	local	evStr.689	evStr.689
.bss	0x00000058	0x4	t_camera/db_light.cpp	local	evtKey.693	evtKey.693
.bss	0x0000005C	0x4	t_camera/db_light.cpp	local	evtAction.694	evtAction.694
.bss	0x00000060	0x20	t_camera/db_light.cpp	local	evName.695	evName.695
.bss	0x00000080	0x8	t_camera/db_light.cpp	local	evStr.696	evStr.696
.bss	0x00000088	0x4	t_camera/db_light.cpp	local	r.756	r.756
.bss	0x0000008C	0x4	t_camera/db_light.cpp	local	g.757	g.757
.bss	0x00000090	0x4	t_camera/db_light.cpp	local	b.758	b.758
.bss	0x00000094	0x4	t_camera/db_light.cpp	local	a.759	a.759
.bss	0x00000098	0x4	t_camera/db_light.cpp	local	val.793	val.793
.bss	0x0000009C	0x4	t_camera/db_light.cpp	local	LitPathPtr	LitPathPtr
.bss	0x000000A0	0x4	t_camera/db_light.cpp	local	LightToolPtr	LightToolPtr
.bss	0x000000A4	0x4	t_camera/db_light.cpp	local	LightWorkNum_	LightWorkNum_
.bss	0x000000A8	0x4	t_camera/db_light.cpp	local	pLightEnv	pLightEnv
.bss	0x000000AC	0x1	t_camera/t_camera.cpp	local	copyCursor.378	copyCursor.378
.bss	0x000000AD	0x1	t_camera/t_camera.cpp	local	copyNo.379	copyNo.379
.bss	0x000000B0	0x4	t_camera/t_camera.cpp	local	flag.380	flag.380
.bss	0x000000B4	0x100	t_camera/t_camera.cpp	local	path.531	path.531
.bss	0x000001B4	0x100	t_camera/t_camera.cpp	local	path.538	path.538
.bss	0x000002B4	0x400	t_camera/t_camera.cpp	global	tcTypeTbl	tcTypeTbl
.bss	0x000006B4	0x6A80	t_camera/t_camera.cpp	global	tcAdat	tcAdat
.bss	0x00007134	0xE500	t_camera/t_camera.cpp	global	tcCdat	tcCdat
.bss	0x00015634	0x400	t_camera/t_camera.cpp	global	tcLdat	tcLdat
.bss	0x00015A34	0x644	t_camera/t_camera.cpp	global	tcWork	tcWork
.bss	0x00016078	0xF8	t_camera/t_camera_data.cpp	global	tcGameCamera	tcGameCamera
.bss	0x00016170	0xC	t_camera/t_camera_draw.cpp	local	tcCurveOld	tcCurveOld
.bss	0x00016180	0x10	t_camera/t_prim.cpp	local	Orect	Orect
.bss	0x00016190	0x4	t_camera/t_prim.cpp	local	ProjMtx	ProjMtx
.bss	0x00016194	0x4	t_camera/t_prim.cpp	local	ViewMtx	ViewMtx
.bss	0x000161A0	0x100	t_camera/t_prim.cpp	global	ToolBuffer	ToolBuffer
.bss	0x000162A0	0x18	t_camera/t_prim.cpp	local	default_view	default_view
.bss	0x000162B8	0x8	t_camera/t_prim.cpp	local	default_clip	default_clip
.bss	0x000162C0	0xF8	t_camera/t_util.cpp	local	globalCamera	globalCamera
.bss	0x000163B8	0x10	t_camera/t_util.cpp	global	debug_flg_bak	debug_flg_bak
.bss	0x000163C8	0x4	t_camera/t_util.cpp	global	stop_flg_bak	stop_flg_bak
.bss	0x000163CC	0x4	t_camera/t_util.cpp	global	disp_flg_bak	disp_flg_bak
.bss	0x000163D0	0x4	t_camera/t_util.cpp	global	system_flg_bak	system_flg_bak
.bss	0x000163D4	0x10	t_camera/t_util.cpp	global	status_flg_bak	status_flg_bak
.bss	0x000163E4	0x34	t_camera/db_light.cpp	global	common_t_camera	common_t_camera
