section	offset	size	unit	scope	name	demangled
.text	0x00000000	0x224	t_event/db_light.cpp	global	__10cLightTool	cLightTool::cLightTool
.text	0x00000224	0x70	t_event/db_light.cpp	global	_._10cLightTool	cLightTool::~cLightTool
.text	0x00000294	0x7A4	t_event/db_light.cpp	global	move__10cLightTool	cLightTool::move
.text	0x00000A38	0xC	t_event/db_light.cpp	global	dblCk__10cLightToolUl	cLightTool::dblCk
.text	0x00000A44	0x78	t_event/db_light.cpp	global	editEnable__10cLightTool	cLightTool::editEnable
.text	0x00000ABC	0x158	t_event/db_light.cpp	global	updateLit__10cLightTool	cLightTool::updateLit
.text	0x00000C14	0x158	t_event/db_light.cpp	local	menu__Fv	menu
.text	0x00000D6C	0x40	t_event/db_light.cpp	local	edit__Fv	edit
.text	0x00000DAC	0x188	t_event/db_light.cpp	local	edit_menu__Fv	edit_menu
.text	0x00000F34	0x2DC	t_event/db_light.cpp	local	edit_cutsel__Fv	edit_cutsel
.text	0x00001210	0x364	t_event/db_light.cpp	local	edit_cutsel_main__Fv	edit_cutsel_main
.text	0x00001574	0x2F0	t_event/db_light.cpp	local	edit_cutsel_sub__Fv	edit_cutsel_sub
.text	0x00001864	0x8C	t_event/db_light.cpp	global	lightCopyCut__Fi	lightCopyCut
.text	0x000018F0	0x94	t_event/db_light.cpp	global	lightPasteCut__Fi	lightPasteCut
.text	0x00001984	0x84	t_event/db_light.cpp	global	lightPasteAmbient__Fi	lightPasteAmbient
.text	0x00001A08	0xA8	t_event/db_light.cpp	global	lightPasteFog__Fi	lightPasteFog
.text	0x00001AB0	0xA8	t_event/db_light.cpp	global	lightPasteMFog__Fi	lightPasteMFog
.text	0x00001B58	0x8	t_event/db_light.cpp	global	lightPasteShadow__Fi	lightPasteShadow
.text	0x00001B60	0x8C	t_event/db_light.cpp	global	lightPasteFocus__Fi	lightPasteFocus
.text	0x00001BEC	0x84	t_event/db_light.cpp	global	lightPasteBlur__Fi	lightPasteBlur
.text	0x00001C70	0xA8	t_event/db_light.cpp	global	lightPasteTune__Fi	lightPasteTune
.text	0x00001D18	0xE8	t_event/db_light.cpp	global	lightPasteScale__Fi	lightPasteScale
.text	0x00001E00	0x100	t_event/db_light.cpp	global	lightPasteCutAll__Fi	lightPasteCutAll
.text	0x00001F00	0xE0	t_event/db_light.cpp	global	lightPasteCutAll2__Fi	lightPasteCutAll2
.text	0x00001FE0	0x58	t_event/db_light.cpp	global	copyCut__FP9cLightEnv	copyCut
.text	0x00002038	0x44	t_event/db_light.cpp	local	edit_light__Fv	edit_light
.text	0x0000207C	0x334	t_event/db_light.cpp	local	edit_light_select__Fv	edit_light_select
.text	0x000023B0	0x5A4	t_event/db_light.cpp	local	edit_light_select_sub__Fv	edit_light_select_sub
.text	0x00002954	0x22C	t_event/db_light.cpp	global	lightCopyWork__FP6cLightT0	lightCopyWork
.text	0x00002B80	0x490	t_event/db_light.cpp	global	lightCutWork__Fi	lightCutWork
.text	0x00003010	0x488	t_event/db_light.cpp	global	lightInsertWork__Fi	lightInsertWork
.text	0x00003498	0x9C	t_event/db_light.cpp	local	edit_light_no__Fv	edit_light_no
.text	0x00003534	0x178	t_event/db_light.cpp	local	edit_light_id__Fv	edit_light_id
.text	0x000036AC	0xD4	t_event/db_light.cpp	local	edit_light_id_normal__Fv	edit_light_id_normal
.text	0x00003780	0x1F0	t_event/db_light.cpp	local	edit_light_id_flick__Fv	edit_light_id_flick
.text	0x00003970	0x294	t_event/db_light.cpp	local	edit_light_id_wave__Fv	edit_light_id_wave
.text	0x00003C04	0x334	t_event/db_light.cpp	local	edit_light_id_round__Fv	edit_light_id_round
.text	0x00003F38	0x590	t_event/db_light.cpp	local	edit_light_id_shadow__Fv	edit_light_id_shadow
.text	0x000044C8	0x3B0	t_event/db_light.cpp	local	edit_light_id_path__Fv	edit_light_id_path
.text	0x00004878	0x278	t_event/db_light.cpp	local	edit_light_id_fade__Fv	edit_light_id_fade
.text	0x00004AF0	0x334	t_event/db_light.cpp	local	edit_light_id_shine__Fv	edit_light_id_shine
.text	0x00004E24	0x4	t_event/db_light.cpp	local	edit_light_id_spotlock__Fv	edit_light_id_spotlock
.text	0x00004E28	0x3BC	t_event/db_light.cpp	local	edit_light_eid__Fv	edit_light_eid
.text	0x000051E4	0x770	t_event/db_light.cpp	local	edit_light_parent__Fv	edit_light_parent
.text	0x00005954	0xC0	t_event/db_light.cpp	global	posTranslate__FP6cLightUcUl	posTranslate
.text	0x00005A14	0x2BC	t_event/db_light.cpp	local	edit_light_pos__Fv	edit_light_pos
.text	0x00005CD0	0x390	t_event/db_light.cpp	local	edit_light_radius__Fv	edit_light_radius
.text	0x00006060	0xB0	t_event/db_light.cpp	local	edit_light_color__Fv	edit_light_color
.text	0x00006110	0x1EC	t_event/db_light.cpp	local	edit_light_intensity__Fv	edit_light_intensity
.text	0x000062FC	0xD4	t_event/db_light.cpp	local	edit_light_type__Fv	edit_light_type
.text	0x000063D0	0xC0	t_event/db_light.cpp	global	edit_light_type_shadow__Fv	edit_light_type_shadow
.text	0x00006490	0x154	t_event/db_light.cpp	global	shadow_select_type__Fv	shadow_select_type
.text	0x000065E4	0x704	t_event/db_light.cpp	local	edit_light_type_shadow_fit__Fv	edit_light_type_shadow_fit
.text	0x00006CE8	0x704	t_event/db_light.cpp	local	edit_light_type_shadow_parallel__Fv	edit_light_type_shadow_parallel
.text	0x000073EC	0x418	t_event/db_light.cpp	local	edit_light_type_shadow_fix__Fv	edit_light_type_shadow_fix
.text	0x00007804	0x140	t_event/db_light.cpp	local	edit_light_kind__Fv	edit_light_kind
.text	0x00007944	0x268	t_event/db_light.cpp	local	edit_light_attr__Fv	edit_light_attr
.text	0x00007BAC	0x130	t_event/db_light.cpp	local	edit_light_priority__Fv	edit_light_priority
.text	0x00007CDC	0x174	t_event/db_light.cpp	global	select_type__Fv	select_type
.text	0x00007E50	0x238	t_event/db_light.cpp	local	edit_light_type_constant__Fv	edit_light_type_constant
.text	0x00008088	0x1EC	t_event/db_light.cpp	local	edit_light_type_quad__Fv	edit_light_type_quad
.text	0x00008274	0x4F4	t_event/db_light.cpp	local	edit_light_type_spotlight__Fv	edit_light_type_spotlight
.text	0x00008768	0x714	t_event/db_light.cpp	local	edit_light_type_direct__Fv	edit_light_type_direct
.text	0x00008E7C	0x1EC	t_event/db_light.cpp	local	edit_light_type_localamb__Fv	edit_light_type_localamb
.text	0x00009068	0x40	t_event/db_light.cpp	global	func_attn__FP6cLightf	func_attn
.text	0x000090A8	0x554	t_event/db_light.cpp	global	draw_light_graph__FP6cLight	draw_light_graph
.text	0x000095FC	0x534	t_event/db_light.cpp	local	edit_light_type_parallel__Fv	edit_light_type_parallel
.text	0x00009B30	0x4	t_event/db_light.cpp	local	edit_light_prop_sub__Fv	edit_light_prop_sub
.text	0x00009B34	0x48C	t_event/db_light.cpp	local	edit_ambient__Fv	edit_ambient
.text	0x00009FC0	0x64	t_event/db_light.cpp	local	edit_fog__Fv	edit_fog
.text	0x0000A024	0x64	t_event/db_light.cpp	local	edit_mirror_fog__Fv	edit_mirror_fog
.text	0x0000A088	0x424	t_event/db_light.cpp	global	edit_fog_common__FP8LightFog	edit_fog_common
.text	0x0000A4AC	0x2FC	t_event/db_light.cpp	local	edit_focus__Fv	edit_focus
.text	0x0000A7A8	0x2F8	t_event/db_light.cpp	global	draw_tone_curve__Fv	draw_tone_curve
.text	0x0000AAA0	0x6C4	t_event/db_light.cpp	local	edit_blur__Fv	edit_blur
.text	0x0000B164	0x40C	t_event/db_light.cpp	local	edit_mipmap__Fv	edit_mipmap
.text	0x0000B570	0x4C0	t_event/db_light.cpp	local	edit_tune__Fv	edit_tune
.text	0x0000BA30	0x28C	t_event/db_light.cpp	local	edit_scale__Fv	edit_scale
.text	0x0000BCBC	0x198	t_event/db_light.cpp	local	edit_param__Fv	edit_param
.text	0x0000BE54	0x5C8	t_event/db_light.cpp	local	edit_wind__Fv	edit_wind
.text	0x0000C41C	0x18C	t_event/db_light.cpp	local	path__Fv	path
.text	0x0000C5A8	0xF20	t_event/db_light.cpp	local	load__Fv	load
.text	0x0000D4C8	0xE44	t_event/db_light.cpp	local	save__Fv	save
.text	0x0000E30C	0x898	t_event/db_light.cpp	local	option__Fv	option
.text	0x0000EBA4	0x1C8	t_event/db_light.cpp	local	quit__Fv	quit
.text	0x0000ED6C	0x5CC	t_event/db_light.cpp	global	printEditTable__Fv	printEditTable
.text	0x0000F338	0x54	t_event/db_light.cpp	global	printCursor__10cLightToolii	cLightTool::printCursor
.text	0x0000F38C	0x1E0	t_event/db_light.cpp	global	DrawTile__FiiiiP7GXColor	DrawTile
.text	0x0000F56C	0x18	t_event/db_light.cpp	global	clearWork__10cLightTool	cLightTool::clearWork
.text	0x0000F584	0x1C	t_event/db_light.cpp	global	clearSubMenu__10cLightTool	cLightTool::clearSubMenu
.text	0x0000F5A0	0x30	t_event/db_light.cpp	global	__6cDbLit	cDbLit::cDbLit
.text	0x0000F5D0	0xA0	t_event/db_light.cpp	global	size__6cDbLit	cDbLit::size
.text	0x0000F670	0x10	t_event/db_light.cpp	global	getCut__6cDbLitUs	cDbLit::getCut
.text	0x0000F680	0x8C	t_event/db_light.cpp	global	LitLoadWork__FP6cDbLiti	LitLoadWork
.text	0x0000F70C	0x134	t_event/db_light.cpp	global	LitSaveWork__FP6cDbLiti	LitSaveWork
.text	0x0000F840	0xA8	t_event/db_light.cpp	global	fileLoad__6cDbLitPCc	cDbLit::fileLoad
.text	0x0000F8E8	0x138	t_event/db_light.cpp	global	init__6cDbLitP4cLit	cDbLit::init
.text	0x0000FA20	0x58	t_event/db_light.cpp	global	preEventSave__6cDbLit	cDbLit::preEventSave
.text	0x0000FA78	0x90	t_event/db_light.cpp	global	fileSave__6cDbLitPCc	cDbLit::fileSave
.text	0x0000FB08	0x1B0	t_event/db_light.cpp	global	createLit__6cDbLitP4cLit	cDbLit::createLit
.text	0x0000FCB8	0x9A0	t_event/db_light.cpp	global	editColor__FiiP7GXColor	editColor
.text	0x00010658	0x8C	t_event/db_light.cpp	global	strFogType__Fi	strFogType
.text	0x000106E4	0x70	t_event/db_light.cpp	global	fogTypeNext__Fi	fogTypeNext
.text	0x00010754	0x70	t_event/db_light.cpp	global	fogTypeBack__Fi	fogTypeBack
.text	0x000107C4	0xF0	t_event/db_light.cpp	global	initLightWork__FP6cLight	initLightWork
.text	0x000108B4	0x84	t_event/db_light.cpp	global	clear_move_free__Fv	clear_move_free
.text	0x00010938	0x68	t_event/db_light.cpp	global	clear_type_free__Fv	clear_type_free
.text	0x000109A0	0x8C	t_event/db_light.cpp	global	getCutNo__Fv	getCutNo
.text	0x00010A2C	0x184	t_event/db_light.cpp	global	drawLightInfo_SpotShadow__FP6cLightUl	drawLightInfo_SpotShadow
.text	0x00010BB0	0x17C	t_event/db_light.cpp	global	drawLightInfo__FP6cLightUl	drawLightInfo
.text	0x00010D2C	0x518	t_event/db_light.cpp	global	pathSelect__FiiUcUci	pathSelect
.text	0x00011244	0x428	t_event/db_light.cpp	global	pathEdit__FiiUcUci	pathEdit
.text	0x0001166C	0x2A0	t_event/db_light.cpp	global	drawPath__FiiP14cLightPathDataUcUl	drawPath
.text	0x0001190C	0x21C	t_event/db_light.cpp	global	lightAnalysis__10cLightTool	cLightTool::lightAnalysis
.text	0x00011B28	0x168	t_event/db_light.cpp	global	__12cLitPathTool	cLitPathTool::cLitPathTool
.text	0x00011C90	0x28	t_event/db_light.cpp	global	_._12cLitPathTool	cLitPathTool::~cLitPathTool
.text	0x00011CB8	0xD4	t_event/db_light.cpp	global	expand__12cLitPathToolP16cLightPathHeader	cLitPathTool::expand
.text	0x00011D8C	0xBC	t_event/db_light.cpp	global	createPath__12cLitPathToolP16cLightPathHeader	cLitPathTool::createPath
.text	0x00011E48	0xBC	t_event/db_light.cpp	global	countActiveWork__t8cManager1Z6cLight	cManager<cLight>::countActiveWork
.text	0x00011F04	0x158	t_event/db_light.cpp	global	create__t8cManager1Z6cLighti	cManager<cLight>::create
.text	0x0001205C	0x138	t_event/db_light.cpp	global	create__t8cManager1Z6cLightiUl	cManager<cLight>::create
.text	0x00012194	0x14	t_event/db_light.cpp	global	init__t9cVarRange1ZUcRCUcT1	cVarRange<unsigned char>::init
.text	0x000121A8	0x34	t_event/db_light.cpp	global	limitUpper__t8cVarLoop1ZUci	cVarLoop<unsigned char>::limitUpper
.text	0x000121DC	0x34	t_event/db_light.cpp	global	limitLower__t8cVarLoop1ZUci	cVarLoop<unsigned char>::limitLower
.text	0x00012210	0x68	t_event/db_light.cpp	global	__t8cVarLoop1ZUcRCUcN21	cVarLoop<unsigned char>::cVarLoop
.text	0x00012278	0x14	t_event/db_light.cpp	global	__eq__t9cVarRange1ZUci	cVarRange<unsigned char>::operator==
.text	0x0001228C	0x50	t_event/db_light.cpp	global	__mm__t9cVarRange1ZUci	cVarRange<unsigned char>::operator--
.text	0x000122DC	0x50	t_event/db_light.cpp	global	__pp__t9cVarRange1ZUci	cVarRange<unsigned char>::operator++
.text	0x0001232C	0x8	t_event/db_light.cpp	global	__opi__t9cVarRange1ZUc	cVarRange<unsigned char>::operator int
.text	0x00012334	0x80	t_event/db_light.cpp	global	destroyAll__t8cManager1Z6cLight	cManager<cLight>::destroyAll
.text	0x000123B4	0x48	t_event/db_light.cpp	global	_._5cUnit	cUnit::~cUnit
.text	0x000123FC	0x4	t_event/db_light.cpp	global	beginEvent__5cUnitUl	cUnit::beginEvent
.text	0x00012400	0x4	t_event/db_light.cpp	global	endEvent__5cUnitUl	cUnit::endEvent
.text	0x00012404	0x4	t_event/db_light.cpp	global	__dl__5cUnitPvUi	cUnit::operator delete
.text	0x00012408	0x14	t_event/db_sctrl.cpp	global	SctrlInitAxisRange__FP11DbSctrlWorkffff	SctrlInitAxisRange
.text	0x0001241C	0xF0	t_event/db_sctrl.cpp	global	SctrlAdjustAxisRange__FP11DbSctrlWork	SctrlAdjustAxisRange
.text	0x0001250C	0x40	t_event/db_sctrl.cpp	global	SctrlSetAxisLabel__FP11DbSctrlWorkPCcT1	SctrlSetAxisLabel
.text	0x0001254C	0x70	t_event/db_sctrl.cpp	global	SctrlInitCursor__FP11DbSctrlWorkff	SctrlInitCursor
.text	0x000125BC	0x10C	t_event/db_sctrl.cpp	global	dbSctrlScreenOrientation__FP11DbSctrlWorkP6CAMERAf	dbSctrlScreenOrientation
.text	0x000126C8	0x98	t_event/db_sctrl.cpp	global	DbSctrl__FP11DbSctrlWorkii	DbSctrl
.text	0x00012760	0x20	t_event/db_sctrl.cpp	local	sctrlQuit__FP11DbSctrlWork	sctrlQuit
.text	0x00012780	0xE7C	t_event/db_sctrl.cpp	local	sctrlMenu__FP11DbSctrlWork	sctrlMenu
.text	0x000135FC	0x670	t_event/db_sctrl.cpp	local	sctrlEdit__FP11DbSctrlWork	sctrlEdit
.text	0x00013C6C	0x2EC	t_event/db_sctrl.cpp	global	grabPoint__FP11DbSctrlWork	grabPoint
.text	0x00013F58	0x238	t_event/db_sctrl.cpp	global	grabLine__FP11DbSctrlWork	grabLine
.text	0x00014190	0x94	t_event/db_sctrl.cpp	global	deletePoint__FP11DbSctrlWork	deletePoint
.text	0x00014224	0xE8	t_event/db_sctrl.cpp	global	insertPoint__FP11DbSctrlWork	insertPoint
.text	0x0001430C	0x1E4	t_event/db_sctrl.cpp	global	drawCursor__FP11DbSctrlWork	drawCursor
.text	0x000144F0	0x534	t_event/db_sctrl.cpp	global	drawAxis__FP11DbSctrlWork	drawAxis
.text	0x00014A24	0x41C	t_event/db_sctrl.cpp	global	drawScurve__FP11DbSctrlWork	drawScurve
.text	0x00014E40	0x74	t_event/db_sctrl.cpp	global	posScreen2Graph__FP11DbSctrlWorkP3VecT1	posScreen2Graph
.text	0x00014EB4	0x7C	t_event/db_sctrl.cpp	global	posGraph2Screen__FP11DbSctrlWorkP3VecT1	posGraph2Screen
.text	0x00014F30	0x24	t_event/db_sctrl.cpp	global	posScreen2World__FP11DbSctrlWorkP3VecT1	posScreen2World
.text	0x00014F54	0x44	t_event/db_sctrl.cpp	global	posGraph2World__FP11DbSctrlWorkP3VecT1	posGraph2World
.text	0x00014F98	0x15C	t_event/db_sctrl.cpp	global	posGridLock__FP3VecN20	posGridLock
.text	0x000150F4	0x60	t_event/db_sctrl.cpp	global	posScreen2GridLock__FP11DbSctrlWorkP3VecT1	posScreen2GridLock
.text	0x00015154	0x6C	t_event/db_toolbase.cpp	global	MakeCol__Fffff	MakeCol
.text	0x000151C0	0x15C	t_event/db_toolbase.cpp	global	DbgDrawBox__Fffffffff	DbgDrawBox
.text	0x0001531C	0x5C	t_event/db_toolbase.cpp	global	DbgDrawBoxFill__Fffffffff	DbgDrawBoxFill
.text	0x00015378	0x1BC	t_event/db_toolbase.cpp	global	AddButton__10cDbgWindowiiPCciiPFP10cDbgButton_vT6	cDbgWindow::AddButton
.text	0x00015534	0x60	t_event/db_toolbase.cpp	global	FindButton__10cDbgWindowiiPP10cDbgButton	cDbgWindow::FindButton
.text	0x00015594	0x188	t_event/db_toolbase.cpp	global	LocalUpdate__10cDbgWindow	cDbgWindow::LocalUpdate
.text	0x0001571C	0x1E4	t_event/db_toolbase.cpp	global	LocalDisp__10cDbgWindow	cDbgWindow::LocalDisp
.text	0x00015900	0x50	t_event/db_toolbase.cpp	global	_._10cDbgButton	cDbgButton::~cDbgButton
.text	0x00015950	0x70	t_event/db_toolbase.cpp	global	Init__10cDbgWindowiiPCc	cDbgWindow::Init
.text	0x000159C0	0xA4	t_event/db_toolbase.cpp	global	_._10cDbgWindow	cDbgWindow::~cDbgWindow
.text	0x00015A64	0x18	t_event/db_toolbase.cpp	global	GetCx__10cDbgWindow	cDbgWindow::GetCx
.text	0x00015A7C	0x18	t_event/db_toolbase.cpp	global	GetCy__10cDbgWindow	cDbgWindow::GetCy
.text	0x00015A94	0xC	t_event/db_toolbase.cpp	global	SetCurrentTopButton__10cDbgWindow	cDbgWindow::SetCurrentTopButton
.text	0x00015AA0	0xC	t_event/db_toolbase.cpp	global	SetCurrentBottomButton__10cDbgWindow	cDbgWindow::SetCurrentBottomButton
.text	0x00015AAC	0x70	t_event/db_toolbase.cpp	global	ButtonAllUpdate__10cDbgWindow	cDbgWindow::ButtonAllUpdate
.text	0x00015B1C	0x50	t_event/db_toolbase.cpp	global	_._14cDbgButtonBase	cDbgButtonBase::~cDbgButtonBase
.text	0x00015B6C	0x34	t_event/db_toolbase.cpp	global	_._14cDbgWindowBase	cDbgWindowBase::~cDbgWindowBase
.text	0x00015BA0	0x8	t_event/db_toolbase.cpp	global	GetCx__14cDbgWindowBase	cDbgWindowBase::GetCx
.text	0x00015BA8	0x8	t_event/db_toolbase.cpp	global	GetCy__14cDbgWindowBase	cDbgWindowBase::GetCy
.text	0x00015BB0	0x4	t_event/db_toolbase.cpp	global	SetCurrentBottomButton__14cDbgWindowBase	cDbgWindowBase::SetCurrentBottomButton
.text	0x00015BB4	0x4C	t_event/db_filelist.cpp	global	init__9cFileList	cFileList::init
.text	0x00015C00	0x1B4	t_event/db_filelist.cpp	global	disp__9cFileListiii	cFileList::disp
.text	0x00015DB4	0x178	t_event/db_filelist.cpp	global	update__9cFileList	cFileList::update
.text	0x00015F2C	0x160	t_event/db_filelist.cpp	global	dir__9cFileListPcT1	cFileList::dir
.text	0x0001608C	0x4	t_event/db_filelist.cpp	global	__static_initialization_and_destruction_0	__static_initialization_and_destruction_0
.text	0x00016090	0x2C	t_event/db_filelist.cpp	local	global_constructors_keyed_to_cFileList_init	global constructors keyed to cFileList::init
.text	0x000160BC	0x2C	t_event/db_filelist.cpp	local	global_destructors_keyed_to_cFileList_init	global destructors keyed to cFileList::init
.text	0x000160E8	0x38	t_event/t_event.cpp	global	ToolEvent__Fv	ToolEvent
.text	0x00016120	0x48	t_event/t_event.cpp	global	EvtTaskSuspend__7ToolEvti	ToolEvt::EvtTaskSuspend
.text	0x00016168	0x48	t_event/t_event.cpp	global	EvtTaskSignal__7ToolEvti	ToolEvt::EvtTaskSignal
.text	0x000161B0	0x294	t_event/t_event.cpp	global	__7ToolEvt	ToolEvt::ToolEvt
.text	0x00016444	0x9C	t_event/t_event.cpp	global	_._7ToolEvt	ToolEvt::~ToolEvt
.text	0x000164E0	0x68	t_event/t_event.cpp	global	Run__7ToolEvt	ToolEvt::Run
.text	0x00016548	0x1B8	t_event/t_event.cpp	global	RunStop__7ToolEvtP7ToolEvtP5Event	ToolEvt::RunStop
.text	0x00016700	0x98	t_event/t_event.cpp	global	MainMenu__7ToolEvtP7ToolEvt	ToolEvt::MainMenu
.text	0x00016798	0x8C0	t_event/t_event.cpp	global	MainPreview__7ToolEvtP7ToolEvt	ToolEvt::MainPreview
.text	0x00017058	0xAC	t_event/t_event.cpp	global	MainExit__7ToolEvtP7ToolEvt	ToolEvt::MainExit
.text	0x00017104	0x68	t_event/t_event.cpp	global	EventDel__7ToolEvtP5Event	ToolEvt::EventDel
.text	0x0001716C	0x1E4	t_event/t_event.cpp	global	SubMenuMain__7ToolEvtP7ToolEvtP5Event	ToolEvt::SubMenuMain
.text	0x00017350	0x284	t_event/t_event.cpp	global	SubMenuFog__7ToolEvtP7ToolEvtP5Event	ToolEvt::SubMenuFog
.text	0x000175D4	0x2D0	t_event/t_event.cpp	global	SubMenuFocus__7ToolEvtP7ToolEvtP5Event	ToolEvt::SubMenuFocus
.text	0x000178A4	0xB0	t_event/t_event.cpp	global	SubMenuSelectYesNo__7ToolEvtP7ToolEvtPCcT2	ToolEvt::SubMenuSelectYesNo
.text	0x00017954	0x154	t_event/t_event.cpp	global	SubMenuEditFocusLevel__7ToolEvtP7ToolEvtP5EventPCcPf	ToolEvt::SubMenuEditFocusLevel
.text	0x00017AA8	0x164	t_event/t_event.cpp	global	SubToolCameraMove__7ToolEvtP7ToolEvt	ToolEvt::SubToolCameraMove
.text	0x00017C0C	0xDC	t_event/t_event.cpp	global	SubToolLightInit__7ToolEvtP7ToolEvti	ToolEvt::SubToolLightInit
.text	0x00017CE8	0x6C	t_event/t_event.cpp	global	SubToolLightMove__7ToolEvtP7ToolEvt	ToolEvt::SubToolLightMove
.text	0x00017D54	0xFC	t_event/t_event.cpp	global	SubToolFogWkInit__7ToolEvtP7ToolEvtP5Event	ToolEvt::SubToolFogWkInit
.text	0x00017E50	0x11C	t_event/t_event.cpp	global	SubToolFogInit__7ToolEvtP7ToolEvtiP5Eventi	ToolEvt::SubToolFogInit
.text	0x00017F6C	0xC0	t_event/t_event.cpp	global	SubToolFogMove__7ToolEvtP7ToolEvtP5Event	ToolEvt::SubToolFogMove
.text	0x0001802C	0xC0	t_event/t_event.cpp	global	SubToolFocusWkInit__7ToolEvtP7ToolEvtP5Event	ToolEvt::SubToolFocusWkInit
.text	0x000180EC	0x11C	t_event/t_event.cpp	global	SubToolFocusInit__7ToolEvtP7ToolEvtiP5Eventi	ToolEvt::SubToolFocusInit
.text	0x00018208	0xC0	t_event/t_event.cpp	global	SubToolFocusMove__7ToolEvtP7ToolEvtP5Event	ToolEvt::SubToolFocusMove
.text	0x000182C8	0x10A0	t_event/t_event.cpp	global	SubToolMessInit__7ToolEvtP7ToolEvti	ToolEvt::SubToolMessInit
.text	0x00019368	0x1010	t_event/t_event.cpp	global	SubToolMessMove__7ToolEvtP7ToolEvtP5Event	ToolEvt::SubToolMessMove
.text	0x0001A378	0x84	t_event/t_event.cpp	global	SubToolIn__7ToolEvtP7ToolEvtii	ToolEvt::SubToolIn
.text	0x0001A3FC	0x104	t_event/t_event.cpp	global	SctrlToolInit__7ToolEvtP7ToolEvtP8Hermite1ff	ToolEvt::SctrlToolInit
.text	0x0001A500	0x18	t_event/t_event.cpp	global	IsWorkAlive__FPQ216EventMessageData8MessElem	IsWorkAlive
.text	0x0001A518	0x28	t_event/t_event.cpp	global	SetWorkAlive__FPQ216EventMessageData8MessElemi	SetWorkAlive
.text	0x0001A540	0x8	t_event/t_event.cpp	global	GetWorkNo__FPQ216EventMessageData8MessElem	GetWorkNo
.text	0x0001A548	0x8	t_event/t_event.cpp	global	SetWorkNo__FPQ216EventMessageData8MessElemi	SetWorkNo
.text	0x0001A550	0x38	t_event/t_event.cpp	global	InitWork__FPQ216EventMessageData8MessElemi	InitWork
.text	0x0001A588	0xD0	t_event/t_event.cpp	global	CallbackCutNoExec__FiPQ216EventMessageData8MessElemPt18cDbgButtonTemplate1ZQ216EventMessageData8MessElem	CallbackCutNoExec
.text	0x0001A658	0xA4	t_event/t_event.cpp	global	CallbackCutNoUpdate__FiPQ216EventMessageData8MessElemPt18cDbgButtonTemplate1ZQ216EventMessageData8MessElem	CallbackCutNoUpdate
.text	0x0001A6FC	0xD0	t_event/t_event.cpp	global	CallbackFrameExec__FiPQ216EventMessageData8MessElemPt18cDbgButtonTemplate1ZQ216EventMessageData8MessElem	CallbackFrameExec
.text	0x0001A7CC	0xA4	t_event/t_event.cpp	global	CallbackFrameUpdate__FiPQ216EventMessageData8MessElemPt18cDbgButtonTemplate1ZQ216EventMessageData8MessElem	CallbackFrameUpdate
.text	0x0001A870	0xE0	t_event/t_event.cpp	global	CallbackMessNoExec__FiPQ216EventMessageData8MessElemPt18cDbgButtonTemplate1ZQ216EventMessageData8MessElem	CallbackMessNoExec
.text	0x0001A950	0xA4	t_event/t_event.cpp	global	CallbackMessNoUpdate__FiPQ216EventMessageData8MessElemPt18cDbgButtonTemplate1ZQ216EventMessageData8MessElem	CallbackMessNoUpdate
.text	0x0001A9F4	0xD0	t_event/t_event.cpp	global	CallbackTimerExec__FiPQ216EventMessageData8MessElemPt18cDbgButtonTemplate1ZQ216EventMessageData8MessElem	CallbackTimerExec
.text	0x0001AAC4	0xA4	t_event/t_event.cpp	global	CallbackTimerUpdate__FiPQ216EventMessageData8MessElemPt18cDbgButtonTemplate1ZQ216EventMessageData8MessElem	CallbackTimerUpdate
.text	0x0001AB68	0x454	t_event/t_event.cpp	global	CallbackSave__FPv	CallbackSave
.text	0x0001AFBC	0x56C	t_event/t_event.cpp	global	CallbackLoad__FPv	CallbackLoad
.text	0x0001B528	0x3B8	t_event/t_event.cpp	global	fn_t_event_1B528	.
.text	0x0001B8E0	0x1A4	t_event/t_event.cpp	global	AddButton__t14cDbgEditWindow1ZQ216EventMessageData8MessElemiiPCciiPFiPQ216EventMessageData8MessElemPt18cDbgButtonTemplate1ZQ216EventMessageData8MessElem_iPFiPQ216EventMessageData8MessElemPt18cDbgButtonTemplate1ZQ216EventMessageData8MessElem_v	cDbgEditWindow<EventMessageData::MessElem>::AddButton
.text	0x0001BA84	0x6C	t_event/t_event.cpp	global	copyBuffer__t14cDbgEditWindow1ZQ216EventMessageData8MessElem	cDbgEditWindow<EventMessageData::MessElem>::copyBuffer
.text	0x0001BAF0	0x180	t_event/t_event.cpp	global	cutBuffer__t14cDbgEditWindow1ZQ216EventMessageData8MessElem	cDbgEditWindow<EventMessageData::MessElem>::cutBuffer
.text	0x0001BC70	0x158	t_event/t_event.cpp	global	pasteBuffer__t14cDbgEditWindow1ZQ216EventMessageData8MessElem	cDbgEditWindow<EventMessageData::MessElem>::pasteBuffer
.text	0x0001BDC8	0x1E8	t_event/t_event.cpp	global	execCopyWindow__t14cDbgEditWindow1ZQ216EventMessageData8MessElem	cDbgEditWindow<EventMessageData::MessElem>::execCopyWindow
.text	0x0001BFB0	0x60	t_event/t_event.cpp	global	FindButton__t14cDbgEditWindow1ZQ216EventMessageData8MessElemiiPPt18cDbgButtonTemplate1ZQ216EventMessageData8MessElem	cDbgEditWindow<EventMessageData::MessElem>::FindButton
.text	0x0001C010	0x2C0	t_event/t_event.cpp	global	LocalUpdate__t14cDbgEditWindow1ZQ216EventMessageData8MessElem	cDbgEditWindow<EventMessageData::MessElem>::LocalUpdate
.text	0x0001C2D0	0x33C	t_event/t_event.cpp	global	LocalDisp__t14cDbgEditWindow1ZQ216EventMessageData8MessElem	cDbgEditWindow<EventMessageData::MessElem>::LocalDisp
.text	0x0001C60C	0x90	t_event/t_event.cpp	global	Init__20cDbgFileSelectWindowiiPCcN33	cDbgFileSelectWindow::Init
.text	0x0001C69C	0x418	t_event/t_event.cpp	global	LocalUpdate__20cDbgFileSelectWindow	cDbgFileSelectWindow::LocalUpdate
.text	0x0001CAB4	0xA4	t_event/t_event.cpp	global	_._20cDbgFileSelectWindow	cDbgFileSelectWindow::~cDbgFileSelectWindow
.text	0x0001CB58	0xA4	t_event/t_event.cpp	global	_._18cDbgOkCancelWindow	cDbgOkCancelWindow::~cDbgOkCancelWindow
.text	0x0001CBFC	0x1DC	t_event/t_event.cpp	global	LocalUpdate__18cDbgOkCancelWindow	cDbgOkCancelWindow::LocalUpdate
.text	0x0001CDD8	0xD0	t_event/t_event.cpp	global	NoButtonUpdate_callback__t14cDbgEditWindow1ZQ216EventMessageData8MessElemiPQ216EventMessageData8MessElemPt18cDbgButtonTemplate1ZQ216EventMessageData8MessElem	cDbgEditWindow<EventMessageData::MessElem>::NoButtonUpdate_callback
.text	0x0001CEA8	0x50	t_event/t_event.cpp	global	_._t18cDbgButtonTemplate1ZQ216EventMessageData8MessElem	cDbgButtonTemplate<EventMessageData::MessElem>::~cDbgButtonTemplate
.text	0x0001CEF8	0xA4	t_event/t_event.cpp	global	_._t14cDbgEditWindow1ZQ216EventMessageData8MessElem	cDbgEditWindow<EventMessageData::MessElem>::~cDbgEditWindow
.text	0x0001CF9C	0x160	t_event/t_event.cpp	global	_._t12cDbgToolMain1ZQ216EventMessageData8MessElem	cDbgToolMain<EventMessageData::MessElem>::~cDbgToolMain
.text	0x0001D0FC	0xC	t_event/t_event.cpp	global	SetCurrentTopButton__t14cDbgEditWindow1ZQ216EventMessageData8MessElem	cDbgEditWindow<EventMessageData::MessElem>::SetCurrentTopButton
.text	0x0001D108	0x18	t_event/t_event.cpp	global	GetCx__t14cDbgEditWindow1ZQ216EventMessageData8MessElem	cDbgEditWindow<EventMessageData::MessElem>::GetCx
.text	0x0001D120	0x18	t_event/t_event.cpp	global	GetCy__t14cDbgEditWindow1ZQ216EventMessageData8MessElem	cDbgEditWindow<EventMessageData::MessElem>::GetCy
.text	0x0001D138	0xC	t_event/t_event.cpp	global	SetCurrentBottomButton__t14cDbgEditWindow1ZQ216EventMessageData8MessElem	cDbgEditWindow<EventMessageData::MessElem>::SetCurrentBottomButton
.text	0x0001D144	0x88	t_event/t_event.cpp	global	ButtonAllUpdate__t14cDbgEditWindow1ZQ216EventMessageData8MessElem	cDbgEditWindow<EventMessageData::MessElem>::ButtonAllUpdate
.text	0x0001D1CC	0x1A4	t_event/t_event.cpp	global	ButtonPushCheck__t14cDbgEditWindow1ZQ216EventMessageData8MessElem	cDbgEditWindow<EventMessageData::MessElem>::ButtonPushCheck
.text	0x0001D370	0x98	t_event/t_event.cpp	global	fn_t_event_1D370	.
.text	0x0001D408	0x1B4	t_event/t_util.cpp	global	TutilInitDefault__Fv	TutilInitDefault
.text	0x0001D5BC	0x144	t_event/t_util.cpp	global	TutilQuitDefault__Fv	TutilQuitDefault
.text	0x0001D700	0x34	t_event/t_util.cpp	global	ToolMenuDisp__FiiiP9TOOL_MENUiP3JOY	ToolMenuDisp
.text	0x0001D734	0x278	t_event/t_util.cpp	global	ToolMenuDisp_cur__FiiiPScP9TOOL_MENUiP3JOY	ToolMenuDisp_cur
.text	0x0001D9AC	0x3B8	t_event/t_util.cpp	global	fn_t_event_1D9AC	.
.text	0x0001DD64	0x64	t_event/tools.cpp	global	_prolog	_prolog
.text	0x0001DDC8	0x1CC	t_event/tools.cpp	global	ToolsTask__Fv	ToolsTask
.text	0x0001DF94	0x60	t_event/tools.cpp	global	_epilog	_epilog
.text	0x0001DFF4	0x58	t_event/tools.cpp	global	_unresolved	_unresolved
.text	0x0001E08C	0x0	t_event/tools.cpp	global	lbl_t_event_text_1E08C	lbl_t_event_text_1E08C
.text	0x0001E0C8	0x0	t_event/tools.cpp	global	lbl_t_event_text_1E0C8	lbl_t_event_text_1E0C8
.text	0x0001E0DC	0x0	t_event/tools.cpp	global	lbl_t_event_text_1E0DC	lbl_t_event_text_1E0DC
.text	0x0001E0E8	0x0	t_event/tools.cpp	global	lbl_t_event_text_1E0E8	lbl_t_event_text_1E0E8
.text	0x0001E0F8	0x0	t_event/tools.cpp	global	lbl_t_event_text_1E0F8	lbl_t_event_text_1E0F8
.text	0x0001E138	0x0	t_event/tools.cpp	global	lbl_t_event_text_1E138	lbl_t_event_text_1E138
.text	0x0001E178	0x0	t_event/tools.cpp	global	lbl_t_event_text_1E178	lbl_t_event_text_1E178
.text	0x0001E1E8	0x0	t_event/tools.cpp	global	lbl_t_event_text_1E1E8	lbl_t_event_text_1E1E8
.text	0x0001E218	0x0	t_event/tools.cpp	global	lbl_t_event_text_1E218	lbl_t_event_text_1E218
.text	0x0001E228	0x0	t_event/tools.cpp	global	lbl_t_event_text_1E228	lbl_t_event_text_1E228
.text	0x0001E23C	0x0	t_event/tools.cpp	global	lbl_t_event_text_1E23C	lbl_t_event_text_1E23C
.text	0x0001E254	0x0	t_event/tools.cpp	global	lbl_t_event_text_1E254	lbl_t_event_text_1E254
.text	0x0001E264	0x0	t_event/tools.cpp	global	lbl_t_event_text_1E264	lbl_t_event_text_1E264
.text	0x0001E2F8	0x0	t_event/tools.cpp	global	lbl_t_event_text_1E2F8	lbl_t_event_text_1E2F8
.text	0x0001E348	0x0	t_event/tools.cpp	global	lbl_t_event_text_1E348	lbl_t_event_text_1E348
.text	0x0001E378	0x0	t_event/tools.cpp	global	lbl_t_event_text_1E378	lbl_t_event_text_1E378
.text	0x0001E3C4	0x0	t_event/tools.cpp	global	lbl_t_event_text_1E3C4	lbl_t_event_text_1E3C4
.text	0x0001E3D8	0x0	t_event/tools.cpp	global	lbl_t_event_text_1E3D8	lbl_t_event_text_1E3D8
.rodata	0x0000006C	0x18	t_event/db_light.cpp	local	lbl_t_event_rodata_6C	lbl_t_event_rodata_6C
.rodata	0x00000084	0x8	t_event/db_light.cpp	local	lbl_t_event_rodata_84	lbl_t_event_rodata_84
.rodata	0x0000008C	0x8	t_event/db_light.cpp	local	lbl_t_event_rodata_8C	lbl_t_event_rodata_8C
.rodata	0x00000094	0x8	t_event/db_light.cpp	local	lbl_t_event_rodata_94	lbl_t_event_rodata_94
.rodata	0x0000009C	0xC	t_event/db_light.cpp	local	lbl_t_event_rodata_9C	lbl_t_event_rodata_9C
.rodata	0x000000A8	0x8	t_event/db_light.cpp	local	lbl_t_event_rodata_A8	lbl_t_event_rodata_A8
.rodata	0x000000B0	0x8	t_event/db_light.cpp	local	lbl_t_event_rodata_B0	lbl_t_event_rodata_B0
.rodata	0x000000B8	0x8	t_event/db_light.cpp	local	lbl_t_event_rodata_B8	lbl_t_event_rodata_B8
.rodata	0x000000C0	0x8	t_event/db_light.cpp	local	lbl_t_event_rodata_C0	lbl_t_event_rodata_C0
.rodata	0x000000C8	0xC	t_event/db_light.cpp	local	lbl_t_event_rodata_C8	lbl_t_event_rodata_C8
.rodata	0x000000D4	0x8	t_event/db_light.cpp	local	lbl_t_event_rodata_D4	lbl_t_event_rodata_D4
.rodata	0x000000DC	0xC	t_event/db_light.cpp	local	lbl_t_event_rodata_DC	lbl_t_event_rodata_DC
.rodata	0x000000E8	0x8	t_event/db_light.cpp	local	lbl_t_event_rodata_E8	lbl_t_event_rodata_E8
.rodata	0x000000F0	0xC	t_event/db_light.cpp	local	lbl_t_event_rodata_F0	lbl_t_event_rodata_F0
.rodata	0x000000FC	0xC	t_event/db_light.cpp	local	lbl_t_event_rodata_FC	lbl_t_event_rodata_FC
.rodata	0x00000108	0x8	t_event/db_light.cpp	local	lbl_t_event_rodata_108	lbl_t_event_rodata_108
.rodata	0x00000110	0xC	t_event/db_light.cpp	local	lbl_t_event_rodata_110	lbl_t_event_rodata_110
.rodata	0x0000011C	0xC	t_event/db_light.cpp	local	lbl_t_event_rodata_11C	lbl_t_event_rodata_11C
.rodata	0x00000128	0x10	t_event/db_light.cpp	local	lbl_t_event_rodata_128	lbl_t_event_rodata_128
.rodata	0x00000138	0x4	t_event/db_light.cpp	local	lbl_t_event_rodata_138	lbl_t_event_rodata_138
.rodata	0x0000013C	0x8	t_event/db_light.cpp	local	lbl_t_event_rodata_13C	lbl_t_event_rodata_13C
.rodata	0x00000144	0x8	t_event/db_light.cpp	local	lbl_t_event_rodata_144	lbl_t_event_rodata_144
.rodata	0x0000014C	0x8	t_event/db_light.cpp	local	lbl_t_event_rodata_14C	lbl_t_event_rodata_14C
.rodata	0x00000154	0x8	t_event/db_light.cpp	local	lbl_t_event_rodata_154	lbl_t_event_rodata_154
.rodata	0x0000015C	0x8	t_event/db_light.cpp	local	lbl_t_event_rodata_15C	lbl_t_event_rodata_15C
.rodata	0x00000164	0x8	t_event/db_light.cpp	local	lbl_t_event_rodata_164	lbl_t_event_rodata_164
.rodata	0x0000016C	0x8	t_event/db_light.cpp	local	lbl_t_event_rodata_16C	lbl_t_event_rodata_16C
.rodata	0x00000174	0x8	t_event/db_light.cpp	local	lbl_t_event_rodata_174	lbl_t_event_rodata_174
.rodata	0x0000017C	0x8	t_event/db_light.cpp	local	lbl_t_event_rodata_17C	lbl_t_event_rodata_17C
.rodata	0x00000184	0x8	t_event/db_light.cpp	local	lbl_t_event_rodata_184	lbl_t_event_rodata_184
.rodata	0x0000018C	0x4	t_event/db_light.cpp	local	lbl_t_event_rodata_18C	lbl_t_event_rodata_18C
.rodata	0x00000190	0x4	t_event/db_light.cpp	local	lbl_t_event_rodata_190	lbl_t_event_rodata_190
.rodata	0x00000194	0x4	t_event/db_light.cpp	local	lbl_t_event_rodata_194	lbl_t_event_rodata_194
.rodata	0x00000198	0x4	t_event/db_light.cpp	local	lbl_t_event_rodata_198	lbl_t_event_rodata_198
.rodata	0x0000019C	0x4	t_event/db_light.cpp	local	lbl_t_event_rodata_19C	lbl_t_event_rodata_19C
.rodata	0x000001A0	0x4	t_event/db_light.cpp	local	lbl_t_event_rodata_1A0	lbl_t_event_rodata_1A0
.rodata	0x000001A4	0xC	t_event/db_light.cpp	local	lbl_t_event_rodata_1A4	lbl_t_event_rodata_1A4
.rodata	0x000001B0	0xC	t_event/db_light.cpp	local	lbl_t_event_rodata_1B0	lbl_t_event_rodata_1B0
.rodata	0x000001BC	0xC	t_event/db_light.cpp	local	lbl_t_event_rodata_1BC	lbl_t_event_rodata_1BC
.rodata	0x000001C8	0x8	t_event/db_light.cpp	local	lbl_t_event_rodata_1C8	lbl_t_event_rodata_1C8
.rodata	0x000001D0	0x8	t_event/db_light.cpp	local	lbl_t_event_rodata_1D0	lbl_t_event_rodata_1D0
.rodata	0x000001D8	0x8	t_event/db_light.cpp	local	lbl_t_event_rodata_1D8	lbl_t_event_rodata_1D8
.rodata	0x000001E0	0xC	t_event/db_light.cpp	local	lbl_t_event_rodata_1E0	lbl_t_event_rodata_1E0
.rodata	0x000001EC	0x4	t_event/db_light.cpp	local	lbl_t_event_rodata_1EC	lbl_t_event_rodata_1EC
.rodata	0x000001F0	0x4	t_event/db_light.cpp	local	lbl_t_event_rodata_1F0	lbl_t_event_rodata_1F0
.rodata	0x000001F4	0x4	t_event/db_light.cpp	local	lbl_t_event_rodata_1F4	lbl_t_event_rodata_1F4
.rodata	0x000001F8	0x4	t_event/db_light.cpp	local	lbl_t_event_rodata_1F8	lbl_t_event_rodata_1F8
.rodata	0x000001FC	0x4	t_event/db_light.cpp	local	lbl_t_event_rodata_1FC	lbl_t_event_rodata_1FC
.rodata	0x00000200	0x4	t_event/db_light.cpp	local	lbl_t_event_rodata_200	lbl_t_event_rodata_200
.rodata	0x00000204	0x28	t_event/db_light.cpp	local	lbl_t_event_rodata_204	lbl_t_event_rodata_204
.rodata	0x0000022C	0x2C	t_event/db_light.cpp	local	lbl_t_event_rodata_22C	lbl_t_event_rodata_22C
.rodata	0x00000258	0x30	t_event/db_light.cpp	local	lbl_t_event_rodata_258	lbl_t_event_rodata_258
.rodata	0x00000288	0x30	t_event/db_light.cpp	local	lbl_t_event_rodata_288	lbl_t_event_rodata_288
.rodata	0x000002B8	0x1C	t_event/db_light.cpp	local	lbl_t_event_rodata_2B8	lbl_t_event_rodata_2B8
.rodata	0x000002D4	0x2C	t_event/db_light.cpp	local	lbl_t_event_rodata_2D4	lbl_t_event_rodata_2D4
.rodata	0x00000300	0x24	t_event/db_light.cpp	local	lbl_t_event_rodata_300	lbl_t_event_rodata_300
.rodata	0x00000324	0x24	t_event/db_light.cpp	local	lbl_t_event_rodata_324	lbl_t_event_rodata_324
.rodata	0x00000348	0x1C	t_event/db_light.cpp	local	lbl_t_event_rodata_348	lbl_t_event_rodata_348
.rodata	0x00000364	0x4	t_event/db_light.cpp	local	lbl_t_event_rodata_364	lbl_t_event_rodata_364
.rodata	0x00000368	0x4	t_event/db_light.cpp	local	lbl_t_event_rodata_368	lbl_t_event_rodata_368
.rodata	0x0000036C	0xC	t_event/db_light.cpp	local	lbl_t_event_rodata_36C	lbl_t_event_rodata_36C
.rodata	0x00000378	0x10	t_event/db_light.cpp	local	lbl_t_event_rodata_378	lbl_t_event_rodata_378
.rodata	0x00000388	0xC	t_event/db_light.cpp	local	lbl_t_event_rodata_388	lbl_t_event_rodata_388
.rodata	0x00000394	0x10	t_event/db_light.cpp	local	lbl_t_event_rodata_394	lbl_t_event_rodata_394
.rodata	0x000003A4	0xC	t_event/db_light.cpp	local	lbl_t_event_rodata_3A4	lbl_t_event_rodata_3A4
.rodata	0x000003B0	0xC	t_event/db_light.cpp	local	lbl_t_event_rodata_3B0	lbl_t_event_rodata_3B0
.rodata	0x000003BC	0xC	t_event/db_light.cpp	local	lbl_t_event_rodata_3BC	lbl_t_event_rodata_3BC
.rodata	0x000003C8	0xC	t_event/db_light.cpp	local	lbl_t_event_rodata_3C8	lbl_t_event_rodata_3C8
.rodata	0x000003D4	0x8	t_event/db_light.cpp	local	lbl_t_event_rodata_3D4	lbl_t_event_rodata_3D4
.rodata	0x000003DC	0x8	t_event/db_light.cpp	local	lbl_t_event_rodata_3DC	lbl_t_event_rodata_3DC
.rodata	0x000003E4	0x8	t_event/db_light.cpp	local	lbl_t_event_rodata_3E4	lbl_t_event_rodata_3E4
.rodata	0x000003EC	0x4	t_event/db_light.cpp	local	lbl_t_event_rodata_3EC	lbl_t_event_rodata_3EC
.rodata	0x000003F0	0x28	t_event/db_light.cpp	local	lbl_t_event_rodata_3F0	lbl_t_event_rodata_3F0
.rodata	0x00000418	0x1C	t_event/db_light.cpp	local	lbl_t_event_rodata_418	lbl_t_event_rodata_418
.rodata	0x00000434	0x2C	t_event/db_light.cpp	local	lbl_t_event_rodata_434	lbl_t_event_rodata_434
.rodata	0x00000460	0x8	t_event/db_light.cpp	local	lbl_t_event_rodata_460	lbl_t_event_rodata_460
.rodata	0x00000468	0x8	t_event/db_light.cpp	local	lbl_t_event_rodata_468	lbl_t_event_rodata_468
.rodata	0x00000470	0x8	t_event/db_light.cpp	local	lbl_t_event_rodata_470	lbl_t_event_rodata_470
.rodata	0x00000478	0x8	t_event/db_light.cpp	local	lbl_t_event_rodata_478	lbl_t_event_rodata_478
.rodata	0x00000480	0x8	t_event/db_light.cpp	local	lbl_t_event_rodata_480	lbl_t_event_rodata_480
.rodata	0x00000488	0x8	t_event/db_light.cpp	local	lbl_t_event_rodata_488	lbl_t_event_rodata_488
.rodata	0x00000490	0xC	t_event/db_light.cpp	local	lbl_t_event_rodata_490	lbl_t_event_rodata_490
.rodata	0x0000049C	0x8	t_event/db_light.cpp	local	lbl_t_event_rodata_49C	lbl_t_event_rodata_49C
.rodata	0x000004A4	0x4	t_event/db_light.cpp	local	lbl_t_event_rodata_4A4	lbl_t_event_rodata_4A4
.rodata	0x000004A8	0xC	t_event/db_light.cpp	local	lbl_t_event_rodata_4A8	lbl_t_event_rodata_4A8
.rodata	0x000004B4	0x8	t_event/db_light.cpp	local	lbl_t_event_rodata_4B4	lbl_t_event_rodata_4B4
.rodata	0x000004BC	0x8	t_event/db_light.cpp	local	lbl_t_event_rodata_4BC	lbl_t_event_rodata_4BC
.rodata	0x000004C4	0x8	t_event/db_light.cpp	local	lbl_t_event_rodata_4C4	lbl_t_event_rodata_4C4
.rodata	0x000004CC	0xC	t_event/db_light.cpp	local	lbl_t_event_rodata_4CC	lbl_t_event_rodata_4CC
.rodata	0x000004D8	0xC	t_event/db_light.cpp	local	lbl_t_event_rodata_4D8	lbl_t_event_rodata_4D8
.rodata	0x000004E4	0xC	t_event/db_light.cpp	local	lbl_t_event_rodata_4E4	lbl_t_event_rodata_4E4
.rodata	0x000004F0	0x8	t_event/db_light.cpp	local	lbl_t_event_rodata_4F0	lbl_t_event_rodata_4F0
.rodata	0x000004F8	0xC	t_event/db_light.cpp	local	lbl_t_event_rodata_4F8	lbl_t_event_rodata_4F8
.rodata	0x00000504	0x4	t_event/db_light.cpp	local	lbl_t_event_rodata_504	lbl_t_event_rodata_504
.rodata	0x00000508	0xC	t_event/db_light.cpp	local	lbl_t_event_rodata_508	lbl_t_event_rodata_508
.rodata	0x00000514	0x30	t_event/db_light.cpp	local	lbl_t_event_rodata_514	lbl_t_event_rodata_514
.rodata	0x00000544	0x8	t_event/db_light.cpp	local	lbl_t_event_rodata_544	lbl_t_event_rodata_544
.rodata	0x0000054C	0x24	t_event/db_light.cpp	local	lbl_t_event_rodata_54C	lbl_t_event_rodata_54C
.rodata	0x00000570	0x4	t_event/db_light.cpp	local	lbl_t_event_rodata_570	lbl_t_event_rodata_570
.rodata	0x00000574	0x24	t_event/db_light.cpp	local	cutsel_col.438	cutsel_col.438
.rodata	0x00000598	0x4	t_event/db_light.cpp	local	lbl_t_event_rodata_598	lbl_t_event_rodata_598
.rodata	0x0000059C	0x8	t_event/db_light.cpp	local	lbl_t_event_rodata_59C	lbl_t_event_rodata_59C
.rodata	0x000005A4	0x8	t_event/db_light.cpp	local	lbl_t_event_rodata_5A4	lbl_t_event_rodata_5A4
.rodata	0x000005AC	0x8	t_event/db_light.cpp	local	lbl_t_event_rodata_5AC	lbl_t_event_rodata_5AC
.rodata	0x000005B4	0x14	t_event/db_light.cpp	local	lbl_t_event_rodata_5B4	lbl_t_event_rodata_5B4
.rodata	0x000005C8	0x10	t_event/db_light.cpp	local	lbl_t_event_rodata_5C8	lbl_t_event_rodata_5C8
.rodata	0x000005D8	0xC	t_event/db_light.cpp	local	lbl_t_event_rodata_5D8	lbl_t_event_rodata_5D8
.rodata	0x000005E4	0x8	t_event/db_light.cpp	local	lbl_t_event_rodata_5E4	lbl_t_event_rodata_5E4
.rodata	0x000005EC	0x8	t_event/db_light.cpp	local	lbl_t_event_rodata_5EC	lbl_t_event_rodata_5EC
.rodata	0x000005F4	0x8	t_event/db_light.cpp	local	lbl_t_event_rodata_5F4	lbl_t_event_rodata_5F4
.rodata	0x000005FC	0xC	t_event/db_light.cpp	local	lbl_t_event_rodata_5FC	lbl_t_event_rodata_5FC
.rodata	0x00000608	0x28	t_event/db_light.cpp	local	lbl_t_event_rodata_608	lbl_t_event_rodata_608
.rodata	0x00000630	0x30	t_event/db_light.cpp	local	lbl_t_event_rodata_630	lbl_t_event_rodata_630
.rodata	0x00000660	0x28	t_event/db_light.cpp	local	lbl_t_event_rodata_660	lbl_t_event_rodata_660
.rodata	0x00000688	0x24	t_event/db_light.cpp	local	lbl_t_event_rodata_688	lbl_t_event_rodata_688
.rodata	0x000006AC	0x1C	t_event/db_light.cpp	local	lbl_t_event_rodata_6AC	lbl_t_event_rodata_6AC
.rodata	0x000006C8	0x10	t_event/db_light.cpp	local	lbl_t_event_rodata_6C8	lbl_t_event_rodata_6C8
.rodata	0x000006D8	0x8	t_event/db_light.cpp	local	lbl_t_event_rodata_6D8	lbl_t_event_rodata_6D8
.rodata	0x000006E0	0xC	t_event/db_light.cpp	local	lbl_t_event_rodata_6E0	lbl_t_event_rodata_6E0
.rodata	0x000006EC	0x18	t_event/db_light.cpp	local	lbl_t_event_rodata_6EC	lbl_t_event_rodata_6EC
.rodata	0x00000704	0x10	t_event/db_light.cpp	local	lbl_t_event_rodata_704	lbl_t_event_rodata_704
.rodata	0x00000714	0x10	t_event/db_light.cpp	local	lbl_t_event_rodata_714	lbl_t_event_rodata_714
.rodata	0x00000724	0x10	t_event/db_light.cpp	local	lbl_t_event_rodata_724	lbl_t_event_rodata_724
.rodata	0x00000734	0x4	t_event/db_light.cpp	local	lbl_t_event_rodata_734	lbl_t_event_rodata_734
.rodata	0x00000738	0x4	t_event/db_light.cpp	local	lbl_t_event_rodata_738	lbl_t_event_rodata_738
.rodata	0x0000073C	0x4	t_event/db_light.cpp	local	lbl_t_event_rodata_73C	lbl_t_event_rodata_73C
.rodata	0x00000740	0xC	t_event/db_light.cpp	local	lbl_t_event_rodata_740	lbl_t_event_rodata_740
.rodata	0x0000074C	0xC	t_event/db_light.cpp	local	lbl_t_event_rodata_74C	lbl_t_event_rodata_74C
.rodata	0x00000758	0xC	t_event/db_light.cpp	local	lbl_t_event_rodata_758	lbl_t_event_rodata_758
.rodata	0x00000764	0x14	t_event/db_light.cpp	local	lbl_t_event_rodata_764	lbl_t_event_rodata_764
.rodata	0x00000778	0x4	t_event/db_light.cpp	local	lbl_t_event_rodata_778	lbl_t_event_rodata_778
.rodata	0x0000077C	0x4	t_event/db_light.cpp	local	lbl_t_event_rodata_77C	lbl_t_event_rodata_77C
.rodata	0x00000780	0x4	t_event/db_light.cpp	local	lbl_t_event_rodata_780	lbl_t_event_rodata_780
.rodata	0x00000784	0x4	t_event/db_light.cpp	local	lbl_t_event_rodata_784	lbl_t_event_rodata_784
.rodata	0x00000788	0x8	t_event/db_light.cpp	local	lbl_t_event_rodata_788	lbl_t_event_rodata_788
.rodata	0x00000790	0xC	t_event/db_light.cpp	local	lbl_t_event_rodata_790	lbl_t_event_rodata_790
.rodata	0x0000079C	0x8	t_event/db_light.cpp	local	lbl_t_event_rodata_79C	lbl_t_event_rodata_79C
.rodata	0x000007A4	0xC	t_event/db_light.cpp	local	lbl_t_event_rodata_7A4	lbl_t_event_rodata_7A4
.rodata	0x000007B0	0x8	t_event/db_light.cpp	local	lbl_t_event_rodata_7B0	lbl_t_event_rodata_7B0
.rodata	0x000007B8	0x4	t_event/db_light.cpp	local	lbl_t_event_rodata_7B8	lbl_t_event_rodata_7B8
.rodata	0x000007BC	0xC	t_event/db_light.cpp	local	lbl_t_event_rodata_7BC	lbl_t_event_rodata_7BC
.rodata	0x000007C8	0xC	t_event/db_light.cpp	local	lbl_t_event_rodata_7C8	lbl_t_event_rodata_7C8
.rodata	0x000007D4	0xC	t_event/db_light.cpp	local	lbl_t_event_rodata_7D4	lbl_t_event_rodata_7D4
.rodata	0x000007E0	0xC	t_event/db_light.cpp	local	lbl_t_event_rodata_7E0	lbl_t_event_rodata_7E0
.rodata	0x000007EC	0xC	t_event/db_light.cpp	local	lbl_t_event_rodata_7EC	lbl_t_event_rodata_7EC
.rodata	0x000007F8	0x10	t_event/db_light.cpp	local	lbl_t_event_rodata_7F8	lbl_t_event_rodata_7F8
.rodata	0x00000808	0xC	t_event/db_light.cpp	local	lbl_t_event_rodata_808	lbl_t_event_rodata_808
.rodata	0x00000814	0x10	t_event/db_light.cpp	local	lbl_t_event_rodata_814	lbl_t_event_rodata_814
.rodata	0x00000824	0xC	t_event/db_light.cpp	local	lbl_t_event_rodata_824	lbl_t_event_rodata_824
.rodata	0x00000830	0x14	t_event/db_light.cpp	local	lbl_t_event_rodata_830	lbl_t_event_rodata_830
.rodata	0x00000844	0xC	t_event/db_light.cpp	local	lbl_t_event_rodata_844	lbl_t_event_rodata_844
.rodata	0x00000850	0xC	t_event/db_light.cpp	local	lbl_t_event_rodata_850	lbl_t_event_rodata_850
.rodata	0x0000085C	0xC	t_event/db_light.cpp	local	lbl_t_event_rodata_85C	lbl_t_event_rodata_85C
.rodata	0x00000868	0x8	t_event/db_light.cpp	local	lbl_t_event_rodata_868	lbl_t_event_rodata_868
.rodata	0x00000870	0x10	t_event/db_light.cpp	local	lbl_t_event_rodata_870	lbl_t_event_rodata_870
.rodata	0x00000880	0xC	t_event/db_light.cpp	local	lbl_t_event_rodata_880	lbl_t_event_rodata_880
.rodata	0x0000088C	0xC	t_event/db_light.cpp	local	lbl_t_event_rodata_88C	lbl_t_event_rodata_88C
.rodata	0x00000898	0x8	t_event/db_light.cpp	local	lbl_t_event_rodata_898	lbl_t_event_rodata_898
.rodata	0x000008A0	0x4	t_event/db_light.cpp	local	lbl_t_event_rodata_8A0	lbl_t_event_rodata_8A0
.rodata	0x000008A4	0x4	t_event/db_light.cpp	local	lbl_t_event_rodata_8A4	lbl_t_event_rodata_8A4
.rodata	0x000008A8	0x4	t_event/db_light.cpp	local	lbl_t_event_rodata_8A8	lbl_t_event_rodata_8A8
.rodata	0x000008AC	0x10	t_event/db_light.cpp	local	lbl_t_event_rodata_8AC	lbl_t_event_rodata_8AC
.rodata	0x000008BC	0x10	t_event/db_light.cpp	local	lbl_t_event_rodata_8BC	lbl_t_event_rodata_8BC
.rodata	0x000008CC	0x10	t_event/db_light.cpp	local	lbl_t_event_rodata_8CC	lbl_t_event_rodata_8CC
.rodata	0x000008DC	0x4	t_event/db_light.cpp	local	lbl_t_event_rodata_8DC	lbl_t_event_rodata_8DC
.rodata	0x000008E0	0x4	t_event/db_light.cpp	local	lbl_t_event_rodata_8E0	lbl_t_event_rodata_8E0
.rodata	0x000008E4	0x4	t_event/db_light.cpp	local	lbl_t_event_rodata_8E4	lbl_t_event_rodata_8E4
.rodata	0x000008E8	0x4	t_event/db_light.cpp	local	lbl_t_event_rodata_8E8	lbl_t_event_rodata_8E8
.rodata	0x000008EC	0xC	t_event/db_light.cpp	local	lbl_t_event_rodata_8EC	lbl_t_event_rodata_8EC
.rodata	0x000008F8	0x8	t_event/db_light.cpp	local	lbl_t_event_rodata_8F8	lbl_t_event_rodata_8F8
.rodata	0x00000900	0x8	t_event/db_light.cpp	local	lbl_t_event_rodata_900	lbl_t_event_rodata_900
.rodata	0x00000908	0x8	t_event/db_light.cpp	local	lbl_t_event_rodata_908	lbl_t_event_rodata_908
.rodata	0x00000910	0x8	t_event/db_light.cpp	local	lbl_t_event_rodata_910	lbl_t_event_rodata_910
.rodata	0x00000918	0x8	t_event/db_light.cpp	local	lbl_t_event_rodata_918	lbl_t_event_rodata_918
.rodata	0x00000920	0x10	t_event/db_light.cpp	local	lbl_t_event_rodata_920	lbl_t_event_rodata_920
.rodata	0x00000930	0x18	t_event/db_light.cpp	local	lbl_t_event_rodata_930	lbl_t_event_rodata_930
.rodata	0x00000948	0x8	t_event/db_light.cpp	local	lbl_t_event_rodata_948	lbl_t_event_rodata_948
.rodata	0x00000950	0xC	t_event/db_light.cpp	local	lbl_t_event_rodata_950	lbl_t_event_rodata_950
.rodata	0x0000095C	0x8	t_event/db_light.cpp	local	lbl_t_event_rodata_95C	lbl_t_event_rodata_95C
.rodata	0x00000964	0x10	t_event/db_light.cpp	local	lbl_t_event_rodata_964	lbl_t_event_rodata_964
.rodata	0x00000974	0xC	t_event/db_light.cpp	local	lbl_t_event_rodata_974	lbl_t_event_rodata_974
.rodata	0x00000980	0xC	t_event/db_light.cpp	local	lbl_t_event_rodata_980	lbl_t_event_rodata_980
.rodata	0x0000098C	0xC	t_event/db_light.cpp	local	lbl_t_event_rodata_98C	lbl_t_event_rodata_98C
.rodata	0x00000998	0x18	t_event/db_light.cpp	local	lbl_t_event_rodata_998	lbl_t_event_rodata_998
.rodata	0x000009B0	0x1C	t_event/db_light.cpp	local	lbl_t_event_rodata_9B0	lbl_t_event_rodata_9B0
.rodata	0x000009CC	0x8	t_event/db_light.cpp	local	lbl_t_event_rodata_9CC	lbl_t_event_rodata_9CC
.rodata	0x000009D4	0xC	t_event/db_light.cpp	local	lbl_t_event_rodata_9D4	lbl_t_event_rodata_9D4
.rodata	0x000009E0	0x10	t_event/db_light.cpp	local	lbl_t_event_rodata_9E0	lbl_t_event_rodata_9E0
.rodata	0x000009F0	0x8	t_event/db_light.cpp	local	lbl_t_event_rodata_9F0	lbl_t_event_rodata_9F0
.rodata	0x000009F8	0x4	t_event/db_light.cpp	local	lbl_t_event_rodata_9F8	lbl_t_event_rodata_9F8
.rodata	0x000009FC	0x4	t_event/db_light.cpp	local	lbl_t_event_rodata_9FC	lbl_t_event_rodata_9FC
.rodata	0x00000A00	0x14	t_event/db_light.cpp	local	lbl_t_event_rodata_A00	lbl_t_event_rodata_A00
.rodata	0x00000A14	0x4	t_event/db_light.cpp	local	lbl_t_event_rodata_A14	lbl_t_event_rodata_A14
.rodata	0x00000A18	0x4	t_event/db_light.cpp	local	lbl_t_event_rodata_A18	lbl_t_event_rodata_A18
.rodata	0x00000A1C	0x4	t_event/db_light.cpp	local	lbl_t_event_rodata_A1C	lbl_t_event_rodata_A1C
.rodata	0x00000A20	0x14	t_event/db_light.cpp	local	lbl_t_event_rodata_A20	lbl_t_event_rodata_A20
.rodata	0x00000A34	0x10	t_event/db_light.cpp	local	lbl_t_event_rodata_A34	lbl_t_event_rodata_A34
.rodata	0x00000A44	0x10	t_event/db_light.cpp	local	lbl_t_event_rodata_A44	lbl_t_event_rodata_A44
.rodata	0x00000A54	0xC	t_event/db_light.cpp	local	lbl_t_event_rodata_A54	lbl_t_event_rodata_A54
.rodata	0x00000A60	0x10	t_event/db_light.cpp	local	lbl_t_event_rodata_A60	lbl_t_event_rodata_A60
.rodata	0x00000A70	0x4	t_event/db_light.cpp	local	lbl_t_event_rodata_A70	lbl_t_event_rodata_A70
.rodata	0x00000A74	0x4	t_event/db_light.cpp	local	lbl_t_event_rodata_A74	lbl_t_event_rodata_A74
.rodata	0x00000A78	0x4	t_event/db_light.cpp	local	lbl_t_event_rodata_A78	lbl_t_event_rodata_A78
.rodata	0x00000A7C	0x4	t_event/db_light.cpp	local	lbl_t_event_rodata_A7C	lbl_t_event_rodata_A7C
.rodata	0x00000A80	0x8	t_event/db_light.cpp	local	lbl_t_event_rodata_A80	lbl_t_event_rodata_A80
.rodata	0x00000A88	0x8	t_event/db_light.cpp	local	lbl_t_event_rodata_A88	lbl_t_event_rodata_A88
.rodata	0x00000A90	0xC	t_event/db_light.cpp	local	lbl_t_event_rodata_A90	lbl_t_event_rodata_A90
.rodata	0x00000A9C	0x10	t_event/db_light.cpp	local	lbl_t_event_rodata_A9C	lbl_t_event_rodata_A9C
.rodata	0x00000AAC	0x4	t_event/db_light.cpp	local	lbl_t_event_rodata_AAC	lbl_t_event_rodata_AAC
.rodata	0x00000AB0	0x4	t_event/db_light.cpp	local	lbl_t_event_rodata_AB0	lbl_t_event_rodata_AB0
.rodata	0x00000AB4	0x4	t_event/db_light.cpp	local	lbl_t_event_rodata_AB4	lbl_t_event_rodata_AB4
.rodata	0x00000AB8	0x4	t_event/db_light.cpp	local	lbl_t_event_rodata_AB8	lbl_t_event_rodata_AB8
.rodata	0x00000ABC	0x10	t_event/db_light.cpp	local	lbl_t_event_rodata_ABC	lbl_t_event_rodata_ABC
.rodata	0x00000ACC	0x10	t_event/db_light.cpp	local	lbl_t_event_rodata_ACC	lbl_t_event_rodata_ACC
.rodata	0x00000ADC	0x14	t_event/db_light.cpp	local	lbl_t_event_rodata_ADC	lbl_t_event_rodata_ADC
.rodata	0x00000AF0	0x14	t_event/db_light.cpp	local	lbl_t_event_rodata_AF0	lbl_t_event_rodata_AF0
.rodata	0x00000B04	0x18	t_event/db_light.cpp	local	lbl_t_event_rodata_B04	lbl_t_event_rodata_B04
.rodata	0x00000B1C	0xC	t_event/db_light.cpp	local	lbl_t_event_rodata_B1C	lbl_t_event_rodata_B1C
.rodata	0x00000B28	0xC	t_event/db_light.cpp	local	lbl_t_event_rodata_B28	lbl_t_event_rodata_B28
.rodata	0x00000B34	0x10	t_event/db_light.cpp	local	lbl_t_event_rodata_B34	lbl_t_event_rodata_B34
.rodata	0x00000B44	0x10	t_event/db_light.cpp	local	lbl_t_event_rodata_B44	lbl_t_event_rodata_B44
.rodata	0x00000B54	0x10	t_event/db_light.cpp	local	lbl_t_event_rodata_B54	lbl_t_event_rodata_B54
.rodata	0x00000B64	0x1C	t_event/db_light.cpp	local	lbl_t_event_rodata_B64	lbl_t_event_rodata_B64
.rodata	0x00000B80	0x4	t_event/db_light.cpp	local	lbl_t_event_rodata_B80	lbl_t_event_rodata_B80
.rodata	0x00000B84	0x4	t_event/db_light.cpp	local	lbl_t_event_rodata_B84	lbl_t_event_rodata_B84
.rodata	0x00000B88	0x4	t_event/db_light.cpp	local	lbl_t_event_rodata_B88	lbl_t_event_rodata_B88
.rodata	0x00000B8C	0xC	t_event/db_light.cpp	local	lbl_t_event_rodata_B8C	lbl_t_event_rodata_B8C
.rodata	0x00000B98	0xC	t_event/db_light.cpp	local	lbl_t_event_rodata_B98	lbl_t_event_rodata_B98
.rodata	0x00000BA4	0x10	t_event/db_light.cpp	local	lbl_t_event_rodata_BA4	lbl_t_event_rodata_BA4
.rodata	0x00000BB4	0x10	t_event/db_light.cpp	local	lbl_t_event_rodata_BB4	lbl_t_event_rodata_BB4
.rodata	0x00000BC4	0x4	t_event/db_light.cpp	local	lbl_t_event_rodata_BC4	lbl_t_event_rodata_BC4
.rodata	0x00000BC8	0x4	t_event/db_light.cpp	local	lbl_t_event_rodata_BC8	lbl_t_event_rodata_BC8
.rodata	0x00000BCC	0xC	t_event/db_light.cpp	local	lbl_t_event_rodata_BCC	lbl_t_event_rodata_BCC
.rodata	0x00000BD8	0x4	t_event/db_light.cpp	local	lbl_t_event_rodata_BD8	lbl_t_event_rodata_BD8
.rodata	0x00000BDC	0x4	t_event/db_light.cpp	local	lbl_t_event_rodata_BDC	lbl_t_event_rodata_BDC
.rodata	0x00000BE0	0xC	t_event/db_light.cpp	local	lbl_t_event_rodata_BE0	lbl_t_event_rodata_BE0
.rodata	0x00000BEC	0xC	t_event/db_light.cpp	local	lbl_t_event_rodata_BEC	lbl_t_event_rodata_BEC
.rodata	0x00000BF8	0x8	t_event/db_light.cpp	local	lbl_t_event_rodata_BF8	lbl_t_event_rodata_BF8
.rodata	0x00000C00	0xC	t_event/db_light.cpp	local	lbl_t_event_rodata_C00	lbl_t_event_rodata_C00
.rodata	0x00000C0C	0x8	t_event/db_light.cpp	local	lbl_t_event_rodata_C0C	lbl_t_event_rodata_C0C
.rodata	0x00000C14	0xC	t_event/db_light.cpp	local	lbl_t_event_rodata_C14	lbl_t_event_rodata_C14
.rodata	0x00000C20	0xC	t_event/db_light.cpp	local	lbl_t_event_rodata_C20	lbl_t_event_rodata_C20
.rodata	0x00000C2C	0x4	t_event/db_light.cpp	local	lbl_t_event_rodata_C2C	lbl_t_event_rodata_C2C
.rodata	0x00000C30	0x4	t_event/db_light.cpp	local	lbl_t_event_rodata_C30	lbl_t_event_rodata_C30
.rodata	0x00000C34	0x4	t_event/db_light.cpp	local	lbl_t_event_rodata_C34	lbl_t_event_rodata_C34
.rodata	0x00000C38	0x4	t_event/db_light.cpp	local	lbl_t_event_rodata_C38	lbl_t_event_rodata_C38
.rodata	0x00000C3C	0x4	t_event/db_light.cpp	local	lbl_t_event_rodata_C3C	lbl_t_event_rodata_C3C
.rodata	0x00000C40	0x10	t_event/db_light.cpp	local	lbl_t_event_rodata_C40	lbl_t_event_rodata_C40
.rodata	0x00000C50	0x4	t_event/db_light.cpp	local	lbl_t_event_rodata_C50	lbl_t_event_rodata_C50
.rodata	0x00000C54	0x4	t_event/db_light.cpp	local	lbl_t_event_rodata_C54	lbl_t_event_rodata_C54
.rodata	0x00000C58	0x4	t_event/db_light.cpp	local	lbl_t_event_rodata_C58	lbl_t_event_rodata_C58
.rodata	0x00000C5C	0x18	t_event/db_light.cpp	local	lbl_t_event_rodata_C5C	lbl_t_event_rodata_C5C
.rodata	0x00000C74	0xC	t_event/db_light.cpp	local	lbl_t_event_rodata_C74	lbl_t_event_rodata_C74
.rodata	0x00000C80	0x18	t_event/db_light.cpp	local	lbl_t_event_rodata_C80	lbl_t_event_rodata_C80
.rodata	0x00000C98	0x4	t_event/db_light.cpp	local	lbl_t_event_rodata_C98	lbl_t_event_rodata_C98
.rodata	0x00000C9C	0x4	t_event/db_light.cpp	local	lbl_t_event_rodata_C9C	lbl_t_event_rodata_C9C
.rodata	0x00000CA0	0x4	t_event/db_light.cpp	local	lbl_t_event_rodata_CA0	lbl_t_event_rodata_CA0
.rodata	0x00000CA4	0x4	t_event/db_light.cpp	local	lbl_t_event_rodata_CA4	lbl_t_event_rodata_CA4
.rodata	0x00000CA8	0x4	t_event/db_light.cpp	local	lbl_t_event_rodata_CA8	lbl_t_event_rodata_CA8
.rodata	0x00000CAC	0x4	t_event/db_light.cpp	local	lbl_t_event_rodata_CAC	lbl_t_event_rodata_CAC
.rodata	0x00000CB0	0x4	t_event/db_light.cpp	local	lbl_t_event_rodata_CB0	lbl_t_event_rodata_CB0
.rodata	0x00000CB4	0x4	t_event/db_light.cpp	local	lbl_t_event_rodata_CB4	lbl_t_event_rodata_CB4
.rodata	0x00000CB8	0x4	t_event/db_light.cpp	local	lbl_t_event_rodata_CB8	lbl_t_event_rodata_CB8
.rodata	0x00000CBC	0xC	t_event/db_light.cpp	local	lbl_t_event_rodata_CBC	lbl_t_event_rodata_CBC
.rodata	0x00000CC8	0xC	t_event/db_light.cpp	local	lbl_t_event_rodata_CC8	lbl_t_event_rodata_CC8
.rodata	0x00000CD4	0xC	t_event/db_light.cpp	local	lbl_t_event_rodata_CD4	lbl_t_event_rodata_CD4
.rodata	0x00000CE0	0xC	t_event/db_light.cpp	local	lbl_t_event_rodata_CE0	lbl_t_event_rodata_CE0
.rodata	0x00000CEC	0xC	t_event/db_light.cpp	local	lbl_t_event_rodata_CEC	lbl_t_event_rodata_CEC
.rodata	0x00000CF8	0xC	t_event/db_light.cpp	local	lbl_t_event_rodata_CF8	lbl_t_event_rodata_CF8
.rodata	0x00000D04	0x8	t_event/db_light.cpp	local	lbl_t_event_rodata_D04	lbl_t_event_rodata_D04
.rodata	0x00000D0C	0x4	t_event/db_light.cpp	local	lbl_t_event_rodata_D0C	lbl_t_event_rodata_D0C
.rodata	0x00000D10	0x4	t_event/db_light.cpp	local	lbl_t_event_rodata_D10	lbl_t_event_rodata_D10
.rodata	0x00000D14	0x4	t_event/db_light.cpp	local	lbl_t_event_rodata_D14	lbl_t_event_rodata_D14
.rodata	0x00000D18	0x4	t_event/db_light.cpp	local	lbl_t_event_rodata_D18	lbl_t_event_rodata_D18
.rodata	0x00000D1C	0x4	t_event/db_light.cpp	local	lbl_t_event_rodata_D1C	lbl_t_event_rodata_D1C
.rodata	0x00000D20	0x4	t_event/db_light.cpp	local	lbl_t_event_rodata_D20	lbl_t_event_rodata_D20
.rodata	0x00000D24	0x4	t_event/db_light.cpp	local	lbl_t_event_rodata_D24	lbl_t_event_rodata_D24
.rodata	0x00000D28	0x4	t_event/db_light.cpp	local	lbl_t_event_rodata_D28	lbl_t_event_rodata_D28
.rodata	0x00000D2C	0x4	t_event/db_light.cpp	local	lbl_t_event_rodata_D2C	lbl_t_event_rodata_D2C
.rodata	0x00000D30	0x8	t_event/db_light.cpp	local	lbl_t_event_rodata_D30	lbl_t_event_rodata_D30
.rodata	0x00000D38	0x8	t_event/db_light.cpp	local	lbl_t_event_rodata_D38	lbl_t_event_rodata_D38
.rodata	0x00000D40	0x4	t_event/db_light.cpp	local	lbl_t_event_rodata_D40	lbl_t_event_rodata_D40
.rodata	0x00000D44	0x4	t_event/db_light.cpp	local	lbl_t_event_rodata_D44	lbl_t_event_rodata_D44
.rodata	0x00000D48	0x8	t_event/db_light.cpp	local	lbl_t_event_rodata_D48	lbl_t_event_rodata_D48
.rodata	0x00000D50	0x4	t_event/db_light.cpp	local	lbl_t_event_rodata_D50	lbl_t_event_rodata_D50
.rodata	0x00000D54	0x4	t_event/db_light.cpp	local	lbl_t_event_rodata_D54	lbl_t_event_rodata_D54
.rodata	0x00000D58	0x4	t_event/db_light.cpp	local	lbl_t_event_rodata_D58	lbl_t_event_rodata_D58
.rodata	0x00000D5C	0x4	t_event/db_light.cpp	local	lbl_t_event_rodata_D5C	lbl_t_event_rodata_D5C
.rodata	0x00000D60	0xC	t_event/db_light.cpp	local	lbl_t_event_rodata_D60	lbl_t_event_rodata_D60
.rodata	0x00000D6C	0xC	t_event/db_light.cpp	local	lbl_t_event_rodata_D6C	lbl_t_event_rodata_D6C
.rodata	0x00000D78	0xC	t_event/db_light.cpp	local	lbl_t_event_rodata_D78	lbl_t_event_rodata_D78
.rodata	0x00000D84	0x4	t_event/db_light.cpp	local	lbl_t_event_rodata_D84	lbl_t_event_rodata_D84
.rodata	0x00000D88	0x4	t_event/db_light.cpp	local	lbl_t_event_rodata_D88	lbl_t_event_rodata_D88
.rodata	0x00000D8C	0x4	t_event/db_light.cpp	local	lbl_t_event_rodata_D8C	lbl_t_event_rodata_D8C
.rodata	0x00000D90	0x4	t_event/db_light.cpp	local	lbl_t_event_rodata_D90	lbl_t_event_rodata_D90
.rodata	0x00000D94	0x4	t_event/db_light.cpp	local	lbl_t_event_rodata_D94	lbl_t_event_rodata_D94
.rodata	0x00000D98	0x4	t_event/db_light.cpp	local	lbl_t_event_rodata_D98	lbl_t_event_rodata_D98
.rodata	0x00000D9C	0x4	t_event/db_light.cpp	local	lbl_t_event_rodata_D9C	lbl_t_event_rodata_D9C
.rodata	0x00000DA0	0x4	t_event/db_light.cpp	local	lbl_t_event_rodata_DA0	lbl_t_event_rodata_DA0
.rodata	0x00000DA4	0x8	t_event/db_light.cpp	local	lbl_t_event_rodata_DA4	lbl_t_event_rodata_DA4
.rodata	0x00000DAC	0xC	t_event/db_light.cpp	local	lbl_t_event_rodata_DAC	lbl_t_event_rodata_DAC
.rodata	0x00000DB8	0x10	t_event/db_light.cpp	local	lbl_t_event_rodata_DB8	lbl_t_event_rodata_DB8
.rodata	0x00000DC8	0x10	t_event/db_light.cpp	local	lbl_t_event_rodata_DC8	lbl_t_event_rodata_DC8
.rodata	0x00000DD8	0x8	t_event/db_light.cpp	local	lbl_t_event_rodata_DD8	lbl_t_event_rodata_DD8
.rodata	0x00000DE0	0x10	t_event/db_light.cpp	local	lbl_t_event_rodata_DE0	lbl_t_event_rodata_DE0
.rodata	0x00000DF0	0x4	t_event/db_light.cpp	local	lbl_t_event_rodata_DF0	lbl_t_event_rodata_DF0
.rodata	0x00000DF4	0x4	t_event/db_light.cpp	local	lbl_t_event_rodata_DF4	lbl_t_event_rodata_DF4
.rodata	0x00000DF8	0x4	t_event/db_light.cpp	local	lbl_t_event_rodata_DF8	lbl_t_event_rodata_DF8
.rodata	0x00000DFC	0x4	t_event/db_light.cpp	local	lbl_t_event_rodata_DFC	lbl_t_event_rodata_DFC
.rodata	0x00000E00	0x4	t_event/db_light.cpp	local	lbl_t_event_rodata_E00	lbl_t_event_rodata_E00
.rodata	0x00000E04	0x8	t_event/db_light.cpp	local	lbl_t_event_rodata_E04	lbl_t_event_rodata_E04
.rodata	0x00000E0C	0x4	t_event/db_light.cpp	local	lbl_t_event_rodata_E0C	lbl_t_event_rodata_E0C
.rodata	0x00000E10	0x10	t_event/db_light.cpp	local	lbl_t_event_rodata_E10	lbl_t_event_rodata_E10
.rodata	0x00000E20	0x10	t_event/db_light.cpp	local	lbl_t_event_rodata_E20	lbl_t_event_rodata_E20
.rodata	0x00000E30	0xC	t_event/db_light.cpp	local	lbl_t_event_rodata_E30	lbl_t_event_rodata_E30
.rodata	0x00000E3C	0xC	t_event/db_light.cpp	local	lbl_t_event_rodata_E3C	lbl_t_event_rodata_E3C
.rodata	0x00000E48	0xC	t_event/db_light.cpp	local	lbl_t_event_rodata_E48	lbl_t_event_rodata_E48
.rodata	0x00000E54	0x4	t_event/db_light.cpp	local	lbl_t_event_rodata_E54	lbl_t_event_rodata_E54
.rodata	0x00000E58	0x4	t_event/db_light.cpp	local	lbl_t_event_rodata_E58	lbl_t_event_rodata_E58
.rodata	0x00000E5C	0x4	t_event/db_light.cpp	local	lbl_t_event_rodata_E5C	lbl_t_event_rodata_E5C
.rodata	0x00000E60	0x4	t_event/db_light.cpp	local	lbl_t_event_rodata_E60	lbl_t_event_rodata_E60
.rodata	0x00000E64	0x4	t_event/db_light.cpp	local	lbl_t_event_rodata_E64	lbl_t_event_rodata_E64
.rodata	0x00000E68	0x8	t_event/db_light.cpp	local	lbl_t_event_rodata_E68	lbl_t_event_rodata_E68
.rodata	0x00000E70	0x8	t_event/db_light.cpp	local	lbl_t_event_rodata_E70	lbl_t_event_rodata_E70
.rodata	0x00000E78	0x4	t_event/db_light.cpp	local	lbl_t_event_rodata_E78	lbl_t_event_rodata_E78
.rodata	0x00000E7C	0x4	t_event/db_light.cpp	local	lbl_t_event_rodata_E7C	lbl_t_event_rodata_E7C
.rodata	0x00000E80	0x8	t_event/db_light.cpp	local	lbl_t_event_rodata_E80	lbl_t_event_rodata_E80
.rodata	0x00000E88	0x4	t_event/db_light.cpp	local	lbl_t_event_rodata_E88	lbl_t_event_rodata_E88
.rodata	0x00000E8C	0xC	t_event/db_light.cpp	local	lbl_t_event_rodata_E8C	lbl_t_event_rodata_E8C
.rodata	0x00000E98	0x10	t_event/db_light.cpp	local	lbl_t_event_rodata_E98	lbl_t_event_rodata_E98
.rodata	0x00000EA8	0xC	t_event/db_light.cpp	local	lbl_t_event_rodata_EA8	lbl_t_event_rodata_EA8
.rodata	0x00000EB4	0xC	t_event/db_light.cpp	local	lbl_t_event_rodata_EB4	lbl_t_event_rodata_EB4
.rodata	0x00000EC0	0xC	t_event/db_light.cpp	local	lbl_t_event_rodata_EC0	lbl_t_event_rodata_EC0
.rodata	0x00000ECC	0xC	t_event/db_light.cpp	local	lbl_t_event_rodata_ECC	lbl_t_event_rodata_ECC
.rodata	0x00000ED8	0xC	t_event/db_light.cpp	local	lbl_t_event_rodata_ED8	lbl_t_event_rodata_ED8
.rodata	0x00000EE4	0xC	t_event/db_light.cpp	local	lbl_t_event_rodata_EE4	lbl_t_event_rodata_EE4
.rodata	0x00000EF0	0xC	t_event/db_light.cpp	local	lbl_t_event_rodata_EF0	lbl_t_event_rodata_EF0
.rodata	0x00000EFC	0xC	t_event/db_light.cpp	local	lbl_t_event_rodata_EFC	lbl_t_event_rodata_EFC
.rodata	0x00000F08	0x4	t_event/db_light.cpp	local	lbl_t_event_rodata_F08	lbl_t_event_rodata_F08
.rodata	0x00000F0C	0x4	t_event/db_light.cpp	local	lbl_t_event_rodata_F0C	lbl_t_event_rodata_F0C
.rodata	0x00000F10	0x4	t_event/db_light.cpp	local	lbl_t_event_rodata_F10	lbl_t_event_rodata_F10
.rodata	0x00000F14	0x4	t_event/db_light.cpp	local	lbl_t_event_rodata_F14	lbl_t_event_rodata_F14
.rodata	0x00000F18	0x4	t_event/db_light.cpp	local	lbl_t_event_rodata_F18	lbl_t_event_rodata_F18
.rodata	0x00000F1C	0x4	t_event/db_light.cpp	local	lbl_t_event_rodata_F1C	lbl_t_event_rodata_F1C
.rodata	0x00000F20	0xC	t_event/db_light.cpp	local	lbl_t_event_rodata_F20	lbl_t_event_rodata_F20
.rodata	0x00000F2C	0xC	t_event/db_light.cpp	local	lbl_t_event_rodata_F2C	lbl_t_event_rodata_F2C
.rodata	0x00000F38	0x10	t_event/db_light.cpp	local	lbl_t_event_rodata_F38	lbl_t_event_rodata_F38
.rodata	0x00000F48	0xC	t_event/db_light.cpp	local	lbl_t_event_rodata_F48	lbl_t_event_rodata_F48
.rodata	0x00000F54	0x4	t_event/db_light.cpp	local	lbl_t_event_rodata_F54	lbl_t_event_rodata_F54
.rodata	0x00000F58	0x4	t_event/db_light.cpp	local	lbl_t_event_rodata_F58	lbl_t_event_rodata_F58
.rodata	0x00000F5C	0x4	t_event/db_light.cpp	local	lbl_t_event_rodata_F5C	lbl_t_event_rodata_F5C
.rodata	0x00000F60	0x4	t_event/db_light.cpp	local	lbl_t_event_rodata_F60	lbl_t_event_rodata_F60
.rodata	0x00000F64	0x4	t_event/db_light.cpp	local	lbl_t_event_rodata_F64	lbl_t_event_rodata_F64
.rodata	0x00000F68	0x4	t_event/db_light.cpp	local	lbl_t_event_rodata_F68	lbl_t_event_rodata_F68
.rodata	0x00000F6C	0x8	t_event/db_light.cpp	local	lbl_t_event_rodata_F6C	lbl_t_event_rodata_F6C
.rodata	0x00000F74	0x4	t_event/db_light.cpp	local	lbl_t_event_rodata_F74	lbl_t_event_rodata_F74
.rodata	0x00000F78	0x8	t_event/db_light.cpp	local	lbl_t_event_rodata_F78	lbl_t_event_rodata_F78
.rodata	0x00000F80	0x8	t_event/db_light.cpp	local	lbl_t_event_rodata_F80	lbl_t_event_rodata_F80
.rodata	0x00000F88	0x4	t_event/db_light.cpp	local	lbl_t_event_rodata_F88	lbl_t_event_rodata_F88
.rodata	0x00000F8C	0x4	t_event/db_light.cpp	local	lbl_t_event_rodata_F8C	lbl_t_event_rodata_F8C
.rodata	0x00000F90	0x4	t_event/db_light.cpp	local	lbl_t_event_rodata_F90	lbl_t_event_rodata_F90
.rodata	0x00000F94	0x4	t_event/db_light.cpp	local	lbl_t_event_rodata_F94	lbl_t_event_rodata_F94
.rodata	0x00000F98	0x4	t_event/db_light.cpp	local	lbl_t_event_rodata_F98	lbl_t_event_rodata_F98
.rodata	0x00000F9C	0x4	t_event/db_light.cpp	local	lbl_t_event_rodata_F9C	lbl_t_event_rodata_F9C
.rodata	0x00000FA0	0x4	t_event/db_light.cpp	local	lbl_t_event_rodata_FA0	lbl_t_event_rodata_FA0
.rodata	0x00000FA4	0x4	t_event/db_light.cpp	local	lbl_t_event_rodata_FA4	lbl_t_event_rodata_FA4
.rodata	0x00000FA8	0x4	t_event/db_light.cpp	local	lbl_t_event_rodata_FA8	lbl_t_event_rodata_FA8
.rodata	0x00000FAC	0x14	t_event/db_light.cpp	local	lbl_t_event_rodata_FAC	lbl_t_event_rodata_FAC
.rodata	0x00000FC0	0x14	t_event/db_light.cpp	local	lbl_t_event_rodata_FC0	lbl_t_event_rodata_FC0
.rodata	0x00000FD4	0xC	t_event/db_light.cpp	local	lbl_t_event_rodata_FD4	lbl_t_event_rodata_FD4
.rodata	0x00000FE0	0x10	t_event/db_light.cpp	local	lbl_t_event_rodata_FE0	lbl_t_event_rodata_FE0
.rodata	0x00000FF0	0x10	t_event/db_light.cpp	local	lbl_t_event_rodata_FF0	lbl_t_event_rodata_FF0
.rodata	0x00001000	0x10	t_event/db_light.cpp	local	lbl_t_event_rodata_1000	lbl_t_event_rodata_1000
.rodata	0x00001010	0x10	t_event/db_light.cpp	local	lbl_t_event_rodata_1010	lbl_t_event_rodata_1010
.rodata	0x00001020	0x8	t_event/db_light.cpp	local	lbl_t_event_rodata_1020	lbl_t_event_rodata_1020
.rodata	0x00001028	0x8	t_event/db_light.cpp	local	lbl_t_event_rodata_1028	lbl_t_event_rodata_1028
.rodata	0x00001030	0x4	t_event/db_light.cpp	local	lbl_t_event_rodata_1030	lbl_t_event_rodata_1030
.rodata	0x00001034	0x4	t_event/db_light.cpp	local	lbl_t_event_rodata_1034	lbl_t_event_rodata_1034
.rodata	0x00001038	0x4	t_event/db_light.cpp	local	lbl_t_event_rodata_1038	lbl_t_event_rodata_1038
.rodata	0x0000103C	0x4	t_event/db_light.cpp	local	lbl_t_event_rodata_103C	lbl_t_event_rodata_103C
.rodata	0x00001040	0x4	t_event/db_light.cpp	local	lbl_t_event_rodata_1040	lbl_t_event_rodata_1040
.rodata	0x00001044	0x4	t_event/db_light.cpp	local	lbl_t_event_rodata_1044	lbl_t_event_rodata_1044
.rodata	0x00001048	0x4	t_event/db_light.cpp	local	lbl_t_event_rodata_1048	lbl_t_event_rodata_1048
.rodata	0x0000104C	0x4	t_event/db_light.cpp	local	lbl_t_event_rodata_104C	lbl_t_event_rodata_104C
.rodata	0x00001050	0x4	t_event/db_light.cpp	local	lbl_t_event_rodata_1050	lbl_t_event_rodata_1050
.rodata	0x00001054	0xC	t_event/db_light.cpp	local	lbl_t_event_rodata_1054	lbl_t_event_rodata_1054
.rodata	0x00001060	0x8	t_event/db_light.cpp	local	lbl_t_event_rodata_1060	lbl_t_event_rodata_1060
.rodata	0x00001068	0xC	t_event/db_light.cpp	local	lbl_t_event_rodata_1068	lbl_t_event_rodata_1068
.rodata	0x00001074	0xC	t_event/db_light.cpp	local	lbl_t_event_rodata_1074	lbl_t_event_rodata_1074
.rodata	0x00001080	0x8	t_event/db_light.cpp	local	lbl_t_event_rodata_1080	lbl_t_event_rodata_1080
.rodata	0x00001088	0x8	t_event/db_light.cpp	local	lbl_t_event_rodata_1088	lbl_t_event_rodata_1088
.rodata	0x00001090	0x10	t_event/db_light.cpp	local	lbl_t_event_rodata_1090	lbl_t_event_rodata_1090
.rodata	0x000010A0	0xC	t_event/db_light.cpp	local	lbl_t_event_rodata_10A0	lbl_t_event_rodata_10A0
.rodata	0x000010AC	0x10	t_event/db_light.cpp	local	lbl_t_event_rodata_10AC	lbl_t_event_rodata_10AC
.rodata	0x000010BC	0x18	t_event/db_light.cpp	local	lbl_t_event_rodata_10BC	lbl_t_event_rodata_10BC
.rodata	0x000010D4	0x10	t_event/db_light.cpp	local	lbl_t_event_rodata_10D4	lbl_t_event_rodata_10D4
.rodata	0x000010E4	0x14	t_event/db_light.cpp	local	lbl_t_event_rodata_10E4	lbl_t_event_rodata_10E4
.rodata	0x000010F8	0x14	t_event/db_light.cpp	local	lbl_t_event_rodata_10F8	lbl_t_event_rodata_10F8
.rodata	0x0000110C	0x14	t_event/db_light.cpp	local	lbl_t_event_rodata_110C	lbl_t_event_rodata_110C
.rodata	0x00001120	0x14	t_event/db_light.cpp	local	lbl_t_event_rodata_1120	lbl_t_event_rodata_1120
.rodata	0x00001134	0x14	t_event/db_light.cpp	local	lbl_t_event_rodata_1134	lbl_t_event_rodata_1134
.rodata	0x00001148	0xC	t_event/db_light.cpp	local	lbl_t_event_rodata_1148	lbl_t_event_rodata_1148
.rodata	0x00001154	0x18	t_event/db_light.cpp	local	lbl_t_event_rodata_1154	lbl_t_event_rodata_1154
.rodata	0x0000116C	0x14	t_event/db_light.cpp	local	lbl_t_event_rodata_116C	lbl_t_event_rodata_116C
.rodata	0x00001180	0x14	t_event/db_light.cpp	local	lbl_t_event_rodata_1180	lbl_t_event_rodata_1180
.rodata	0x00001194	0x18	t_event/db_light.cpp	local	lbl_t_event_rodata_1194	lbl_t_event_rodata_1194
.rodata	0x000011AC	0x18	t_event/db_light.cpp	local	lbl_t_event_rodata_11AC	lbl_t_event_rodata_11AC
.rodata	0x000011C4	0x18	t_event/db_light.cpp	local	lbl_t_event_rodata_11C4	lbl_t_event_rodata_11C4
.rodata	0x000011DC	0x14	t_event/db_light.cpp	local	lbl_t_event_rodata_11DC	lbl_t_event_rodata_11DC
.rodata	0x000011F0	0x8	t_event/db_light.cpp	local	lbl_t_event_rodata_11F0	lbl_t_event_rodata_11F0
.rodata	0x000011F8	0x4	t_event/db_light.cpp	local	lbl_t_event_rodata_11F8	lbl_t_event_rodata_11F8
.rodata	0x000011FC	0x4	t_event/db_light.cpp	local	lbl_t_event_rodata_11FC	lbl_t_event_rodata_11FC
.rodata	0x00001200	0x4	t_event/db_light.cpp	local	lbl_t_event_rodata_1200	lbl_t_event_rodata_1200
.rodata	0x00001204	0x4	t_event/db_light.cpp	local	lbl_t_event_rodata_1204	lbl_t_event_rodata_1204
.rodata	0x00001208	0x4	t_event/db_light.cpp	local	lbl_t_event_rodata_1208	lbl_t_event_rodata_1208
.rodata	0x0000120C	0x4	t_event/db_light.cpp	local	lbl_t_event_rodata_120C	lbl_t_event_rodata_120C
.rodata	0x00001210	0x4	t_event/db_light.cpp	local	lbl_t_event_rodata_1210	lbl_t_event_rodata_1210
.rodata	0x00001214	0x8	t_event/db_light.cpp	local	lbl_t_event_rodata_1214	lbl_t_event_rodata_1214
.rodata	0x0000121C	0x4	t_event/db_light.cpp	local	lbl_t_event_rodata_121C	lbl_t_event_rodata_121C
.rodata	0x00001220	0x4	t_event/db_light.cpp	local	lbl_t_event_rodata_1220	lbl_t_event_rodata_1220
.rodata	0x00001224	0x3C	t_event/db_light.cpp	local	lbl_t_event_rodata_1224	lbl_t_event_rodata_1224
.rodata	0x00001260	0x3C	t_event/db_light.cpp	local	lbl_t_event_rodata_1260	lbl_t_event_rodata_1260
.rodata	0x0000129C	0x4	t_event/db_light.cpp	local	lbl_t_event_rodata_129C	lbl_t_event_rodata_129C
.rodata	0x000012A0	0x4	t_event/db_light.cpp	local	lbl_t_event_rodata_12A0	lbl_t_event_rodata_12A0
.rodata	0x000012A4	0x4	t_event/db_light.cpp	local	lbl_t_event_rodata_12A4	lbl_t_event_rodata_12A4
.rodata	0x000012A8	0x4	t_event/db_light.cpp	local	lbl_t_event_rodata_12A8	lbl_t_event_rodata_12A8
.rodata	0x000012AC	0x4	t_event/db_light.cpp	local	lbl_t_event_rodata_12AC	lbl_t_event_rodata_12AC
.rodata	0x000012B0	0x14	t_event/db_light.cpp	local	lbl_t_event_rodata_12B0	lbl_t_event_rodata_12B0
.rodata	0x000012C4	0x4	t_event/db_light.cpp	local	lbl_t_event_rodata_12C4	lbl_t_event_rodata_12C4
.rodata	0x000012C8	0x4	t_event/db_light.cpp	local	lbl_t_event_rodata_12C8	lbl_t_event_rodata_12C8
.rodata	0x000012CC	0x8	t_event/db_light.cpp	local	lbl_t_event_rodata_12CC	lbl_t_event_rodata_12CC
.rodata	0x000012D4	0x8	t_event/db_light.cpp	local	lbl_t_event_rodata_12D4	lbl_t_event_rodata_12D4
.rodata	0x000012DC	0x8	t_event/db_light.cpp	local	lbl_t_event_rodata_12DC	lbl_t_event_rodata_12DC
.rodata	0x000012E4	0x4	t_event/db_light.cpp	local	lbl_t_event_rodata_12E4	lbl_t_event_rodata_12E4
.rodata	0x000012E8	0x8	t_event/db_light.cpp	local	lbl_t_event_rodata_12E8	lbl_t_event_rodata_12E8
.rodata	0x000012F0	0xC	t_event/db_light.cpp	local	lbl_t_event_rodata_12F0	lbl_t_event_rodata_12F0
.rodata	0x000012FC	0x4	t_event/db_light.cpp	local	lbl_t_event_rodata_12FC	lbl_t_event_rodata_12FC
.rodata	0x00001300	0x4	t_event/db_light.cpp	local	lbl_t_event_rodata_1300	lbl_t_event_rodata_1300
.rodata	0x00001304	0x4	t_event/db_light.cpp	local	lbl_t_event_rodata_1304	lbl_t_event_rodata_1304
.rodata	0x00001308	0x4	t_event/db_light.cpp	local	lbl_t_event_rodata_1308	lbl_t_event_rodata_1308
.rodata	0x0000130C	0x4	t_event/db_light.cpp	local	lbl_t_event_rodata_130C	lbl_t_event_rodata_130C
.rodata	0x00001310	0x4	t_event/db_light.cpp	local	lbl_t_event_rodata_1310	lbl_t_event_rodata_1310
.rodata	0x00001314	0x4	t_event/db_light.cpp	local	lbl_t_event_rodata_1314	lbl_t_event_rodata_1314
.rodata	0x00001318	0x28	t_event/db_light.cpp	local	lbl_t_event_rodata_1318	lbl_t_event_rodata_1318
.rodata	0x00001340	0x1C	t_event/db_light.cpp	local	lbl_t_event_rodata_1340	lbl_t_event_rodata_1340
.rodata	0x0000135C	0x28	t_event/db_light.cpp	local	lbl_t_event_rodata_135C	lbl_t_event_rodata_135C
.rodata	0x00001384	0x8	t_event/db_light.cpp	local	lbl_t_event_rodata_1384	lbl_t_event_rodata_1384
.rodata	0x0000138C	0x8	t_event/db_light.cpp	local	lbl_t_event_rodata_138C	lbl_t_event_rodata_138C
.rodata	0x00001394	0x8	t_event/db_light.cpp	local	lbl_t_event_rodata_1394	lbl_t_event_rodata_1394
.rodata	0x0000139C	0x8	t_event/db_light.cpp	local	lbl_t_event_rodata_139C	lbl_t_event_rodata_139C
.rodata	0x000013A4	0x8	t_event/db_light.cpp	local	lbl_t_event_rodata_13A4	lbl_t_event_rodata_13A4
.rodata	0x000013AC	0x8	t_event/db_light.cpp	local	lbl_t_event_rodata_13AC	lbl_t_event_rodata_13AC
.rodata	0x000013B4	0x4	t_event/db_light.cpp	local	lbl_t_event_rodata_13B4	lbl_t_event_rodata_13B4
.rodata	0x000013B8	0x4	t_event/db_light.cpp	local	lbl_t_event_rodata_13B8	lbl_t_event_rodata_13B8
.rodata	0x000013BC	0x4	t_event/db_light.cpp	local	lbl_t_event_rodata_13BC	lbl_t_event_rodata_13BC
.rodata	0x000013C0	0x4	t_event/db_light.cpp	local	lbl_t_event_rodata_13C0	lbl_t_event_rodata_13C0
.rodata	0x000013C4	0x4	t_event/db_light.cpp	local	lbl_t_event_rodata_13C4	lbl_t_event_rodata_13C4
.rodata	0x000013C8	0x4	t_event/db_light.cpp	local	lbl_t_event_rodata_13C8	lbl_t_event_rodata_13C8
.rodata	0x000013CC	0x4	t_event/db_light.cpp	local	lbl_t_event_rodata_13CC	lbl_t_event_rodata_13CC
.rodata	0x000013D0	0x4	t_event/db_light.cpp	local	lbl_t_event_rodata_13D0	lbl_t_event_rodata_13D0
.rodata	0x000013D4	0x8	t_event/db_light.cpp	local	lbl_t_event_rodata_13D4	lbl_t_event_rodata_13D4
.rodata	0x000013DC	0x4	t_event/db_light.cpp	local	lbl_t_event_rodata_13DC	lbl_t_event_rodata_13DC
.rodata	0x000013E0	0x8	t_event/db_light.cpp	local	lbl_t_event_rodata_13E0	lbl_t_event_rodata_13E0
.rodata	0x000013E8	0x8	t_event/db_light.cpp	local	lbl_t_event_rodata_13E8	lbl_t_event_rodata_13E8
.rodata	0x000013F0	0xC	t_event/db_light.cpp	local	lbl_t_event_rodata_13F0	lbl_t_event_rodata_13F0
.rodata	0x000013FC	0x8	t_event/db_light.cpp	local	lbl_t_event_rodata_13FC	lbl_t_event_rodata_13FC
.rodata	0x00001404	0x4	t_event/db_light.cpp	local	lbl_t_event_rodata_1404	lbl_t_event_rodata_1404
.rodata	0x00001408	0x4	t_event/db_light.cpp	local	lbl_t_event_rodata_1408	lbl_t_event_rodata_1408
.rodata	0x0000140C	0x4	t_event/db_light.cpp	local	lbl_t_event_rodata_140C	lbl_t_event_rodata_140C
.rodata	0x00001410	0xC	t_event/db_light.cpp	local	lbl_t_event_rodata_1410	lbl_t_event_rodata_1410
.rodata	0x0000141C	0x4	t_event/db_light.cpp	local	lbl_t_event_rodata_141C	lbl_t_event_rodata_141C
.rodata	0x00001420	0x4	t_event/db_light.cpp	local	lbl_t_event_rodata_1420	lbl_t_event_rodata_1420
.rodata	0x00001424	0x4	t_event/db_light.cpp	local	lbl_t_event_rodata_1424	lbl_t_event_rodata_1424
.rodata	0x00001428	0x4	t_event/db_light.cpp	local	lbl_t_event_rodata_1428	lbl_t_event_rodata_1428
.rodata	0x0000142C	0x4	t_event/db_light.cpp	local	lbl_t_event_rodata_142C	lbl_t_event_rodata_142C
.rodata	0x00001430	0x8	t_event/db_light.cpp	local	lbl_t_event_rodata_1430	lbl_t_event_rodata_1430
.rodata	0x00001438	0x8	t_event/db_light.cpp	local	lbl_t_event_rodata_1438	lbl_t_event_rodata_1438
.rodata	0x00001440	0x4	t_event/db_light.cpp	local	lbl_t_event_rodata_1440	lbl_t_event_rodata_1440
.rodata	0x00001444	0x18	t_event/db_light.cpp	local	lbl_t_event_rodata_1444	lbl_t_event_rodata_1444
.rodata	0x0000145C	0x8	t_event/db_light.cpp	local	lbl_t_event_rodata_145C	lbl_t_event_rodata_145C
.rodata	0x00001464	0x8	t_event/db_light.cpp	local	lbl_t_event_rodata_1464	lbl_t_event_rodata_1464
.rodata	0x0000146C	0xC	t_event/db_light.cpp	local	lbl_t_event_rodata_146C	lbl_t_event_rodata_146C
.rodata	0x00001478	0x8	t_event/db_light.cpp	local	lbl_t_event_rodata_1478	lbl_t_event_rodata_1478
.rodata	0x00001480	0x4	t_event/db_light.cpp	local	lbl_t_event_rodata_1480	lbl_t_event_rodata_1480
.rodata	0x00001484	0x14	t_event/db_light.cpp	local	lbl_t_event_rodata_1484	lbl_t_event_rodata_1484
.rodata	0x00001498	0x4	t_event/db_light.cpp	local	lbl_t_event_rodata_1498	lbl_t_event_rodata_1498
.rodata	0x0000149C	0x4	t_event/db_light.cpp	local	lbl_t_event_rodata_149C	lbl_t_event_rodata_149C
.rodata	0x000014A0	0x4	t_event/db_light.cpp	local	lbl_t_event_rodata_14A0	lbl_t_event_rodata_14A0
.rodata	0x000014A4	0x4	t_event/db_light.cpp	local	lbl_t_event_rodata_14A4	lbl_t_event_rodata_14A4
.rodata	0x000014A8	0x4	t_event/db_light.cpp	local	lbl_t_event_rodata_14A8	lbl_t_event_rodata_14A8
.rodata	0x000014AC	0x4	t_event/db_light.cpp	local	lbl_t_event_rodata_14AC	lbl_t_event_rodata_14AC
.rodata	0x000014B0	0x8	t_event/db_light.cpp	local	lbl_t_event_rodata_14B0	lbl_t_event_rodata_14B0
.rodata	0x000014B8	0x8	t_event/db_light.cpp	local	lbl_t_event_rodata_14B8	lbl_t_event_rodata_14B8
.rodata	0x000014C0	0x8	t_event/db_light.cpp	local	lbl_t_event_rodata_14C0	lbl_t_event_rodata_14C0
.rodata	0x000014C8	0x8	t_event/db_light.cpp	local	lbl_t_event_rodata_14C8	lbl_t_event_rodata_14C8
.rodata	0x000014D0	0x8	t_event/db_light.cpp	local	lbl_t_event_rodata_14D0	lbl_t_event_rodata_14D0
.rodata	0x000014D8	0x4	t_event/db_light.cpp	local	lbl_t_event_rodata_14D8	lbl_t_event_rodata_14D8
.rodata	0x000014DC	0x4	t_event/db_light.cpp	local	lbl_t_event_rodata_14DC	lbl_t_event_rodata_14DC
.rodata	0x000014E0	0x4	t_event/db_light.cpp	local	lbl_t_event_rodata_14E0	lbl_t_event_rodata_14E0
.rodata	0x000014E4	0x4	t_event/db_light.cpp	local	lbl_t_event_rodata_14E4	lbl_t_event_rodata_14E4
.rodata	0x000014E8	0x8	t_event/db_light.cpp	local	lbl_t_event_rodata_14E8	lbl_t_event_rodata_14E8
.rodata	0x000014F0	0x8	t_event/db_light.cpp	local	lbl_t_event_rodata_14F0	lbl_t_event_rodata_14F0
.rodata	0x000014F8	0x24	t_event/db_light.cpp	local	lbl_t_event_rodata_14F8	lbl_t_event_rodata_14F8
.rodata	0x0000151C	0x28	t_event/db_light.cpp	local	lbl_t_event_rodata_151C	lbl_t_event_rodata_151C
.rodata	0x00001544	0x28	t_event/db_light.cpp	local	lbl_t_event_rodata_1544	lbl_t_event_rodata_1544
.rodata	0x0000156C	0x38	t_event/db_light.cpp	local	lbl_t_event_rodata_156C	lbl_t_event_rodata_156C
.rodata	0x000015A4	0x28	t_event/db_light.cpp	local	lbl_t_event_rodata_15A4	lbl_t_event_rodata_15A4
.rodata	0x000015CC	0x1C	t_event/db_light.cpp	local	lbl_t_event_rodata_15CC	lbl_t_event_rodata_15CC
.rodata	0x000015E8	0x20	t_event/db_light.cpp	global	_vt.t8cVarLoop1ZUc	_vt.t8cVarLoop1ZUc
.rodata	0x00001608	0x28	t_event/db_light.cpp	global	_vt.5cUnit	_vt.5cUnit
.rodata	0x00001630	0x4	t_event/db_light.cpp	local	blackTemplate	blackTemplate
.rodata	0x00001634	0xC	t_event/db_light.cpp	local	yAxis	yAxis
.rodata	0x0000164C	0x4	t_event/db_sctrl.cpp	local	lbl_t_event_rodata_164C	lbl_t_event_rodata_164C
.rodata	0x00001650	0x4	t_event/db_sctrl.cpp	local	lbl_t_event_rodata_1650	lbl_t_event_rodata_1650
.rodata	0x00001654	0x4	t_event/db_sctrl.cpp	local	lbl_t_event_rodata_1654	lbl_t_event_rodata_1654
.rodata	0x00001658	0x4	t_event/db_sctrl.cpp	local	lbl_t_event_rodata_1658	lbl_t_event_rodata_1658
.rodata	0x0000165C	0x4	t_event/db_sctrl.cpp	local	lbl_t_event_rodata_165C	lbl_t_event_rodata_165C
.rodata	0x00001660	0x8	t_event/db_sctrl.cpp	local	lbl_t_event_rodata_1660	lbl_t_event_rodata_1660
.rodata	0x00001668	0xC	t_event/db_sctrl.cpp	local	lbl_t_event_rodata_1668	lbl_t_event_rodata_1668
.rodata	0x00001674	0xC	t_event/db_sctrl.cpp	local	lbl_t_event_rodata_1674	lbl_t_event_rodata_1674
.rodata	0x00001680	0xC	t_event/db_sctrl.cpp	local	lbl_t_event_rodata_1680	lbl_t_event_rodata_1680
.rodata	0x0000168C	0xC	t_event/db_sctrl.cpp	local	lbl_t_event_rodata_168C	lbl_t_event_rodata_168C
.rodata	0x00001698	0xC	t_event/db_sctrl.cpp	local	lbl_t_event_rodata_1698	lbl_t_event_rodata_1698
.rodata	0x000016A4	0xC	t_event/db_sctrl.cpp	local	lbl_t_event_rodata_16A4	lbl_t_event_rodata_16A4
.rodata	0x000016B0	0x8	t_event/db_sctrl.cpp	local	lbl_t_event_rodata_16B0	lbl_t_event_rodata_16B0
.rodata	0x000016B8	0x4	t_event/db_sctrl.cpp	local	lbl_t_event_rodata_16B8	lbl_t_event_rodata_16B8
.rodata	0x000016BC	0x4	t_event/db_sctrl.cpp	local	lbl_t_event_rodata_16BC	lbl_t_event_rodata_16BC
.rodata	0x000016C0	0x8	t_event/db_sctrl.cpp	local	lbl_t_event_rodata_16C0	lbl_t_event_rodata_16C0
.rodata	0x000016C8	0x8	t_event/db_sctrl.cpp	local	lbl_t_event_rodata_16C8	lbl_t_event_rodata_16C8
.rodata	0x000016D0	0x8	t_event/db_sctrl.cpp	local	lbl_t_event_rodata_16D0	lbl_t_event_rodata_16D0
.rodata	0x000016D8	0x8	t_event/db_sctrl.cpp	local	lbl_t_event_rodata_16D8	lbl_t_event_rodata_16D8
.rodata	0x000016E0	0x8	t_event/db_sctrl.cpp	local	lbl_t_event_rodata_16E0	lbl_t_event_rodata_16E0
.rodata	0x000016E8	0xC	t_event/db_sctrl.cpp	local	lbl_t_event_rodata_16E8	lbl_t_event_rodata_16E8
.rodata	0x000016F4	0xC	t_event/db_sctrl.cpp	local	lbl_t_event_rodata_16F4	lbl_t_event_rodata_16F4
.rodata	0x00001700	0x8	t_event/db_sctrl.cpp	local	lbl_t_event_rodata_1700	lbl_t_event_rodata_1700
.rodata	0x00001708	0x8	t_event/db_sctrl.cpp	local	lbl_t_event_rodata_1708	lbl_t_event_rodata_1708
.rodata	0x00001710	0x8	t_event/db_sctrl.cpp	local	lbl_t_event_rodata_1710	lbl_t_event_rodata_1710
.rodata	0x00001718	0x8	t_event/db_sctrl.cpp	local	lbl_t_event_rodata_1718	lbl_t_event_rodata_1718
.rodata	0x00001720	0x8	t_event/db_sctrl.cpp	local	lbl_t_event_rodata_1720	lbl_t_event_rodata_1720
.rodata	0x00001728	0x4	t_event/db_sctrl.cpp	local	lbl_t_event_rodata_1728	lbl_t_event_rodata_1728
.rodata	0x0000172C	0x4	t_event/db_sctrl.cpp	local	lbl_t_event_rodata_172C	lbl_t_event_rodata_172C
.rodata	0x00001730	0x8	t_event/db_sctrl.cpp	local	lbl_t_event_rodata_1730	lbl_t_event_rodata_1730
.rodata	0x00001738	0x8	t_event/db_sctrl.cpp	local	lbl_t_event_rodata_1738	lbl_t_event_rodata_1738
.rodata	0x00001740	0x4	t_event/db_sctrl.cpp	local	lbl_t_event_rodata_1740	lbl_t_event_rodata_1740
.rodata	0x00001744	0x4	t_event/db_sctrl.cpp	local	lbl_t_event_rodata_1744	lbl_t_event_rodata_1744
.rodata	0x00001748	0x4	t_event/db_sctrl.cpp	local	lbl_t_event_rodata_1748	lbl_t_event_rodata_1748
.rodata	0x0000174C	0x4	t_event/db_sctrl.cpp	local	lbl_t_event_rodata_174C	lbl_t_event_rodata_174C
.rodata	0x00001750	0x8	t_event/db_sctrl.cpp	local	lbl_t_event_rodata_1750	lbl_t_event_rodata_1750
.rodata	0x00001758	0x8	t_event/db_sctrl.cpp	local	lbl_t_event_rodata_1758	lbl_t_event_rodata_1758
.rodata	0x00001760	0x4	t_event/db_sctrl.cpp	local	lbl_t_event_rodata_1760	lbl_t_event_rodata_1760
.rodata	0x00001764	0x8	t_event/db_sctrl.cpp	local	lbl_t_event_rodata_1764	lbl_t_event_rodata_1764
.rodata	0x0000176C	0x8	t_event/db_sctrl.cpp	local	lbl_t_event_rodata_176C	lbl_t_event_rodata_176C
.rodata	0x00001774	0x4	t_event/db_sctrl.cpp	local	lbl_t_event_rodata_1774	lbl_t_event_rodata_1774
.rodata	0x00001778	0x4	t_event/db_sctrl.cpp	local	lbl_t_event_rodata_1778	lbl_t_event_rodata_1778
.rodata	0x0000177C	0x4	t_event/db_sctrl.cpp	local	lbl_t_event_rodata_177C	lbl_t_event_rodata_177C
.rodata	0x00001780	0x18	t_event/db_sctrl.cpp	local	lbl_t_event_rodata_1780	lbl_t_event_rodata_1780
.rodata	0x00001798	0x1C	t_event/db_sctrl.cpp	local	lbl_t_event_rodata_1798	lbl_t_event_rodata_1798
.rodata	0x000017B4	0x4	t_event/db_sctrl.cpp	local	lbl_t_event_rodata_17B4	lbl_t_event_rodata_17B4
.rodata	0x000017B8	0x4	t_event/db_sctrl.cpp	local	lbl_t_event_rodata_17B8	lbl_t_event_rodata_17B8
.rodata	0x000017BC	0x4	t_event/db_sctrl.cpp	local	lbl_t_event_rodata_17BC	lbl_t_event_rodata_17BC
.rodata	0x000017C0	0x4	t_event/db_sctrl.cpp	local	lbl_t_event_rodata_17C0	lbl_t_event_rodata_17C0
.rodata	0x000017C4	0x4	t_event/db_sctrl.cpp	local	lbl_t_event_rodata_17C4	lbl_t_event_rodata_17C4
.rodata	0x000017C8	0x8	t_event/db_sctrl.cpp	local	lbl_t_event_rodata_17C8	lbl_t_event_rodata_17C8
.rodata	0x000017D0	0x4	t_event/db_sctrl.cpp	local	lbl_t_event_rodata_17D0	lbl_t_event_rodata_17D0
.rodata	0x000017D4	0x4	t_event/db_sctrl.cpp	local	lbl_t_event_rodata_17D4	lbl_t_event_rodata_17D4
.rodata	0x000017D8	0x10	t_event/db_sctrl.cpp	local	lbl_t_event_rodata_17D8	lbl_t_event_rodata_17D8
.rodata	0x000017E8	0x4	t_event/db_sctrl.cpp	local	lbl_t_event_rodata_17E8	lbl_t_event_rodata_17E8
.rodata	0x000017EC	0x4	t_event/db_sctrl.cpp	local	lbl_t_event_rodata_17EC	lbl_t_event_rodata_17EC
.rodata	0x000017F0	0x4	t_event/db_sctrl.cpp	local	lbl_t_event_rodata_17F0	lbl_t_event_rodata_17F0
.rodata	0x000017F4	0x4	t_event/db_sctrl.cpp	local	lbl_t_event_rodata_17F4	lbl_t_event_rodata_17F4
.rodata	0x000017F8	0x4	t_event/db_sctrl.cpp	local	lbl_t_event_rodata_17F8	lbl_t_event_rodata_17F8
.rodata	0x000017FC	0x4	t_event/db_sctrl.cpp	local	lbl_t_event_rodata_17FC	lbl_t_event_rodata_17FC
.rodata	0x00001800	0x4	t_event/db_sctrl.cpp	local	lbl_t_event_rodata_1800	lbl_t_event_rodata_1800
.rodata	0x00001804	0x4	t_event/db_sctrl.cpp	local	lbl_t_event_rodata_1804	lbl_t_event_rodata_1804
.rodata	0x00001808	0x8	t_event/db_sctrl.cpp	local	lbl_t_event_rodata_1808	lbl_t_event_rodata_1808
.rodata	0x00001810	0x8	t_event/db_sctrl.cpp	local	lbl_t_event_rodata_1810	lbl_t_event_rodata_1810
.rodata	0x00001818	0x4	t_event/db_sctrl.cpp	local	lbl_t_event_rodata_1818	lbl_t_event_rodata_1818
.rodata	0x0000181C	0x4	t_event/db_sctrl.cpp	local	lbl_t_event_rodata_181C	lbl_t_event_rodata_181C
.rodata	0x00001820	0x4	t_event/db_sctrl.cpp	local	lbl_t_event_rodata_1820	lbl_t_event_rodata_1820
.rodata	0x00001824	0x4	t_event/db_sctrl.cpp	local	lbl_t_event_rodata_1824	lbl_t_event_rodata_1824
.rodata	0x00001828	0x8	t_event/db_sctrl.cpp	local	lbl_t_event_rodata_1828	lbl_t_event_rodata_1828
.rodata	0x00001830	0x8	t_event/db_sctrl.cpp	local	lbl_t_event_rodata_1830	lbl_t_event_rodata_1830
.rodata	0x00001838	0x4	t_event/db_sctrl.cpp	local	lbl_t_event_rodata_1838	lbl_t_event_rodata_1838
.rodata	0x0000183C	0x4	t_event/db_sctrl.cpp	local	lbl_t_event_rodata_183C	lbl_t_event_rodata_183C
.rodata	0x00001840	0x4	t_event/db_sctrl.cpp	local	lbl_t_event_rodata_1840	lbl_t_event_rodata_1840
.rodata	0x00001844	0x4	t_event/db_sctrl.cpp	local	lbl_t_event_rodata_1844	lbl_t_event_rodata_1844
.rodata	0x00001848	0x4	t_event/db_sctrl.cpp	local	lbl_t_event_rodata_1848	lbl_t_event_rodata_1848
.rodata	0x0000184C	0x4	t_event/db_sctrl.cpp	local	lbl_t_event_rodata_184C	lbl_t_event_rodata_184C
.rodata	0x00001850	0x4	t_event/db_sctrl.cpp	local	lbl_t_event_rodata_1850	lbl_t_event_rodata_1850
.rodata	0x00001854	0x4	t_event/db_sctrl.cpp	local	lbl_t_event_rodata_1854	lbl_t_event_rodata_1854
.rodata	0x00001858	0x4	t_event/db_sctrl.cpp	local	lbl_t_event_rodata_1858	lbl_t_event_rodata_1858
.rodata	0x0000185C	0x4	t_event/db_sctrl.cpp	local	lbl_t_event_rodata_185C	lbl_t_event_rodata_185C
.rodata	0x00001860	0x4	t_event/db_sctrl.cpp	local	lbl_t_event_rodata_1860	lbl_t_event_rodata_1860
.rodata	0x00001864	0x4	t_event/db_sctrl.cpp	local	lbl_t_event_rodata_1864	lbl_t_event_rodata_1864
.rodata	0x00001868	0x8	t_event/db_sctrl.cpp	local	lbl_t_event_rodata_1868	lbl_t_event_rodata_1868
.rodata	0x00001870	0x8	t_event/db_sctrl.cpp	local	lbl_t_event_rodata_1870	lbl_t_event_rodata_1870
.rodata	0x00001878	0x24	t_event/db_toolbase.cpp	local	lbl_t_event_rodata_1878	lbl_t_event_rodata_1878
.rodata	0x0000189C	0x78	t_event/db_toolbase.cpp	local	lbl_t_event_rodata_189C	lbl_t_event_rodata_189C
.rodata	0x00001914	0x4	t_event/db_toolbase.cpp	local	lbl_t_event_rodata_1914	lbl_t_event_rodata_1914
.rodata	0x00001918	0x20	t_event/db_toolbase.cpp	local	lbl_t_event_rodata_1918	lbl_t_event_rodata_1918
.rodata	0x00001938	0x8	t_event/db_toolbase.cpp	local	lbl_t_event_rodata_1938	lbl_t_event_rodata_1938
.rodata	0x00001940	0x4	t_event/db_toolbase.cpp	local	lbl_t_event_rodata_1940	lbl_t_event_rodata_1940
.rodata	0x00001944	0x4	t_event/db_toolbase.cpp	local	lbl_t_event_rodata_1944	lbl_t_event_rodata_1944
.rodata	0x00001948	0x4	t_event/db_toolbase.cpp	local	lbl_t_event_rodata_1948	lbl_t_event_rodata_1948
.rodata	0x0000194C	0x4	t_event/db_toolbase.cpp	local	lbl_t_event_rodata_194C	lbl_t_event_rodata_194C
.rodata	0x00001950	0x8	t_event/db_toolbase.cpp	local	lbl_t_event_rodata_1950	lbl_t_event_rodata_1950
.rodata	0x00001958	0x50	t_event/db_toolbase.cpp	global	_vt.10cDbgWindow	lbl_t_event_rodata_1958
.rodata	0x000019A8	0x18	t_event/db_toolbase.cpp	global	_vt.10cDbgButton	lbl_t_event_rodata_19A8
.rodata	0x000019C0	0x48	t_event/db_toolbase.cpp	global	_vt.14cDbgWindowBase	lbl_t_event_rodata_19C0
.rodata	0x00001A08	0x18	t_event/db_toolbase.cpp	global	_vt.14cDbgButtonBase	lbl_t_event_rodata_1A08
.rodata	0x00001A20	0x4	t_event/db_filelist.cpp	local	lbl_t_event_rodata_1A20	lbl_t_event_rodata_1A20
.rodata	0x00001A24	0x1C	t_event/db_filelist.cpp	local	lbl_t_event_rodata_1A24	lbl_t_event_rodata_1A24
.rodata	0x00001A40	0x24	t_event/db_filelist.cpp	local	lbl_t_event_rodata_1A40	lbl_t_event_rodata_1A40
.rodata	0x00001A64	0x10	t_event/db_filelist.cpp	local	lbl_t_event_rodata_1A64	lbl_t_event_rodata_1A64
.rodata	0x00001A74	0xC	t_event/db_filelist.cpp	local	lbl_t_event_rodata_1A74	lbl_t_event_rodata_1A74
.rodata	0x00001A98	0x28	t_event/t_event.cpp	local	lbl_t_event_rodata_1A98	lbl_t_event_rodata_1A98
.rodata	0x00001AC0	0x4	t_event/t_event.cpp	local	lbl_t_event_rodata_1AC0	lbl_t_event_rodata_1AC0
.rodata	0x00001AC4	0x8	t_event/t_event.cpp	local	lbl_t_event_rodata_1AC4	lbl_t_event_rodata_1AC4
.rodata	0x00001ACC	0x8	t_event/t_event.cpp	local	lbl_t_event_rodata_1ACC	lbl_t_event_rodata_1ACC
.rodata	0x00001AD4	0x8	t_event/t_event.cpp	local	lbl_t_event_rodata_1AD4	lbl_t_event_rodata_1AD4
.rodata	0x00001ADC	0x8	t_event/t_event.cpp	local	lbl_t_event_rodata_1ADC	lbl_t_event_rodata_1ADC
.rodata	0x00001AE4	0x20	t_event/t_event.cpp	local	lbl_t_event_rodata_1AE4	lbl_t_event_rodata_1AE4
.rodata	0x00001B04	0x20	t_event/t_event.cpp	local	lbl_t_event_rodata_1B04	lbl_t_event_rodata_1B04
.rodata	0x00001B24	0x8	t_event/t_event.cpp	local	lbl_t_event_rodata_1B24	lbl_t_event_rodata_1B24
.rodata	0x00001B2C	0x8	t_event/t_event.cpp	local	lbl_t_event_rodata_1B2C	lbl_t_event_rodata_1B2C
.rodata	0x00001B34	0xC	t_event/t_event.cpp	local	lbl_t_event_rodata_1B34	lbl_t_event_rodata_1B34
.rodata	0x00001B40	0x8	t_event/t_event.cpp	local	lbl_t_event_rodata_1B40	lbl_t_event_rodata_1B40
.rodata	0x00001B48	0x8	t_event/t_event.cpp	local	lbl_t_event_rodata_1B48	lbl_t_event_rodata_1B48
.rodata	0x00001B50	0x8	t_event/t_event.cpp	local	lbl_t_event_rodata_1B50	lbl_t_event_rodata_1B50
.rodata	0x00001B58	0x8	t_event/t_event.cpp	local	lbl_t_event_rodata_1B58	lbl_t_event_rodata_1B58
.rodata	0x00001B60	0x8	t_event/t_event.cpp	local	lbl_t_event_rodata_1B60	lbl_t_event_rodata_1B60
.rodata	0x00001B68	0x8	t_event/t_event.cpp	local	lbl_t_event_rodata_1B68	lbl_t_event_rodata_1B68
.rodata	0x00001B70	0x8	t_event/t_event.cpp	local	lbl_t_event_rodata_1B70	lbl_t_event_rodata_1B70
.rodata	0x00001B78	0x8	t_event/t_event.cpp	local	lbl_t_event_rodata_1B78	lbl_t_event_rodata_1B78
.rodata	0x00001B80	0x8	t_event/t_event.cpp	local	lbl_t_event_rodata_1B80	lbl_t_event_rodata_1B80
.rodata	0x00001B88	0x4	t_event/t_event.cpp	local	lbl_t_event_rodata_1B88	lbl_t_event_rodata_1B88
.rodata	0x00001B8C	0xC	t_event/t_event.cpp	local	lbl_t_event_rodata_1B8C	lbl_t_event_rodata_1B8C
.rodata	0x00001B98	0x4	t_event/t_event.cpp	local	lbl_t_event_rodata_1B98	lbl_t_event_rodata_1B98
.rodata	0x00001B9C	0x20	t_event/t_event.cpp	local	lbl_t_event_rodata_1B9C	lbl_t_event_rodata_1B9C
.rodata	0x00001BBC	0x28	t_event/t_event.cpp	local	lbl_t_event_rodata_1BBC	lbl_t_event_rodata_1BBC
.rodata	0x00001BE4	0x18	t_event/t_event.cpp	local	lbl_t_event_rodata_1BE4	lbl_t_event_rodata_1BE4
.rodata	0x00001BFC	0x10	t_event/t_event.cpp	local	lbl_t_event_rodata_1BFC	lbl_t_event_rodata_1BFC
.rodata	0x00001C0C	0x8	t_event/t_event.cpp	local	lbl_t_event_rodata_1C0C	lbl_t_event_rodata_1C0C
.rodata	0x00001C14	0x8	t_event/t_event.cpp	local	lbl_t_event_rodata_1C14	lbl_t_event_rodata_1C14
.rodata	0x00001C1C	0x8	t_event/t_event.cpp	local	lbl_t_event_rodata_1C1C	lbl_t_event_rodata_1C1C
.rodata	0x00001C24	0xC	t_event/t_event.cpp	local	lbl_t_event_rodata_1C24	lbl_t_event_rodata_1C24
.rodata	0x00001C30	0xC	t_event/t_event.cpp	local	lbl_t_event_rodata_1C30	lbl_t_event_rodata_1C30
.rodata	0x00001C3C	0x8	t_event/t_event.cpp	local	lbl_t_event_rodata_1C3C	lbl_t_event_rodata_1C3C
.rodata	0x00001C44	0x8	t_event/t_event.cpp	local	lbl_t_event_rodata_1C44	lbl_t_event_rodata_1C44
.rodata	0x00001C4C	0x48	t_event/t_event.cpp	local	lbl_t_event_rodata_1C4C	lbl_t_event_rodata_1C4C
.rodata	0x00001C94	0x14	t_event/t_event.cpp	local	lbl_t_event_rodata_1C94	lbl_t_event_rodata_1C94
.rodata	0x00001CA8	0x18	t_event/t_event.cpp	local	lbl_t_event_rodata_1CA8	lbl_t_event_rodata_1CA8
.rodata	0x00001CC0	0x18	t_event/t_event.cpp	local	lbl_t_event_rodata_1CC0	lbl_t_event_rodata_1CC0
.rodata	0x00001CD8	0x8	t_event/t_event.cpp	local	lbl_t_event_rodata_1CD8	lbl_t_event_rodata_1CD8
.rodata	0x00001CE0	0xC	t_event/t_event.cpp	local	lbl_t_event_rodata_1CE0	lbl_t_event_rodata_1CE0
.rodata	0x00001CEC	0x8	t_event/t_event.cpp	local	lbl_t_event_rodata_1CEC	lbl_t_event_rodata_1CEC
.rodata	0x00001CF4	0x4	t_event/t_event.cpp	local	lbl_t_event_rodata_1CF4	lbl_t_event_rodata_1CF4
.rodata	0x00001CF8	0x4	t_event/t_event.cpp	local	lbl_t_event_rodata_1CF8	lbl_t_event_rodata_1CF8
.rodata	0x00001CFC	0x14	t_event/t_event.cpp	local	lbl_t_event_rodata_1CFC	lbl_t_event_rodata_1CFC
.rodata	0x00001D10	0x14	t_event/t_event.cpp	local	lbl_t_event_rodata_1D10	lbl_t_event_rodata_1D10
.rodata	0x00001D24	0x10	t_event/t_event.cpp	local	lbl_t_event_rodata_1D24	lbl_t_event_rodata_1D24
.rodata	0x00001D34	0x8	t_event/t_event.cpp	local	lbl_t_event_rodata_1D34	lbl_t_event_rodata_1D34
.rodata	0x00001D3C	0x18	t_event/t_event.cpp	local	lbl_t_event_rodata_1D3C	lbl_t_event_rodata_1D3C
.rodata	0x00001D54	0x20	t_event/t_event.cpp	local	lbl_t_event_rodata_1D54	lbl_t_event_rodata_1D54
.rodata	0x00001D74	0x8	t_event/t_event.cpp	local	lbl_t_event_rodata_1D74	lbl_t_event_rodata_1D74
.rodata	0x00001D7C	0x1C	t_event/t_event.cpp	local	lbl_t_event_rodata_1D7C	lbl_t_event_rodata_1D7C
.rodata	0x00001D98	0xC	t_event/t_event.cpp	local	lbl_t_event_rodata_1D98	lbl_t_event_rodata_1D98
.rodata	0x00001DA4	0xC	t_event/t_event.cpp	local	lbl_t_event_rodata_1DA4	lbl_t_event_rodata_1DA4
.rodata	0x00001DB0	0xC	t_event/t_event.cpp	local	lbl_t_event_rodata_1DB0	lbl_t_event_rodata_1DB0
.rodata	0x00001DBC	0xC	t_event/t_event.cpp	local	lbl_t_event_rodata_1DBC	lbl_t_event_rodata_1DBC
.rodata	0x00001DC8	0xC	t_event/t_event.cpp	local	lbl_t_event_rodata_1DC8	lbl_t_event_rodata_1DC8
.rodata	0x00001DD4	0xC	t_event/t_event.cpp	local	lbl_t_event_rodata_1DD4	lbl_t_event_rodata_1DD4
.rodata	0x00001DE0	0xC	t_event/t_event.cpp	local	lbl_t_event_rodata_1DE0	lbl_t_event_rodata_1DE0
.rodata	0x00001DEC	0x8	t_event/t_event.cpp	local	lbl_t_event_rodata_1DEC	lbl_t_event_rodata_1DEC
.rodata	0x00001DF4	0x10	t_event/t_event.cpp	local	lbl_t_event_rodata_1DF4	lbl_t_event_rodata_1DF4
.rodata	0x00001E04	0x10	t_event/t_event.cpp	local	lbl_t_event_rodata_1E04	lbl_t_event_rodata_1E04
.rodata	0x00001E14	0xC	t_event/t_event.cpp	local	lbl_t_event_rodata_1E14	lbl_t_event_rodata_1E14
.rodata	0x00001E20	0xC	t_event/t_event.cpp	local	lbl_t_event_rodata_1E20	lbl_t_event_rodata_1E20
.rodata	0x00001E2C	0xC	t_event/t_event.cpp	local	lbl_t_event_rodata_1E2C	lbl_t_event_rodata_1E2C
.rodata	0x00001E38	0x8	t_event/t_event.cpp	local	lbl_t_event_rodata_1E38	lbl_t_event_rodata_1E38
.rodata	0x00001E40	0x8	t_event/t_event.cpp	local	lbl_t_event_rodata_1E40	lbl_t_event_rodata_1E40
.rodata	0x00001E48	0x8	t_event/t_event.cpp	local	lbl_t_event_rodata_1E48	lbl_t_event_rodata_1E48
.rodata	0x00001E50	0x10	t_event/t_event.cpp	local	lbl_t_event_rodata_1E50	lbl_t_event_rodata_1E50
.rodata	0x00001E60	0x14	t_event/t_event.cpp	local	lbl_t_event_rodata_1E60	lbl_t_event_rodata_1E60
.rodata	0x00001E74	0x1C	t_event/t_event.cpp	local	lbl_t_event_rodata_1E74	lbl_t_event_rodata_1E74
.rodata	0x00001E90	0x10	t_event/t_event.cpp	local	lbl_t_event_rodata_1E90	lbl_t_event_rodata_1E90
.rodata	0x00001EA0	0x10	t_event/t_event.cpp	local	lbl_t_event_rodata_1EA0	lbl_t_event_rodata_1EA0
.rodata	0x00001EB0	0x8	t_event/t_event.cpp	local	lbl_t_event_rodata_1EB0	lbl_t_event_rodata_1EB0
.rodata	0x00001EB8	0xC	t_event/t_event.cpp	local	lbl_t_event_rodata_1EB8	lbl_t_event_rodata_1EB8
.rodata	0x00001EC4	0xC	t_event/t_event.cpp	local	lbl_t_event_rodata_1EC4	lbl_t_event_rodata_1EC4
.rodata	0x00001ED0	0xC	t_event/t_event.cpp	local	lbl_t_event_rodata_1ED0	lbl_t_event_rodata_1ED0
.rodata	0x00001EDC	0xC	t_event/t_event.cpp	local	lbl_t_event_rodata_1EDC	lbl_t_event_rodata_1EDC
.rodata	0x00001EE8	0x10	t_event/t_event.cpp	local	lbl_t_event_rodata_1EE8	lbl_t_event_rodata_1EE8
.rodata	0x00001EF8	0x1C	t_event/t_event.cpp	local	lbl_t_event_rodata_1EF8	lbl_t_event_rodata_1EF8
.rodata	0x00001F14	0x10	t_event/t_event.cpp	local	lbl_t_event_rodata_1F14	lbl_t_event_rodata_1F14
.rodata	0x00001F24	0x10	t_event/t_event.cpp	local	lbl_t_event_rodata_1F24	lbl_t_event_rodata_1F24
.rodata	0x00001F34	0x8	t_event/t_event.cpp	local	lbl_t_event_rodata_1F34	lbl_t_event_rodata_1F34
.rodata	0x00001F3C	0x8	t_event/t_event.cpp	local	lbl_t_event_rodata_1F3C	lbl_t_event_rodata_1F3C
.rodata	0x00001F44	0xC	t_event/t_event.cpp	local	lbl_t_event_rodata_1F44	lbl_t_event_rodata_1F44
.rodata	0x00001F50	0x1C	t_event/t_event.cpp	local	lbl_t_event_rodata_1F50	lbl_t_event_rodata_1F50
.rodata	0x00001F6C	0x4	t_event/t_event.cpp	local	lbl_t_event_rodata_1F6C	lbl_t_event_rodata_1F6C
.rodata	0x00001F70	0x4	t_event/t_event.cpp	local	lbl_t_event_rodata_1F70	lbl_t_event_rodata_1F70
.rodata	0x00001F74	0x4	t_event/t_event.cpp	local	lbl_t_event_rodata_1F74	lbl_t_event_rodata_1F74
.rodata	0x00001F78	0x4	t_event/t_event.cpp	local	lbl_t_event_rodata_1F78	lbl_t_event_rodata_1F78
.rodata	0x00001F7C	0xC	t_event/t_event.cpp	local	lbl_t_event_rodata_1F7C	lbl_t_event_rodata_1F7C
.rodata	0x00001F88	0x8	t_event/t_event.cpp	local	lbl_t_event_rodata_1F88	lbl_t_event_rodata_1F88
.rodata	0x00001F90	0x8	t_event/t_event.cpp	local	lbl_t_event_rodata_1F90	lbl_t_event_rodata_1F90
.rodata	0x00001F98	0x8	t_event/t_event.cpp	local	lbl_t_event_rodata_1F98	lbl_t_event_rodata_1F98
.rodata	0x00001FA0	0x4	t_event/t_event.cpp	local	lbl_t_event_rodata_1FA0	lbl_t_event_rodata_1FA0
.rodata	0x00001FA4	0xC	t_event/t_event.cpp	local	lbl_t_event_rodata_1FA4	lbl_t_event_rodata_1FA4
.rodata	0x00001FB0	0x8	t_event/t_event.cpp	local	lbl_t_event_rodata_1FB0	lbl_t_event_rodata_1FB0
.rodata	0x00001FB8	0x8	t_event/t_event.cpp	local	lbl_t_event_rodata_1FB8	lbl_t_event_rodata_1FB8
.rodata	0x00001FC0	0x8	t_event/t_event.cpp	local	lbl_t_event_rodata_1FC0	lbl_t_event_rodata_1FC0
.rodata	0x00001FC8	0x4	t_event/t_event.cpp	local	lbl_t_event_rodata_1FC8	lbl_t_event_rodata_1FC8
.rodata	0x00001FCC	0x4	t_event/t_event.cpp	local	lbl_t_event_rodata_1FCC	lbl_t_event_rodata_1FCC
.rodata	0x00001FD0	0x8	t_event/t_event.cpp	local	lbl_t_event_rodata_1FD0	lbl_t_event_rodata_1FD0
.rodata	0x00001FD8	0x4	t_event/t_event.cpp	local	lbl_t_event_rodata_1FD8	lbl_t_event_rodata_1FD8
.rodata	0x00001FDC	0xC	t_event/t_event.cpp	local	lbl_t_event_rodata_1FDC	lbl_t_event_rodata_1FDC
.rodata	0x00001FE8	0xC	t_event/t_event.cpp	local	lbl_t_event_rodata_1FE8	lbl_t_event_rodata_1FE8
.rodata	0x00001FF4	0x14	t_event/t_event.cpp	local	lbl_t_event_rodata_1FF4	lbl_t_event_rodata_1FF4
.rodata	0x00002008	0x8	t_event/t_event.cpp	local	lbl_t_event_rodata_2008	lbl_t_event_rodata_2008
.rodata	0x00002010	0x20	t_event/t_event.cpp	local	lbl_t_event_rodata_2010	lbl_t_event_rodata_2010
.rodata	0x00002030	0x8	t_event/t_event.cpp	local	lbl_t_event_rodata_2030	lbl_t_event_rodata_2030
.rodata	0x00002038	0x8	t_event/t_event.cpp	local	lbl_t_event_rodata_2038	lbl_t_event_rodata_2038
.rodata	0x00002040	0x8	t_event/t_event.cpp	local	lbl_t_event_rodata_2040	lbl_t_event_rodata_2040
.rodata	0x00002048	0x8	t_event/t_event.cpp	local	lbl_t_event_rodata_2048	lbl_t_event_rodata_2048
.rodata	0x00002050	0x8	t_event/t_event.cpp	local	lbl_t_event_rodata_2050	lbl_t_event_rodata_2050
.rodata	0x00002058	0x8	t_event/t_event.cpp	local	lbl_t_event_rodata_2058	lbl_t_event_rodata_2058
.rodata	0x00002060	0x20	t_event/t_event.cpp	local	lbl_t_event_rodata_2060	lbl_t_event_rodata_2060
.rodata	0x00002080	0x8	t_event/t_event.cpp	local	lbl_t_event_rodata_2080	lbl_t_event_rodata_2080
.rodata	0x00002088	0x10	t_event/t_event.cpp	local	lbl_t_event_rodata_2088	lbl_t_event_rodata_2088
.rodata	0x00002098	0x10	t_event/t_event.cpp	local	lbl_t_event_rodata_2098	lbl_t_event_rodata_2098
.rodata	0x000020A8	0x10	t_event/t_event.cpp	local	lbl_t_event_rodata_20A8	lbl_t_event_rodata_20A8
.rodata	0x000020B8	0x14	t_event/t_event.cpp	local	lbl_t_event_rodata_20B8	lbl_t_event_rodata_20B8
.rodata	0x000020CC	0x8	t_event/t_event.cpp	local	lbl_t_event_rodata_20CC	lbl_t_event_rodata_20CC
.rodata	0x000020D4	0x8	t_event/t_event.cpp	local	lbl_t_event_rodata_20D4	lbl_t_event_rodata_20D4
.rodata	0x000020DC	0x4	t_event/t_event.cpp	local	lbl_t_event_rodata_20DC	lbl_t_event_rodata_20DC
.rodata	0x000020E0	0x20	t_event/t_event.cpp	local	lbl_t_event_rodata_20E0	lbl_t_event_rodata_20E0
.rodata	0x00002100	0x2C	t_event/t_event.cpp	local	lbl_t_event_rodata_2100	lbl_t_event_rodata_2100
.rodata	0x0000212C	0xC	t_event/t_event.cpp	local	lbl_t_event_rodata_212C	lbl_t_event_rodata_212C
.rodata	0x00002138	0x10	t_event/t_event.cpp	local	lbl_t_event_rodata_2138	lbl_t_event_rodata_2138
.rodata	0x00002148	0x1C	t_event/t_event.cpp	local	lbl_t_event_rodata_2148	lbl_t_event_rodata_2148
.rodata	0x00002164	0x1C	t_event/t_event.cpp	local	lbl_t_event_rodata_2164	lbl_t_event_rodata_2164
.rodata	0x00002180	0x20	t_event/t_event.cpp	local	lbl_t_event_rodata_2180	lbl_t_event_rodata_2180
.rodata	0x000021A0	0x1C	t_event/t_event.cpp	local	lbl_t_event_rodata_21A0	lbl_t_event_rodata_21A0
.rodata	0x000021BC	0x4	t_event/t_event.cpp	local	lbl_t_event_rodata_21BC	lbl_t_event_rodata_21BC
.rodata	0x000021C0	0x8	t_event/t_event.cpp	local	lbl_t_event_rodata_21C0	lbl_t_event_rodata_21C0
.rodata	0x000021C8	0x4	t_event/t_event.cpp	local	lbl_t_event_rodata_21C8	lbl_t_event_rodata_21C8
.rodata	0x000021CC	0x4	t_event/t_event.cpp	local	lbl_t_event_rodata_21CC	lbl_t_event_rodata_21CC
.rodata	0x000021D0	0x4	t_event/t_event.cpp	local	lbl_t_event_rodata_21D0	lbl_t_event_rodata_21D0
.rodata	0x000021D4	0x4	t_event/t_event.cpp	local	lbl_t_event_rodata_21D4	lbl_t_event_rodata_21D4
.rodata	0x000021D8	0x4	t_event/t_event.cpp	local	lbl_t_event_rodata_21D8	lbl_t_event_rodata_21D8
.rodata	0x000021DC	0x4	t_event/t_event.cpp	local	lbl_t_event_rodata_21DC	lbl_t_event_rodata_21DC
.rodata	0x000021E0	0x4	t_event/t_event.cpp	local	lbl_t_event_rodata_21E0	lbl_t_event_rodata_21E0
.rodata	0x000021E4	0x4	t_event/t_event.cpp	local	lbl_t_event_rodata_21E4	lbl_t_event_rodata_21E4
.rodata	0x000021E8	0x4	t_event/t_event.cpp	local	lbl_t_event_rodata_21E8	lbl_t_event_rodata_21E8
.rodata	0x000021EC	0x4	t_event/t_event.cpp	local	lbl_t_event_rodata_21EC	lbl_t_event_rodata_21EC
.rodata	0x000021F0	0x8	t_event/t_event.cpp	local	lbl_t_event_rodata_21F0	lbl_t_event_rodata_21F0
.rodata	0x000021F8	0x4	t_event/t_event.cpp	local	lbl_t_event_rodata_21F8	lbl_t_event_rodata_21F8
.rodata	0x000021FC	0x4	t_event/t_event.cpp	local	lbl_t_event_rodata_21FC	lbl_t_event_rodata_21FC
.rodata	0x00002200	0x4	t_event/t_event.cpp	local	lbl_t_event_rodata_2200	lbl_t_event_rodata_2200
.rodata	0x00002204	0x4	t_event/t_event.cpp	local	lbl_t_event_rodata_2204	lbl_t_event_rodata_2204
.rodata	0x00002208	0xC	t_event/t_event.cpp	local	lbl_t_event_rodata_2208	lbl_t_event_rodata_2208
.rodata	0x00002214	0x10	t_event/t_event.cpp	local	lbl_t_event_rodata_2214	lbl_t_event_rodata_2214
.rodata	0x00002224	0x8	t_event/t_event.cpp	local	lbl_t_event_rodata_2224	lbl_t_event_rodata_2224
.rodata	0x0000222C	0xC	t_event/t_event.cpp	local	lbl_t_event_rodata_222C	lbl_t_event_rodata_222C
.rodata	0x00002238	0xC	t_event/t_event.cpp	local	lbl_t_event_rodata_2238	lbl_t_event_rodata_2238
.rodata	0x00002244	0xC	t_event/t_event.cpp	local	lbl_t_event_rodata_2244	lbl_t_event_rodata_2244
.rodata	0x00002250	0x28	t_event/t_event.cpp	local	lbl_t_event_rodata_2250	lbl_t_event_rodata_2250
.rodata	0x00002278	0x28	t_event/t_event.cpp	local	lbl_t_event_rodata_2278	lbl_t_event_rodata_2278
.rodata	0x000022A0	0x38	t_event/t_event.cpp	local	lbl_t_event_rodata_22A0	lbl_t_event_rodata_22A0
.rodata	0x000022D8	0x28	t_event/t_event.cpp	local	lbl_t_event_rodata_22D8	lbl_t_event_rodata_22D8
.rodata	0x00002300	0x1C	t_event/t_event.cpp	local	lbl_t_event_rodata_2300	lbl_t_event_rodata_2300
.rodata	0x0000231C	0x1C	t_event/t_event.cpp	local	lbl_t_event_rodata_231C	lbl_t_event_rodata_231C
.rodata	0x00002338	0x18	t_event/t_event.cpp	global	_vt.t18cDbgButtonTemplate1ZQ216EventMessageData8MessElem	_vt.t18cDbgButtonTemplate1ZQ216EventMessageData8MessElem
.rodata	0x00002350	0x8	t_event/t_event.cpp	local	lbl_t_event_rodata_2350	lbl_t_event_rodata_2350
.rodata	0x00002358	0x8	t_event/t_event.cpp	local	lbl_t_event_rodata_2358	lbl_t_event_rodata_2358
.rodata	0x00002360	0x8	t_event/t_event.cpp	local	lbl_t_event_rodata_2360	lbl_t_event_rodata_2360
.rodata	0x00002368	0x8	t_event/t_event.cpp	local	lbl_t_event_rodata_2368	lbl_t_event_rodata_2368
.rodata	0x00002370	0x8	t_event/t_event.cpp	local	lbl_t_event_rodata_2370	lbl_t_event_rodata_2370
.rodata	0x00002378	0x8	t_event/t_event.cpp	local	lbl_t_event_rodata_2378	lbl_t_event_rodata_2378
.rodata	0x00002380	0x4	t_event/t_event.cpp	local	lbl_t_event_rodata_2380	lbl_t_event_rodata_2380
.rodata	0x00002384	0x4	t_event/t_event.cpp	local	lbl_t_event_rodata_2384	lbl_t_event_rodata_2384
.rodata	0x00002388	0x4	t_event/t_event.cpp	local	lbl_t_event_rodata_2388	lbl_t_event_rodata_2388
.rodata	0x0000238C	0x4	t_event/t_event.cpp	local	lbl_t_event_rodata_238C	lbl_t_event_rodata_238C
.rodata	0x00002390	0x8	t_event/t_event.cpp	local	lbl_t_event_rodata_2390	lbl_t_event_rodata_2390
.rodata	0x00002398	0x58	t_event/t_event.cpp	global	_vt.t14cDbgEditWindow1ZQ216EventMessageData8MessElem	_vt.t14cDbgEditWindow1ZQ216EventMessageData8MessElem
.rodata	0x000023F0	0x18	t_event/t_event.cpp	global	_vt.t12cDbgToolMain1ZQ216EventMessageData8MessElem	_vt.t12cDbgToolMain1ZQ216EventMessageData8MessElem
.rodata	0x00002408	0x50	t_event/t_event.cpp	global	_vt.18cDbgOkCancelWindow	_vt.18cDbgOkCancelWindow
.rodata	0x00002458	0x50	t_event/t_event.cpp	global	_vt.20cDbgFileSelectWindow	_vt.20cDbgFileSelectWindow
.rodata	0x00002550	0x4	t_event/t_util.cpp	local	lbl_t_event_rodata_2550	lbl_t_event_rodata_2550
.rodata	0x00002554	0x20	t_event/t_util.cpp	local	lbl_t_event_rodata_2554	lbl_t_event_rodata_2554
.rodata	0x00002574	0x4	t_event/t_util.cpp	local	lbl_t_event_rodata_2574	lbl_t_event_rodata_2574
.rodata	0x00002578	0x4	t_event/t_util.cpp	local	lbl_t_event_rodata_2578	lbl_t_event_rodata_2578
.rodata	0x0000257C	0x28	t_event/t_util.cpp	local	lbl_t_event_rodata_257C	lbl_t_event_rodata_257C
.rodata	0x000025A4	0x28	t_event/t_util.cpp	local	lbl_t_event_rodata_25A4	lbl_t_event_rodata_25A4
.rodata	0x000025CC	0x38	t_event/t_util.cpp	local	lbl_t_event_rodata_25CC	lbl_t_event_rodata_25CC
.rodata	0x00002604	0x28	t_event/t_util.cpp	local	lbl_t_event_rodata_2604	lbl_t_event_rodata_2604
.rodata	0x0000262C	0x1C	t_event/t_util.cpp	local	lbl_t_event_rodata_262C	lbl_t_event_rodata_262C
.rodata	0x00002648	0xC	t_event/tools.cpp	local	lbl_t_event_rodata_2648	lbl_t_event_rodata_2648
.rodata	0x00002654	0xC	t_event/tools.cpp	local	lbl_t_event_rodata_2654	lbl_t_event_rodata_2654
.rodata	0x00002660	0x10	t_event/tools.cpp	local	lbl_t_event_rodata_2660	lbl_t_event_rodata_2660
.rodata	0x00002670	0x10	t_event/tools.cpp	local	lbl_t_event_rodata_2670	lbl_t_event_rodata_2670
.rodata	0x00002680	0x9C	t_event/tools.cpp	local	lbl_t_event_rodata_2680	lbl_t_event_rodata_2680
.rodata	0x0000271C	0x28	t_event/tools.cpp	local	lbl_t_event_rodata_271C	lbl_t_event_rodata_271C
.rodata	0x00002744	0x28	t_event/tools.cpp	local	lbl_t_event_rodata_2744	lbl_t_event_rodata_2744
.rodata	0x0000276C	0x38	t_event/tools.cpp	local	lbl_t_event_rodata_276C	lbl_t_event_rodata_276C
.rodata	0x000027A4	0x28	t_event/tools.cpp	local	lbl_t_event_rodata_27A4	lbl_t_event_rodata_27A4
.rodata	0x000027CC	0x1C	t_event/tools.cpp	local	lbl_t_event_rodata_27CC	lbl_t_event_rodata_27CC
.data	0x00000000	0x28	t_event/db_light.cpp	global	light_id_name	light_id_name
.data	0x00000028	0x40	t_event/db_light.cpp	local	light_type_name	light_type_name
.data	0x00000068	0x40	t_event/db_light.cpp	local	shadow_type_name	shadow_type_name
.data	0x000000A8	0x40	t_event/db_light.cpp	local	light_type_short	light_type_short
.data	0x000000E8	0x40	t_event/db_light.cpp	local	shadow_type_short	shadow_type_short
.data	0x00000128	0x40	t_event/db_light.cpp	local	self_shd_name	self_shd_name
.data	0x00000168	0x40	t_event/db_light.cpp	local	soft_shd_name	soft_shd_name
.data	0x000001A8	0xC	t_event/db_light.cpp	local	aniso_name	aniso_name
.data	0x000001B4	0x14	t_event/db_light.cpp	local	parent_name	parent_name
.data	0x000001C8	0x14	t_event/db_light.cpp	local	parent_short	parent_short
.data	0x000001DC	0x4	t_event/db_light.cpp	local	path_room_server	path_room_server
.data	0x000001E0	0x4	t_event/db_light.cpp	local	path_room_local	path_room_local
.data	0x000001E4	0x4	t_event/db_light.cpp	local	path_event	path_event
.data	0x000001E8	0x4	t_event/db_light.cpp	local	path_event_action	path_event_action
.data	0x000001EC	0x4	t_event/db_light.cpp	local	path_tool	path_tool
.data	0x000001F0	0x4	t_event/db_light.cpp	local	path_item	path_item
.data	0x000001F4	0x4	t_event/db_light.cpp	local	path_core	path_core
.data	0x000001F8	0x4	t_event/db_light.cpp	local	path_litpath	path_litpath
.data	0x000001FC	0x1C	t_event/db_light.cpp	local	routine_tbl.408	routine_tbl.408
.data	0x00000218	0x18	t_event/db_light.cpp	local	menu_name.421	menu_name.421
.data	0x00000230	0x34	t_event/db_light.cpp	local	edit_tbl.425	edit_tbl.425
.data	0x00000264	0x30	t_event/db_light.cpp	local	edit_name.429	edit_name.429
.data	0x00000294	0x10	t_event/db_light.cpp	local	cut_onoff.433	cut_onoff.433
.data	0x000002A4	0x8	t_event/db_light.cpp	local	cutsel_tbl.434	cutsel_tbl.434
.data	0x000002AC	0x18	t_event/db_light.cpp	local	cutsel_sub_name.442	cutsel_sub_name.442
.data	0x000002C4	0xA0	t_event/db_light.cpp	local	edit_light_tbl.485	edit_light_tbl.485
.data	0x00000364	0x30	t_event/db_light.cpp	local	light_col.489	light_col.489
.data	0x00000394	0x30	t_event/db_light.cpp	local	light_col_w.490	light_col_w.490
.data	0x000003C4	0x28	t_event/db_light.cpp	local	light_sub_name.494	light_sub_name.494
.data	0x000003EC	0x28	t_event/db_light.cpp	local	light_id_tbl.516	light_id_tbl.516
.data	0x00000414	0x18	t_event/db_light.cpp	local	shadow_kind_name.532	shadow_kind_name.532
.data	0x0000042C	0x8	t_event/db_light.cpp	local	shadow_onoff.533	shadow_onoff.533
.data	0x00000434	0x4	t_event/db_light.cpp	local	parent_num.552	parent_num.552
.data	0x00000438	0x40	t_event/db_light.cpp	local	light_type_tbl.571	light_type_tbl.571
.data	0x00000478	0xC	t_event/db_light.cpp	local	shadow_type_tbl.575	shadow_type_tbl.575
.data	0x00000484	0x10	t_event/db_light.cpp	local	gear_step.615	gear_step.615
.data	0x00000494	0x4	t_event/db_light.cpp	local	x0.625	x0.625
.data	0x00000498	0x4	t_event/db_light.cpp	local	y0.626	y0.626
.data	0x0000049C	0x4	t_event/db_light.cpp	local	w0.627	w0.627
.data	0x000004A0	0x4	t_event/db_light.cpp	local	h0.628	h0.628
.data	0x000004A4	0x4	t_event/db_light.cpp	local	s0.629	s0.629
.data	0x000004A8	0x4	t_event/db_light.cpp	local	amb_copy.640	amb_copy.640
.data	0x000004AC	0x10	t_event/db_light.cpp	local	focus_mode_name.653	focus_mode_name.653
.data	0x000004BC	0x4	t_event/db_light.cpp	local	sz.657	sz.657
.data	0x000004C0	0x4	t_event/db_light.cpp	local	gamma2.658	gamma2.658
.data	0x000004C4	0x4	t_event/db_light.cpp	local	gamma3.659	gamma3.659
.data	0x000004C8	0x10	t_event/db_light.cpp	local	tune_name.669	tune_name.669
.data	0x000004D8	0x10	t_event/db_light.cpp	local	scale_name.673	scale_name.673
.data	0x000004E8	0x8	t_event/db_light.cpp	local	onoff.700	onoff.700
.data	0x000004F0	0x8	t_event/db_light.cpp	local	table_head	table_head
.data	0x000004F8	0x4	t_event/db_light.cpp	local	state.755	state.755
.data	0x00000500	0xC	t_event/db_sctrl.cpp	local	sctrl_routine_tbl	sctrl_routine_tbl
.data	0x0000050C	0x18	t_event/db_sctrl.cpp	local	sctrl_menu_name	sctrl_menu_name
.data	0x00000524	0x1	t_event/db_sctrl.cpp	local	sctrl_edit_mode	sctrl_edit_mode
.data	0x00000528	0xC	t_event/t_event.cpp	local	runTbl	runTbl
.data	0x00000534	0x18	t_event/t_event.cpp	local	mainMenu	mainMenu
.data	0x0000054C	0x24	t_event/t_event.cpp	local	previewMenu	previewMenu
.data	0x00000570	0xC	t_event/t_event.cpp	local	subRunTbl	subRunTbl
.data	0x0000057C	0x18	t_event/t_event.cpp	local	yesNoMenu	yesNoMenu
.data	0x00000594	0x60	t_event/t_event.cpp	local	subMainMenu	subMainMenu
.data	0x000005F4	0x48	t_event/t_event.cpp	local	fogMenu	fogMenu
.data	0x0000063C	0x60	t_event/t_event.cpp	local	focusMenu	focusMenu
.data	0x0000069C	0x18	t_event/t_event.cpp	local	yesNoMenu2	yesNoMenu2
.data	0x000006B4	0xC	t_event/t_event.cpp	local	digits.537	digits.537
.data	0x000006C0	0x4	t_event/t_util.cpp	local	old_menu	old_menu
.data	0x000006C4	0x1	t_event/t_util.cpp	local	cursor_s.213	cursor_s.213
.data	0x000006C5	0x1	t_event/t_util.cpp	local	flicker.214	flicker.214
.bss	0x00000000	0xC	t_event/db_light.cpp	global	spotRot.609	spotRot.609
.bss	0x0000000C	0xC	t_event/db_light.cpp	local	rot.613	rot.613
.bss	0x00000018	0x4	t_event/db_light.cpp	local	gear.614	gear.614
.bss	0x0000001C	0xC	t_event/db_light.cpp	local	ang.633	ang.633
.bss	0x00000028	0x4	t_event/db_light.cpp	local	evtKey.686	evtKey.686
.bss	0x0000002C	0x4	t_event/db_light.cpp	local	evtAction.687	evtAction.687
.bss	0x00000030	0x20	t_event/db_light.cpp	local	evName.688	evName.688
.bss	0x00000050	0x8	t_event/db_light.cpp	local	evStr.689	evStr.689
.bss	0x00000058	0x4	t_event/db_light.cpp	local	evtKey.693	evtKey.693
.bss	0x0000005C	0x4	t_event/db_light.cpp	local	evtAction.694	evtAction.694
.bss	0x00000060	0x20	t_event/db_light.cpp	local	evName.695	evName.695
.bss	0x00000080	0x8	t_event/db_light.cpp	local	evStr.696	evStr.696
.bss	0x00000088	0x4	t_event/db_light.cpp	local	r.756	r.756
.bss	0x0000008C	0x4	t_event/db_light.cpp	local	g.757	g.757
.bss	0x00000090	0x4	t_event/db_light.cpp	local	b.758	b.758
.bss	0x00000094	0x4	t_event/db_light.cpp	local	a.759	a.759
.bss	0x00000098	0x4	t_event/db_light.cpp	local	val.793	val.793
.bss	0x0000009C	0x4	t_event/db_light.cpp	local	LitPathPtr	LitPathPtr
.bss	0x000000A0	0x4	t_event/db_light.cpp	local	LightToolPtr	LightToolPtr
.bss	0x000000A4	0x4	t_event/db_light.cpp	local	LightWorkNum_	LightWorkNum_
.bss	0x000000A8	0x4	t_event/db_light.cpp	local	pLightEnv	pLightEnv
.bss	0x000000AC	0x18	t_event/db_filelist.cpp	global	DbgFileList	DbgFileList
.bss	0x000000C4	0x4	t_event/t_event.cpp	global	MessTool	MessTool
.bss	0x000000C8	0xF8	t_event/t_util.cpp	local	globalCamera	globalCamera
.bss	0x000001C0	0x10	t_event/t_util.cpp	global	debug_flg_bak	debug_flg_bak
.bss	0x000001D0	0x4	t_event/t_util.cpp	global	stop_flg_bak	stop_flg_bak
.bss	0x000001D4	0x4	t_event/t_util.cpp	global	disp_flg_bak	disp_flg_bak
.bss	0x000001D8	0x4	t_event/t_util.cpp	global	system_flg_bak	system_flg_bak
.bss	0x000001DC	0x10	t_event/t_util.cpp	global	status_flg_bak	status_flg_bak
.bss	0x000001EC	0x34	t_event/db_light.cpp	global	common_t_event	common_t_event
